Date,Method,Window,Mode,Hub_ticker,Hub_degree,Hub_tied,Hub_sector,N_nodes,Is_dominant_hub
2016-11-09,spearman,240,,CEMEXCPO.MX,5,False,Materials,35,False
2016-11-10,spearman,240,,CEMEXCPO.MX,5,False,Materials,35,False
2016-11-11,spearman,240,,CEMEXCPO.MX,6,False,Materials,35,False
2016-11-14,spearman,240,,CEMEXCPO.MX,7,False,Materials,35,False
2016-11-15,spearman,240,,CEMEXCPO.MX,7,False,Materials,35,False
2016-11-16,spearman,240,,CEMEXCPO.MX,7,False,Materials,35,False
2016-11-17,spearman,240,,CEMEXCPO.MX,6,False,Materials,35,False
2016-11-18,spearman,240,,BIMBOA.MX,5,True,Consumer,35,False
2016-11-22,spearman,240,,CEMEXCPO.MX,6,False,Materials,35,False
2016-11-23,spearman,240,,GFNORTEO.MX,6,True,Financial,35,False
2016-11-24,spearman,240,,GFNORTEO.MX,6,False,Financial,35,False
2016-11-25,spearman,240,,GFNORTEO.MX,6,False,Financial,35,False
2016-11-28,spearman,240,,GFNORTEO.MX,7,False,Financial,35,False
2016-11-29,spearman,240,,GFNORTEO.MX,5,True,Financial,35,False
2016-11-30,spearman,240,,GFNORTEO.MX,6,False,Financial,35,False
2016-12-01,spearman,240,,GFNORTEO.MX,6,False,Financial,35,False
2016-12-02,spearman,240,,GCARSOA1.MX,5,True,Conglomerate,35,False
2016-12-05,spearman,240,,GFNORTEO.MX,5,False,Financial,35,False
2016-12-06,spearman,240,,GFNORTEO.MX,5,False,Financial,35,False
2016-12-07,spearman,240,,GFNORTEO.MX,5,False,Financial,35,False
2016-12-08,spearman,240,,GFNORTEO.MX,5,False,Financial,35,False
2016-12-09,spearman,240,,GFNORTEO.MX,5,False,Financial,35,False
2016-12-13,spearman,240,,GFNORTEO.MX,5,True,Financial,35,False
2016-12-14,spearman,240,,GCARSOA1.MX,5,True,Conglomerate,35,False
2016-12-15,spearman,240,,GCARSOA1.MX,5,True,Conglomerate,35,False
2016-12-16,spearman,240,,GCARSOA1.MX,5,True,Conglomerate,35,False
2016-12-19,spearman,240,,GCARSOA1.MX,5,False,Conglomerate,35,False
2016-12-20,spearman,240,,GCARSOA1.MX,5,True,Conglomerate,35,False
2016-12-21,spearman,240,,GCARSOA1.MX,5,True,Conglomerate,35,False
2016-12-22,spearman,240,,GFNORTEO.MX,5,True,Financial,35,False
2016-12-23,spearman,240,,GFNORTEO.MX,5,False,Financial,35,False
2016-12-26,spearman,240,,GFNORTEO.MX,6,False,Financial,35,False
2016-12-27,spearman,240,,GFNORTEO.MX,5,True,Financial,35,False
2016-12-28,spearman,240,,GFNORTEO.MX,5,False,Financial,35,False
2016-12-29,spearman,240,,GFNORTEO.MX,5,True,Financial,35,False
2016-12-30,spearman,240,,GFNORTEO.MX,5,True,Financial,35,False
2017-01-02,spearman,240,,GFNORTEO.MX,5,True,Financial,35,False
2017-01-03,spearman,240,,GFNORTEO.MX,7,False,Financial,35,False
2017-01-04,spearman,240,,GFNORTEO.MX,7,False,Financial,35,False
2017-01-05,spearman,240,,GFNORTEO.MX,7,False,Financial,35,False
2017-01-06,spearman,240,,GFNORTEO.MX,7,False,Financial,35,False
2017-01-09,spearman,240,,GFNORTEO.MX,7,False,Financial,35,False
2017-01-10,spearman,240,,GFNORTEO.MX,7,False,Financial,35,False
2017-01-11,spearman,240,,GFNORTEO.MX,6,False,Financial,35,False
2017-01-12,spearman,240,,GFNORTEO.MX,6,False,Financial,35,False
2017-01-13,spearman,240,,GFNORTEO.MX,6,False,Financial,35,False
2017-01-16,spearman,240,,GFNORTEO.MX,7,False,Financial,35,False
2017-01-17,spearman,240,,GFNORTEO.MX,8,False,Financial,35,False
2017-01-18,spearman,240,,GFNORTEO.MX,8,False,Financial,35,False
2017-01-19,spearman,240,,GFNORTEO.MX,7,False,Financial,35,False
2017-01-20,spearman,240,,GFNORTEO.MX,7,False,Financial,35,False
2017-01-23,spearman,240,,GFNORTEO.MX,7,False,Financial,35,False
2017-01-24,spearman,240,,GFNORTEO.MX,8,False,Financial,35,False
2017-01-25,spearman,240,,GFNORTEO.MX,6,False,Financial,35,False
2017-01-26,spearman,240,,GFNORTEO.MX,8,False,Financial,35,False
2017-01-27,spearman,240,,GFNORTEO.MX,8,False,Financial,35,False
2017-01-30,spearman,240,,GFNORTEO.MX,7,False,Financial,35,False
2017-01-31,spearman,240,,GFNORTEO.MX,6,False,Financial,35,False
2017-02-01,spearman,240,,GFNORTEO.MX,6,False,Financial,35,False
2017-02-02,spearman,240,,GFNORTEO.MX,6,False,Financial,35,False
2017-02-03,spearman,240,,GFNORTEO.MX,5,False,Financial,35,False
2017-02-07,spearman,240,,GFNORTEO.MX,5,False,Financial,35,False
2017-02-08,spearman,240,,GFNORTEO.MX,5,False,Financial,35,False
2017-02-09,spearman,240,,GFNORTEO.MX,6,False,Financial,35,False
2017-02-10,spearman,240,,GFNORTEO.MX,5,False,Financial,35,False
2017-02-13,spearman,240,,GFNORTEO.MX,5,False,Financial,35,False
2017-02-14,spearman,240,,GFNORTEO.MX,5,False,Financial,35,False
2017-02-15,spearman,240,,GFNORTEO.MX,5,False,Financial,35,False
2017-02-16,spearman,240,,GFNORTEO.MX,6,False,Financial,35,False
2017-02-17,spearman,240,,BIMBOA.MX,5,True,Consumer,35,False
2017-02-20,spearman,240,,GFNORTEO.MX,6,False,Financial,35,False
2017-02-21,spearman,240,,GFNORTEO.MX,7,False,Financial,35,False
2017-02-22,spearman,240,,GFNORTEO.MX,7,False,Financial,35,False
2017-02-23,spearman,240,,GFNORTEO.MX,7,False,Financial,35,False
2017-02-24,spearman,240,,GFNORTEO.MX,7,False,Financial,35,False
2017-02-27,spearman,240,,BIMBOA.MX,5,True,Consumer,35,False
2017-02-28,spearman,240,,GFNORTEO.MX,6,False,Financial,35,False
2017-03-01,spearman,240,,GFNORTEO.MX,6,False,Financial,35,False
2017-03-02,spearman,240,,BIMBOA.MX,5,True,Consumer,35,False
2017-03-03,spearman,240,,GFNORTEO.MX,8,False,Financial,35,False
2017-03-06,spearman,240,,GFNORTEO.MX,8,False,Financial,35,False
2017-03-07,spearman,240,,GFNORTEO.MX,8,False,Financial,35,False
2017-03-08,spearman,240,,GFNORTEO.MX,8,False,Financial,35,False
2017-03-09,spearman,240,,GFNORTEO.MX,7,False,Financial,35,False
2017-03-10,spearman,240,,GFNORTEO.MX,7,False,Financial,35,False
2017-03-13,spearman,240,,GFNORTEO.MX,7,False,Financial,35,False
2017-03-14,spearman,240,,GFNORTEO.MX,7,False,Financial,35,False
2017-03-15,spearman,240,,GFNORTEO.MX,6,False,Financial,35,False
2017-03-16,spearman,240,,GFNORTEO.MX,7,False,Financial,35,False
2017-03-17,spearman,240,,GFNORTEO.MX,7,False,Financial,35,False
2017-03-21,spearman,240,,GFNORTEO.MX,6,False,Financial,35,False
2017-03-22,spearman,240,,GFNORTEO.MX,6,False,Financial,35,False
2017-03-23,spearman,240,,GFNORTEO.MX,7,False,Financial,35,False
2017-03-24,spearman,240,,GFNORTEO.MX,8,False,Financial,35,False
2017-03-27,spearman,240,,GFNORTEO.MX,8,False,Financial,35,False
2017-03-28,spearman,240,,GFNORTEO.MX,7,False,Financial,35,False
2017-03-29,spearman,240,,GFNORTEO.MX,7,False,Financial,35,False
2017-03-30,spearman,240,,GFNORTEO.MX,6,False,Financial,35,False
2017-03-31,spearman,240,,GFNORTEO.MX,5,True,Financial,35,False
2017-04-03,spearman,240,,GFNORTEO.MX,8,False,Financial,35,False
2017-04-04,spearman,240,,GFNORTEO.MX,5,True,Financial,35,False
2017-04-05,spearman,240,,GFNORTEO.MX,5,False,Financial,35,False
2017-04-06,spearman,240,,GFNORTEO.MX,5,True,Financial,35,False
2017-04-07,spearman,240,,GFNORTEO.MX,5,True,Financial,35,False
2017-04-10,spearman,240,,GAPB.MX,6,False,Airports,35,False
2017-04-11,spearman,240,,GAPB.MX,6,False,Airports,35,False
2017-04-12,spearman,240,,GAPB.MX,7,False,Airports,35,False
2017-04-17,spearman,240,,GAPB.MX,6,False,Airports,35,False
2017-04-18,spearman,240,,GFNORTEO.MX,7,False,Financial,35,False
2017-04-19,spearman,240,,GFNORTEO.MX,7,True,Financial,35,False
2017-04-20,spearman,240,,GFNORTEO.MX,7,False,Financial,35,False
2017-04-21,spearman,240,,GAPB.MX,7,False,Airports,35,False
2017-04-24,spearman,240,,GFNORTEO.MX,7,True,Financial,35,False
2017-04-25,spearman,240,,GFNORTEO.MX,7,False,Financial,35,False
2017-04-26,spearman,240,,GFNORTEO.MX,8,False,Financial,35,False
2017-04-27,spearman,240,,GFNORTEO.MX,7,False,Financial,35,False
2017-04-28,spearman,240,,GFNORTEO.MX,7,False,Financial,35,False
2017-05-02,spearman,240,,LIVEPOLC-1.MX,6,True,Retail,35,False
2017-05-03,spearman,240,,GFNORTEO.MX,6,False,Financial,35,False
2017-05-04,spearman,240,,LIVEPOLC-1.MX,5,True,Retail,35,False
2017-05-05,spearman,240,,GAPB.MX,6,False,Airports,35,False
2017-05-08,spearman,240,,LIVEPOLC-1.MX,5,True,Retail,35,False
2017-05-09,spearman,240,,GFNORTEO.MX,6,False,Financial,35,False
2017-05-10,spearman,240,,LIVEPOLC-1.MX,5,True,Retail,35,False
2017-05-11,spearman,240,,LIVEPOLC-1.MX,5,True,Retail,35,False
2017-05-12,spearman,240,,BIMBOA.MX,5,True,Consumer,35,False
2017-05-15,spearman,240,,GAPB.MX,6,False,Airports,35,False
2017-05-16,spearman,240,,GAPB.MX,6,False,Airports,35,False
2017-05-17,spearman,240,,GAPB.MX,6,False,Airports,35,False
2017-05-18,spearman,240,,GAPB.MX,6,False,Airports,35,False
2017-05-19,spearman,240,,GAPB.MX,6,False,Airports,35,False
2017-05-22,spearman,240,,GAPB.MX,6,False,Airports,35,False
2017-05-23,spearman,240,,GAPB.MX,7,False,Airports,35,False
2017-05-24,spearman,240,,GAPB.MX,6,False,Airports,35,False
2017-05-25,spearman,240,,GAPB.MX,6,False,Airports,35,False
2017-05-26,spearman,240,,GAPB.MX,6,False,Airports,35,False
2017-05-29,spearman,240,,GAPB.MX,6,False,Airports,35,False
2017-05-30,spearman,240,,GAPB.MX,6,False,Airports,35,False
2017-05-31,spearman,240,,LIVEPOLC-1.MX,5,True,Retail,35,False
2017-06-01,spearman,240,,GFNORTEO.MX,6,True,Financial,35,False
2017-06-02,spearman,240,,GFNORTEO.MX,5,True,Financial,35,False
2017-06-05,spearman,240,,GFNORTEO.MX,6,True,Financial,35,False
2017-06-06,spearman,240,,GFNORTEO.MX,5,True,Financial,35,False
2017-06-07,spearman,240,,GFNORTEO.MX,5,True,Financial,35,False
2017-06-08,spearman,240,,GFINBURO.MX,7,False,Financial,35,True
2017-06-09,spearman,240,,GAPB.MX,5,True,Airports,35,False
2017-06-12,spearman,240,,GFINBURO.MX,6,False,Financial,35,True
2017-06-13,spearman,240,,GAPB.MX,6,False,Airports,35,False
2017-06-14,spearman,240,,GAPB.MX,6,False,Airports,35,False
2017-06-15,spearman,240,,GFNORTEO.MX,5,True,Financial,35,False
2017-06-16,spearman,240,,GFNORTEO.MX,5,True,Financial,35,False
2017-06-19,spearman,240,,GFINBURO.MX,5,True,Financial,35,True
2017-06-20,spearman,240,,GFNORTEO.MX,5,True,Financial,35,False
2017-06-21,spearman,240,,GFNORTEO.MX,5,True,Financial,35,False
2017-06-22,spearman,240,,GFNORTEO.MX,5,True,Financial,35,False
2017-06-23,spearman,240,,GFNORTEO.MX,5,True,Financial,35,False
2017-06-26,spearman,240,,LIVEPOLC-1.MX,5,False,Retail,35,False
2017-06-27,spearman,240,,LIVEPOLC-1.MX,5,True,Retail,35,False
2017-06-28,spearman,240,,GFNORTEO.MX,5,True,Financial,35,False
2017-06-29,spearman,240,,GFNORTEO.MX,5,True,Financial,35,False
2017-06-30,spearman,240,,GFNORTEO.MX,5,True,Financial,35,False
2017-07-03,spearman,240,,GAPB.MX,5,False,Airports,35,False
2017-07-04,spearman,240,,GFNORTEO.MX,5,True,Financial,35,False
2017-07-05,spearman,240,,GFNORTEO.MX,5,True,Financial,35,False
2017-07-06,spearman,240,,GFNORTEO.MX,5,True,Financial,35,False
2017-07-07,spearman,240,,GFNORTEO.MX,5,True,Financial,35,False
2017-07-10,spearman,240,,GFINBURO.MX,6,False,Financial,35,True
2017-07-11,spearman,240,,GFNORTEO.MX,5,True,Financial,35,False
2017-07-12,spearman,240,,GFINBURO.MX,6,False,Financial,35,True
2017-07-13,spearman,240,,GFINBURO.MX,6,False,Financial,35,True
2017-07-14,spearman,240,,GFINBURO.MX,8,False,Financial,35,True
2017-07-17,spearman,240,,LIVEPOLC-1.MX,6,True,Retail,35,False
2017-07-18,spearman,240,,GFINBURO.MX,6,False,Financial,35,True
2017-07-19,spearman,240,,GFINBURO.MX,6,False,Financial,35,True
2017-07-20,spearman,240,,LIVEPOLC-1.MX,5,True,Retail,35,False
2017-07-21,spearman,240,,GAPB.MX,5,True,Airports,35,False
2017-07-24,spearman,240,,GFINBURO.MX,6,False,Financial,35,True
2017-07-25,spearman,240,,GFINBURO.MX,6,False,Financial,35,True
2017-07-26,spearman,240,,GAPB.MX,5,True,Airports,35,False
2017-07-27,spearman,240,,GFINBURO.MX,6,False,Financial,35,True
2017-07-28,spearman,240,,GAPB.MX,5,True,Airports,35,False
2017-07-31,spearman,240,,GFINBURO.MX,5,False,Financial,35,True
2017-08-01,spearman,240,,GFINBURO.MX,6,False,Financial,35,True
2017-08-02,spearman,240,,GFINBURO.MX,6,False,Financial,35,True
2017-08-03,spearman,240,,GFINBURO.MX,6,False,Financial,35,True
2017-08-04,spearman,240,,GAPB.MX,6,True,Airports,35,False
2017-08-07,spearman,240,,GAPB.MX,5,True,Airports,35,False
2017-08-08,spearman,240,,GAPB.MX,6,False,Airports,35,False
2017-08-09,spearman,240,,GAPB.MX,7,False,Airports,35,False
2017-08-10,spearman,240,,GAPB.MX,5,True,Airports,35,False
2017-08-11,spearman,240,,GAPB.MX,5,True,Airports,35,False
2017-08-14,spearman,240,,GFINBURO.MX,6,False,Financial,35,True
2017-08-15,spearman,240,,GAPB.MX,5,True,Airports,35,False
2017-08-16,spearman,240,,GFNORTEO.MX,5,True,Financial,35,False
2017-08-17,spearman,240,,GFINBURO.MX,6,False,Financial,35,True
2017-08-18,spearman,240,,GFNORTEO.MX,5,True,Financial,35,False
2017-08-21,spearman,240,,GFNORTEO.MX,5,True,Financial,35,False
2017-08-22,spearman,240,,GFNORTEO.MX,5,True,Financial,35,False
2017-08-23,spearman,240,,GFNORTEO.MX,5,True,Financial,35,False
2017-08-24,spearman,240,,BIMBOA.MX,5,True,Consumer,35,False
2017-08-25,spearman,240,,BIMBOA.MX,5,True,Consumer,35,False
2017-08-28,spearman,240,,ALSEA.MX,6,False,Consumer,35,False
2017-08-29,spearman,240,,ALSEA.MX,6,False,Consumer,35,False
2017-08-30,spearman,240,,GAPB.MX,5,True,Airports,35,False
2017-08-31,spearman,240,,BIMBOA.MX,5,True,Consumer,35,False
2017-09-01,spearman,240,,GFINBURO.MX,7,False,Financial,35,True
2017-09-04,spearman,240,,BIMBOA.MX,6,True,Consumer,35,False
2017-09-05,spearman,240,,BIMBOA.MX,6,True,Consumer,35,False
2017-09-06,spearman,240,,GFINBURO.MX,7,False,Financial,35,True
2017-09-07,spearman,240,,GFINBURO.MX,7,False,Financial,35,True
2017-09-08,spearman,240,,GFINBURO.MX,7,False,Financial,35,True
2017-09-11,spearman,240,,GFINBURO.MX,6,False,Financial,35,True
2017-09-12,spearman,240,,BIMBOA.MX,5,True,Consumer,35,False
2017-09-13,spearman,240,,BIMBOA.MX,5,True,Consumer,35,False
2017-09-14,spearman,240,,BIMBOA.MX,5,True,Consumer,35,False
2017-09-15,spearman,240,,BIMBOA.MX,5,True,Consumer,35,False
2017-09-18,spearman,240,,BIMBOA.MX,5,True,Consumer,35,False
2017-09-19,spearman,240,,BIMBOA.MX,5,True,Consumer,35,False
2017-09-20,spearman,240,,BIMBOA.MX,5,True,Consumer,35,False
2017-09-21,spearman,240,,BIMBOA.MX,6,False,Consumer,35,False
2017-09-22,spearman,240,,BIMBOA.MX,5,True,Consumer,35,False
2017-09-25,spearman,240,,GFINBURO.MX,6,False,Financial,35,True
2017-09-26,spearman,240,,BIMBOA.MX,5,True,Consumer,35,False
2017-09-27,spearman,240,,GAPB.MX,6,False,Airports,35,False
2017-09-28,spearman,240,,GAPB.MX,6,False,Airports,35,False
2017-09-29,spearman,240,,RA.MX,6,False,Financial,35,False
2017-10-02,spearman,240,,RA.MX,6,False,Financial,35,False
2017-10-03,spearman,240,,RA.MX,6,False,Financial,35,False
2017-10-04,spearman,240,,RA.MX,6,False,Financial,35,False
2017-10-05,spearman,240,,GAPB.MX,6,False,Airports,35,False
2017-10-06,spearman,240,,RA.MX,5,True,Financial,35,False
2017-10-09,spearman,240,,RA.MX,6,False,Financial,35,False
2017-10-10,spearman,240,,GAPB.MX,6,True,Airports,35,False
2017-10-11,spearman,240,,GAPB.MX,6,True,Airports,35,False
2017-10-12,spearman,240,,BIMBOA.MX,5,True,Consumer,35,False
2017-10-13,spearman,240,,GAPB.MX,6,False,Airports,35,False
2017-10-16,spearman,240,,GAPB.MX,6,False,Airports,35,False
2017-10-17,spearman,240,,GAPB.MX,6,False,Airports,35,False
2017-10-18,spearman,240,,GAPB.MX,6,False,Airports,35,False
2017-10-19,spearman,240,,GAPB.MX,7,False,Airports,35,False
2017-10-20,spearman,240,,GAPB.MX,7,False,Airports,35,False
2017-10-23,spearman,240,,GAPB.MX,7,False,Airports,35,False
2017-10-24,spearman,240,,GAPB.MX,5,True,Airports,35,False
2017-10-25,spearman,240,,GAPB.MX,5,True,Airports,35,False
2017-10-26,spearman,240,,GAPB.MX,5,True,Airports,35,False
2017-10-27,spearman,240,,GAPB.MX,5,True,Airports,35,False
2017-10-30,spearman,240,,GAPB.MX,6,True,Airports,35,False
2017-10-31,spearman,240,,GAPB.MX,7,False,Airports,35,False
2017-11-01,spearman,240,,GAPB.MX,6,False,Airports,35,False
2017-11-03,spearman,240,,GAPB.MX,6,True,Airports,35,False
2017-11-06,spearman,240,,GAPB.MX,6,False,Airports,35,False
2017-11-07,spearman,240,,GAPB.MX,6,False,Airports,35,False
2017-11-08,spearman,240,,BIMBOA.MX,6,False,Consumer,35,False
2017-11-09,spearman,240,,BIMBOA.MX,6,True,Consumer,35,False
2017-11-10,spearman,240,,BIMBOA.MX,5,True,Consumer,35,False
2017-11-13,spearman,240,,BIMBOA.MX,5,True,Consumer,35,False
2017-11-14,spearman,240,,BIMBOA.MX,5,True,Consumer,35,False
2017-11-15,spearman,240,,RA.MX,6,False,Financial,35,False
2017-11-16,spearman,240,,BIMBOA.MX,6,False,Consumer,35,False
2017-11-17,spearman,240,,RA.MX,6,False,Financial,35,False
2017-11-21,spearman,240,,RA.MX,6,False,Financial,35,False
2017-11-22,spearman,240,,LIVEPOLC-1.MX,6,True,Retail,35,False
2017-11-23,spearman,240,,LIVEPOLC-1.MX,6,True,Retail,35,False
2017-11-24,spearman,240,,LIVEPOLC-1.MX,6,True,Retail,35,False
2017-11-27,spearman,240,,LIVEPOLC-1.MX,6,True,Retail,35,False
2017-11-28,spearman,240,,LIVEPOLC-1.MX,7,False,Retail,35,False
2017-11-29,spearman,240,,LIVEPOLC-1.MX,7,False,Retail,35,False
2017-11-30,spearman,240,,RA.MX,7,True,Financial,35,False
2017-12-01,spearman,240,,RA.MX,7,True,Financial,35,False
2017-12-04,spearman,240,,RA.MX,7,True,Financial,35,False
2017-12-05,spearman,240,,RA.MX,7,True,Financial,35,False
2017-12-06,spearman,240,,RA.MX,7,True,Financial,35,False
2017-12-07,spearman,240,,RA.MX,7,True,Financial,35,False
2017-12-08,spearman,240,,RA.MX,7,True,Financial,35,False
2017-12-11,spearman,240,,RA.MX,7,True,Financial,35,False
2017-12-13,spearman,240,,LIVEPOLC-1.MX,7,False,Retail,35,False
2017-12-14,spearman,240,,LIVEPOLC-1.MX,7,False,Retail,35,False
2017-12-15,spearman,240,,LIVEPOLC-1.MX,7,False,Retail,35,False
2017-12-18,spearman,240,,LIVEPOLC-1.MX,7,False,Retail,35,False
2017-12-19,spearman,240,,LIVEPOLC-1.MX,7,False,Retail,35,False
2017-12-20,spearman,240,,RA.MX,7,True,Financial,35,False
2017-12-21,spearman,240,,RA.MX,7,False,Financial,35,False
2017-12-22,spearman,240,,RA.MX,7,False,Financial,35,False
2017-12-26,spearman,240,,RA.MX,7,False,Financial,35,False
2017-12-27,spearman,240,,RA.MX,6,True,Financial,35,False
2017-12-28,spearman,240,,LIVEPOLC-1.MX,7,False,Retail,35,False
2017-12-29,spearman,240,,LIVEPOLC-1.MX,6,False,Retail,35,False
2018-01-02,spearman,240,,LIVEPOLC-1.MX,7,False,Retail,35,False
2018-01-03,spearman,240,,LIVEPOLC-1.MX,7,False,Retail,35,False
2018-01-04,spearman,240,,LIVEPOLC-1.MX,7,False,Retail,35,False
2018-01-05,spearman,240,,LIVEPOLC-1.MX,7,False,Retail,35,False
2018-01-08,spearman,240,,LIVEPOLC-1.MX,7,False,Retail,35,False
2018-01-09,spearman,240,,LIVEPOLC-1.MX,7,False,Retail,35,False
2018-01-10,spearman,240,,LIVEPOLC-1.MX,7,False,Retail,35,False
2018-01-11,spearman,240,,LIVEPOLC-1.MX,7,False,Retail,35,False
2018-01-12,spearman,240,,LIVEPOLC-1.MX,8,False,Retail,35,False
2018-01-15,spearman,240,,LIVEPOLC-1.MX,7,False,Retail,35,False
2018-01-16,spearman,240,,LIVEPOLC-1.MX,9,False,Retail,35,False
2018-01-17,spearman,240,,LIVEPOLC-1.MX,8,False,Retail,35,False
2018-01-18,spearman,240,,LIVEPOLC-1.MX,8,False,Retail,35,False
2018-01-19,spearman,240,,LIVEPOLC-1.MX,9,False,Retail,35,False
2018-01-22,spearman,240,,LIVEPOLC-1.MX,7,False,Retail,35,False
2018-01-23,spearman,240,,LIVEPOLC-1.MX,7,False,Retail,35,False
2018-01-24,spearman,240,,LIVEPOLC-1.MX,7,False,Retail,35,False
2018-01-25,spearman,240,,LIVEPOLC-1.MX,9,False,Retail,35,False
2018-01-26,spearman,240,,LIVEPOLC-1.MX,10,False,Retail,35,False
2018-01-29,spearman,240,,LIVEPOLC-1.MX,10,False,Retail,35,False
2018-01-30,spearman,240,,LIVEPOLC-1.MX,9,False,Retail,35,False
2018-01-31,spearman,240,,LIVEPOLC-1.MX,9,False,Retail,35,False
2018-02-01,spearman,240,,LIVEPOLC-1.MX,9,False,Retail,35,False
2018-02-02,spearman,240,,LIVEPOLC-1.MX,9,False,Retail,35,False
2018-02-06,spearman,240,,LIVEPOLC-1.MX,9,False,Retail,35,False
2018-02-07,spearman,240,,LIVEPOLC-1.MX,8,False,Retail,35,False
2018-02-08,spearman,240,,LIVEPOLC-1.MX,8,False,Retail,35,False
2018-02-09,spearman,240,,LIVEPOLC-1.MX,8,False,Retail,35,False
2018-02-12,spearman,240,,LIVEPOLC-1.MX,9,False,Retail,35,False
2018-02-13,spearman,240,,LIVEPOLC-1.MX,9,False,Retail,35,False
2018-02-14,spearman,240,,LIVEPOLC-1.MX,8,False,Retail,35,False
2018-02-15,spearman,240,,LIVEPOLC-1.MX,7,False,Retail,35,False
2018-02-16,spearman,240,,LIVEPOLC-1.MX,6,False,Retail,35,False
2018-02-19,spearman,240,,LIVEPOLC-1.MX,9,False,Retail,35,False
2018-02-20,spearman,240,,LIVEPOLC-1.MX,7,False,Retail,35,False
2018-02-21,spearman,240,,LIVEPOLC-1.MX,7,False,Retail,35,False
2018-02-22,spearman,240,,LIVEPOLC-1.MX,6,False,Retail,35,False
2018-02-23,spearman,240,,LIVEPOLC-1.MX,6,True,Retail,35,False
2018-02-26,spearman,240,,LIVEPOLC-1.MX,6,True,Retail,35,False
2018-02-27,spearman,240,,LIVEPOLC-1.MX,6,False,Retail,35,False
2018-02-28,spearman,240,,LIVEPOLC-1.MX,6,True,Retail,35,False
2018-03-01,spearman,240,,GCARSOA1.MX,5,True,Conglomerate,35,False
2018-03-02,spearman,240,,GCARSOA1.MX,5,True,Conglomerate,35,False
2018-03-05,spearman,240,,GCARSOA1.MX,6,False,Conglomerate,35,False
2018-03-06,spearman,240,,LIVEPOLC-1.MX,5,True,Retail,35,False
2018-03-07,spearman,240,,GAPB.MX,6,False,Airports,35,False
2018-03-08,spearman,240,,GCARSOA1.MX,6,True,Conglomerate,35,False
2018-03-09,spearman,240,,GAPB.MX,6,False,Airports,35,False
2018-03-12,spearman,240,,LIVEPOLC-1.MX,6,True,Retail,35,False
2018-03-13,spearman,240,,GCARSOA1.MX,6,True,Conglomerate,35,False
2018-03-14,spearman,240,,GCARSOA1.MX,6,True,Conglomerate,35,False
2018-03-15,spearman,240,,GCARSOA1.MX,6,False,Conglomerate,35,False
2018-03-16,spearman,240,,GAPB.MX,5,True,Airports,35,False
2018-03-20,spearman,240,,GCARSOA1.MX,5,True,Conglomerate,35,False
2018-03-21,spearman,240,,GAPB.MX,5,False,Airports,35,False
2018-03-22,spearman,240,,GCARSOA1.MX,5,False,Conglomerate,35,False
2018-03-23,spearman,240,,KIMBERA.MX,5,False,Consumer,35,False
2018-03-26,spearman,240,,KIMBERA.MX,6,False,Consumer,35,False
2018-03-27,spearman,240,,LIVEPOLC-1.MX,5,True,Retail,35,False
2018-03-28,spearman,240,,LIVEPOLC-1.MX,5,True,Retail,35,False
2018-04-02,spearman,240,,GAPB.MX,6,True,Airports,35,False
2018-04-03,spearman,240,,LIVEPOLC-1.MX,5,True,Retail,35,False
2018-04-04,spearman,240,,LIVEPOLC-1.MX,7,False,Retail,35,False
2018-04-05,spearman,240,,GAPB.MX,6,False,Airports,35,False
2018-04-06,spearman,240,,GAPB.MX,6,False,Airports,35,False
2018-04-09,spearman,240,,GAPB.MX,6,False,Airports,35,False
2018-04-10,spearman,240,,LIVEPOLC-1.MX,5,True,Retail,35,False
2018-04-11,spearman,240,,GCARSOA1.MX,6,True,Conglomerate,35,False
2018-04-12,spearman,240,,LIVEPOLC-1.MX,5,True,Retail,35,False
2018-04-13,spearman,240,,GAPB.MX,5,False,Airports,35,False
2018-04-16,spearman,240,,LIVEPOLC-1.MX,4,True,Retail,35,False
2018-04-17,spearman,240,,GAPB.MX,5,False,Airports,35,False
2018-04-18,spearman,240,,GENTERA.MX,4,True,Financial,35,False
2018-04-19,spearman,240,,GCARSOA1.MX,5,False,Conglomerate,35,False
2018-04-20,spearman,240,,GCARSOA1.MX,5,True,Conglomerate,35,False
2018-04-23,spearman,240,,GCARSOA1.MX,5,True,Conglomerate,35,False
2018-04-24,spearman,240,,GCARSOA1.MX,6,False,Conglomerate,35,False
2018-04-25,spearman,240,,GCARSOA1.MX,6,False,Conglomerate,35,False
2018-04-26,spearman,240,,GAPB.MX,6,False,Airports,35,False
2018-04-27,spearman,240,,GCARSOA1.MX,5,True,Conglomerate,35,False
2018-04-30,spearman,240,,GCARSOA1.MX,5,False,Conglomerate,35,False
2018-05-02,spearman,240,,GCARSOA1.MX,4,True,Conglomerate,35,False
2018-05-03,spearman,240,,KIMBERA.MX,5,False,Consumer,35,False
2018-05-04,spearman,240,,GCARSOA1.MX,5,True,Conglomerate,35,False
2018-05-07,spearman,240,,GCARSOA1.MX,5,True,Conglomerate,35,False
2018-05-08,spearman,240,,GCARSOA1.MX,5,True,Conglomerate,35,False
2018-05-09,spearman,240,,KIMBERA.MX,5,False,Consumer,35,False
2018-05-10,spearman,240,,GCARSOA1.MX,5,True,Conglomerate,35,False
2018-05-11,spearman,240,,GCARSOA1.MX,4,True,Conglomerate,35,False
2018-05-14,spearman,240,,GCARSOA1.MX,5,True,Conglomerate,35,False
2018-05-15,spearman,240,,PE&OLES.MX,5,False,Materials,35,False
2018-05-16,spearman,240,,PE&OLES.MX,5,False,Materials,35,False
2018-05-17,spearman,240,,GCARSOA1.MX,5,True,Conglomerate,35,False
2018-05-18,spearman,240,,GCARSOA1.MX,6,False,Conglomerate,35,False
2018-05-21,spearman,240,,GCARSOA1.MX,5,True,Conglomerate,35,False
2018-05-22,spearman,240,,PE&OLES.MX,6,False,Materials,35,False
2018-05-23,spearman,240,,GCARSOA1.MX,6,False,Conglomerate,35,False
2018-05-24,spearman,240,,GCARSOA1.MX,6,False,Conglomerate,35,False
2018-05-25,spearman,240,,GCARSOA1.MX,6,False,Conglomerate,35,False
2018-05-28,spearman,240,,GCARSOA1.MX,7,False,Conglomerate,35,False
2018-05-29,spearman,240,,GCARSOA1.MX,8,False,Conglomerate,35,False
2018-05-30,spearman,240,,GCARSOA1.MX,8,False,Conglomerate,35,False
2018-05-31,spearman,240,,GCARSOA1.MX,8,False,Conglomerate,35,False
2018-06-01,spearman,240,,GCARSOA1.MX,7,False,Conglomerate,35,False
2018-06-04,spearman,240,,GCARSOA1.MX,6,False,Conglomerate,35,False
2018-06-05,spearman,240,,GCARSOA1.MX,7,False,Conglomerate,35,False
2018-06-06,spearman,240,,GCARSOA1.MX,7,False,Conglomerate,35,False
2018-06-07,spearman,240,,GCARSOA1.MX,6,False,Conglomerate,35,False
2018-06-08,spearman,240,,GCARSOA1.MX,6,False,Conglomerate,35,False
2018-06-11,spearman,240,,GCARSOA1.MX,6,False,Conglomerate,35,False
2018-06-12,spearman,240,,GCARSOA1.MX,5,False,Conglomerate,35,False
2018-06-13,spearman,240,,GCARSOA1.MX,6,False,Conglomerate,35,False
2018-06-14,spearman,240,,GCARSOA1.MX,5,False,Conglomerate,35,False
2018-06-15,spearman,240,,LIVEPOLC-1.MX,5,False,Retail,35,False
2018-06-18,spearman,240,,LIVEPOLC-1.MX,5,False,Retail,35,False
2018-06-19,spearman,240,,GCARSOA1.MX,5,False,Conglomerate,35,False
2018-06-20,spearman,240,,LIVEPOLC-1.MX,5,False,Retail,35,False
2018-06-21,spearman,240,,HERDEZ.MX,4,True,Consumer,35,False
2018-06-22,spearman,240,,GCARSOA1.MX,6,False,Conglomerate,35,False
2018-06-25,spearman,240,,GCARSOA1.MX,6,False,Conglomerate,35,False
2018-06-26,spearman,240,,GCARSOA1.MX,6,False,Conglomerate,35,False
2018-06-27,spearman,240,,GCARSOA1.MX,6,False,Conglomerate,35,False
2018-06-28,spearman,240,,GCARSOA1.MX,6,False,Conglomerate,35,False
2018-06-29,spearman,240,,GCARSOA1.MX,6,False,Conglomerate,35,False
2018-07-02,spearman,240,,GCARSOA1.MX,7,False,Conglomerate,35,False
2018-07-03,spearman,240,,GCARSOA1.MX,8,False,Conglomerate,35,False
2018-07-04,spearman,240,,GCARSOA1.MX,8,False,Conglomerate,35,False
2018-07-05,spearman,240,,GCARSOA1.MX,7,False,Conglomerate,35,False
2018-07-06,spearman,240,,GCARSOA1.MX,6,False,Conglomerate,35,False
2018-07-09,spearman,240,,GCARSOA1.MX,5,False,Conglomerate,35,False
2018-07-10,spearman,240,,GCARSOA1.MX,5,False,Conglomerate,35,False
2018-07-11,spearman,240,,GCARSOA1.MX,6,False,Conglomerate,35,False
2018-07-12,spearman,240,,GCARSOA1.MX,5,False,Conglomerate,35,False
2018-07-13,spearman,240,,GCARSOA1.MX,5,True,Conglomerate,35,False
2018-07-16,spearman,240,,GCARSOA1.MX,5,True,Conglomerate,35,False
2018-07-17,spearman,240,,GCARSOA1.MX,5,True,Conglomerate,35,False
2018-07-18,spearman,240,,GCARSOA1.MX,5,True,Conglomerate,35,False
2018-07-19,spearman,240,,GCARSOA1.MX,5,True,Conglomerate,35,False
2018-07-20,spearman,240,,GCARSOA1.MX,5,True,Conglomerate,35,False
2018-07-23,spearman,240,,GCARSOA1.MX,5,True,Conglomerate,35,False
2018-07-24,spearman,240,,HERDEZ.MX,6,False,Consumer,35,False
2018-07-25,spearman,240,,GCARSOA1.MX,5,True,Conglomerate,35,False
2018-07-26,spearman,240,,HERDEZ.MX,5,False,Consumer,35,False
2018-07-27,spearman,240,,HERDEZ.MX,5,True,Consumer,35,False
2018-07-30,spearman,240,,HERDEZ.MX,6,False,Consumer,35,False
2018-07-31,spearman,240,,HERDEZ.MX,6,False,Consumer,35,False
2018-08-01,spearman,240,,HERDEZ.MX,6,False,Consumer,35,False
2018-08-02,spearman,240,,HERDEZ.MX,6,False,Consumer,35,False
2018-08-03,spearman,240,,HERDEZ.MX,5,True,Consumer,35,False
2018-08-06,spearman,240,,SIGMAFA.MX,5,False,Consumer,35,False
2018-08-07,spearman,240,,SIGMAFA.MX,5,True,Consumer,35,False
2018-08-08,spearman,240,,GCARSOA1.MX,6,False,Conglomerate,35,False
2018-08-09,spearman,240,,GCARSOA1.MX,6,False,Conglomerate,35,False
2018-08-10,spearman,240,,GCARSOA1.MX,5,True,Conglomerate,35,False
2018-08-13,spearman,240,,GCARSOA1.MX,7,False,Conglomerate,35,False
2018-08-14,spearman,240,,GCARSOA1.MX,7,False,Conglomerate,35,False
2018-08-15,spearman,240,,GCARSOA1.MX,6,False,Conglomerate,35,False
2018-08-16,spearman,240,,GCARSOA1.MX,6,False,Conglomerate,35,False
2018-08-17,spearman,240,,GCARSOA1.MX,8,False,Conglomerate,35,False
2018-08-20,spearman,240,,GCARSOA1.MX,7,False,Conglomerate,35,False
2018-08-21,spearman,240,,GCARSOA1.MX,7,False,Conglomerate,35,False
2018-08-22,spearman,240,,GCARSOA1.MX,6,True,Conglomerate,35,False
2018-08-23,spearman,240,,GCARSOA1.MX,7,False,Conglomerate,35,False
2018-08-24,spearman,240,,GCARSOA1.MX,6,True,Conglomerate,35,False
2018-08-27,spearman,240,,GCARSOA1.MX,6,False,Conglomerate,35,False
2018-08-28,spearman,240,,GCARSOA1.MX,6,False,Conglomerate,35,False
2018-08-29,spearman,240,,GCARSOA1.MX,6,False,Conglomerate,35,False
2018-08-30,spearman,240,,GCARSOA1.MX,6,False,Conglomerate,35,False
2018-08-31,spearman,240,,GCARSOA1.MX,6,False,Conglomerate,35,False
2018-09-03,spearman,240,,GCARSOA1.MX,7,False,Conglomerate,35,False
2018-09-04,spearman,240,,GCARSOA1.MX,7,False,Conglomerate,35,False
2018-09-05,spearman,240,,GCARSOA1.MX,6,False,Conglomerate,35,False
2018-09-06,spearman,240,,GCARSOA1.MX,6,False,Conglomerate,35,False
2018-09-07,spearman,240,,GCARSOA1.MX,6,False,Conglomerate,35,False
2018-09-10,spearman,240,,GCARSOA1.MX,5,True,Conglomerate,35,False
2018-09-11,spearman,240,,GCARSOA1.MX,5,True,Conglomerate,35,False
2018-09-12,spearman,240,,GCARSOA1.MX,5,True,Conglomerate,35,False
2018-09-13,spearman,240,,GCARSOA1.MX,5,True,Conglomerate,35,False
2018-09-14,spearman,240,,GCARSOA1.MX,5,True,Conglomerate,35,False
2018-09-17,spearman,240,,GCARSOA1.MX,5,True,Conglomerate,35,False
2018-09-18,spearman,240,,GCARSOA1.MX,5,True,Conglomerate,35,False
2018-09-19,spearman,240,,GCARSOA1.MX,5,True,Conglomerate,35,False
2018-09-20,spearman,240,,GCARSOA1.MX,5,True,Conglomerate,35,False
2018-09-21,spearman,240,,GCARSOA1.MX,5,True,Conglomerate,35,False
2018-09-24,spearman,240,,GCARSOA1.MX,5,True,Conglomerate,35,False
2018-09-25,spearman,240,,GCARSOA1.MX,5,True,Conglomerate,35,False
2018-09-26,spearman,240,,GFINBURO.MX,5,True,Financial,35,True
2018-09-27,spearman,240,,GCARSOA1.MX,5,True,Conglomerate,35,False
2018-09-28,spearman,240,,GCARSOA1.MX,5,False,Conglomerate,35,False
2018-10-01,spearman,240,,GCARSOA1.MX,5,False,Conglomerate,35,False
2018-10-02,spearman,240,,ALSEA.MX,6,False,Consumer,35,False
2018-10-03,spearman,240,,ALSEA.MX,5,False,Consumer,35,False
2018-10-04,spearman,240,,ALSEA.MX,5,False,Consumer,35,False
2018-10-05,spearman,240,,GFINBURO.MX,6,True,Financial,35,True
2018-10-08,spearman,240,,BIMBOA.MX,6,False,Consumer,35,False
2018-10-09,spearman,240,,BIMBOA.MX,6,False,Consumer,35,False
2018-10-10,spearman,240,,BIMBOA.MX,6,False,Consumer,35,False
2018-10-11,spearman,240,,BIMBOA.MX,8,False,Consumer,35,False
2018-10-12,spearman,240,,BIMBOA.MX,7,False,Consumer,35,False
2018-10-15,spearman,240,,BIMBOA.MX,7,False,Consumer,35,False
2018-10-16,spearman,240,,BIMBOA.MX,7,False,Consumer,35,False
2018-10-17,spearman,240,,BIMBOA.MX,7,False,Consumer,35,False
2018-10-18,spearman,240,,BIMBOA.MX,7,False,Consumer,35,False
2018-10-19,spearman,240,,BIMBOA.MX,7,False,Consumer,35,False
2018-10-22,spearman,240,,BIMBOA.MX,6,False,Consumer,35,False
2018-10-23,spearman,240,,BIMBOA.MX,7,False,Consumer,35,False
2018-10-24,spearman,240,,BIMBOA.MX,7,False,Consumer,35,False
2018-10-25,spearman,240,,BIMBOA.MX,6,True,Consumer,35,False
2018-10-26,spearman,240,,BIMBOA.MX,7,False,Consumer,35,False
2018-10-29,spearman,240,,BIMBOA.MX,7,False,Consumer,35,False
2018-10-30,spearman,240,,BIMBOA.MX,7,False,Consumer,35,False
2018-10-31,spearman,240,,GCARSOA1.MX,7,True,Conglomerate,35,False
2018-11-01,spearman,240,,GCARSOA1.MX,6,True,Conglomerate,35,False
2018-11-05,spearman,240,,BIMBOA.MX,7,False,Consumer,35,False
2018-11-06,spearman,240,,BIMBOA.MX,6,True,Consumer,35,False
2018-11-07,spearman,240,,GCARSOA1.MX,6,False,Conglomerate,35,False
2018-11-08,spearman,240,,GCARSOA1.MX,6,False,Conglomerate,35,False
2018-11-09,spearman,240,,GCARSOA1.MX,6,False,Conglomerate,35,False
2018-11-12,spearman,240,,GCARSOA1.MX,5,True,Conglomerate,35,False
2018-11-13,spearman,240,,GCARSOA1.MX,6,False,Conglomerate,35,False
2018-11-14,spearman,240,,GCARSOA1.MX,6,False,Conglomerate,35,False
2018-11-15,spearman,240,,GCARSOA1.MX,5,False,Conglomerate,35,False
2018-11-16,spearman,240,,GCARSOA1.MX,5,False,Conglomerate,35,False
2018-11-20,spearman,240,,GCARSOA1.MX,5,False,Conglomerate,35,False
2018-11-21,spearman,240,,GCARSOA1.MX,5,False,Conglomerate,35,False
2018-11-22,spearman,240,,GCARSOA1.MX,5,False,Conglomerate,35,False
2018-11-23,spearman,240,,BIMBOA.MX,6,False,Consumer,35,False
2018-11-26,spearman,240,,BIMBOA.MX,6,False,Consumer,35,False
2018-11-27,spearman,240,,BIMBOA.MX,6,False,Consumer,35,False
2018-11-28,spearman,240,,BIMBOA.MX,6,False,Consumer,35,False
2018-11-29,spearman,240,,BIMBOA.MX,7,False,Consumer,35,False
2018-11-30,spearman,240,,BIMBOA.MX,7,False,Consumer,35,False
2018-12-03,spearman,240,,BIMBOA.MX,6,False,Consumer,35,False
2018-12-04,spearman,240,,BIMBOA.MX,6,False,Consumer,35,False
2018-12-05,spearman,240,,BIMBOA.MX,6,False,Consumer,35,False
2018-12-06,spearman,240,,BIMBOA.MX,6,False,Consumer,35,False
2018-12-07,spearman,240,,BIMBOA.MX,7,False,Consumer,35,False
2018-12-10,spearman,240,,BIMBOA.MX,6,False,Consumer,35,False
2018-12-11,spearman,240,,BIMBOA.MX,6,False,Consumer,35,False
2018-12-13,spearman,240,,BIMBOA.MX,6,False,Consumer,35,False
2018-12-14,spearman,240,,BIMBOA.MX,7,False,Consumer,35,False
2018-12-17,spearman,240,,BIMBOA.MX,8,False,Consumer,35,False
2018-12-18,spearman,240,,BIMBOA.MX,8,False,Consumer,35,False
2018-12-19,spearman,240,,BIMBOA.MX,8,False,Consumer,35,False
2018-12-20,spearman,240,,BIMBOA.MX,7,False,Consumer,35,False
2018-12-21,spearman,240,,BIMBOA.MX,8,False,Consumer,35,False
2018-12-24,spearman,240,,BIMBOA.MX,7,False,Consumer,35,False
2018-12-26,spearman,240,,BIMBOA.MX,7,False,Consumer,35,False
2018-12-27,spearman,240,,BIMBOA.MX,7,False,Consumer,35,False
2018-12-28,spearman,240,,BIMBOA.MX,7,False,Consumer,35,False
2018-12-31,spearman,240,,BIMBOA.MX,8,False,Consumer,35,False
2019-01-02,spearman,240,,BIMBOA.MX,7,False,Consumer,35,False
2019-01-03,spearman,240,,BIMBOA.MX,7,False,Consumer,35,False
2019-01-04,spearman,240,,BIMBOA.MX,7,False,Consumer,35,False
2019-01-07,spearman,240,,BIMBOA.MX,6,False,Consumer,35,False
2019-01-08,spearman,240,,BIMBOA.MX,6,False,Consumer,35,False
2019-01-09,spearman,240,,BIMBOA.MX,6,False,Consumer,35,False
2019-01-10,spearman,240,,BIMBOA.MX,7,False,Consumer,35,False
2019-01-11,spearman,240,,BIMBOA.MX,7,False,Consumer,35,False
2019-01-14,spearman,240,,BIMBOA.MX,6,False,Consumer,35,False
2019-01-15,spearman,240,,BIMBOA.MX,6,False,Consumer,35,False
2019-01-16,spearman,240,,BIMBOA.MX,6,False,Consumer,35,False
2019-01-17,spearman,240,,BIMBOA.MX,6,False,Consumer,35,False
2019-01-18,spearman,240,,BIMBOA.MX,6,False,Consumer,35,False
2019-01-21,spearman,240,,BIMBOA.MX,5,False,Consumer,35,False
2019-01-22,spearman,240,,BIMBOA.MX,5,False,Consumer,35,False
2019-01-23,spearman,240,,BIMBOA.MX,5,False,Consumer,35,False
2019-01-24,spearman,240,,BIMBOA.MX,5,False,Consumer,35,False
2019-01-25,spearman,240,,BIMBOA.MX,6,False,Consumer,35,False
2019-01-28,spearman,240,,BIMBOA.MX,6,False,Consumer,35,False
2019-01-29,spearman,240,,BIMBOA.MX,6,False,Consumer,35,False
2019-01-30,spearman,240,,BIMBOA.MX,6,False,Consumer,35,False
2019-01-31,spearman,240,,BIMBOA.MX,6,False,Consumer,35,False
2019-02-01,spearman,240,,BIMBOA.MX,6,False,Consumer,35,False
2019-02-05,spearman,240,,BIMBOA.MX,6,False,Consumer,35,False
2019-02-06,spearman,240,,BIMBOA.MX,6,False,Consumer,35,False
2019-02-07,spearman,240,,BIMBOA.MX,6,False,Consumer,35,False
2019-02-08,spearman,240,,BIMBOA.MX,7,False,Consumer,35,False
2019-02-11,spearman,240,,BIMBOA.MX,5,False,Consumer,35,False
2019-02-12,spearman,240,,BIMBOA.MX,6,False,Consumer,35,False
2019-02-13,spearman,240,,BIMBOA.MX,6,False,Consumer,35,False
2019-02-14,spearman,240,,BIMBOA.MX,6,False,Consumer,35,False
2019-02-15,spearman,240,,BIMBOA.MX,5,False,Consumer,35,False
2019-02-18,spearman,240,,BIMBOA.MX,5,False,Consumer,35,False
2019-02-19,spearman,240,,BIMBOA.MX,5,False,Consumer,35,False
2019-02-20,spearman,240,,ASURB.MX,4,True,Airports,35,False
2019-02-21,spearman,240,,GMEXICOB.MX,4,True,Materials,35,False
2019-02-22,spearman,240,,GMEXICOB.MX,5,True,Materials,35,False
2019-02-25,spearman,240,,GMEXICOB.MX,5,True,Materials,35,False
2019-02-26,spearman,240,,BIMBOA.MX,5,False,Consumer,35,False
2019-02-27,spearman,240,,BIMBOA.MX,4,True,Consumer,35,False
2019-02-28,spearman,240,,CEMEXCPO.MX,5,False,Materials,35,False
2019-03-01,spearman,240,,BIMBOA.MX,4,True,Consumer,35,False
2019-03-04,spearman,240,,CEMEXCPO.MX,5,False,Materials,35,False
2019-03-05,spearman,240,,CEMEXCPO.MX,5,False,Materials,35,False
2019-03-06,spearman,240,,CEMEXCPO.MX,5,False,Materials,35,False
2019-03-07,spearman,240,,CEMEXCPO.MX,5,False,Materials,35,False
2019-03-08,spearman,240,,CEMEXCPO.MX,5,False,Materials,35,False
2019-03-11,spearman,240,,CEMEXCPO.MX,5,False,Materials,35,False
2019-03-12,spearman,240,,CEMEXCPO.MX,5,False,Materials,35,False
2019-03-13,spearman,240,,CEMEXCPO.MX,7,False,Materials,35,False
2019-03-14,spearman,240,,CEMEXCPO.MX,6,False,Materials,35,False
2019-03-15,spearman,240,,LIVEPOLC-1.MX,5,False,Retail,35,False
2019-03-19,spearman,240,,CEMEXCPO.MX,5,False,Materials,35,False
2019-03-20,spearman,240,,CEMEXCPO.MX,5,False,Materials,35,False
2019-03-21,spearman,240,,CEMEXCPO.MX,6,False,Materials,35,False
2019-03-22,spearman,240,,CEMEXCPO.MX,7,False,Materials,35,False
2019-03-25,spearman,240,,CEMEXCPO.MX,7,False,Materials,35,False
2019-03-26,spearman,240,,CEMEXCPO.MX,6,True,Materials,35,False
2019-03-27,spearman,240,,CEMEXCPO.MX,6,False,Materials,35,False
2019-03-28,spearman,240,,BIMBOA.MX,6,False,Consumer,35,False
2019-03-29,spearman,240,,CEMEXCPO.MX,5,True,Materials,35,False
2019-04-01,spearman,240,,CEMEXCPO.MX,5,True,Materials,35,False
2019-04-02,spearman,240,,CEMEXCPO.MX,5,False,Materials,35,False
2019-04-03,spearman,240,,BIMBOA.MX,5,True,Consumer,35,False
2019-04-04,spearman,240,,BIMBOA.MX,6,False,Consumer,35,False
2019-04-05,spearman,240,,BIMBOA.MX,7,False,Consumer,35,False
2019-04-08,spearman,240,,BIMBOA.MX,6,False,Consumer,35,False
2019-04-09,spearman,240,,BIMBOA.MX,6,False,Consumer,35,False
2019-04-10,spearman,240,,BIMBOA.MX,7,False,Consumer,35,False
2019-04-11,spearman,240,,BIMBOA.MX,7,False,Consumer,35,False
2019-04-12,spearman,240,,BIMBOA.MX,6,False,Consumer,35,False
2019-04-15,spearman,240,,LIVEPOLC-1.MX,6,False,Retail,35,False
2019-04-16,spearman,240,,CEMEXCPO.MX,7,False,Materials,35,False
2019-04-17,spearman,240,,CEMEXCPO.MX,6,True,Materials,35,False
2019-04-22,spearman,240,,BIMBOA.MX,7,False,Consumer,35,False
2019-04-23,spearman,240,,CEMEXCPO.MX,6,True,Materials,35,False
2019-04-24,spearman,240,,BIMBOA.MX,6,True,Consumer,35,False
2019-04-25,spearman,240,,LIVEPOLC-1.MX,8,False,Retail,35,False
2019-04-26,spearman,240,,LIVEPOLC-1.MX,7,False,Retail,35,False
2019-04-29,spearman,240,,CEMEXCPO.MX,7,False,Materials,35,False
2019-04-30,spearman,240,,BIMBOA.MX,6,True,Consumer,35,False
2019-05-02,spearman,240,,CEMEXCPO.MX,7,False,Materials,35,False
2019-05-03,spearman,240,,CEMEXCPO.MX,5,True,Materials,35,False
2019-05-06,spearman,240,,CEMEXCPO.MX,5,True,Materials,35,False
2019-05-07,spearman,240,,BIMBOA.MX,5,True,Consumer,35,False
2019-05-08,spearman,240,,CEMEXCPO.MX,6,False,Materials,35,False
2019-05-09,spearman,240,,CEMEXCPO.MX,7,False,Materials,35,False
2019-05-10,spearman,240,,CEMEXCPO.MX,7,False,Materials,35,False
2019-05-13,spearman,240,,CEMEXCPO.MX,7,False,Materials,35,False
2019-05-14,spearman,240,,CEMEXCPO.MX,7,False,Materials,35,False
2019-05-15,spearman,240,,CEMEXCPO.MX,8,False,Materials,35,False
2019-05-16,spearman,240,,CEMEXCPO.MX,7,False,Materials,35,False
2019-05-17,spearman,240,,CEMEXCPO.MX,8,False,Materials,35,False
2019-05-20,spearman,240,,CEMEXCPO.MX,8,False,Materials,35,False
2019-05-21,spearman,240,,CEMEXCPO.MX,8,False,Materials,35,False
2019-05-22,spearman,240,,CEMEXCPO.MX,8,False,Materials,35,False
2019-05-23,spearman,240,,CEMEXCPO.MX,8,False,Materials,35,False
2019-05-24,spearman,240,,CEMEXCPO.MX,7,False,Materials,35,False
2019-05-27,spearman,240,,CEMEXCPO.MX,10,False,Materials,35,False
2019-05-28,spearman,240,,CEMEXCPO.MX,9,False,Materials,35,False
2019-05-29,spearman,240,,CEMEXCPO.MX,9,False,Materials,35,False
2019-05-30,spearman,240,,CEMEXCPO.MX,10,False,Materials,35,False
2019-05-31,spearman,240,,CEMEXCPO.MX,10,False,Materials,35,False
2019-06-03,spearman,240,,CEMEXCPO.MX,9,False,Materials,35,False
2019-06-04,spearman,240,,CEMEXCPO.MX,8,False,Materials,35,False
2019-06-05,spearman,240,,CEMEXCPO.MX,7,True,Materials,35,False
2019-06-06,spearman,240,,BIMBOA.MX,9,False,Consumer,35,False
2019-06-07,spearman,240,,BIMBOA.MX,9,False,Consumer,35,False
2019-06-10,spearman,240,,BIMBOA.MX,7,True,Consumer,35,False
2019-06-11,spearman,240,,CEMEXCPO.MX,8,False,Materials,35,False
2019-06-12,spearman,240,,CEMEXCPO.MX,8,False,Materials,35,False
2019-06-13,spearman,240,,BIMBOA.MX,8,False,Consumer,35,False
2019-06-14,spearman,240,,CEMEXCPO.MX,7,False,Materials,35,False
2019-06-17,spearman,240,,CEMEXCPO.MX,8,False,Materials,35,False
2019-06-18,spearman,240,,CEMEXCPO.MX,8,False,Materials,35,False
2019-06-19,spearman,240,,CEMEXCPO.MX,8,False,Materials,35,False
2019-06-20,spearman,240,,CEMEXCPO.MX,8,False,Materials,35,False
2019-06-21,spearman,240,,CEMEXCPO.MX,8,False,Materials,35,False
2019-06-24,spearman,240,,BIMBOA.MX,9,False,Consumer,35,False
2019-06-25,spearman,240,,BIMBOA.MX,9,False,Consumer,35,False
2019-06-26,spearman,240,,BIMBOA.MX,9,False,Consumer,35,False
2019-06-27,spearman,240,,BIMBOA.MX,9,False,Consumer,35,False
2019-06-28,spearman,240,,BIMBOA.MX,8,False,Consumer,35,False
2019-07-01,spearman,240,,BIMBOA.MX,7,False,Consumer,35,False
2019-07-02,spearman,240,,BIMBOA.MX,7,False,Consumer,35,False
2019-07-03,spearman,240,,BIMBOA.MX,6,True,Consumer,35,False
2019-07-04,spearman,240,,BIMBOA.MX,6,True,Consumer,35,False
2019-07-05,spearman,240,,BIMBOA.MX,7,False,Consumer,35,False
2019-07-08,spearman,240,,BIMBOA.MX,7,False,Consumer,35,False
2019-07-09,spearman,240,,BIMBOA.MX,7,False,Consumer,35,False
2019-07-10,spearman,240,,BIMBOA.MX,6,True,Consumer,35,False
2019-07-11,spearman,240,,BIMBOA.MX,6,True,Consumer,35,False
2019-07-12,spearman,240,,BIMBOA.MX,7,False,Consumer,35,False
2019-07-15,spearman,240,,BIMBOA.MX,7,False,Consumer,35,False
2019-07-16,spearman,240,,BIMBOA.MX,7,False,Consumer,35,False
2019-07-17,spearman,240,,BIMBOA.MX,6,True,Consumer,35,False
2019-07-18,spearman,240,,LIVEPOLC-1.MX,6,True,Retail,35,False
2019-07-19,spearman,240,,LIVEPOLC-1.MX,6,True,Retail,35,False
2019-07-22,spearman,240,,LIVEPOLC-1.MX,6,True,Retail,35,False
2019-07-23,spearman,240,,CEMEXCPO.MX,7,False,Materials,35,False
2019-07-24,spearman,240,,CEMEXCPO.MX,8,False,Materials,35,False
2019-07-25,spearman,240,,LIVEPOLC-1.MX,7,False,Retail,35,False
2019-07-26,spearman,240,,CEMEXCPO.MX,8,False,Materials,35,False
2019-07-29,spearman,240,,CEMEXCPO.MX,8,False,Materials,35,False
2019-07-30,spearman,240,,CEMEXCPO.MX,8,False,Materials,35,False
2019-07-31,spearman,240,,CEMEXCPO.MX,8,False,Materials,35,False
2019-08-01,spearman,240,,CEMEXCPO.MX,8,False,Materials,35,False
2019-08-02,spearman,240,,CEMEXCPO.MX,7,False,Materials,35,False
2019-08-05,spearman,240,,CEMEXCPO.MX,6,False,Materials,35,False
2019-08-06,spearman,240,,CEMEXCPO.MX,8,False,Materials,35,False
2019-08-07,spearman,240,,CEMEXCPO.MX,6,False,Materials,35,False
2019-08-08,spearman,240,,CEMEXCPO.MX,6,False,Materials,35,False
2019-08-09,spearman,240,,GFNORTEO.MX,5,True,Financial,35,False
2019-08-12,spearman,240,,CEMEXCPO.MX,5,True,Materials,35,False
2019-08-13,spearman,240,,CEMEXCPO.MX,5,True,Materials,35,False
2019-08-14,spearman,240,,LIVEPOLC-1.MX,6,False,Retail,35,False
2019-08-15,spearman,240,,GAPB.MX,5,True,Airports,35,False
2019-08-16,spearman,240,,LIVEPOLC-1.MX,5,False,Retail,35,False
2019-08-19,spearman,240,,LIVEPOLC-1.MX,5,False,Retail,35,False
2019-08-20,spearman,240,,CEMEXCPO.MX,4,True,Materials,35,False
2019-08-21,spearman,240,,CEMEXCPO.MX,4,True,Materials,35,False
2019-08-22,spearman,240,,CEMEXCPO.MX,5,False,Materials,35,False
2019-08-23,spearman,240,,LIVEPOLC-1.MX,5,False,Retail,35,False
2019-08-26,spearman,240,,GAPB.MX,5,True,Airports,35,False
2019-08-27,spearman,240,,GAPB.MX,5,True,Airports,35,False
2019-08-28,spearman,240,,CEMEXCPO.MX,5,False,Materials,35,False
2019-08-29,spearman,240,,CEMEXCPO.MX,5,False,Materials,35,False
2019-08-30,spearman,240,,CEMEXCPO.MX,5,False,Materials,35,False
2019-09-02,spearman,240,,CEMEXCPO.MX,6,False,Materials,35,False
2019-09-03,spearman,240,,CEMEXCPO.MX,5,True,Materials,35,False
2019-09-04,spearman,240,,CEMEXCPO.MX,6,False,Materials,35,False
2019-09-05,spearman,240,,CEMEXCPO.MX,5,True,Materials,35,False
2019-09-06,spearman,240,,CEMEXCPO.MX,7,False,Materials,35,False
2019-09-09,spearman,240,,CEMEXCPO.MX,7,False,Materials,35,False
2019-09-10,spearman,240,,CEMEXCPO.MX,7,False,Materials,35,False
2019-09-11,spearman,240,,CEMEXCPO.MX,6,False,Materials,35,False
2019-09-12,spearman,240,,CEMEXCPO.MX,7,False,Materials,35,False
2019-09-13,spearman,240,,CEMEXCPO.MX,6,False,Materials,35,False
2019-09-17,spearman,240,,CEMEXCPO.MX,8,False,Materials,35,False
2019-09-18,spearman,240,,CEMEXCPO.MX,8,False,Materials,35,False
2019-09-19,spearman,240,,CEMEXCPO.MX,7,False,Materials,35,False
2019-09-20,spearman,240,,CEMEXCPO.MX,7,False,Materials,35,False
2019-09-23,spearman,240,,CEMEXCPO.MX,5,True,Materials,35,False
2019-09-24,spearman,240,,CEMEXCPO.MX,6,False,Materials,35,False
2019-09-25,spearman,240,,CEMEXCPO.MX,6,False,Materials,35,False
2019-09-26,spearman,240,,CEMEXCPO.MX,5,True,Materials,35,False
2019-09-27,spearman,240,,LIVEPOLC-1.MX,6,False,Retail,35,False
2019-09-30,spearman,240,,LIVEPOLC-1.MX,7,False,Retail,35,False
2019-10-01,spearman,240,,LIVEPOLC-1.MX,8,False,Retail,35,False
2019-10-02,spearman,240,,LIVEPOLC-1.MX,8,False,Retail,35,False
2019-10-03,spearman,240,,LIVEPOLC-1.MX,8,False,Retail,35,False
2019-10-04,spearman,240,,LIVEPOLC-1.MX,7,False,Retail,35,False
2019-10-07,spearman,240,,LIVEPOLC-1.MX,6,False,Retail,35,False
2019-10-08,spearman,240,,LIVEPOLC-1.MX,7,False,Retail,35,False
2019-10-09,spearman,240,,LIVEPOLC-1.MX,8,False,Retail,35,False
2019-10-10,spearman,240,,LIVEPOLC-1.MX,7,False,Retail,35,False
2019-10-11,spearman,240,,LIVEPOLC-1.MX,6,False,Retail,35,False
2019-10-14,spearman,240,,LIVEPOLC-1.MX,6,False,Retail,35,False
2019-10-15,spearman,240,,LIVEPOLC-1.MX,6,False,Retail,35,False
2019-10-16,spearman,240,,LIVEPOLC-1.MX,6,False,Retail,35,False
2019-10-17,spearman,240,,LIVEPOLC-1.MX,7,False,Retail,35,False
2019-10-18,spearman,240,,LIVEPOLC-1.MX,7,False,Retail,35,False
2019-10-21,spearman,240,,LIVEPOLC-1.MX,6,False,Retail,35,False
2019-10-22,spearman,240,,LIVEPOLC-1.MX,7,False,Retail,35,False
2019-10-23,spearman,240,,LIVEPOLC-1.MX,7,False,Retail,35,False
2019-10-24,spearman,240,,CEMEXCPO.MX,5,False,Materials,35,False
2019-10-25,spearman,240,,GAPB.MX,5,True,Airports,35,False
2019-10-28,spearman,240,,CEMEXCPO.MX,5,False,Materials,35,False
2019-10-29,spearman,240,,LIVEPOLC-1.MX,4,True,Retail,35,False
2019-10-30,spearman,240,,SIGMAFA.MX,5,True,Consumer,35,False
2019-10-31,spearman,240,,GAPB.MX,5,False,Airports,35,False
2019-11-01,spearman,240,,SIGMAFA.MX,5,True,Consumer,35,False
2019-11-04,spearman,240,,GAPB.MX,5,True,Airports,35,False
2019-11-05,spearman,240,,GAPB.MX,5,True,Airports,35,False
2019-11-06,spearman,240,,SIGMAFA.MX,5,False,Consumer,35,False
2019-11-07,spearman,240,,SIGMAFA.MX,5,False,Consumer,35,False
2019-11-08,spearman,240,,GAPB.MX,4,True,Airports,35,False
2019-11-11,spearman,240,,LIVEPOLC-1.MX,5,True,Retail,35,False
2019-11-12,spearman,240,,LIVEPOLC-1.MX,5,True,Retail,35,False
2019-11-13,spearman,240,,GAPB.MX,5,True,Airports,35,False
2019-11-14,spearman,240,,GAPB.MX,5,True,Airports,35,False
2019-11-15,spearman,240,,GAPB.MX,5,True,Airports,35,False
2019-11-19,spearman,240,,CEMEXCPO.MX,4,True,Materials,35,False
2019-11-20,spearman,240,,GAPB.MX,5,True,Airports,35,False
2019-11-21,spearman,240,,GFINBURO.MX,6,False,Financial,35,True
2019-11-22,spearman,240,,GAPB.MX,5,True,Airports,35,False
2019-11-25,spearman,240,,GAPB.MX,5,True,Airports,35,False
2019-11-26,spearman,240,,SIGMAFA.MX,6,True,Consumer,35,False
2019-11-27,spearman,240,,SIGMAFA.MX,5,False,Consumer,35,False
2019-11-28,spearman,240,,GAPB.MX,5,True,Airports,35,False
2019-11-29,spearman,240,,SIGMAFA.MX,6,False,Consumer,35,False
2019-12-02,spearman,240,,GAPB.MX,5,False,Airports,35,False
2019-12-03,spearman,240,,GAPB.MX,5,True,Airports,35,False
2019-12-04,spearman,240,,SIGMAFA.MX,5,True,Consumer,35,False
2019-12-05,spearman,240,,SIGMAFA.MX,6,False,Consumer,35,False
2019-12-06,spearman,240,,SIGMAFA.MX,6,False,Consumer,35,False
2019-12-09,spearman,240,,SIGMAFA.MX,6,False,Consumer,35,False
2019-12-10,spearman,240,,LIVEPOLC-1.MX,6,False,Retail,35,False
2019-12-11,spearman,240,,SIGMAFA.MX,6,False,Consumer,35,False
2019-12-13,spearman,240,,CEMEXCPO.MX,5,True,Materials,35,False
2019-12-16,spearman,240,,SIGMAFA.MX,6,False,Consumer,35,False
2019-12-17,spearman,240,,SIGMAFA.MX,5,True,Consumer,35,False
2019-12-18,spearman,240,,SIGMAFA.MX,6,False,Consumer,35,False
2019-12-19,spearman,240,,SIGMAFA.MX,6,False,Consumer,35,False
2019-12-20,spearman,240,,CEMEXCPO.MX,5,False,Materials,35,False
2019-12-23,spearman,240,,CEMEXCPO.MX,5,False,Materials,35,False
2019-12-24,spearman,240,,CEMEXCPO.MX,5,False,Materials,35,False
2019-12-26,spearman,240,,CEMEXCPO.MX,5,False,Materials,35,False
2019-12-27,spearman,240,,CEMEXCPO.MX,5,False,Materials,35,False
2019-12-30,spearman,240,,CEMEXCPO.MX,5,True,Materials,35,False
2019-12-31,spearman,240,,SIGMAFA.MX,5,True,Consumer,35,False
2020-01-02,spearman,240,,CEMEXCPO.MX,5,True,Materials,35,False
2020-01-03,spearman,240,,CEMEXCPO.MX,5,True,Materials,35,False
2020-01-06,spearman,240,,CEMEXCPO.MX,5,True,Materials,35,False
2020-01-07,spearman,240,,CEMEXCPO.MX,5,False,Materials,35,False
2020-01-08,spearman,240,,CEMEXCPO.MX,5,False,Materials,35,False
2020-01-09,spearman,240,,CEMEXCPO.MX,6,False,Materials,35,False
2020-01-10,spearman,240,,CEMEXCPO.MX,6,False,Materials,35,False
2020-01-13,spearman,240,,CEMEXCPO.MX,6,False,Materials,35,False
2020-01-14,spearman,240,,CEMEXCPO.MX,6,False,Materials,35,False
2020-01-15,spearman,240,,CEMEXCPO.MX,7,False,Materials,35,False
2020-01-16,spearman,240,,CEMEXCPO.MX,6,False,Materials,35,False
2020-01-17,spearman,240,,LIVEPOLC-1.MX,5,False,Retail,35,False
2020-01-20,spearman,240,,LIVEPOLC-1.MX,5,False,Retail,35,False
2020-01-21,spearman,240,,LIVEPOLC-1.MX,5,False,Retail,35,False
2020-01-22,spearman,240,,LIVEPOLC-1.MX,5,False,Retail,35,False
2020-01-23,spearman,240,,SIGMAFA.MX,5,True,Consumer,35,False
2020-01-24,spearman,240,,LIVEPOLC-1.MX,5,False,Retail,35,False
2020-01-27,spearman,240,,SIGMAFA.MX,5,True,Consumer,35,False
2020-01-28,spearman,240,,SIGMAFA.MX,5,True,Consumer,35,False
2020-01-29,spearman,240,,LIVEPOLC-1.MX,5,False,Retail,35,False
2020-01-30,spearman,240,,SIGMAFA.MX,5,True,Consumer,35,False
2020-01-31,spearman,240,,SIGMAFA.MX,5,True,Consumer,35,False
2020-02-04,spearman,240,,CEMEXCPO.MX,6,False,Materials,35,False
2020-02-05,spearman,240,,CEMEXCPO.MX,6,False,Materials,35,False
2020-02-06,spearman,240,,CEMEXCPO.MX,6,False,Materials,35,False
2020-02-07,spearman,240,,CEMEXCPO.MX,6,False,Materials,35,False
2020-02-10,spearman,240,,GMEXICOB.MX,6,True,Materials,35,False
2020-02-11,spearman,240,,CEMEXCPO.MX,7,False,Materials,35,False
2020-02-12,spearman,240,,CEMEXCPO.MX,6,False,Materials,35,False
2020-02-13,spearman,240,,CEMEXCPO.MX,6,False,Materials,35,False
2020-02-14,spearman,240,,CEMEXCPO.MX,6,False,Materials,35,False
2020-02-17,spearman,240,,CEMEXCPO.MX,6,False,Materials,35,False
2020-02-18,spearman,240,,CEMEXCPO.MX,5,False,Materials,35,False
2020-02-19,spearman,240,,CEMEXCPO.MX,5,False,Materials,35,False
2020-02-20,spearman,240,,GMEXICOB.MX,6,False,Materials,35,False
2020-02-21,spearman,240,,CEMEXCPO.MX,5,True,Materials,35,False
2020-02-24,spearman,240,,GMEXICOB.MX,5,False,Materials,35,False
2020-02-25,spearman,240,,CEMEXCPO.MX,5,False,Materials,35,False
2020-02-26,spearman,240,,GMEXICOB.MX,5,False,Materials,35,False
2020-02-27,spearman,240,,GMEXICOB.MX,5,False,Materials,35,False
2020-02-28,spearman,240,,CEMEXCPO.MX,5,True,Materials,35,False
2020-03-02,spearman,240,,CEMEXCPO.MX,5,True,Materials,35,False
2020-03-03,spearman,240,,CEMEXCPO.MX,5,True,Materials,35,False
2020-03-04,spearman,240,,CEMEXCPO.MX,5,False,Materials,35,False
2020-03-05,spearman,240,,GCARSOA1.MX,5,True,Conglomerate,35,False
2020-03-06,spearman,240,,CEMEXCPO.MX,5,False,Materials,35,False
2020-03-09,spearman,240,,CEMEXCPO.MX,6,False,Materials,35,False
2020-03-10,spearman,240,,CEMEXCPO.MX,7,False,Materials,35,False
2020-03-11,spearman,240,,CEMEXCPO.MX,6,True,Materials,35,False
2020-03-12,spearman,240,,GFINBURO.MX,6,False,Financial,35,True
2020-03-13,spearman,240,,GFINBURO.MX,6,False,Financial,35,True
2020-03-17,spearman,240,,CEMEXCPO.MX,5,True,Materials,35,False
2020-03-18,spearman,240,,CEMEXCPO.MX,5,True,Materials,35,False
2020-03-19,spearman,240,,CEMEXCPO.MX,6,False,Materials,35,False
2020-03-20,spearman,240,,CEMEXCPO.MX,6,False,Materials,35,False
2020-03-23,spearman,240,,LIVEPOLC-1.MX,6,False,Retail,35,False
2020-03-24,spearman,240,,GFINBURO.MX,6,True,Financial,35,True
2020-03-25,spearman,240,,GFINBURO.MX,6,False,Financial,35,True
2020-03-26,spearman,240,,GFINBURO.MX,7,False,Financial,35,True
2020-03-27,spearman,240,,GFNORTEO.MX,6,False,Financial,35,False
2020-03-30,spearman,240,,GFINBURO.MX,6,True,Financial,35,True
2020-03-31,spearman,240,,GFINBURO.MX,7,False,Financial,35,True
2020-04-01,spearman,240,,GFINBURO.MX,8,False,Financial,35,True
2020-04-02,spearman,240,,GFINBURO.MX,8,False,Financial,35,True
2020-04-03,spearman,240,,GFINBURO.MX,8,False,Financial,35,True
2020-04-06,spearman,240,,GFINBURO.MX,7,False,Financial,35,True
2020-04-07,spearman,240,,GFINBURO.MX,7,False,Financial,35,True
2020-04-08,spearman,240,,GFINBURO.MX,7,False,Financial,35,True
2020-04-13,spearman,240,,GFINBURO.MX,6,False,Financial,35,True
2020-04-14,spearman,240,,GFINBURO.MX,6,False,Financial,35,True
2020-04-15,spearman,240,,GFINBURO.MX,10,False,Financial,35,True
2020-04-16,spearman,240,,GFINBURO.MX,8,False,Financial,35,True
2020-04-17,spearman,240,,GFINBURO.MX,7,False,Financial,35,True
2020-04-20,spearman,240,,GFINBURO.MX,8,False,Financial,35,True
2020-04-21,spearman,240,,GFINBURO.MX,9,False,Financial,35,True
2020-04-22,spearman,240,,GFINBURO.MX,9,False,Financial,35,True
2020-04-23,spearman,240,,GFINBURO.MX,7,False,Financial,35,True
2020-04-24,spearman,240,,GFINBURO.MX,8,False,Financial,35,True
2020-04-27,spearman,240,,GFINBURO.MX,7,False,Financial,35,True
2020-04-28,spearman,240,,GFINBURO.MX,7,False,Financial,35,True
2020-04-29,spearman,240,,GFINBURO.MX,8,False,Financial,35,True
2020-04-30,spearman,240,,GFINBURO.MX,8,False,Financial,35,True
2020-05-04,spearman,240,,GFINBURO.MX,8,False,Financial,35,True
2020-05-05,spearman,240,,GFINBURO.MX,8,False,Financial,35,True
2020-05-06,spearman,240,,GFINBURO.MX,8,False,Financial,35,True
2020-05-07,spearman,240,,GFINBURO.MX,9,False,Financial,35,True
2020-05-08,spearman,240,,GFINBURO.MX,8,False,Financial,35,True
2020-05-11,spearman,240,,GFINBURO.MX,9,False,Financial,35,True
2020-05-12,spearman,240,,GFINBURO.MX,9,False,Financial,35,True
2020-05-13,spearman,240,,GFINBURO.MX,8,False,Financial,35,True
2020-05-14,spearman,240,,GFINBURO.MX,8,False,Financial,35,True
2020-05-15,spearman,240,,GFINBURO.MX,9,False,Financial,35,True
2020-05-18,spearman,240,,GFINBURO.MX,9,False,Financial,35,True
2020-05-19,spearman,240,,GFINBURO.MX,10,False,Financial,35,True
2020-05-20,spearman,240,,GFINBURO.MX,11,False,Financial,35,True
2020-05-21,spearman,240,,GFINBURO.MX,12,False,Financial,35,True
2020-05-22,spearman,240,,GFINBURO.MX,12,False,Financial,35,True
2020-05-25,spearman,240,,GFINBURO.MX,11,False,Financial,35,True
2020-05-26,spearman,240,,GFINBURO.MX,11,False,Financial,35,True
2020-05-27,spearman,240,,GFINBURO.MX,10,False,Financial,35,True
2020-05-28,spearman,240,,GFINBURO.MX,10,False,Financial,35,True
2020-05-29,spearman,240,,GFINBURO.MX,10,False,Financial,35,True
2020-06-01,spearman,240,,GFINBURO.MX,11,False,Financial,35,True
2020-06-02,spearman,240,,GFINBURO.MX,11,False,Financial,35,True
2020-06-03,spearman,240,,GFINBURO.MX,12,False,Financial,35,True
2020-06-04,spearman,240,,GFINBURO.MX,12,False,Financial,35,True
2020-06-05,spearman,240,,GFINBURO.MX,12,False,Financial,35,True
2020-06-08,spearman,240,,GFINBURO.MX,12,False,Financial,35,True
2020-06-09,spearman,240,,GFINBURO.MX,13,False,Financial,35,True
2020-06-10,spearman,240,,GFINBURO.MX,12,False,Financial,35,True
2020-06-11,spearman,240,,GFINBURO.MX,12,False,Financial,35,True
2020-06-12,spearman,240,,GFINBURO.MX,12,False,Financial,35,True
2020-06-15,spearman,240,,GFINBURO.MX,12,False,Financial,35,True
2020-06-16,spearman,240,,GFINBURO.MX,11,False,Financial,35,True
2020-06-17,spearman,240,,GFINBURO.MX,9,False,Financial,35,True
2020-06-18,spearman,240,,GFINBURO.MX,11,False,Financial,35,True
2020-06-19,spearman,240,,GFINBURO.MX,11,False,Financial,35,True
2020-06-22,spearman,240,,GFINBURO.MX,11,False,Financial,35,True
2020-06-23,spearman,240,,GFINBURO.MX,10,False,Financial,35,True
2020-06-24,spearman,240,,GFINBURO.MX,11,False,Financial,35,True
2020-06-25,spearman,240,,GFINBURO.MX,12,False,Financial,35,True
2020-06-26,spearman,240,,GFINBURO.MX,12,False,Financial,35,True
2020-06-29,spearman,240,,GFINBURO.MX,11,False,Financial,35,True
2020-06-30,spearman,240,,GFINBURO.MX,11,False,Financial,35,True
2020-07-01,spearman,240,,GFINBURO.MX,11,False,Financial,35,True
2020-07-02,spearman,240,,GFINBURO.MX,10,False,Financial,35,True
2020-07-03,spearman,240,,GFINBURO.MX,10,False,Financial,35,True
2020-07-06,spearman,240,,GFINBURO.MX,9,False,Financial,35,True
2020-07-07,spearman,240,,GFINBURO.MX,10,False,Financial,35,True
2020-07-08,spearman,240,,GFINBURO.MX,10,False,Financial,35,True
2020-07-09,spearman,240,,GFINBURO.MX,10,False,Financial,35,True
2020-07-10,spearman,240,,GFINBURO.MX,10,False,Financial,35,True
2020-07-13,spearman,240,,GFINBURO.MX,10,False,Financial,35,True
2020-07-14,spearman,240,,GFINBURO.MX,10,False,Financial,35,True
2020-07-15,spearman,240,,GFINBURO.MX,10,False,Financial,35,True
2020-07-16,spearman,240,,GFINBURO.MX,9,False,Financial,35,True
2020-07-17,spearman,240,,GFINBURO.MX,9,False,Financial,35,True
2020-07-20,spearman,240,,GFINBURO.MX,7,False,Financial,35,True
2020-07-21,spearman,240,,GFINBURO.MX,6,True,Financial,35,True
2020-07-22,spearman,240,,GFINBURO.MX,6,True,Financial,35,True
2020-07-23,spearman,240,,GFINBURO.MX,6,True,Financial,35,True
2020-07-24,spearman,240,,GFNORTEO.MX,7,False,Financial,35,False
2020-07-27,spearman,240,,GFNORTEO.MX,7,False,Financial,35,False
2020-07-28,spearman,240,,GAPB.MX,7,False,Airports,35,False
2020-07-29,spearman,240,,GAPB.MX,7,False,Airports,35,False
2020-07-30,spearman,240,,GFINBURO.MX,7,False,Financial,35,True
2020-07-31,spearman,240,,GFINBURO.MX,7,False,Financial,35,True
2020-08-03,spearman,240,,GFINBURO.MX,7,False,Financial,35,True
2020-08-04,spearman,240,,GFINBURO.MX,7,False,Financial,35,True
2020-08-05,spearman,240,,GFINBURO.MX,7,False,Financial,35,True
2020-08-06,spearman,240,,GFINBURO.MX,7,False,Financial,35,True
2020-08-07,spearman,240,,GFINBURO.MX,6,True,Financial,35,True
2020-08-10,spearman,240,,GFINBURO.MX,6,True,Financial,35,True
2020-08-11,spearman,240,,GFINBURO.MX,7,False,Financial,35,True
2020-08-12,spearman,240,,GFINBURO.MX,6,True,Financial,35,True
2020-08-13,spearman,240,,GFINBURO.MX,6,True,Financial,35,True
2020-08-14,spearman,240,,GFINBURO.MX,6,True,Financial,35,True
2020-08-17,spearman,240,,GFINBURO.MX,6,True,Financial,35,True
2020-08-18,spearman,240,,CEMEXCPO.MX,6,True,Materials,35,False
2020-08-19,spearman,240,,GFINBURO.MX,6,True,Financial,35,True
2020-08-20,spearman,240,,GFINBURO.MX,6,True,Financial,35,True
2020-08-21,spearman,240,,GFINBURO.MX,6,False,Financial,35,True
2020-08-24,spearman,240,,GFINBURO.MX,7,False,Financial,35,True
2020-08-25,spearman,240,,GFINBURO.MX,6,True,Financial,35,True
2020-08-26,spearman,240,,GFINBURO.MX,7,False,Financial,35,True
2020-08-27,spearman,240,,GFINBURO.MX,5,True,Financial,35,True
2020-08-28,spearman,240,,GFINBURO.MX,6,False,Financial,35,True
2020-08-31,spearman,240,,GFINBURO.MX,8,False,Financial,35,True
2020-09-01,spearman,240,,GFINBURO.MX,8,False,Financial,35,True
2020-09-02,spearman,240,,GFINBURO.MX,7,False,Financial,35,True
2020-09-03,spearman,240,,GFINBURO.MX,7,False,Financial,35,True
2020-09-04,spearman,240,,GFINBURO.MX,7,False,Financial,35,True
2020-09-07,spearman,240,,GFINBURO.MX,7,False,Financial,35,True
2020-09-08,spearman,240,,GFINBURO.MX,7,False,Financial,35,True
2020-09-09,spearman,240,,GFINBURO.MX,7,False,Financial,35,True
2020-09-10,spearman,240,,GFINBURO.MX,8,False,Financial,35,True
2020-09-11,spearman,240,,GFINBURO.MX,8,False,Financial,35,True
2020-09-14,spearman,240,,GFINBURO.MX,9,False,Financial,35,True
2020-09-15,spearman,240,,GFINBURO.MX,8,False,Financial,35,True
2020-09-17,spearman,240,,GFINBURO.MX,7,False,Financial,35,True
2020-09-18,spearman,240,,GFINBURO.MX,7,False,Financial,35,True
2020-09-21,spearman,240,,GFINBURO.MX,7,False,Financial,35,True
2020-09-22,spearman,240,,GFINBURO.MX,7,False,Financial,35,True
2020-09-23,spearman,240,,CEMEXCPO.MX,6,True,Materials,35,False
2020-09-24,spearman,240,,GFINBURO.MX,6,False,Financial,35,True
2020-09-25,spearman,240,,GFINBURO.MX,6,False,Financial,35,True
2020-09-28,spearman,240,,GFINBURO.MX,6,False,Financial,35,True
2020-09-29,spearman,240,,GFINBURO.MX,6,False,Financial,35,True
2020-09-30,spearman,240,,GFINBURO.MX,6,False,Financial,35,True
2020-10-01,spearman,240,,GFINBURO.MX,7,False,Financial,35,True
2020-10-02,spearman,240,,GFINBURO.MX,6,False,Financial,35,True
2020-10-05,spearman,240,,GFINBURO.MX,6,True,Financial,35,True
2020-10-06,spearman,240,,GFINBURO.MX,7,False,Financial,35,True
2020-10-07,spearman,240,,GFINBURO.MX,7,False,Financial,35,True
2020-10-08,spearman,240,,GFINBURO.MX,7,False,Financial,35,True
2020-10-09,spearman,240,,GFINBURO.MX,7,False,Financial,35,True
2020-10-12,spearman,240,,GFINBURO.MX,7,False,Financial,35,True
2020-10-13,spearman,240,,GFINBURO.MX,7,False,Financial,35,True
2020-10-14,spearman,240,,GFINBURO.MX,7,False,Financial,35,True
2020-10-15,spearman,240,,GFINBURO.MX,7,False,Financial,35,True
2020-10-16,spearman,240,,GFINBURO.MX,7,False,Financial,35,True
2020-10-19,spearman,240,,GFINBURO.MX,7,False,Financial,35,True
2020-10-20,spearman,240,,GFINBURO.MX,7,False,Financial,35,True
2020-10-21,spearman,240,,GFINBURO.MX,7,False,Financial,35,True
2020-10-22,spearman,240,,GFINBURO.MX,7,False,Financial,35,True
2020-10-23,spearman,240,,GFINBURO.MX,7,False,Financial,35,True
2020-10-26,spearman,240,,GFINBURO.MX,7,False,Financial,35,True
2020-10-27,spearman,240,,GFINBURO.MX,7,False,Financial,35,True
2020-10-28,spearman,240,,GFINBURO.MX,7,False,Financial,35,True
2020-10-29,spearman,240,,GFINBURO.MX,7,False,Financial,35,True
2020-10-30,spearman,240,,GFINBURO.MX,7,False,Financial,35,True
2020-11-03,spearman,240,,GFINBURO.MX,6,False,Financial,35,True
2020-11-04,spearman,240,,GFINBURO.MX,7,False,Financial,35,True
2020-11-05,spearman,240,,GFINBURO.MX,5,False,Financial,35,True
2020-11-06,spearman,240,,GFINBURO.MX,5,False,Financial,35,True
2020-11-09,spearman,240,,GFINBURO.MX,5,True,Financial,35,True
2020-11-10,spearman,240,,GFINBURO.MX,5,True,Financial,35,True
2020-11-11,spearman,240,,GCARSOA1.MX,5,True,Conglomerate,35,False
2020-11-12,spearman,240,,GCARSOA1.MX,5,True,Conglomerate,35,False
2020-11-13,spearman,240,,GCARSOA1.MX,6,False,Conglomerate,35,False
2020-11-17,spearman,240,,GCARSOA1.MX,6,False,Conglomerate,35,False
2020-11-18,spearman,240,,GCARSOA1.MX,6,False,Conglomerate,35,False
2020-11-19,spearman,240,,GCARSOA1.MX,5,False,Conglomerate,35,False
2020-11-20,spearman,240,,GCARSOA1.MX,5,False,Conglomerate,35,False
2020-11-23,spearman,240,,GCARSOA1.MX,5,False,Conglomerate,35,False
2020-11-24,spearman,240,,GCARSOA1.MX,5,False,Conglomerate,35,False
2020-11-25,spearman,240,,GCARSOA1.MX,5,True,Conglomerate,35,False
2020-11-26,spearman,240,,GCARSOA1.MX,5,True,Conglomerate,35,False
2020-11-27,spearman,240,,GCARSOA1.MX,5,True,Conglomerate,35,False
2020-11-30,spearman,240,,GFINBURO.MX,7,False,Financial,35,True
2020-12-01,spearman,240,,GFINBURO.MX,5,False,Financial,35,True
2020-12-02,spearman,240,,GFINBURO.MX,5,False,Financial,35,True
2020-12-03,spearman,240,,GFINBURO.MX,6,False,Financial,35,True
2020-12-04,spearman,240,,GFINBURO.MX,6,False,Financial,35,True
2020-12-07,spearman,240,,GFINBURO.MX,6,False,Financial,35,True
2020-12-08,spearman,240,,GFINBURO.MX,6,False,Financial,35,True
2020-12-09,spearman,240,,GFINBURO.MX,6,False,Financial,35,True
2020-12-10,spearman,240,,GFINBURO.MX,5,True,Financial,35,True
2020-12-11,spearman,240,,GFINBURO.MX,5,True,Financial,35,True
2020-12-14,spearman,240,,GFINBURO.MX,5,True,Financial,35,True
2020-12-15,spearman,240,,GFINBURO.MX,5,True,Financial,35,True
2020-12-16,spearman,240,,GFINBURO.MX,5,True,Financial,35,True
2020-12-17,spearman,240,,GAPB.MX,6,False,Airports,35,False
2020-12-18,spearman,240,,GAPB.MX,5,True,Airports,35,False
2020-12-21,spearman,240,,GCARSOA1.MX,5,True,Conglomerate,35,False
2020-12-22,spearman,240,,GFINBURO.MX,5,True,Financial,35,True
2020-12-23,spearman,240,,GFNORTEO.MX,6,False,Financial,35,False
2020-12-24,spearman,240,,GFNORTEO.MX,6,False,Financial,35,False
2020-12-28,spearman,240,,GFNORTEO.MX,6,False,Financial,35,False
2020-12-29,spearman,240,,GFNORTEO.MX,6,False,Financial,35,False
2020-12-30,spearman,240,,GFNORTEO.MX,6,False,Financial,35,False
2020-12-31,spearman,240,,GFNORTEO.MX,7,False,Financial,35,False
2021-01-04,spearman,240,,GAPB.MX,6,False,Airports,35,False
2021-01-05,spearman,240,,GAPB.MX,7,False,Airports,35,False
2021-01-06,spearman,240,,GAPB.MX,7,False,Airports,35,False
2021-01-07,spearman,240,,GAPB.MX,7,False,Airports,35,False
2021-01-08,spearman,240,,GAPB.MX,7,True,Airports,35,False
2021-01-11,spearman,240,,GFNORTEO.MX,9,False,Financial,35,False
2021-01-12,spearman,240,,GFNORTEO.MX,8,False,Financial,35,False
2021-01-13,spearman,240,,GAPB.MX,8,False,Airports,35,False
2021-01-14,spearman,240,,GAPB.MX,8,False,Airports,35,False
2021-01-15,spearman,240,,GAPB.MX,8,False,Airports,35,False
2021-01-18,spearman,240,,GFNORTEO.MX,9,False,Financial,35,False
2021-01-19,spearman,240,,GFNORTEO.MX,8,True,Financial,35,False
2021-01-20,spearman,240,,GAPB.MX,8,False,Airports,35,False
2021-01-21,spearman,240,,GFNORTEO.MX,9,False,Financial,35,False
2021-01-22,spearman,240,,GFNORTEO.MX,11,False,Financial,35,False
2021-01-25,spearman,240,,GFNORTEO.MX,10,False,Financial,35,False
2021-01-26,spearman,240,,GFNORTEO.MX,10,False,Financial,35,False
2021-01-27,spearman,240,,GFNORTEO.MX,11,False,Financial,35,False
2021-01-28,spearman,240,,GFNORTEO.MX,11,False,Financial,35,False
2021-01-29,spearman,240,,GFNORTEO.MX,12,False,Financial,35,False
2021-02-02,spearman,240,,GFNORTEO.MX,11,False,Financial,35,False
2021-02-03,spearman,240,,GFNORTEO.MX,11,False,Financial,35,False
2021-02-04,spearman,240,,GFNORTEO.MX,11,False,Financial,35,False
2021-02-05,spearman,240,,GFNORTEO.MX,11,False,Financial,35,False
2021-02-08,spearman,240,,GFNORTEO.MX,11,False,Financial,35,False
2021-02-09,spearman,240,,GFNORTEO.MX,12,False,Financial,35,False
2021-02-10,spearman,240,,GFNORTEO.MX,11,False,Financial,35,False
2021-02-11,spearman,240,,GFNORTEO.MX,12,False,Financial,35,False
2021-02-12,spearman,240,,GFNORTEO.MX,12,False,Financial,35,False
2021-02-15,spearman,240,,GFNORTEO.MX,10,False,Financial,35,False
2021-02-16,spearman,240,,GFNORTEO.MX,9,False,Financial,35,False
2021-02-17,spearman,240,,GFNORTEO.MX,9,False,Financial,35,False
2021-02-18,spearman,240,,GFNORTEO.MX,9,False,Financial,35,False
2021-02-19,spearman,240,,GFNORTEO.MX,9,False,Financial,35,False
2021-02-22,spearman,240,,GFNORTEO.MX,9,False,Financial,35,False
2021-02-23,spearman,240,,GFNORTEO.MX,8,False,Financial,35,False
2021-02-24,spearman,240,,GFNORTEO.MX,8,False,Financial,35,False
2021-02-25,spearman,240,,GFNORTEO.MX,8,False,Financial,35,False
2021-02-26,spearman,240,,GFNORTEO.MX,9,False,Financial,35,False
2021-03-01,spearman,240,,GFNORTEO.MX,8,False,Financial,35,False
2021-03-02,spearman,240,,GFNORTEO.MX,7,True,Financial,35,False
2021-03-03,spearman,240,,GFNORTEO.MX,8,False,Financial,35,False
2021-03-04,spearman,240,,GFNORTEO.MX,8,False,Financial,35,False
2021-03-05,spearman,240,,GFNORTEO.MX,8,False,Financial,35,False
2021-03-08,spearman,240,,GFNORTEO.MX,8,False,Financial,35,False
2021-03-09,spearman,240,,GFNORTEO.MX,7,True,Financial,35,False
2021-03-10,spearman,240,,GFNORTEO.MX,8,False,Financial,35,False
2021-03-11,spearman,240,,GFNORTEO.MX,8,False,Financial,35,False
2021-03-12,spearman,240,,GFNORTEO.MX,8,False,Financial,35,False
2021-03-16,spearman,240,,GFNORTEO.MX,8,False,Financial,35,False
2021-03-17,spearman,240,,GFNORTEO.MX,7,False,Financial,35,False
2021-03-18,spearman,240,,GFNORTEO.MX,7,False,Financial,35,False
2021-03-19,spearman,240,,GFNORTEO.MX,8,False,Financial,35,False
2021-03-22,spearman,240,,GFNORTEO.MX,8,False,Financial,35,False
2021-03-23,spearman,240,,GFNORTEO.MX,8,False,Financial,35,False
2021-03-24,spearman,240,,GFNORTEO.MX,8,False,Financial,35,False
2021-03-25,spearman,240,,GFNORTEO.MX,7,False,Financial,35,False
2021-03-26,spearman,240,,GFNORTEO.MX,7,False,Financial,35,False
2021-03-29,spearman,240,,GFNORTEO.MX,7,True,Financial,35,False
2021-03-30,spearman,240,,GFNORTEO.MX,7,True,Financial,35,False
2021-03-31,spearman,240,,GFNORTEO.MX,8,False,Financial,35,False
2021-04-05,spearman,240,,GCARSOA1.MX,6,False,Conglomerate,35,False
2021-04-06,spearman,240,,GCARSOA1.MX,8,False,Conglomerate,35,False
2021-04-07,spearman,240,,GCARSOA1.MX,7,False,Conglomerate,35,False
2021-04-08,spearman,240,,GCARSOA1.MX,7,False,Conglomerate,35,False
2021-04-09,spearman,240,,GCARSOA1.MX,6,False,Conglomerate,35,False
2021-04-12,spearman,240,,GFNORTEO.MX,6,False,Financial,35,False
2021-04-13,spearman,240,,GFNORTEO.MX,5,True,Financial,35,False
2021-04-14,spearman,240,,GFNORTEO.MX,7,False,Financial,35,False
2021-04-15,spearman,240,,GFNORTEO.MX,8,False,Financial,35,False
2021-04-16,spearman,240,,GFNORTEO.MX,7,False,Financial,35,False
2021-04-19,spearman,240,,GFNORTEO.MX,7,False,Financial,35,False
2021-04-20,spearman,240,,GFNORTEO.MX,6,True,Financial,35,False
2021-04-21,spearman,240,,GFNORTEO.MX,6,True,Financial,35,False
2021-04-22,spearman,240,,GFNORTEO.MX,6,True,Financial,35,False
2021-04-23,spearman,240,,GFNORTEO.MX,6,True,Financial,35,False
2021-04-26,spearman,240,,GFNORTEO.MX,7,False,Financial,35,False
2021-04-27,spearman,240,,GFNORTEO.MX,6,False,Financial,35,False
2021-04-28,spearman,240,,GFNORTEO.MX,6,False,Financial,35,False
2021-04-29,spearman,240,,GFNORTEO.MX,7,False,Financial,35,False
2021-04-30,spearman,240,,GFNORTEO.MX,7,False,Financial,35,False
2021-05-03,spearman,240,,GFNORTEO.MX,7,False,Financial,35,False
2021-05-04,spearman,240,,GFNORTEO.MX,7,False,Financial,35,False
2021-05-05,spearman,240,,GFNORTEO.MX,7,False,Financial,35,False
2021-05-06,spearman,240,,GFNORTEO.MX,7,False,Financial,35,False
2021-05-07,spearman,240,,GFNORTEO.MX,6,True,Financial,35,False
2021-05-10,spearman,240,,GFNORTEO.MX,6,True,Financial,35,False
2021-05-11,spearman,240,,GAPB.MX,7,False,Airports,35,False
2021-05-12,spearman,240,,GAPB.MX,7,False,Airports,35,False
2021-05-13,spearman,240,,GAPB.MX,7,False,Airports,35,False
2021-05-14,spearman,240,,GCARSOA1.MX,7,True,Conglomerate,35,False
2021-05-17,spearman,240,,GCARSOA1.MX,7,True,Conglomerate,35,False
2021-05-18,spearman,240,,GCARSOA1.MX,7,True,Conglomerate,35,False
2021-05-19,spearman,240,,GAPB.MX,8,False,Airports,35,False
2021-05-20,spearman,240,,GAPB.MX,8,False,Airports,35,False
2021-05-21,spearman,240,,GAPB.MX,8,False,Airports,35,False
2021-05-24,spearman,240,,GAPB.MX,8,False,Airports,35,False
2021-05-25,spearman,240,,GAPB.MX,8,False,Airports,35,False
2021-05-26,spearman,240,,GAPB.MX,7,False,Airports,35,False
2021-05-27,spearman,240,,GCARSOA1.MX,7,True,Conglomerate,35,False
2021-05-28,spearman,240,,GCARSOA1.MX,7,True,Conglomerate,35,False
2021-05-31,spearman,240,,GAPB.MX,7,False,Airports,35,False
2021-06-01,spearman,240,,GAPB.MX,7,False,Airports,35,False
2021-06-02,spearman,240,,GAPB.MX,7,False,Airports,35,False
2021-06-03,spearman,240,,GAPB.MX,7,False,Airports,35,False
2021-06-04,spearman,240,,GCARSOA1.MX,6,True,Conglomerate,35,False
2021-06-07,spearman,240,,GCARSOA1.MX,6,True,Conglomerate,35,False
2021-06-08,spearman,240,,GAPB.MX,6,True,Airports,35,False
2021-06-09,spearman,240,,GAPB.MX,7,False,Airports,35,False
2021-06-10,spearman,240,,GAPB.MX,7,False,Airports,35,False
2021-06-11,spearman,240,,GAPB.MX,7,False,Airports,35,False
2021-06-14,spearman,240,,GAPB.MX,7,False,Airports,35,False
2021-06-15,spearman,240,,GAPB.MX,7,False,Airports,35,False
2021-06-16,spearman,240,,GAPB.MX,7,False,Airports,35,False
2021-06-17,spearman,240,,GCARSOA1.MX,6,True,Conglomerate,35,False
2021-06-18,spearman,240,,GCARSOA1.MX,6,True,Conglomerate,35,False
2021-06-21,spearman,240,,GAPB.MX,6,False,Airports,35,False
2021-06-22,spearman,240,,GAPB.MX,5,False,Airports,35,False
2021-06-23,spearman,240,,PINFRA.MX,5,True,Infrastructure,35,False
2021-06-24,spearman,240,,PINFRA.MX,5,True,Infrastructure,35,False
2021-06-25,spearman,240,,GCARSOA1.MX,6,False,Conglomerate,35,False
2021-06-28,spearman,240,,GFINBURO.MX,5,True,Financial,35,True
2021-06-29,spearman,240,,GFINBURO.MX,6,False,Financial,35,True
2021-06-30,spearman,240,,GFINBURO.MX,5,True,Financial,35,True
2021-07-01,spearman,240,,GFINBURO.MX,5,True,Financial,35,True
2021-07-02,spearman,240,,GFINBURO.MX,6,False,Financial,35,True
2021-07-05,spearman,240,,GFINBURO.MX,8,False,Financial,35,True
2021-07-06,spearman,240,,GFINBURO.MX,7,False,Financial,35,True
2021-07-07,spearman,240,,GFINBURO.MX,7,False,Financial,35,True
2021-07-08,spearman,240,,GFINBURO.MX,8,False,Financial,35,True
2021-07-09,spearman,240,,GFINBURO.MX,7,False,Financial,35,True
2021-07-12,spearman,240,,GFINBURO.MX,7,False,Financial,35,True
2021-07-13,spearman,240,,GFINBURO.MX,7,False,Financial,35,True
2021-07-14,spearman,240,,GFINBURO.MX,6,True,Financial,35,True
2021-07-15,spearman,240,,GFINBURO.MX,6,True,Financial,35,True
2021-07-16,spearman,240,,GFINBURO.MX,7,False,Financial,35,True
2021-07-19,spearman,240,,GFINBURO.MX,7,False,Financial,35,True
2021-07-20,spearman,240,,GFINBURO.MX,7,False,Financial,35,True
2021-07-21,spearman,240,,GFINBURO.MX,9,False,Financial,35,True
2021-07-22,spearman,240,,GFINBURO.MX,8,False,Financial,35,True
2021-07-23,spearman,240,,GFINBURO.MX,8,False,Financial,35,True
2021-07-26,spearman,240,,GFINBURO.MX,8,False,Financial,35,True
2021-07-27,spearman,240,,GFINBURO.MX,8,False,Financial,35,True
2021-07-28,spearman,240,,GFINBURO.MX,8,False,Financial,35,True
2021-07-29,spearman,240,,GFINBURO.MX,7,False,Financial,35,True
2021-07-30,spearman,240,,GFINBURO.MX,8,False,Financial,35,True
2021-08-02,spearman,240,,GFINBURO.MX,7,False,Financial,35,True
2021-08-03,spearman,240,,GFINBURO.MX,8,False,Financial,35,True
2021-08-04,spearman,240,,GFINBURO.MX,6,False,Financial,35,True
2021-08-05,spearman,240,,GFINBURO.MX,6,False,Financial,35,True
2021-08-06,spearman,240,,GFINBURO.MX,7,False,Financial,35,True
2021-08-09,spearman,240,,GFINBURO.MX,6,False,Financial,35,True
2021-08-10,spearman,240,,GFINBURO.MX,6,False,Financial,35,True
2021-08-11,spearman,240,,GFINBURO.MX,7,False,Financial,35,True
2021-08-12,spearman,240,,GFINBURO.MX,7,False,Financial,35,True
2021-08-13,spearman,240,,GFINBURO.MX,7,False,Financial,35,True
2021-08-16,spearman,240,,GFINBURO.MX,7,False,Financial,35,True
2021-08-17,spearman,240,,GFINBURO.MX,6,False,Financial,35,True
2021-08-18,spearman,240,,GFINBURO.MX,7,False,Financial,35,True
2021-08-19,spearman,240,,GFINBURO.MX,7,False,Financial,35,True
2021-08-20,spearman,240,,GFINBURO.MX,7,False,Financial,35,True
2021-08-23,spearman,240,,GFINBURO.MX,8,False,Financial,35,True
2021-08-24,spearman,240,,GFINBURO.MX,7,False,Financial,35,True
2021-08-25,spearman,240,,GFINBURO.MX,5,False,Financial,35,True
2021-08-26,spearman,240,,GFINBURO.MX,5,False,Financial,35,True
2021-08-27,spearman,240,,GFINBURO.MX,5,True,Financial,35,True
2021-08-30,spearman,240,,GFINBURO.MX,5,False,Financial,35,True
2021-08-31,spearman,240,,GFINBURO.MX,5,True,Financial,35,True
2021-09-01,spearman,240,,GFINBURO.MX,5,False,Financial,35,True
2021-09-02,spearman,240,,GFINBURO.MX,5,True,Financial,35,True
2021-09-03,spearman,240,,GFINBURO.MX,5,True,Financial,35,True
2021-09-06,spearman,240,,GFINBURO.MX,6,False,Financial,35,True
2021-09-07,spearman,240,,GFINBURO.MX,7,False,Financial,35,True
2021-09-08,spearman,240,,GFINBURO.MX,7,False,Financial,35,True
2021-09-09,spearman,240,,GFINBURO.MX,8,False,Financial,35,True
2021-09-10,spearman,240,,GFINBURO.MX,8,False,Financial,35,True
2021-09-13,spearman,240,,GFINBURO.MX,8,False,Financial,35,True
2021-09-14,spearman,240,,GFINBURO.MX,8,False,Financial,35,True
2021-09-15,spearman,240,,GFINBURO.MX,8,False,Financial,35,True
2021-09-17,spearman,240,,GFINBURO.MX,7,False,Financial,35,True
2021-09-20,spearman,240,,GFINBURO.MX,7,False,Financial,35,True
2021-09-21,spearman,240,,GFINBURO.MX,7,False,Financial,35,True
2021-09-22,spearman,240,,GFINBURO.MX,7,False,Financial,35,True
2021-09-23,spearman,240,,GFINBURO.MX,8,False,Financial,35,True
2021-09-24,spearman,240,,GFINBURO.MX,7,False,Financial,35,True
2021-09-27,spearman,240,,GFINBURO.MX,7,False,Financial,35,True
2021-09-28,spearman,240,,GFINBURO.MX,7,False,Financial,35,True
2021-09-29,spearman,240,,GFINBURO.MX,8,False,Financial,35,True
2021-09-30,spearman,240,,GFINBURO.MX,8,False,Financial,35,True
2021-10-01,spearman,240,,GFNORTEO.MX,6,True,Financial,35,False
2021-10-04,spearman,240,,GFINBURO.MX,7,False,Financial,35,True
2021-10-05,spearman,240,,GFINBURO.MX,7,False,Financial,35,True
2021-10-06,spearman,240,,GFINBURO.MX,7,False,Financial,35,True
2021-10-07,spearman,240,,GFINBURO.MX,7,False,Financial,35,True
2021-10-08,spearman,240,,GFINBURO.MX,7,False,Financial,35,True
2021-10-11,spearman,240,,GFINBURO.MX,6,False,Financial,35,True
2021-10-12,spearman,240,,GFINBURO.MX,6,False,Financial,35,True
2021-10-13,spearman,240,,GFNORTEO.MX,6,True,Financial,35,False
2021-10-14,spearman,240,,GFINBURO.MX,7,False,Financial,35,True
2021-10-15,spearman,240,,GFINBURO.MX,7,False,Financial,35,True
2021-10-18,spearman,240,,GFNORTEO.MX,7,False,Financial,35,False
2021-10-19,spearman,240,,GFNORTEO.MX,7,False,Financial,35,False
2021-10-20,spearman,240,,GFNORTEO.MX,7,False,Financial,35,False
2021-10-21,spearman,240,,GFNORTEO.MX,7,True,Financial,35,False
2021-10-22,spearman,240,,GFNORTEO.MX,7,True,Financial,35,False
2021-10-25,spearman,240,,GFNORTEO.MX,7,True,Financial,35,False
2021-10-26,spearman,240,,GFNORTEO.MX,8,False,Financial,35,False
2021-10-27,spearman,240,,GFNORTEO.MX,8,False,Financial,35,False
2021-10-28,spearman,240,,GFINBURO.MX,9,False,Financial,35,True
2021-10-29,spearman,240,,GFNORTEO.MX,8,True,Financial,35,False
2021-11-01,spearman,240,,GFINBURO.MX,7,False,Financial,35,True
2021-11-03,spearman,240,,GFINBURO.MX,7,False,Financial,35,True
2021-11-04,spearman,240,,GFINBURO.MX,7,False,Financial,35,True
2021-11-05,spearman,240,,GFINBURO.MX,7,False,Financial,35,True
2021-11-08,spearman,240,,GFINBURO.MX,8,False,Financial,35,True
2021-11-09,spearman,240,,GFINBURO.MX,7,False,Financial,35,True
2021-11-10,spearman,240,,GFINBURO.MX,7,False,Financial,35,True
2021-11-11,spearman,240,,GFINBURO.MX,8,False,Financial,35,True
2021-11-12,spearman,240,,GFINBURO.MX,7,False,Financial,35,True
2021-11-16,spearman,240,,TLEVISACPO.MX,8,False,Telecom,35,False
2021-11-17,spearman,240,,GFINBURO.MX,8,False,Financial,35,True
2021-11-18,spearman,240,,GFINBURO.MX,8,False,Financial,35,True
2021-11-19,spearman,240,,GFINBURO.MX,8,False,Financial,35,True
2021-11-22,spearman,240,,GFINBURO.MX,8,False,Financial,35,True
2021-11-23,spearman,240,,GFINBURO.MX,8,False,Financial,35,True
2021-11-24,spearman,240,,GFINBURO.MX,8,False,Financial,35,True
2021-11-25,spearman,240,,GFINBURO.MX,8,False,Financial,35,True
2021-11-26,spearman,240,,GFINBURO.MX,8,False,Financial,35,True
2021-11-29,spearman,240,,GFINBURO.MX,8,False,Financial,35,True
2021-11-30,spearman,240,,GFINBURO.MX,9,False,Financial,35,True
2021-12-01,spearman,240,,GFINBURO.MX,10,False,Financial,35,True
2021-12-02,spearman,240,,GFINBURO.MX,10,False,Financial,35,True
2021-12-03,spearman,240,,GFINBURO.MX,10,False,Financial,35,True
2021-12-06,spearman,240,,GFINBURO.MX,8,False,Financial,35,True
2021-12-07,spearman,240,,GFINBURO.MX,8,False,Financial,35,True
2021-12-08,spearman,240,,GFINBURO.MX,8,False,Financial,35,True
2021-12-09,spearman,240,,GFINBURO.MX,8,False,Financial,35,True
2021-12-10,spearman,240,,GFINBURO.MX,7,False,Financial,35,True
2021-12-13,spearman,240,,GFINBURO.MX,7,False,Financial,35,True
2021-12-14,spearman,240,,GFINBURO.MX,6,False,Financial,35,True
2021-12-15,spearman,240,,GFINBURO.MX,7,False,Financial,35,True
2021-12-16,spearman,240,,ORBIA.MX,5,True,Materials,35,False
2021-12-17,spearman,240,,GFINBURO.MX,6,False,Financial,35,True
2021-12-20,spearman,240,,GFINBURO.MX,5,False,Financial,35,True
2021-12-21,spearman,240,,GFINBURO.MX,6,False,Financial,35,True
2021-12-22,spearman,240,,GFINBURO.MX,8,False,Financial,35,True
2021-12-23,spearman,240,,GFINBURO.MX,8,False,Financial,35,True
2021-12-24,spearman,240,,GFINBURO.MX,8,False,Financial,35,True
2021-12-27,spearman,240,,GFINBURO.MX,8,False,Financial,35,True
2021-12-28,spearman,240,,GFINBURO.MX,9,False,Financial,35,True
2021-12-29,spearman,240,,GFINBURO.MX,9,False,Financial,35,True
2021-12-30,spearman,240,,GFINBURO.MX,7,False,Financial,35,True
2021-12-31,spearman,240,,GFINBURO.MX,6,False,Financial,35,True
2022-01-03,spearman,240,,GFINBURO.MX,7,False,Financial,35,True
2022-01-04,spearman,240,,GFINBURO.MX,7,False,Financial,35,True
2022-01-05,spearman,240,,GFINBURO.MX,7,False,Financial,35,True
2022-01-06,spearman,240,,GFINBURO.MX,7,False,Financial,35,True
2022-01-07,spearman,240,,GFINBURO.MX,7,False,Financial,35,True
2022-01-10,spearman,240,,GFINBURO.MX,7,False,Financial,35,True
2022-01-11,spearman,240,,GFINBURO.MX,7,False,Financial,35,True
2022-01-12,spearman,240,,GFINBURO.MX,6,True,Financial,35,True
2022-01-13,spearman,240,,GFINBURO.MX,6,True,Financial,35,True
2022-01-14,spearman,240,,GFINBURO.MX,6,True,Financial,35,True
2022-01-17,spearman,240,,GFINBURO.MX,6,False,Financial,35,True
2022-01-18,spearman,240,,GFINBURO.MX,6,True,Financial,35,True
2022-01-19,spearman,240,,GFINBURO.MX,6,True,Financial,35,True
2022-01-20,spearman,240,,GFINBURO.MX,6,False,Financial,35,True
2022-01-21,spearman,240,,CEMEXCPO.MX,8,False,Materials,35,False
2022-01-24,spearman,240,,CEMEXCPO.MX,8,False,Materials,35,False
2022-01-25,spearman,240,,GFINBURO.MX,7,False,Financial,35,True
2022-01-26,spearman,240,,GFINBURO.MX,7,False,Financial,35,True
2022-01-27,spearman,240,,GFINBURO.MX,9,False,Financial,35,True
2022-01-28,spearman,240,,CEMEXCPO.MX,8,False,Materials,35,False
2022-01-31,spearman,240,,GFINBURO.MX,9,False,Financial,35,True
2022-02-01,spearman,240,,GFINBURO.MX,9,False,Financial,35,True
2022-02-02,spearman,240,,GFINBURO.MX,9,False,Financial,35,True
2022-02-03,spearman,240,,GFINBURO.MX,9,False,Financial,35,True
2022-02-04,spearman,240,,GFINBURO.MX,10,False,Financial,35,True
2022-02-08,spearman,240,,GFINBURO.MX,8,False,Financial,35,True
2022-02-09,spearman,240,,GFINBURO.MX,8,False,Financial,35,True
2022-02-10,spearman,240,,GFINBURO.MX,8,False,Financial,35,True
2022-02-11,spearman,240,,GFINBURO.MX,9,False,Financial,35,True
2022-02-14,spearman,240,,GFINBURO.MX,7,False,Financial,35,True
2022-02-15,spearman,240,,GFINBURO.MX,6,True,Financial,35,True
2022-02-16,spearman,240,,GFINBURO.MX,7,False,Financial,35,True
2022-02-17,spearman,240,,GFINBURO.MX,7,False,Financial,35,True
2022-02-18,spearman,240,,GFINBURO.MX,6,True,Financial,35,True
2022-02-21,spearman,240,,GFINBURO.MX,6,True,Financial,35,True
2022-02-22,spearman,240,,GFINBURO.MX,6,True,Financial,35,True
2022-02-23,spearman,240,,CEMEXCPO.MX,7,False,Materials,35,False
2022-02-24,spearman,240,,CEMEXCPO.MX,7,True,Materials,35,False
2022-02-25,spearman,240,,CEMEXCPO.MX,7,True,Materials,35,False
2022-02-28,spearman,240,,CEMEXCPO.MX,7,True,Materials,35,False
2022-03-01,spearman,240,,CEMEXCPO.MX,8,False,Materials,35,False
2022-03-02,spearman,240,,CEMEXCPO.MX,7,False,Materials,35,False
2022-03-03,spearman,240,,CEMEXCPO.MX,6,False,Materials,35,False
2022-03-04,spearman,240,,CEMEXCPO.MX,8,False,Materials,35,False
2022-03-07,spearman,240,,CEMEXCPO.MX,7,False,Materials,35,False
2022-03-08,spearman,240,,CEMEXCPO.MX,8,False,Materials,35,False
2022-03-09,spearman,240,,CEMEXCPO.MX,7,False,Materials,35,False
2022-03-10,spearman,240,,CEMEXCPO.MX,7,False,Materials,35,False
2022-03-11,spearman,240,,CEMEXCPO.MX,7,False,Materials,35,False
2022-03-14,spearman,240,,CEMEXCPO.MX,9,False,Materials,35,False
2022-03-15,spearman,240,,CEMEXCPO.MX,9,False,Materials,35,False
2022-03-16,spearman,240,,CEMEXCPO.MX,9,False,Materials,35,False
2022-03-17,spearman,240,,CEMEXCPO.MX,9,False,Materials,35,False
2022-03-18,spearman,240,,CEMEXCPO.MX,10,False,Materials,35,False
2022-03-22,spearman,240,,CEMEXCPO.MX,9,False,Materials,35,False
2022-03-23,spearman,240,,CEMEXCPO.MX,9,False,Materials,35,False
2022-03-24,spearman,240,,CEMEXCPO.MX,10,False,Materials,35,False
2022-03-25,spearman,240,,CEMEXCPO.MX,10,False,Materials,35,False
2022-03-28,spearman,240,,CEMEXCPO.MX,8,False,Materials,35,False
2022-03-29,spearman,240,,ORBIA.MX,8,True,Materials,35,False
2022-03-30,spearman,240,,CEMEXCPO.MX,7,True,Materials,35,False
2022-03-31,spearman,240,,CEMEXCPO.MX,7,True,Materials,35,False
2022-04-01,spearman,240,,ORBIA.MX,7,True,Materials,35,False
2022-04-04,spearman,240,,CEMEXCPO.MX,7,False,Materials,35,False
2022-04-05,spearman,240,,CEMEXCPO.MX,8,False,Materials,35,False
2022-04-06,spearman,240,,CEMEXCPO.MX,7,False,Materials,35,False
2022-04-07,spearman,240,,CEMEXCPO.MX,7,True,Materials,35,False
2022-04-08,spearman,240,,TLEVISACPO.MX,6,True,Telecom,35,False
2022-04-11,spearman,240,,TLEVISACPO.MX,6,True,Telecom,35,False
2022-04-12,spearman,240,,CEMEXCPO.MX,6,False,Materials,35,False
2022-04-13,spearman,240,,CEMEXCPO.MX,7,False,Materials,35,False
2022-04-18,spearman,240,,CEMEXCPO.MX,6,False,Materials,35,False
2022-04-19,spearman,240,,CEMEXCPO.MX,7,False,Materials,35,False
2022-04-20,spearman,240,,CEMEXCPO.MX,6,False,Materials,35,False
2022-04-21,spearman,240,,CEMEXCPO.MX,7,False,Materials,35,False
2022-04-22,spearman,240,,CEMEXCPO.MX,7,False,Materials,35,False
2022-04-25,spearman,240,,CEMEXCPO.MX,7,False,Materials,35,False
2022-04-26,spearman,240,,CEMEXCPO.MX,7,False,Materials,35,False
2022-04-27,spearman,240,,CEMEXCPO.MX,7,False,Materials,35,False
2022-04-28,spearman,240,,CEMEXCPO.MX,7,False,Materials,35,False
2022-04-29,spearman,240,,CEMEXCPO.MX,7,False,Materials,35,False
2022-05-02,spearman,240,,CEMEXCPO.MX,7,False,Materials,35,False
2022-05-03,spearman,240,,CEMEXCPO.MX,7,False,Materials,35,False
2022-05-04,spearman,240,,CEMEXCPO.MX,8,False,Materials,35,False
2022-05-05,spearman,240,,CEMEXCPO.MX,8,False,Materials,35,False
2022-05-06,spearman,240,,CEMEXCPO.MX,8,False,Materials,35,False
2022-05-09,spearman,240,,CEMEXCPO.MX,8,False,Materials,35,False
2022-05-10,spearman,240,,TLEVISACPO.MX,7,True,Telecom,35,False
2022-05-11,spearman,240,,TLEVISACPO.MX,7,True,Telecom,35,False
2022-05-12,spearman,240,,TLEVISACPO.MX,7,False,Telecom,35,False
2022-05-13,spearman,240,,CEMEXCPO.MX,7,False,Materials,35,False
2022-05-16,spearman,240,,TLEVISACPO.MX,6,True,Telecom,35,False
2022-05-17,spearman,240,,TLEVISACPO.MX,6,True,Telecom,35,False
2022-05-18,spearman,240,,TLEVISACPO.MX,6,True,Telecom,35,False
2022-05-19,spearman,240,,TLEVISACPO.MX,7,False,Telecom,35,False
2022-05-20,spearman,240,,CEMEXCPO.MX,7,False,Materials,35,False
2022-05-23,spearman,240,,CEMEXCPO.MX,7,False,Materials,35,False
2022-05-24,spearman,240,,CEMEXCPO.MX,7,False,Materials,35,False
2022-05-25,spearman,240,,CEMEXCPO.MX,7,False,Materials,35,False
2022-05-26,spearman,240,,CEMEXCPO.MX,7,False,Materials,35,False
2022-05-27,spearman,240,,CEMEXCPO.MX,7,True,Materials,35,False
2022-05-30,spearman,240,,CEMEXCPO.MX,7,False,Materials,35,False
2022-05-31,spearman,240,,CEMEXCPO.MX,8,False,Materials,35,False
2022-06-01,spearman,240,,CEMEXCPO.MX,8,False,Materials,35,False
2022-06-02,spearman,240,,CEMEXCPO.MX,8,False,Materials,35,False
2022-06-03,spearman,240,,CEMEXCPO.MX,8,False,Materials,35,False
2022-06-06,spearman,240,,CEMEXCPO.MX,8,False,Materials,35,False
2022-06-07,spearman,240,,CEMEXCPO.MX,8,False,Materials,35,False
2022-06-08,spearman,240,,CEMEXCPO.MX,8,False,Materials,35,False
2022-06-09,spearman,240,,CEMEXCPO.MX,8,False,Materials,35,False
2022-06-10,spearman,240,,CEMEXCPO.MX,7,False,Materials,35,False
2022-06-13,spearman,240,,CEMEXCPO.MX,7,False,Materials,35,False
2022-06-14,spearman,240,,CEMEXCPO.MX,8,False,Materials,35,False
2022-06-15,spearman,240,,CEMEXCPO.MX,8,False,Materials,35,False
2022-06-16,spearman,240,,CEMEXCPO.MX,8,False,Materials,35,False
2022-06-17,spearman,240,,CEMEXCPO.MX,8,False,Materials,35,False
2022-06-20,spearman,240,,CEMEXCPO.MX,8,False,Materials,35,False
2022-06-21,spearman,240,,CEMEXCPO.MX,7,False,Materials,35,False
2022-06-22,spearman,240,,CEMEXCPO.MX,7,False,Materials,35,False
2022-06-23,spearman,240,,CEMEXCPO.MX,8,False,Materials,35,False
2022-06-24,spearman,240,,CEMEXCPO.MX,8,False,Materials,35,False
2022-06-27,spearman,240,,CEMEXCPO.MX,8,False,Materials,35,False
2022-06-28,spearman,240,,CEMEXCPO.MX,7,False,Materials,35,False
2022-06-29,spearman,240,,CEMEXCPO.MX,6,False,Materials,35,False
2022-06-30,spearman,240,,TLEVISACPO.MX,6,True,Telecom,35,False
2022-07-01,spearman,240,,CEMEXCPO.MX,6,True,Materials,35,False
2022-07-04,spearman,240,,CEMEXCPO.MX,6,True,Materials,35,False
2022-07-05,spearman,240,,CEMEXCPO.MX,6,True,Materials,35,False
2022-07-06,spearman,240,,CEMEXCPO.MX,6,False,Materials,35,False
2022-07-07,spearman,240,,CEMEXCPO.MX,6,True,Materials,35,False
2022-07-08,spearman,240,,CEMEXCPO.MX,7,False,Materials,35,False
2022-07-11,spearman,240,,CEMEXCPO.MX,6,False,Materials,35,False
2022-07-12,spearman,240,,CEMEXCPO.MX,7,False,Materials,35,False
2022-07-13,spearman,240,,CEMEXCPO.MX,7,False,Materials,35,False
2022-07-14,spearman,240,,CEMEXCPO.MX,6,True,Materials,35,False
2022-07-15,spearman,240,,CEMEXCPO.MX,7,False,Materials,35,False
2022-07-18,spearman,240,,CEMEXCPO.MX,8,False,Materials,35,False
2022-07-19,spearman,240,,CEMEXCPO.MX,8,False,Materials,35,False
2022-07-20,spearman,240,,CEMEXCPO.MX,8,False,Materials,35,False
2022-07-21,spearman,240,,CEMEXCPO.MX,7,False,Materials,35,False
2022-07-22,spearman,240,,CEMEXCPO.MX,8,False,Materials,35,False
2022-07-25,spearman,240,,CEMEXCPO.MX,8,False,Materials,35,False
2022-07-26,spearman,240,,CEMEXCPO.MX,8,False,Materials,35,False
2022-07-27,spearman,240,,CEMEXCPO.MX,8,False,Materials,35,False
2022-07-28,spearman,240,,TLEVISACPO.MX,6,True,Telecom,35,False
2022-07-29,spearman,240,,TLEVISACPO.MX,6,True,Telecom,35,False
2022-08-01,spearman,240,,CEMEXCPO.MX,8,False,Materials,35,False
2022-08-02,spearman,240,,CEMEXCPO.MX,8,False,Materials,35,False
2022-08-03,spearman,240,,CEMEXCPO.MX,6,False,Materials,35,False
2022-08-04,spearman,240,,CEMEXCPO.MX,6,False,Materials,35,False
2022-08-05,spearman,240,,CEMEXCPO.MX,6,False,Materials,35,False
2022-08-08,spearman,240,,TLEVISACPO.MX,6,False,Telecom,35,False
2022-08-09,spearman,240,,TLEVISACPO.MX,6,False,Telecom,35,False
2022-08-10,spearman,240,,TLEVISACPO.MX,6,False,Telecom,35,False
2022-08-11,spearman,240,,CEMEXCPO.MX,7,False,Materials,35,False
2022-08-12,spearman,240,,CEMEXCPO.MX,7,False,Materials,35,False
2022-08-15,spearman,240,,CEMEXCPO.MX,7,False,Materials,35,False
2022-08-16,spearman,240,,CEMEXCPO.MX,7,False,Materials,35,False
2022-08-17,spearman,240,,CEMEXCPO.MX,7,False,Materials,35,False
2022-08-18,spearman,240,,CEMEXCPO.MX,7,False,Materials,35,False
2022-08-19,spearman,240,,CEMEXCPO.MX,7,False,Materials,35,False
2022-08-22,spearman,240,,CEMEXCPO.MX,7,False,Materials,35,False
2022-08-23,spearman,240,,CEMEXCPO.MX,7,False,Materials,35,False
2022-08-24,spearman,240,,CEMEXCPO.MX,7,False,Materials,35,False
2022-08-25,spearman,240,,CEMEXCPO.MX,6,False,Materials,35,False
2022-08-26,spearman,240,,CEMEXCPO.MX,7,False,Materials,35,False
2022-08-29,spearman,240,,GAPB.MX,5,True,Airports,35,False
2022-08-30,spearman,240,,GAPB.MX,5,True,Airports,35,False
2022-08-31,spearman,240,,CEMEXCPO.MX,6,False,Materials,35,False
2022-09-01,spearman,240,,CEMEXCPO.MX,7,False,Materials,35,False
2022-09-02,spearman,240,,TLEVISACPO.MX,6,False,Telecom,35,False
2022-09-05,spearman,240,,TLEVISACPO.MX,6,False,Telecom,35,False
2022-09-06,spearman,240,,TLEVISACPO.MX,7,False,Telecom,35,False
2022-09-07,spearman,240,,TLEVISACPO.MX,7,False,Telecom,35,False
2022-09-08,spearman,240,,TLEVISACPO.MX,6,False,Telecom,35,False
2022-09-09,spearman,240,,TLEVISACPO.MX,6,False,Telecom,35,False
2022-09-12,spearman,240,,TLEVISACPO.MX,6,False,Telecom,35,False
2022-09-13,spearman,240,,TLEVISACPO.MX,6,False,Telecom,35,False
2022-09-14,spearman,240,,TLEVISACPO.MX,6,True,Telecom,35,False
2022-09-15,spearman,240,,TLEVISACPO.MX,6,True,Telecom,35,False
2022-09-19,spearman,240,,TLEVISACPO.MX,7,False,Telecom,35,False
2022-09-20,spearman,240,,TLEVISACPO.MX,7,False,Telecom,35,False
2022-09-21,spearman,240,,TLEVISACPO.MX,7,False,Telecom,35,False
2022-09-22,spearman,240,,TLEVISACPO.MX,6,False,Telecom,35,False
2022-09-23,spearman,240,,TLEVISACPO.MX,7,False,Telecom,35,False
2022-09-26,spearman,240,,TLEVISACPO.MX,7,False,Telecom,35,False
2022-09-27,spearman,240,,TLEVISACPO.MX,7,False,Telecom,35,False
2022-09-28,spearman,240,,TLEVISACPO.MX,8,False,Telecom,35,False
2022-09-29,spearman,240,,TLEVISACPO.MX,7,False,Telecom,35,False
2022-09-30,spearman,240,,TLEVISACPO.MX,7,False,Telecom,35,False
2022-10-03,spearman,240,,TLEVISACPO.MX,6,False,Telecom,35,False
2022-10-04,spearman,240,,TLEVISACPO.MX,6,False,Telecom,35,False
2022-10-05,spearman,240,,TLEVISACPO.MX,6,False,Telecom,35,False
2022-10-06,spearman,240,,GFINBURO.MX,5,True,Financial,35,True
2022-10-07,spearman,240,,GFINBURO.MX,6,False,Financial,35,True
2022-10-10,spearman,240,,GFINBURO.MX,6,False,Financial,35,True
2022-10-11,spearman,240,,TLEVISACPO.MX,5,True,Telecom,35,False
2022-10-12,spearman,240,,GFINBURO.MX,5,True,Financial,35,True
2022-10-13,spearman,240,,GFINBURO.MX,5,True,Financial,35,True
2022-10-14,spearman,240,,GFINBURO.MX,5,True,Financial,35,True
2022-10-17,spearman,240,,GFINBURO.MX,5,True,Financial,35,True
2022-10-18,spearman,240,,GFINBURO.MX,5,True,Financial,35,True
2022-10-19,spearman,240,,GFINBURO.MX,5,True,Financial,35,True
2022-10-20,spearman,240,,ORBIA.MX,5,True,Materials,35,False
2022-10-21,spearman,240,,TLEVISACPO.MX,5,True,Telecom,35,False
2022-10-24,spearman,240,,CEMEXCPO.MX,5,False,Materials,35,False
2022-10-25,spearman,240,,ORBIA.MX,5,False,Materials,35,False
2022-10-26,spearman,240,,ORBIA.MX,5,True,Materials,35,False
2022-10-27,spearman,240,,TLEVISACPO.MX,5,True,Telecom,35,False
2022-10-28,spearman,240,,TLEVISACPO.MX,6,False,Telecom,35,False
2022-10-31,spearman,240,,TLEVISACPO.MX,6,False,Telecom,35,False
2022-11-01,spearman,240,,TLEVISACPO.MX,6,False,Telecom,35,False
2022-11-03,spearman,240,,TLEVISACPO.MX,6,False,Telecom,35,False
2022-11-04,spearman,240,,ORBIA.MX,6,False,Materials,35,False
2022-11-07,spearman,240,,ORBIA.MX,6,False,Materials,35,False
2022-11-08,spearman,240,,ORBIA.MX,6,False,Materials,35,False
2022-11-09,spearman,240,,CEMEXCPO.MX,6,False,Materials,35,False
2022-11-10,spearman,240,,SIGMAFA.MX,5,True,Consumer,35,False
2022-11-11,spearman,240,,SIGMAFA.MX,5,True,Consumer,35,False
2022-11-14,spearman,240,,SIGMAFA.MX,6,False,Consumer,35,False
2022-11-15,spearman,240,,SIGMAFA.MX,6,True,Consumer,35,False
2022-11-16,spearman,240,,SIGMAFA.MX,5,True,Consumer,35,False
2022-11-17,spearman,240,,SIGMAFA.MX,5,True,Consumer,35,False
2022-11-18,spearman,240,,SIGMAFA.MX,5,True,Consumer,35,False
2022-11-22,spearman,240,,SIGMAFA.MX,6,False,Consumer,35,False
2022-11-23,spearman,240,,SIGMAFA.MX,6,True,Consumer,35,False
2022-11-24,spearman,240,,SIGMAFA.MX,6,False,Consumer,35,False
2022-11-25,spearman,240,,CEMEXCPO.MX,7,False,Materials,35,False
2022-11-28,spearman,240,,SIGMAFA.MX,7,True,Consumer,35,False
2022-11-29,spearman,240,,CEMEXCPO.MX,9,False,Materials,35,False
2022-11-30,spearman,240,,CEMEXCPO.MX,8,False,Materials,35,False
2022-12-01,spearman,240,,CEMEXCPO.MX,9,False,Materials,35,False
2022-12-02,spearman,240,,CEMEXCPO.MX,9,False,Materials,35,False
2022-12-05,spearman,240,,CEMEXCPO.MX,9,False,Materials,35,False
2022-12-06,spearman,240,,CEMEXCPO.MX,8,False,Materials,35,False
2022-12-07,spearman,240,,CEMEXCPO.MX,8,False,Materials,35,False
2022-12-08,spearman,240,,CEMEXCPO.MX,8,True,Materials,35,False
2022-12-09,spearman,240,,SIGMAFA.MX,7,True,Consumer,35,False
2022-12-13,spearman,240,,CEMEXCPO.MX,7,True,Materials,35,False
2022-12-14,spearman,240,,CEMEXCPO.MX,7,True,Materials,35,False
2022-12-15,spearman,240,,CEMEXCPO.MX,7,True,Materials,35,False
2022-12-16,spearman,240,,CEMEXCPO.MX,8,False,Materials,35,False
2022-12-19,spearman,240,,CEMEXCPO.MX,7,True,Materials,35,False
2022-12-20,spearman,240,,CEMEXCPO.MX,7,True,Materials,35,False
2022-12-21,spearman,240,,CEMEXCPO.MX,7,True,Materials,35,False
2022-12-22,spearman,240,,CEMEXCPO.MX,6,True,Materials,35,False
2022-12-23,spearman,240,,CEMEXCPO.MX,7,False,Materials,35,False
2022-12-26,spearman,240,,CEMEXCPO.MX,7,False,Materials,35,False
2022-12-27,spearman,240,,CEMEXCPO.MX,8,False,Materials,35,False
2022-12-28,spearman,240,,CEMEXCPO.MX,7,False,Materials,35,False
2022-12-29,spearman,240,,CEMEXCPO.MX,7,False,Materials,35,False
2022-12-30,spearman,240,,CEMEXCPO.MX,7,False,Materials,35,False
2023-01-02,spearman,240,,CEMEXCPO.MX,7,False,Materials,35,False
2023-01-03,spearman,240,,CEMEXCPO.MX,8,False,Materials,35,False
2023-01-04,spearman,240,,CEMEXCPO.MX,8,False,Materials,35,False
2023-01-05,spearman,240,,CEMEXCPO.MX,8,False,Materials,35,False
2023-01-06,spearman,240,,CEMEXCPO.MX,8,False,Materials,35,False
2023-01-09,spearman,240,,CEMEXCPO.MX,8,False,Materials,35,False
2023-01-10,spearman,240,,CEMEXCPO.MX,7,False,Materials,35,False
2023-01-11,spearman,240,,CEMEXCPO.MX,8,False,Materials,35,False
2023-01-12,spearman,240,,CEMEXCPO.MX,7,False,Materials,35,False
2023-01-13,spearman,240,,CEMEXCPO.MX,7,False,Materials,35,False
2023-01-16,spearman,240,,CEMEXCPO.MX,7,False,Materials,35,False
2023-01-17,spearman,240,,CEMEXCPO.MX,7,False,Materials,35,False
2023-01-18,spearman,240,,CEMEXCPO.MX,8,False,Materials,35,False
2023-01-19,spearman,240,,CEMEXCPO.MX,8,False,Materials,35,False
2023-01-20,spearman,240,,CEMEXCPO.MX,8,False,Materials,35,False
2023-01-23,spearman,240,,CEMEXCPO.MX,8,False,Materials,35,False
2023-01-24,spearman,240,,CEMEXCPO.MX,8,False,Materials,35,False
2023-01-25,spearman,240,,CEMEXCPO.MX,6,True,Materials,35,False
2023-01-26,spearman,240,,CEMEXCPO.MX,7,False,Materials,35,False
2023-01-27,spearman,240,,CEMEXCPO.MX,7,False,Materials,35,False
2023-01-30,spearman,240,,CEMEXCPO.MX,7,False,Materials,35,False
2023-01-31,spearman,240,,CEMEXCPO.MX,7,False,Materials,35,False
2023-02-01,spearman,240,,CEMEXCPO.MX,6,False,Materials,35,False
2023-02-02,spearman,240,,CEMEXCPO.MX,7,False,Materials,35,False
2023-02-03,spearman,240,,CEMEXCPO.MX,7,False,Materials,35,False
2023-02-07,spearman,240,,CEMEXCPO.MX,7,False,Materials,35,False
2023-02-08,spearman,240,,CEMEXCPO.MX,7,False,Materials,35,False
2023-02-09,spearman,240,,CEMEXCPO.MX,7,False,Materials,35,False
2023-02-10,spearman,240,,CEMEXCPO.MX,7,False,Materials,35,False
2023-02-13,spearman,240,,CEMEXCPO.MX,7,False,Materials,35,False
2023-02-14,spearman,240,,CEMEXCPO.MX,7,False,Materials,35,False
2023-02-15,spearman,240,,CEMEXCPO.MX,8,False,Materials,35,False
2023-02-16,spearman,240,,CEMEXCPO.MX,6,False,Materials,35,False
2023-02-17,spearman,240,,CEMEXCPO.MX,6,False,Materials,35,False
2023-02-20,spearman,240,,CEMEXCPO.MX,6,False,Materials,35,False
2023-02-21,spearman,240,,CEMEXCPO.MX,7,False,Materials,35,False
2023-02-22,spearman,240,,SIGMAFA.MX,6,False,Consumer,35,False
2023-02-23,spearman,240,,GAPB.MX,5,True,Airports,35,False
2023-02-24,spearman,240,,CEMEXCPO.MX,6,True,Materials,35,False
2023-02-27,spearman,240,,CEMEXCPO.MX,6,False,Materials,35,False
2023-02-28,spearman,240,,CEMEXCPO.MX,6,False,Materials,35,False
2023-03-01,spearman,240,,CEMEXCPO.MX,7,False,Materials,35,False
2023-03-02,spearman,240,,SIGMAFA.MX,6,False,Consumer,35,False
2023-03-03,spearman,240,,SIGMAFA.MX,6,False,Consumer,35,False
2023-03-06,spearman,240,,CEMEXCPO.MX,5,True,Materials,35,False
2023-03-07,spearman,240,,CEMEXCPO.MX,5,True,Materials,35,False
2023-03-08,spearman,240,,CEMEXCPO.MX,6,False,Materials,35,False
2023-03-09,spearman,240,,CEMEXCPO.MX,6,False,Materials,35,False
2023-03-10,spearman,240,,SIGMAFA.MX,6,False,Consumer,35,False
2023-03-13,spearman,240,,CEMEXCPO.MX,7,False,Materials,35,False
2023-03-14,spearman,240,,CEMEXCPO.MX,6,False,Materials,35,False
2023-03-15,spearman,240,,CEMEXCPO.MX,6,False,Materials,35,False
2023-03-16,spearman,240,,CEMEXCPO.MX,7,False,Materials,35,False
2023-03-17,spearman,240,,CEMEXCPO.MX,7,False,Materials,35,False
2023-03-21,spearman,240,,CEMEXCPO.MX,8,False,Materials,35,False
2023-03-22,spearman,240,,CEMEXCPO.MX,7,False,Materials,35,False
2023-03-23,spearman,240,,CEMEXCPO.MX,7,False,Materials,35,False
2023-03-24,spearman,240,,CEMEXCPO.MX,6,False,Materials,35,False
2023-03-27,spearman,240,,GAPB.MX,5,True,Airports,35,False
2023-03-28,spearman,240,,CEMEXCPO.MX,6,False,Materials,35,False
2023-03-29,spearman,240,,CEMEXCPO.MX,6,False,Materials,35,False
2023-03-30,spearman,240,,CEMEXCPO.MX,7,False,Materials,35,False
2023-03-31,spearman,240,,CEMEXCPO.MX,6,False,Materials,35,False
2023-04-03,spearman,240,,CEMEXCPO.MX,6,False,Materials,35,False
2023-04-04,spearman,240,,CEMEXCPO.MX,6,False,Materials,35,False
2023-04-05,spearman,240,,GAPB.MX,6,True,Airports,35,False
2023-04-10,spearman,240,,GAPB.MX,6,False,Airports,35,False
2023-04-11,spearman,240,,CEMEXCPO.MX,5,True,Materials,35,False
2023-04-12,spearman,240,,CEMEXCPO.MX,5,True,Materials,35,False
2023-04-13,spearman,240,,TLEVISACPO.MX,6,False,Telecom,35,False
2023-04-14,spearman,240,,CEMEXCPO.MX,6,True,Materials,35,False
2023-04-17,spearman,240,,CEMEXCPO.MX,6,False,Materials,35,False
2023-04-18,spearman,240,,CEMEXCPO.MX,6,False,Materials,35,False
2023-04-19,spearman,240,,CEMEXCPO.MX,6,True,Materials,35,False
2023-04-20,spearman,240,,GAPB.MX,6,False,Airports,35,False
2023-04-21,spearman,240,,CEMEXCPO.MX,5,True,Materials,35,False
2023-04-24,spearman,240,,SIGMAFA.MX,6,False,Consumer,35,False
2023-04-25,spearman,240,,SIGMAFA.MX,6,False,Consumer,35,False
2023-04-26,spearman,240,,CEMEXCPO.MX,6,True,Materials,35,False
2023-04-27,spearman,240,,CEMEXCPO.MX,5,True,Materials,35,False
2023-04-28,spearman,240,,GAPB.MX,5,True,Airports,35,False
2023-05-02,spearman,240,,CEMEXCPO.MX,6,False,Materials,35,False
2023-05-03,spearman,240,,CEMEXCPO.MX,5,True,Materials,35,False
2023-05-04,spearman,240,,CEMEXCPO.MX,6,False,Materials,35,False
2023-05-05,spearman,240,,CEMEXCPO.MX,6,False,Materials,35,False
2023-05-08,spearman,240,,CEMEXCPO.MX,6,False,Materials,35,False
2023-05-09,spearman,240,,CEMEXCPO.MX,5,True,Materials,35,False
2023-05-10,spearman,240,,GFINBURO.MX,6,False,Financial,35,True
2023-05-11,spearman,240,,GFINBURO.MX,6,False,Financial,35,True
2023-05-12,spearman,240,,TLEVISACPO.MX,6,False,Telecom,35,False
2023-05-15,spearman,240,,CEMEXCPO.MX,6,False,Materials,35,False
2023-05-16,spearman,240,,GAPB.MX,5,True,Airports,35,False
2023-05-17,spearman,240,,GFINBURO.MX,7,False,Financial,35,True
2023-05-18,spearman,240,,GFINBURO.MX,7,False,Financial,35,True
2023-05-19,spearman,240,,GFINBURO.MX,7,False,Financial,35,True
2023-05-22,spearman,240,,GFINBURO.MX,6,False,Financial,35,True
2023-05-23,spearman,240,,GFINBURO.MX,5,True,Financial,35,True
2023-05-24,spearman,240,,GFINBURO.MX,7,False,Financial,35,True
2023-05-25,spearman,240,,GFINBURO.MX,7,False,Financial,35,True
2023-05-26,spearman,240,,GFINBURO.MX,5,True,Financial,35,True
2023-05-29,spearman,240,,GFINBURO.MX,6,False,Financial,35,True
2023-05-30,spearman,240,,GFINBURO.MX,6,False,Financial,35,True
2023-05-31,spearman,240,,GFINBURO.MX,6,False,Financial,35,True
2023-06-01,spearman,240,,GFINBURO.MX,6,False,Financial,35,True
2023-06-02,spearman,240,,GFINBURO.MX,6,False,Financial,35,True
2023-06-05,spearman,240,,GFINBURO.MX,6,False,Financial,35,True
2023-06-06,spearman,240,,GFINBURO.MX,6,True,Financial,35,True
2023-06-07,spearman,240,,CEMEXCPO.MX,8,False,Materials,35,False
2023-06-08,spearman,240,,CEMEXCPO.MX,8,False,Materials,35,False
2023-06-09,spearman,240,,CEMEXCPO.MX,8,False,Materials,35,False
2023-06-12,spearman,240,,CEMEXCPO.MX,7,False,Materials,35,False
2023-06-13,spearman,240,,CEMEXCPO.MX,7,False,Materials,35,False
2023-06-14,spearman,240,,CEMEXCPO.MX,8,False,Materials,35,False
2023-06-15,spearman,240,,CEMEXCPO.MX,8,False,Materials,35,False
2023-06-16,spearman,240,,CEMEXCPO.MX,8,False,Materials,35,False
2023-06-19,spearman,240,,CEMEXCPO.MX,7,False,Materials,35,False
2023-06-20,spearman,240,,CEMEXCPO.MX,7,True,Materials,35,False
2023-06-21,spearman,240,,CEMEXCPO.MX,7,False,Materials,35,False
2023-06-22,spearman,240,,CEMEXCPO.MX,8,False,Materials,35,False
2023-06-23,spearman,240,,CEMEXCPO.MX,8,False,Materials,35,False
2023-06-26,spearman,240,,CEMEXCPO.MX,8,False,Materials,35,False
2023-06-27,spearman,240,,CEMEXCPO.MX,7,False,Materials,35,False
2023-06-28,spearman,240,,CEMEXCPO.MX,7,False,Materials,35,False
2023-06-29,spearman,240,,CEMEXCPO.MX,7,False,Materials,35,False
2023-06-30,spearman,240,,CEMEXCPO.MX,7,False,Materials,35,False
2023-07-03,spearman,240,,CEMEXCPO.MX,7,False,Materials,35,False
2023-07-04,spearman,240,,CEMEXCPO.MX,7,False,Materials,35,False
2023-07-05,spearman,240,,CEMEXCPO.MX,7,False,Materials,35,False
2023-07-06,spearman,240,,CEMEXCPO.MX,7,False,Materials,35,False
2023-07-07,spearman,240,,CEMEXCPO.MX,7,False,Materials,35,False
2023-07-10,spearman,240,,CEMEXCPO.MX,8,False,Materials,35,False
2023-07-11,spearman,240,,CEMEXCPO.MX,8,False,Materials,35,False
2023-07-12,spearman,240,,CEMEXCPO.MX,8,False,Materials,35,False
2023-07-13,spearman,240,,CEMEXCPO.MX,7,False,Materials,35,False
2023-07-14,spearman,240,,CEMEXCPO.MX,8,False,Materials,35,False
2023-07-17,spearman,240,,CEMEXCPO.MX,9,False,Materials,35,False
2023-07-18,spearman,240,,CEMEXCPO.MX,9,False,Materials,35,False
2023-07-19,spearman,240,,CEMEXCPO.MX,9,False,Materials,35,False
2023-07-20,spearman,240,,CEMEXCPO.MX,10,False,Materials,35,False
2023-07-21,spearman,240,,CEMEXCPO.MX,9,False,Materials,35,False
2023-07-24,spearman,240,,CEMEXCPO.MX,8,False,Materials,35,False
2023-07-25,spearman,240,,CEMEXCPO.MX,8,False,Materials,35,False
2023-07-26,spearman,240,,CEMEXCPO.MX,10,False,Materials,35,False
2023-07-27,spearman,240,,CEMEXCPO.MX,8,False,Materials,35,False
2023-07-28,spearman,240,,CEMEXCPO.MX,8,False,Materials,35,False
2023-07-31,spearman,240,,GFINBURO.MX,7,True,Financial,35,True
2023-08-01,spearman,240,,CEMEXCPO.MX,7,False,Materials,35,False
2023-08-02,spearman,240,,CEMEXCPO.MX,7,False,Materials,35,False
2023-08-03,spearman,240,,CEMEXCPO.MX,7,False,Materials,35,False
2023-08-04,spearman,240,,CEMEXCPO.MX,7,False,Materials,35,False
2023-08-07,spearman,240,,CEMEXCPO.MX,7,False,Materials,35,False
2023-08-08,spearman,240,,CEMEXCPO.MX,7,False,Materials,35,False
2023-08-09,spearman,240,,CEMEXCPO.MX,7,False,Materials,35,False
2023-08-10,spearman,240,,CEMEXCPO.MX,7,False,Materials,35,False
2023-08-11,spearman,240,,GFINBURO.MX,6,True,Financial,35,True
2023-08-14,spearman,240,,CEMEXCPO.MX,7,False,Materials,35,False
2023-08-15,spearman,240,,CEMEXCPO.MX,7,False,Materials,35,False
2023-08-16,spearman,240,,CEMEXCPO.MX,7,False,Materials,35,False
2023-08-17,spearman,240,,CEMEXCPO.MX,7,False,Materials,35,False
2023-08-18,spearman,240,,CEMEXCPO.MX,7,False,Materials,35,False
2023-08-21,spearman,240,,CEMEXCPO.MX,7,False,Materials,35,False
2023-08-22,spearman,240,,CEMEXCPO.MX,7,False,Materials,35,False
2023-08-23,spearman,240,,CEMEXCPO.MX,7,False,Materials,35,False
2023-08-24,spearman,240,,CEMEXCPO.MX,7,False,Materials,35,False
2023-08-25,spearman,240,,CEMEXCPO.MX,7,False,Materials,35,False
2023-08-28,spearman,240,,CEMEXCPO.MX,7,False,Materials,35,False
2023-08-29,spearman,240,,CEMEXCPO.MX,6,False,Materials,35,False
2023-08-30,spearman,240,,CEMEXCPO.MX,6,False,Materials,35,False
2023-08-31,spearman,240,,CEMEXCPO.MX,6,False,Materials,35,False
2023-09-01,spearman,240,,ORBIA.MX,5,True,Materials,35,False
2023-09-04,spearman,240,,ORBIA.MX,5,True,Materials,35,False
2023-09-05,spearman,240,,CEMEXCPO.MX,5,True,Materials,35,False
2023-09-06,spearman,240,,CEMEXCPO.MX,6,False,Materials,35,False
2023-09-07,spearman,240,,CEMEXCPO.MX,6,False,Materials,35,False
2023-09-08,spearman,240,,CEMEXCPO.MX,6,False,Materials,35,False
2023-09-11,spearman,240,,ORBIA.MX,5,True,Materials,35,False
2023-09-12,spearman,240,,CEMEXCPO.MX,6,False,Materials,35,False
2023-09-13,spearman,240,,CEMEXCPO.MX,7,False,Materials,35,False
2023-09-14,spearman,240,,CEMEXCPO.MX,7,False,Materials,35,False
2023-09-15,spearman,240,,CEMEXCPO.MX,8,False,Materials,35,False
2023-09-18,spearman,240,,CEMEXCPO.MX,7,False,Materials,35,False
2023-09-19,spearman,240,,CEMEXCPO.MX,7,False,Materials,35,False
2023-09-20,spearman,240,,CEMEXCPO.MX,7,False,Materials,35,False
2023-09-21,spearman,240,,CEMEXCPO.MX,6,False,Materials,35,False
2023-09-22,spearman,240,,CEMEXCPO.MX,6,False,Materials,35,False
2023-09-25,spearman,240,,CEMEXCPO.MX,7,False,Materials,35,False
2023-09-26,spearman,240,,CEMEXCPO.MX,8,False,Materials,35,False
2023-09-27,spearman,240,,CEMEXCPO.MX,8,False,Materials,35,False
2023-09-28,spearman,240,,CEMEXCPO.MX,7,False,Materials,35,False
2023-09-29,spearman,240,,GFINBURO.MX,6,True,Financial,35,True
2023-10-02,spearman,240,,GFINBURO.MX,6,True,Financial,35,True
2023-10-03,spearman,240,,CEMEXCPO.MX,7,False,Materials,35,False
2023-10-04,spearman,240,,CEMEXCPO.MX,8,False,Materials,35,False
2023-10-05,spearman,240,,CEMEXCPO.MX,7,False,Materials,35,False
2023-10-06,spearman,240,,CEMEXCPO.MX,8,False,Materials,35,False
2023-10-09,spearman,240,,CEMEXCPO.MX,7,False,Materials,35,False
2023-10-10,spearman,240,,CEMEXCPO.MX,7,False,Materials,35,False
2023-10-11,spearman,240,,CEMEXCPO.MX,6,False,Materials,35,False
2023-10-12,spearman,240,,CEMEXCPO.MX,7,False,Materials,35,False
2023-10-13,spearman,240,,CEMEXCPO.MX,7,False,Materials,35,False
2023-10-16,spearman,240,,CEMEXCPO.MX,7,False,Materials,35,False
2023-10-17,spearman,240,,CEMEXCPO.MX,7,False,Materials,35,False
2023-10-18,spearman,240,,CEMEXCPO.MX,7,False,Materials,35,False
2023-10-19,spearman,240,,CEMEXCPO.MX,6,False,Materials,35,False
2023-10-20,spearman,240,,CEMEXCPO.MX,6,False,Materials,35,False
2023-10-23,spearman,240,,CEMEXCPO.MX,6,False,Materials,35,False
2023-10-24,spearman,240,,CEMEXCPO.MX,6,False,Materials,35,False
2023-10-25,spearman,240,,CEMEXCPO.MX,6,False,Materials,35,False
2023-10-26,spearman,240,,CEMEXCPO.MX,6,False,Materials,35,False
2023-10-27,spearman,240,,GFINBURO.MX,6,True,Financial,35,True
2023-10-30,spearman,240,,GFINBURO.MX,6,True,Financial,35,True
2023-10-31,spearman,240,,CEMEXCPO.MX,6,False,Materials,35,False
2023-11-01,spearman,240,,CEMEXCPO.MX,6,False,Materials,35,False
2023-11-03,spearman,240,,CEMEXCPO.MX,6,False,Materials,35,False
2023-11-06,spearman,240,,CEMEXCPO.MX,6,False,Materials,35,False
2023-11-07,spearman,240,,CEMEXCPO.MX,6,False,Materials,35,False
2023-11-08,spearman,240,,CEMEXCPO.MX,6,False,Materials,35,False
2023-11-09,spearman,240,,CEMEXCPO.MX,7,False,Materials,35,False
2023-11-10,spearman,240,,CEMEXCPO.MX,7,False,Materials,35,False
2023-11-13,spearman,240,,CEMEXCPO.MX,7,False,Materials,35,False
2023-11-14,spearman,240,,CEMEXCPO.MX,7,False,Materials,35,False
2023-11-15,spearman,240,,CEMEXCPO.MX,7,False,Materials,35,False
2023-11-16,spearman,240,,TLEVISACPO.MX,6,True,Telecom,35,False
2023-11-17,spearman,240,,TLEVISACPO.MX,6,True,Telecom,35,False
2023-11-21,spearman,240,,TLEVISACPO.MX,6,True,Telecom,35,False
2023-11-22,spearman,240,,TLEVISACPO.MX,6,True,Telecom,35,False
2023-11-23,spearman,240,,CEMEXCPO.MX,6,False,Materials,35,False
2023-11-24,spearman,240,,CEMEXCPO.MX,6,False,Materials,35,False
2023-11-27,spearman,240,,CEMEXCPO.MX,6,False,Materials,35,False
2023-11-28,spearman,240,,CEMEXCPO.MX,6,False,Materials,35,False
2023-11-29,spearman,240,,TLEVISACPO.MX,6,True,Telecom,35,False
2023-11-30,spearman,240,,GFINBURO.MX,7,False,Financial,35,True
2023-12-01,spearman,240,,GFINBURO.MX,7,False,Financial,35,True
2023-12-04,spearman,240,,GFINBURO.MX,8,False,Financial,35,True
2023-12-05,spearman,240,,GFINBURO.MX,7,False,Financial,35,True
2023-12-06,spearman,240,,GFINBURO.MX,7,False,Financial,35,True
2023-12-07,spearman,240,,GFINBURO.MX,7,False,Financial,35,True
2023-12-08,spearman,240,,GFINBURO.MX,7,False,Financial,35,True
2023-12-11,spearman,240,,TLEVISACPO.MX,7,False,Telecom,35,False
2023-12-13,spearman,240,,TLEVISACPO.MX,7,False,Telecom,35,False
2023-12-14,spearman,240,,TLEVISACPO.MX,7,False,Telecom,35,False
2023-12-15,spearman,240,,TLEVISACPO.MX,7,False,Telecom,35,False
2023-12-18,spearman,240,,GFINBURO.MX,7,False,Financial,35,True
2023-12-19,spearman,240,,GFINBURO.MX,7,False,Financial,35,True
2023-12-20,spearman,240,,GFINBURO.MX,7,False,Financial,35,True
2023-12-21,spearman,240,,GFINBURO.MX,7,False,Financial,35,True
2023-12-22,spearman,240,,GFINBURO.MX,7,False,Financial,35,True
2023-12-26,spearman,240,,GFINBURO.MX,8,False,Financial,35,True
2023-12-27,spearman,240,,GFINBURO.MX,7,False,Financial,35,True
2023-12-28,spearman,240,,GFINBURO.MX,7,False,Financial,35,True
2023-12-29,spearman,240,,GFINBURO.MX,7,False,Financial,35,True
2024-01-02,spearman,240,,TLEVISACPO.MX,6,True,Telecom,35,False
2024-01-03,spearman,240,,TLEVISACPO.MX,6,True,Telecom,35,False
2024-01-04,spearman,240,,TLEVISACPO.MX,6,True,Telecom,35,False
2024-01-05,spearman,240,,GFINBURO.MX,7,False,Financial,35,True
2024-01-08,spearman,240,,GFINBURO.MX,6,False,Financial,35,True
2024-01-09,spearman,240,,GFINBURO.MX,7,False,Financial,35,True
2024-01-10,spearman,240,,GFINBURO.MX,6,False,Financial,35,True
2024-01-11,spearman,240,,GFINBURO.MX,7,False,Financial,35,True
2024-01-12,spearman,240,,GFINBURO.MX,6,False,Financial,35,True
2024-01-15,spearman,240,,GFINBURO.MX,7,False,Financial,35,True
2024-01-16,spearman,240,,GFINBURO.MX,7,False,Financial,35,True
2024-01-17,spearman,240,,GFINBURO.MX,7,False,Financial,35,True
2024-01-18,spearman,240,,GFINBURO.MX,7,False,Financial,35,True
2024-01-19,spearman,240,,GFINBURO.MX,7,False,Financial,35,True
2024-01-22,spearman,240,,GFINBURO.MX,8,False,Financial,35,True
2024-01-23,spearman,240,,GFINBURO.MX,8,False,Financial,35,True
2024-01-24,spearman,240,,GFINBURO.MX,8,False,Financial,35,True
2024-01-25,spearman,240,,GFINBURO.MX,8,False,Financial,35,True
2024-01-26,spearman,240,,GFINBURO.MX,9,False,Financial,35,True
2024-01-29,spearman,240,,GFINBURO.MX,9,False,Financial,35,True
2024-01-30,spearman,240,,GFINBURO.MX,9,False,Financial,35,True
2024-01-31,spearman,240,,GFINBURO.MX,8,False,Financial,35,True
2024-02-01,spearman,240,,GFINBURO.MX,7,False,Financial,35,True
2024-02-02,spearman,240,,GFINBURO.MX,7,False,Financial,35,True
2024-02-06,spearman,240,,GFINBURO.MX,7,False,Financial,35,True
2024-02-07,spearman,240,,GFINBURO.MX,8,False,Financial,35,True
2024-02-08,spearman,240,,GFINBURO.MX,7,False,Financial,35,True
2024-02-09,spearman,240,,GFINBURO.MX,7,False,Financial,35,True
2024-02-12,spearman,240,,GFINBURO.MX,8,False,Financial,35,True
2024-02-13,spearman,240,,GFINBURO.MX,7,False,Financial,35,True
2024-02-14,spearman,240,,GFINBURO.MX,7,False,Financial,35,True
2024-02-15,spearman,240,,GFINBURO.MX,8,False,Financial,35,True
2024-02-16,spearman,240,,GFINBURO.MX,7,False,Financial,35,True
2024-02-19,spearman,240,,GFINBURO.MX,7,False,Financial,35,True
2024-02-20,spearman,240,,GFINBURO.MX,7,False,Financial,35,True
2024-02-21,spearman,240,,GFINBURO.MX,7,False,Financial,35,True
2024-02-22,spearman,240,,GFINBURO.MX,8,False,Financial,35,True
2024-02-23,spearman,240,,GFINBURO.MX,8,False,Financial,35,True
2024-02-26,spearman,240,,GFINBURO.MX,9,False,Financial,35,True
2024-02-27,spearman,240,,GFINBURO.MX,10,False,Financial,35,True
2024-02-28,spearman,240,,GFINBURO.MX,8,False,Financial,35,True
2024-02-29,spearman,240,,GFINBURO.MX,9,False,Financial,35,True
2024-03-01,spearman,240,,GFINBURO.MX,10,False,Financial,35,True
2024-03-04,spearman,240,,GFINBURO.MX,10,False,Financial,35,True
2024-03-05,spearman,240,,GFINBURO.MX,10,False,Financial,35,True
2024-03-06,spearman,240,,GFINBURO.MX,11,False,Financial,35,True
2024-03-07,spearman,240,,GFINBURO.MX,11,False,Financial,35,True
2024-03-08,spearman,240,,GFINBURO.MX,10,False,Financial,35,True
2024-03-11,spearman,240,,GFINBURO.MX,10,False,Financial,35,True
2024-03-12,spearman,240,,GFINBURO.MX,10,False,Financial,35,True
2024-03-13,spearman,240,,GFINBURO.MX,10,False,Financial,35,True
2024-03-14,spearman,240,,GFINBURO.MX,10,False,Financial,35,True
2024-03-15,spearman,240,,GFINBURO.MX,11,False,Financial,35,True
2024-03-19,spearman,240,,GFINBURO.MX,11,False,Financial,35,True
2024-03-20,spearman,240,,GFINBURO.MX,11,False,Financial,35,True
2024-03-21,spearman,240,,GFINBURO.MX,12,False,Financial,35,True
2024-03-22,spearman,240,,GFINBURO.MX,11,False,Financial,35,True
2024-03-25,spearman,240,,GFINBURO.MX,11,False,Financial,35,True
2024-03-26,spearman,240,,GFINBURO.MX,11,False,Financial,35,True
2024-03-27,spearman,240,,GFINBURO.MX,11,False,Financial,35,True
2024-04-01,spearman,240,,GFINBURO.MX,11,False,Financial,35,True
2024-04-02,spearman,240,,GFINBURO.MX,11,False,Financial,35,True
2024-04-03,spearman,240,,GFINBURO.MX,10,False,Financial,35,True
2024-04-04,spearman,240,,GFINBURO.MX,10,False,Financial,35,True
2024-04-05,spearman,240,,GFINBURO.MX,10,False,Financial,35,True
2024-04-08,spearman,240,,GFINBURO.MX,10,False,Financial,35,True
2024-04-09,spearman,240,,GFINBURO.MX,11,False,Financial,35,True
2024-04-10,spearman,240,,GFINBURO.MX,10,False,Financial,35,True
2024-04-11,spearman,240,,GFINBURO.MX,9,False,Financial,35,True
2024-04-12,spearman,240,,GFINBURO.MX,8,False,Financial,35,True
2024-04-15,spearman,240,,GFINBURO.MX,8,False,Financial,35,True
2024-04-16,spearman,240,,GFINBURO.MX,7,False,Financial,35,True
2024-04-17,spearman,240,,GFINBURO.MX,7,False,Financial,35,True
2024-04-18,spearman,240,,GFINBURO.MX,7,False,Financial,35,True
2024-04-19,spearman,240,,GFINBURO.MX,7,False,Financial,35,True
2024-04-22,spearman,240,,GFINBURO.MX,7,False,Financial,35,True
2024-04-23,spearman,240,,GFINBURO.MX,7,True,Financial,35,True
2024-04-24,spearman,240,,GFINBURO.MX,7,True,Financial,35,True
2024-04-25,spearman,240,,GAPB.MX,7,False,Airports,35,False
2024-04-26,spearman,240,,GAPB.MX,6,False,Airports,35,False
2024-04-29,spearman,240,,GAPB.MX,6,False,Airports,35,False
2024-04-30,spearman,240,,GFINBURO.MX,5,True,Financial,35,True
2024-05-02,spearman,240,,PE&OLES.MX,5,True,Materials,35,False
2024-05-03,spearman,240,,GFINBURO.MX,5,True,Financial,35,True
2024-05-06,spearman,240,,GAPB.MX,7,False,Airports,35,False
2024-05-07,spearman,240,,GAPB.MX,6,True,Airports,35,False
2024-05-08,spearman,240,,GAPB.MX,7,False,Airports,35,False
2024-05-09,spearman,240,,GAPB.MX,7,False,Airports,35,False
2024-05-10,spearman,240,,GAPB.MX,6,True,Airports,35,False
2024-05-13,spearman,240,,GFINBURO.MX,7,False,Financial,35,True
2024-05-14,spearman,240,,GFINBURO.MX,7,False,Financial,35,True
2024-05-15,spearman,240,,GFINBURO.MX,7,False,Financial,35,True
2024-05-16,spearman,240,,GFINBURO.MX,8,False,Financial,35,True
2024-05-17,spearman,240,,GFINBURO.MX,9,False,Financial,35,True
2024-05-20,spearman,240,,GFINBURO.MX,8,False,Financial,35,True
2024-05-21,spearman,240,,GFINBURO.MX,8,False,Financial,35,True
2024-05-22,spearman,240,,GFINBURO.MX,8,False,Financial,35,True
2024-05-23,spearman,240,,GFINBURO.MX,8,False,Financial,35,True
2024-05-24,spearman,240,,GFINBURO.MX,8,False,Financial,35,True
2024-05-27,spearman,240,,GFINBURO.MX,8,False,Financial,35,True
2024-05-28,spearman,240,,GFINBURO.MX,8,False,Financial,35,True
2024-05-29,spearman,240,,GFINBURO.MX,8,False,Financial,35,True
2024-05-30,spearman,240,,GFINBURO.MX,8,False,Financial,35,True
2024-05-31,spearman,240,,GFINBURO.MX,6,False,Financial,35,True
2024-06-03,spearman,240,,GFINBURO.MX,8,False,Financial,35,True
2024-06-04,spearman,240,,GFINBURO.MX,8,False,Financial,35,True
2024-06-05,spearman,240,,GFINBURO.MX,7,False,Financial,35,True
2024-06-06,spearman,240,,GFINBURO.MX,8,False,Financial,35,True
2024-06-07,spearman,240,,GFINBURO.MX,8,False,Financial,35,True
2024-06-10,spearman,240,,GFINBURO.MX,8,False,Financial,35,True
2024-06-11,spearman,240,,GFINBURO.MX,7,False,Financial,35,True
2024-06-12,spearman,240,,GFINBURO.MX,6,False,Financial,35,True
2024-06-13,spearman,240,,GFINBURO.MX,6,False,Financial,35,True
2024-06-14,spearman,240,,GFINBURO.MX,6,False,Financial,35,True
2024-06-17,spearman,240,,GFINBURO.MX,6,False,Financial,35,True
2024-06-18,spearman,240,,GFINBURO.MX,7,False,Financial,35,True
2024-06-19,spearman,240,,GFINBURO.MX,7,False,Financial,35,True
2024-06-20,spearman,240,,GFINBURO.MX,6,False,Financial,35,True
2024-06-21,spearman,240,,GFINBURO.MX,5,True,Financial,35,True
2024-06-24,spearman,240,,GFINBURO.MX,6,False,Financial,35,True
2024-06-25,spearman,240,,GFINBURO.MX,5,True,Financial,35,True
2024-06-26,spearman,240,,GFINBURO.MX,5,True,Financial,35,True
2024-06-27,spearman,240,,GFINBURO.MX,5,True,Financial,35,True
2024-06-28,spearman,240,,GFINBURO.MX,5,True,Financial,35,True
2024-07-01,spearman,240,,GFINBURO.MX,5,True,Financial,35,True
2024-07-02,spearman,240,,GFINBURO.MX,5,True,Financial,35,True
2024-07-03,spearman,240,,GFINBURO.MX,5,False,Financial,35,True
2024-07-04,spearman,240,,GFINBURO.MX,6,False,Financial,35,True
2024-07-05,spearman,240,,GFINBURO.MX,6,False,Financial,35,True
2024-07-08,spearman,240,,GFINBURO.MX,5,True,Financial,35,True
2024-07-09,spearman,240,,GFINBURO.MX,5,True,Financial,35,True
2024-07-10,spearman,240,,GFINBURO.MX,5,True,Financial,35,True
2024-07-11,spearman,240,,GFINBURO.MX,6,False,Financial,35,True
2024-07-12,spearman,240,,GFINBURO.MX,6,False,Financial,35,True
2024-07-15,spearman,240,,GFINBURO.MX,6,False,Financial,35,True
2024-07-16,spearman,240,,GFINBURO.MX,6,False,Financial,35,True
2024-07-17,spearman,240,,GFINBURO.MX,6,False,Financial,35,True
2024-07-18,spearman,240,,GFINBURO.MX,6,False,Financial,35,True
2024-07-19,spearman,240,,GFINBURO.MX,6,False,Financial,35,True
2024-07-22,spearman,240,,GFINBURO.MX,6,False,Financial,35,True
2024-07-23,spearman,240,,GFINBURO.MX,6,False,Financial,35,True
2024-07-24,spearman,240,,GFINBURO.MX,5,True,Financial,35,True
2024-07-25,spearman,240,,GFINBURO.MX,5,True,Financial,35,True
2024-07-26,spearman,240,,GFINBURO.MX,6,False,Financial,35,True
2024-07-29,spearman,240,,GFINBURO.MX,6,False,Financial,35,True
2024-07-30,spearman,240,,GFINBURO.MX,6,False,Financial,35,True
2024-07-31,spearman,240,,GFINBURO.MX,5,True,Financial,35,True
2024-08-01,spearman,240,,GFINBURO.MX,6,False,Financial,35,True
2024-08-02,spearman,240,,GFINBURO.MX,6,False,Financial,35,True
2024-08-05,spearman,240,,GFINBURO.MX,7,False,Financial,35,True
2024-08-06,spearman,240,,GFINBURO.MX,7,False,Financial,35,True
2024-08-07,spearman,240,,GFINBURO.MX,7,False,Financial,35,True
2024-08-08,spearman,240,,GFINBURO.MX,7,False,Financial,35,True
2024-08-09,spearman,240,,GFINBURO.MX,7,False,Financial,35,True
2024-08-12,spearman,240,,GFINBURO.MX,7,False,Financial,35,True
2024-08-13,spearman,240,,GFINBURO.MX,6,False,Financial,35,True
2024-08-14,spearman,240,,GFINBURO.MX,7,False,Financial,35,True
2024-08-15,spearman,240,,GFINBURO.MX,7,False,Financial,35,True
2024-08-16,spearman,240,,VESTA.MX,6,False,Real Estate,35,False
2024-08-19,spearman,240,,GFINBURO.MX,5,True,Financial,35,True
2024-08-20,spearman,240,,GFINBURO.MX,7,False,Financial,35,True
2024-08-21,spearman,240,,GFINBURO.MX,6,False,Financial,35,True
2024-08-22,spearman,240,,GFINBURO.MX,6,False,Financial,35,True
2024-08-23,spearman,240,,GFINBURO.MX,5,True,Financial,35,True
2024-08-26,spearman,240,,GFINBURO.MX,6,False,Financial,35,True
2024-08-27,spearman,240,,GFINBURO.MX,7,False,Financial,35,True
2024-08-28,spearman,240,,GFINBURO.MX,6,False,Financial,35,True
2024-08-29,spearman,240,,GFINBURO.MX,7,False,Financial,35,True
2024-08-30,spearman,240,,GFINBURO.MX,6,False,Financial,35,True
2024-09-02,spearman,240,,GFINBURO.MX,6,False,Financial,35,True
2024-09-03,spearman,240,,GFINBURO.MX,6,False,Financial,35,True
2024-09-04,spearman,240,,GFINBURO.MX,6,False,Financial,35,True
2024-09-05,spearman,240,,GFINBURO.MX,6,True,Financial,35,True
2024-09-06,spearman,240,,ASURB.MX,7,False,Airports,35,False
2024-09-09,spearman,240,,GFINBURO.MX,6,True,Financial,35,True
2024-09-10,spearman,240,,GFINBURO.MX,6,True,Financial,35,True
2024-09-11,spearman,240,,ASURB.MX,7,False,Airports,35,False
2024-09-12,spearman,240,,ASURB.MX,6,False,Airports,35,False
2024-09-13,spearman,240,,ASURB.MX,6,False,Airports,35,False
2024-09-17,spearman,240,,ASURB.MX,7,False,Airports,35,False
2024-09-18,spearman,240,,ASURB.MX,8,False,Airports,35,False
2024-09-19,spearman,240,,ASURB.MX,7,False,Airports,35,False
2024-09-20,spearman,240,,ASURB.MX,7,False,Airports,35,False
2024-09-23,spearman,240,,ASURB.MX,7,False,Airports,35,False
2024-09-24,spearman,240,,ASURB.MX,6,False,Airports,35,False
2024-09-25,spearman,240,,ASURB.MX,7,False,Airports,35,False
2024-09-26,spearman,240,,GCARSOA1.MX,5,True,Conglomerate,35,False
2024-09-27,spearman,240,,GFINBURO.MX,5,True,Financial,35,True
2024-09-30,spearman,240,,GFINBURO.MX,5,True,Financial,35,True
2024-10-02,spearman,240,,GCARSOA1.MX,5,False,Conglomerate,35,False
2024-10-03,spearman,240,,GFINBURO.MX,4,True,Financial,35,True
2024-10-04,spearman,240,,GFINBURO.MX,4,True,Financial,35,True
2024-10-07,spearman,240,,GFINBURO.MX,4,True,Financial,35,True
2024-10-08,spearman,240,,ASURB.MX,5,False,Airports,35,False
2024-10-09,spearman,240,,GCARSOA1.MX,5,False,Conglomerate,35,False
2024-10-10,spearman,240,,GCARSOA1.MX,7,False,Conglomerate,35,False
2024-10-11,spearman,240,,GCARSOA1.MX,6,False,Conglomerate,35,False
2024-10-14,spearman,240,,GCARSOA1.MX,6,False,Conglomerate,35,False
2024-10-15,spearman,240,,GCARSOA1.MX,5,False,Conglomerate,35,False
2024-10-16,spearman,240,,GCARSOA1.MX,6,False,Conglomerate,35,False
2024-10-17,spearman,240,,GCARSOA1.MX,6,False,Conglomerate,35,False
2024-10-18,spearman,240,,GCARSOA1.MX,6,False,Conglomerate,35,False
2024-10-21,spearman,240,,GCARSOA1.MX,7,False,Conglomerate,35,False
2024-10-22,spearman,240,,GCARSOA1.MX,7,False,Conglomerate,35,False
2024-10-23,spearman,240,,GCARSOA1.MX,6,False,Conglomerate,35,False
2024-10-24,spearman,240,,GCARSOA1.MX,6,False,Conglomerate,35,False
2024-10-25,spearman,240,,GCARSOA1.MX,6,False,Conglomerate,35,False
2024-10-28,spearman,240,,GCARSOA1.MX,6,False,Conglomerate,35,False
2024-10-29,spearman,240,,GCARSOA1.MX,7,False,Conglomerate,35,False
2024-10-30,spearman,240,,GCARSOA1.MX,6,False,Conglomerate,35,False
2024-10-31,spearman,240,,GFINBURO.MX,6,True,Financial,35,True
2024-11-01,spearman,240,,GCARSOA1.MX,6,True,Conglomerate,35,False
2024-11-04,spearman,240,,GCARSOA1.MX,6,True,Conglomerate,35,False
2024-11-05,spearman,240,,GCARSOA1.MX,7,False,Conglomerate,35,False
2024-11-06,spearman,240,,GCARSOA1.MX,7,False,Conglomerate,35,False
2024-11-07,spearman,240,,GCARSOA1.MX,7,False,Conglomerate,35,False
2024-11-08,spearman,240,,GCARSOA1.MX,6,False,Conglomerate,35,False
2024-11-11,spearman,240,,GCARSOA1.MX,5,True,Conglomerate,35,False
2024-11-12,spearman,240,,GFINBURO.MX,6,False,Financial,35,True
2024-11-13,spearman,240,,GFINBURO.MX,6,False,Financial,35,True
2024-11-14,spearman,240,,GCARSOA1.MX,5,True,Conglomerate,35,False
2024-11-15,spearman,240,,GCARSOA1.MX,5,True,Conglomerate,35,False
2024-11-19,spearman,240,,GCARSOA1.MX,5,True,Conglomerate,35,False
2024-11-20,spearman,240,,GCARSOA1.MX,6,False,Conglomerate,35,False
2024-11-21,spearman,240,,GCARSOA1.MX,6,False,Conglomerate,35,False
2024-11-22,spearman,240,,GCARSOA1.MX,6,False,Conglomerate,35,False
2024-11-25,spearman,240,,GCARSOA1.MX,6,False,Conglomerate,35,False
2024-11-26,spearman,240,,GCARSOA1.MX,6,False,Conglomerate,35,False
2024-11-27,spearman,240,,GFINBURO.MX,6,False,Financial,35,True
2024-11-28,spearman,240,,GCARSOA1.MX,6,False,Conglomerate,35,False
2024-11-29,spearman,240,,GCARSOA1.MX,7,False,Conglomerate,35,False
2024-12-02,spearman,240,,GCARSOA1.MX,6,False,Conglomerate,35,False
2024-12-03,spearman,240,,GCARSOA1.MX,6,False,Conglomerate,35,False
2024-12-04,spearman,240,,GCARSOA1.MX,6,False,Conglomerate,35,False
2024-12-05,spearman,240,,GCARSOA1.MX,5,True,Conglomerate,35,False
2024-12-06,spearman,240,,GCARSOA1.MX,5,True,Conglomerate,35,False
2024-12-09,spearman,240,,GCARSOA1.MX,5,True,Conglomerate,35,False
2024-12-10,spearman,240,,GCARSOA1.MX,5,True,Conglomerate,35,False
2024-12-11,spearman,240,,GCARSOA1.MX,5,True,Conglomerate,35,False
2024-12-13,spearman,240,,GCARSOA1.MX,5,True,Conglomerate,35,False
2024-12-16,spearman,240,,GFINBURO.MX,6,False,Financial,35,True
2024-12-17,spearman,240,,GFINBURO.MX,7,False,Financial,35,True
2024-12-18,spearman,240,,GFINBURO.MX,7,False,Financial,35,True
2024-12-19,spearman,240,,GCARSOA1.MX,5,True,Conglomerate,35,False
2024-12-20,spearman,240,,VESTA.MX,5,True,Real Estate,35,False
2024-12-23,spearman,240,,GFINBURO.MX,6,False,Financial,35,True
2024-12-24,spearman,240,,GFINBURO.MX,7,False,Financial,35,True
2024-12-26,spearman,240,,GFINBURO.MX,6,False,Financial,35,True
2024-12-27,spearman,240,,GFINBURO.MX,6,True,Financial,35,True
2024-12-30,spearman,240,,GFINBURO.MX,5,True,Financial,35,True
2024-12-31,spearman,240,,GCC.MX,5,False,Materials,35,False
2025-01-02,spearman,240,,GCC.MX,5,False,Materials,35,False
2025-01-03,spearman,240,,VESTA.MX,5,True,Real Estate,35,False
2025-01-06,spearman,240,,GCARSOA1.MX,4,True,Conglomerate,35,False
2025-01-07,spearman,240,,GFINBURO.MX,5,False,Financial,35,True
2025-01-08,spearman,240,,GFINBURO.MX,5,False,Financial,35,True
2025-01-09,spearman,240,,GFINBURO.MX,8,False,Financial,35,True
2025-01-10,spearman,240,,GFINBURO.MX,9,False,Financial,35,True
2025-01-13,spearman,240,,GFINBURO.MX,9,False,Financial,35,True
2025-01-14,spearman,240,,GFINBURO.MX,8,False,Financial,35,True
2025-01-15,spearman,240,,GFINBURO.MX,7,False,Financial,35,True
2025-01-16,spearman,240,,GFINBURO.MX,7,False,Financial,35,True
2025-01-17,spearman,240,,GFINBURO.MX,6,False,Financial,35,True
2025-01-20,spearman,240,,GFINBURO.MX,5,True,Financial,35,True
2025-01-21,spearman,240,,GCARSOA1.MX,5,False,Conglomerate,35,False
2025-01-22,spearman,240,,GFINBURO.MX,5,True,Financial,35,True
2025-01-23,spearman,240,,GCARSOA1.MX,5,True,Conglomerate,35,False
2025-01-24,spearman,240,,GCARSOA1.MX,6,False,Conglomerate,35,False
2025-01-27,spearman,240,,GCARSOA1.MX,6,False,Conglomerate,35,False
2025-01-28,spearman,240,,GCARSOA1.MX,6,False,Conglomerate,35,False
2025-01-29,spearman,240,,GAPB.MX,6,False,Airports,35,False
2025-01-30,spearman,240,,GAPB.MX,6,False,Airports,35,False
2025-01-31,spearman,240,,GAPB.MX,6,False,Airports,35,False
2025-02-04,spearman,240,,GCARSOA1.MX,6,False,Conglomerate,35,False
2025-02-05,spearman,240,,GCARSOA1.MX,5,True,Conglomerate,35,False
2025-02-06,spearman,240,,GCARSOA1.MX,5,True,Conglomerate,35,False
2025-02-07,spearman,240,,GCARSOA1.MX,5,True,Conglomerate,35,False
2025-02-10,spearman,240,,GCARSOA1.MX,6,False,Conglomerate,35,False
2025-02-11,spearman,240,,GCARSOA1.MX,6,False,Conglomerate,35,False
2025-02-12,spearman,240,,GCARSOA1.MX,7,False,Conglomerate,35,False
2025-02-13,spearman,240,,GCARSOA1.MX,7,False,Conglomerate,35,False
2025-02-14,spearman,240,,GCARSOA1.MX,6,False,Conglomerate,35,False
2025-02-17,spearman,240,,GCARSOA1.MX,7,False,Conglomerate,35,False
2025-02-18,spearman,240,,GCARSOA1.MX,8,False,Conglomerate,35,False
2025-02-19,spearman,240,,GCARSOA1.MX,7,False,Conglomerate,35,False
2025-02-20,spearman,240,,GCARSOA1.MX,6,False,Conglomerate,35,False
2025-02-21,spearman,240,,GCARSOA1.MX,7,False,Conglomerate,35,False
2025-02-24,spearman,240,,GCARSOA1.MX,7,False,Conglomerate,35,False
2025-02-25,spearman,240,,GCARSOA1.MX,7,False,Conglomerate,35,False
2025-02-26,spearman,240,,GCARSOA1.MX,6,False,Conglomerate,35,False
2025-02-27,spearman,240,,GFINBURO.MX,6,False,Financial,35,True
2025-02-28,spearman,240,,GCARSOA1.MX,7,False,Conglomerate,35,False
2025-03-03,spearman,240,,GCARSOA1.MX,8,False,Conglomerate,35,False
2025-03-04,spearman,240,,GCARSOA1.MX,7,False,Conglomerate,35,False
2025-03-05,spearman,240,,GCARSOA1.MX,6,False,Conglomerate,35,False
2025-03-06,spearman,240,,GCARSOA1.MX,7,False,Conglomerate,35,False
2025-03-07,spearman,240,,GCARSOA1.MX,6,False,Conglomerate,35,False
2025-03-10,spearman,240,,GFINBURO.MX,5,True,Financial,35,True
2025-03-11,spearman,240,,GFINBURO.MX,6,False,Financial,35,True
2025-03-12,spearman,240,,GCARSOA1.MX,5,False,Conglomerate,35,False
2025-03-13,spearman,240,,GCARSOA1.MX,5,False,Conglomerate,35,False
2025-03-14,spearman,240,,GFINBURO.MX,6,False,Financial,35,True
2025-03-18,spearman,240,,GFINBURO.MX,6,False,Financial,35,True
2025-03-19,spearman,240,,GFINBURO.MX,7,False,Financial,35,True
2025-03-20,spearman,240,,GFINBURO.MX,7,False,Financial,35,True
2025-03-21,spearman,240,,GFINBURO.MX,7,False,Financial,35,True
2025-03-24,spearman,240,,GFINBURO.MX,7,False,Financial,35,True
2025-03-25,spearman,240,,GFINBURO.MX,7,False,Financial,35,True
2025-03-26,spearman,240,,GFINBURO.MX,8,False,Financial,35,True
2025-03-27,spearman,240,,GFINBURO.MX,8,False,Financial,35,True
2025-03-28,spearman,240,,GFINBURO.MX,8,False,Financial,35,True
2025-03-31,spearman,240,,GFINBURO.MX,8,False,Financial,35,True
2025-04-01,spearman,240,,GFINBURO.MX,8,False,Financial,35,True
2025-04-02,spearman,240,,GFINBURO.MX,8,False,Financial,35,True
2025-04-03,spearman,240,,GFINBURO.MX,8,False,Financial,35,True
2025-04-04,spearman,240,,GFINBURO.MX,8,False,Financial,35,True
2025-04-07,spearman,240,,GFINBURO.MX,7,False,Financial,35,True
2025-04-08,spearman,240,,GFINBURO.MX,8,False,Financial,35,True
2025-04-09,spearman,240,,GFINBURO.MX,8,False,Financial,35,True
2025-04-10,spearman,240,,GFINBURO.MX,10,False,Financial,35,True
2025-04-11,spearman,240,,GFINBURO.MX,10,False,Financial,35,True
2025-04-14,spearman,240,,GFINBURO.MX,9,False,Financial,35,True
2025-04-15,spearman,240,,GFINBURO.MX,8,False,Financial,35,True
2025-04-16,spearman,240,,GFINBURO.MX,9,False,Financial,35,True
2025-04-21,spearman,240,,GFINBURO.MX,9,False,Financial,35,True
2025-04-22,spearman,240,,GFINBURO.MX,9,False,Financial,35,True
2025-04-23,spearman,240,,GFINBURO.MX,9,False,Financial,35,True
2025-04-24,spearman,240,,GFINBURO.MX,8,False,Financial,35,True
2025-04-25,spearman,240,,GFINBURO.MX,8,False,Financial,35,True
2025-04-28,spearman,240,,GFINBURO.MX,8,False,Financial,35,True
2025-04-29,spearman,240,,GFINBURO.MX,8,False,Financial,35,True
2025-04-30,spearman,240,,GFINBURO.MX,9,False,Financial,35,True
2025-05-02,spearman,240,,GFINBURO.MX,9,False,Financial,35,True
2025-05-05,spearman,240,,GFINBURO.MX,9,False,Financial,35,True
2025-05-06,spearman,240,,GFINBURO.MX,8,False,Financial,35,True
2025-05-07,spearman,240,,GFINBURO.MX,8,False,Financial,35,True
2025-05-08,spearman,240,,GFINBURO.MX,8,False,Financial,35,True
2025-05-09,spearman,240,,GFINBURO.MX,8,False,Financial,35,True
2025-05-12,spearman,240,,GFINBURO.MX,8,False,Financial,35,True
2025-05-13,spearman,240,,GFINBURO.MX,7,False,Financial,35,True
2025-05-14,spearman,240,,GFINBURO.MX,8,False,Financial,35,True
2025-05-15,spearman,240,,GFINBURO.MX,8,False,Financial,35,True
2025-05-16,spearman,240,,GFINBURO.MX,8,False,Financial,35,True
2025-05-19,spearman,240,,GFINBURO.MX,7,False,Financial,35,True
2025-05-20,spearman,240,,GFINBURO.MX,8,False,Financial,35,True
2025-05-21,spearman,240,,GFINBURO.MX,8,False,Financial,35,True
2025-05-22,spearman,240,,GFINBURO.MX,7,False,Financial,35,True
2025-05-23,spearman,240,,GFINBURO.MX,8,False,Financial,35,True
2025-05-26,spearman,240,,GFINBURO.MX,8,False,Financial,35,True
2025-05-27,spearman,240,,GFINBURO.MX,8,False,Financial,35,True
2025-05-28,spearman,240,,GFINBURO.MX,8,False,Financial,35,True
2025-05-29,spearman,240,,GFINBURO.MX,7,False,Financial,35,True
2025-05-30,spearman,240,,GFINBURO.MX,9,False,Financial,35,True
2025-06-02,spearman,240,,GFINBURO.MX,9,False,Financial,35,True
2025-06-03,spearman,240,,GFINBURO.MX,9,False,Financial,35,True
2025-06-04,spearman,240,,GFINBURO.MX,9,False,Financial,35,True
2025-06-05,spearman,240,,GFINBURO.MX,8,False,Financial,35,True
2025-06-06,spearman,240,,GFINBURO.MX,8,False,Financial,35,True
2025-06-09,spearman,240,,GFINBURO.MX,8,False,Financial,35,True
2025-06-10,spearman,240,,GFINBURO.MX,9,False,Financial,35,True
2025-06-11,spearman,240,,GFINBURO.MX,9,False,Financial,35,True
2025-06-12,spearman,240,,GFINBURO.MX,9,False,Financial,35,True
2025-06-13,spearman,240,,GFINBURO.MX,9,False,Financial,35,True
2025-06-16,spearman,240,,GFINBURO.MX,10,False,Financial,35,True
2025-06-17,spearman,240,,GFINBURO.MX,10,False,Financial,35,True
2025-06-18,spearman,240,,GFINBURO.MX,10,False,Financial,35,True
2025-06-19,spearman,240,,GFINBURO.MX,10,False,Financial,35,True
2025-06-20,spearman,240,,GFINBURO.MX,10,False,Financial,35,True
2025-06-23,spearman,240,,GFINBURO.MX,10,False,Financial,35,True
2025-06-24,spearman,240,,GFINBURO.MX,9,False,Financial,35,True
2025-06-25,spearman,240,,GFINBURO.MX,9,False,Financial,35,True
2025-06-26,spearman,240,,GFINBURO.MX,9,False,Financial,35,True
2025-06-27,spearman,240,,GFINBURO.MX,9,False,Financial,35,True
2025-06-30,spearman,240,,GFINBURO.MX,8,False,Financial,35,True
2025-07-01,spearman,240,,GFINBURO.MX,8,False,Financial,35,True
2025-07-02,spearman,240,,GFINBURO.MX,7,False,Financial,35,True
2025-07-03,spearman,240,,GFINBURO.MX,7,False,Financial,35,True
2025-07-04,spearman,240,,GFINBURO.MX,7,False,Financial,35,True
2025-07-07,spearman,240,,GFINBURO.MX,7,False,Financial,35,True
2025-07-08,spearman,240,,GFINBURO.MX,7,False,Financial,35,True
2025-07-09,spearman,240,,GFINBURO.MX,7,False,Financial,35,True
2025-07-10,spearman,240,,GFINBURO.MX,8,False,Financial,35,True
2025-07-11,spearman,240,,GFINBURO.MX,8,False,Financial,35,True
2025-07-14,spearman,240,,GFINBURO.MX,8,False,Financial,35,True
2025-07-15,spearman,240,,GFINBURO.MX,8,False,Financial,35,True
2025-07-16,spearman,240,,GFINBURO.MX,8,False,Financial,35,True
2025-07-17,spearman,240,,GFINBURO.MX,9,False,Financial,35,True
2025-07-18,spearman,240,,GFINBURO.MX,9,False,Financial,35,True
2025-07-21,spearman,240,,GFINBURO.MX,8,False,Financial,35,True
2025-07-22,spearman,240,,GFINBURO.MX,8,False,Financial,35,True
2025-07-23,spearman,240,,GFINBURO.MX,10,False,Financial,35,True
2025-07-24,spearman,240,,GFINBURO.MX,10,False,Financial,35,True
2025-07-25,spearman,240,,GFINBURO.MX,10,False,Financial,35,True
2025-07-28,spearman,240,,GFINBURO.MX,10,False,Financial,35,True
2025-07-29,spearman,240,,GFINBURO.MX,9,False,Financial,35,True
2025-07-30,spearman,240,,GFINBURO.MX,9,False,Financial,35,True
2025-07-31,spearman,240,,GFINBURO.MX,9,False,Financial,35,True
2025-08-01,spearman,240,,GFINBURO.MX,8,False,Financial,35,True
2025-08-04,spearman,240,,GFINBURO.MX,8,False,Financial,35,True
2025-08-05,spearman,240,,GFINBURO.MX,9,False,Financial,35,True
2025-08-06,spearman,240,,GFINBURO.MX,8,False,Financial,35,True
2025-08-07,spearman,240,,GFINBURO.MX,8,False,Financial,35,True
2025-08-08,spearman,240,,GFINBURO.MX,8,False,Financial,35,True
2025-08-11,spearman,240,,GFINBURO.MX,8,False,Financial,35,True
2025-08-12,spearman,240,,GFINBURO.MX,9,False,Financial,35,True
2025-08-13,spearman,240,,GFINBURO.MX,9,False,Financial,35,True
2025-08-14,spearman,240,,GFINBURO.MX,9,False,Financial,35,True
2025-08-15,spearman,240,,GFINBURO.MX,9,False,Financial,35,True
2025-08-18,spearman,240,,GFINBURO.MX,9,False,Financial,35,True
2025-08-19,spearman,240,,GFINBURO.MX,9,False,Financial,35,True
2025-08-20,spearman,240,,GFINBURO.MX,9,False,Financial,35,True
2025-08-21,spearman,240,,GFINBURO.MX,8,False,Financial,35,True
2025-08-22,spearman,240,,GFINBURO.MX,8,False,Financial,35,True
2025-08-25,spearman,240,,GFINBURO.MX,8,False,Financial,35,True
2025-08-26,spearman,240,,GFINBURO.MX,8,False,Financial,35,True
2025-08-27,spearman,240,,GFINBURO.MX,7,False,Financial,35,True
2025-08-28,spearman,240,,GFINBURO.MX,8,False,Financial,35,True
2025-08-29,spearman,240,,GFINBURO.MX,9,False,Financial,35,True
2025-09-01,spearman,240,,GFINBURO.MX,8,False,Financial,35,True
2025-09-02,spearman,240,,GFNORTEO.MX,7,False,Financial,35,False
2025-09-03,spearman,240,,GFINBURO.MX,6,True,Financial,35,True
2025-09-04,spearman,240,,GFINBURO.MX,7,True,Financial,35,True
2025-09-05,spearman,240,,GFINBURO.MX,7,True,Financial,35,True
2025-09-08,spearman,240,,GFINBURO.MX,8,False,Financial,35,True
2025-09-09,spearman,240,,GFINBURO.MX,8,False,Financial,35,True
2025-09-10,spearman,240,,GFINBURO.MX,7,False,Financial,35,True
2025-09-11,spearman,240,,GFINBURO.MX,9,False,Financial,35,True
2025-09-12,spearman,240,,GFINBURO.MX,8,False,Financial,35,True
2025-09-15,spearman,240,,GFINBURO.MX,7,True,Financial,35,True
2025-09-17,spearman,240,,GFINBURO.MX,8,True,Financial,35,True
2025-09-18,spearman,240,,GFINBURO.MX,8,True,Financial,35,True
2025-09-19,spearman,240,,GFNORTEO.MX,8,False,Financial,35,False
2025-09-22,spearman,240,,GFNORTEO.MX,9,False,Financial,35,False
2025-09-23,spearman,240,,GFINBURO.MX,9,False,Financial,35,True
2025-09-24,spearman,240,,GFINBURO.MX,9,False,Financial,35,True
2025-09-25,spearman,240,,GFINBURO.MX,8,True,Financial,35,True
2025-09-26,spearman,240,,GFNORTEO.MX,9,False,Financial,35,False
2025-09-29,spearman,240,,GFNORTEO.MX,9,False,Financial,35,False
2025-09-30,spearman,240,,GFINBURO.MX,8,True,Financial,35,True
2025-10-01,spearman,240,,GFNORTEO.MX,9,False,Financial,35,False
2025-10-02,spearman,240,,GFINBURO.MX,8,True,Financial,35,True
2025-10-03,spearman,240,,GFINBURO.MX,8,True,Financial,35,True
2025-10-06,spearman,240,,GFINBURO.MX,8,True,Financial,35,True
2025-10-07,spearman,240,,GFNORTEO.MX,8,False,Financial,35,False
2025-10-08,spearman,240,,GFNORTEO.MX,8,False,Financial,35,False
2025-10-09,spearman,240,,GFNORTEO.MX,8,False,Financial,35,False
2025-10-10,spearman,240,,GFNORTEO.MX,8,False,Financial,35,False
2025-10-13,spearman,240,,GFNORTEO.MX,8,False,Financial,35,False
2025-10-14,spearman,240,,GFINBURO.MX,8,True,Financial,35,True
2025-10-15,spearman,240,,GFNORTEO.MX,8,False,Financial,35,False
2025-10-16,spearman,240,,GFNORTEO.MX,8,False,Financial,35,False
2025-10-17,spearman,240,,GFNORTEO.MX,8,False,Financial,35,False
2025-10-20,spearman,240,,GFNORTEO.MX,8,False,Financial,35,False
2025-10-21,spearman,240,,GFINBURO.MX,8,True,Financial,35,True
2025-10-22,spearman,240,,GFNORTEO.MX,8,False,Financial,35,False
2025-10-23,spearman,240,,GFNORTEO.MX,8,False,Financial,35,False
2025-10-24,spearman,240,,GFNORTEO.MX,8,False,Financial,35,False
2025-10-27,spearman,240,,GFNORTEO.MX,8,False,Financial,35,False
2025-10-28,spearman,240,,GFNORTEO.MX,7,False,Financial,35,False
2025-10-29,spearman,240,,GFNORTEO.MX,7,False,Financial,35,False
2025-10-30,spearman,240,,GFNORTEO.MX,7,False,Financial,35,False
2025-10-31,spearman,240,,GFNORTEO.MX,7,False,Financial,35,False
2025-11-03,spearman,240,,GFNORTEO.MX,7,False,Financial,35,False
2025-11-04,spearman,240,,GFNORTEO.MX,7,False,Financial,35,False
2025-11-05,spearman,240,,GFNORTEO.MX,7,False,Financial,35,False
2025-11-06,spearman,240,,GFNORTEO.MX,7,False,Financial,35,False
2025-11-07,spearman,240,,GFNORTEO.MX,7,False,Financial,35,False
2025-11-10,spearman,240,,GFNORTEO.MX,7,False,Financial,35,False
2025-11-11,spearman,240,,GFINBURO.MX,6,True,Financial,35,True
2025-11-12,spearman,240,,GFINBURO.MX,6,True,Financial,35,True
2025-11-13,spearman,240,,GFINBURO.MX,7,False,Financial,35,True
2025-11-14,spearman,240,,GFINBURO.MX,8,False,Financial,35,True
2025-11-18,spearman,240,,GFINBURO.MX,7,False,Financial,35,True
2025-11-19,spearman,240,,GFINBURO.MX,9,False,Financial,35,True
2025-11-20,spearman,240,,GFINBURO.MX,7,False,Financial,35,True
2025-11-21,spearman,240,,GFINBURO.MX,8,False,Financial,35,True
2025-11-24,spearman,240,,GFINBURO.MX,9,False,Financial,35,True
2025-11-25,spearman,240,,GFINBURO.MX,9,False,Financial,35,True
2025-11-26,spearman,240,,GFINBURO.MX,9,False,Financial,35,True
2025-11-27,spearman,240,,GFINBURO.MX,8,False,Financial,35,True
2025-11-28,spearman,240,,GFINBURO.MX,8,False,Financial,35,True
2025-12-01,spearman,240,,GFINBURO.MX,8,False,Financial,35,True
2025-12-02,spearman,240,,GFINBURO.MX,9,False,Financial,35,True
2025-12-03,spearman,240,,GFINBURO.MX,8,False,Financial,35,True
2025-12-04,spearman,240,,GFINBURO.MX,7,False,Financial,35,True
2025-12-05,spearman,240,,GFINBURO.MX,8,False,Financial,35,True
2025-12-08,spearman,240,,GFINBURO.MX,8,False,Financial,35,True
2025-12-09,spearman,240,,GFINBURO.MX,8,False,Financial,35,True
2025-12-10,spearman,240,,GFINBURO.MX,8,False,Financial,35,True
2025-12-11,spearman,240,,GFINBURO.MX,8,False,Financial,35,True
2025-12-15,spearman,240,,GFINBURO.MX,8,False,Financial,35,True
2025-12-16,spearman,240,,GFINBURO.MX,8,False,Financial,35,True
2025-12-17,spearman,240,,GFINBURO.MX,7,False,Financial,35,True
2025-12-18,spearman,240,,GFINBURO.MX,7,False,Financial,35,True
2025-12-19,spearman,240,,GFNORTEO.MX,6,False,Financial,35,False
2025-12-22,spearman,240,,GFNORTEO.MX,6,False,Financial,35,False
2025-12-23,spearman,240,,GFNORTEO.MX,6,False,Financial,35,False
2025-12-24,spearman,240,,GFNORTEO.MX,6,False,Financial,35,False
2025-12-26,spearman,240,,GFNORTEO.MX,6,False,Financial,35,False
2025-12-29,spearman,240,,GFNORTEO.MX,6,False,Financial,35,False
2025-12-30,spearman,240,,GFNORTEO.MX,5,True,Financial,35,False
2025-12-31,spearman,240,,GFNORTEO.MX,5,True,Financial,35,False
