Date,NTL,CI_low,CI_high
2016-06-08,0.7283394447168331,0.7283394447168331,0.7283394447168331
2016-06-09,0.727309574060874,0.7267570909883128,0.7300531736968856
2016-06-10,0.7264237705837774,0.7260847794632506,0.730748578671175
2016-06-13,0.7269103195285886,0.7254033547376763,0.7313036503564793
2016-06-14,0.727032331092743,0.7248574113367744,0.7318365583051034
2016-06-15,0.726943908363574,0.72449114212705,0.7323588470109625
2016-06-16,0.7271192651957572,0.7240128029013647,0.7328016589400744
2016-06-17,0.7270681577786279,0.7236104619636151,0.733216086265
2016-06-20,0.7257370359947659,0.7234121605127011,0.7336312849633393
2016-06-21,0.7253811048454375,0.7228127089639785,0.7340149139955374
2016-06-22,0.72563861775731,0.7225045130119384,0.7343707467151419
2016-06-23,0.7249694903217002,0.7221507369980262,0.7348500629543165
2016-06-24,0.7239415393218563,0.7216987122163008,0.7350598237436644
2016-06-27,0.7239396720668407,0.7213209034348397,0.735606905567617
2016-06-28,0.7235710643653864,0.7210645224233232,0.7357256622044993
2016-06-29,0.7230452293382497,0.7208977195095047,0.7359367004423005
2016-06-30,0.7220383643603978,0.7205121179163416,0.7363581424182027
2016-07-01,0.7220735660513069,0.72023408091972,0.7366048921665089
2016-07-04,0.7210155726001457,0.7199278303341279,0.7370060934279071
2016-07-05,0.7206172477699365,0.719593194196991,0.7370584683049389
2016-07-06,0.7216244942633507,0.7193496700795499,0.7374905492764662
2016-07-07,0.7221120773698414,0.71902236155835,0.7378412782917685
2016-07-08,0.7214353294629707,0.7186038429123142,0.7381857957531803
2016-07-11,0.720276678563348,0.7183117568203475,0.7384244760059333
2016-07-12,0.7192642113664639,0.7183041756231306,0.7388269220596247
2016-07-13,0.7194351308582023,0.718022857255918,0.7389238742400517
2016-07-14,0.7189354119752087,0.717959129416727,0.739239436048544
2016-07-15,0.7187771365762297,0.7176722088670172,0.7395358802256177
2016-07-18,0.7182817653862567,0.7174833962509212,0.7395990553030904
2016-07-19,0.7184760571339672,0.7173700355894587,0.7395948353135144
2016-07-20,0.7189522853500037,0.7170560827842992,0.7399233182908236
2016-07-21,0.7209825220744177,0.7167850227267702,0.7402902737021395
2016-07-22,0.7213192286888188,0.7170694355837969,0.7405255944270646
2016-07-25,0.7207743794180328,0.7165666688426777,0.740599772382002
2016-07-26,0.7216276499043787,0.7163709961850937,0.7408248062007929
2016-07-27,0.7234859044219624,0.7162080334554867,0.7410433723270942
2016-07-28,0.7229974030672124,0.716035190654939,0.7412212019154956
2016-07-29,0.7220010158747281,0.7153714721706625,0.7413711029465223
2016-08-01,0.7226920204529537,0.7151257650975299,0.7417220661843661
2016-08-02,0.7225456371318673,0.715164899379123,0.7417210053506816
2016-08-03,0.7215605443549171,0.7149862007597052,0.74186781063329
2016-08-04,0.7220534162701662,0.7149393520172562,0.7421821512726502
2016-08-05,0.7210586855104046,0.7147991094294405,0.7423212265788162
2016-08-08,0.7227687441700785,0.7146834216995644,0.7425241752294438
2016-08-09,0.7238112087639124,0.71425237622446,0.7426355725234925
2016-08-10,0.7244860356399826,0.7144250580818797,0.7429360810559434
2016-08-11,0.7232938675320892,0.7141846988871727,0.7430330868304045
2016-08-12,0.7232873835650107,0.7140367260922882,0.7433585234259237
2016-08-15,0.7224750055966026,0.7138858788029135,0.7433903483987151
2016-08-16,0.7221626723666351,0.7135726030843682,0.7437050152492216
2016-08-17,0.7233648705407058,0.7133117901096822,0.743936720119848
2016-08-18,0.7238548710717002,0.713386702673926,0.7436042255504782
2016-08-19,0.7236681111092377,0.7130484171548187,0.7441146485696929
2016-08-22,0.7224720646884151,0.7128968665544956,0.7443320726062975
2016-08-23,0.7207694607017652,0.712786769201526,0.7442601649167746
2016-08-24,0.7199041480704417,0.7127524170229754,0.7445200221817821
2016-08-25,0.7209503684540576,0.7126475603989123,0.7447717860669801
2016-08-26,0.7207831080506427,0.7125918673997621,0.7446786785418352
2016-08-29,0.7200986021147753,0.7123276861738512,0.7449028253827312
2016-08-30,0.7197585106906306,0.7124075212642169,0.7450154831692424
2016-08-31,0.7193817234758269,0.7121092971861273,0.7450861141897317
2016-09-01,0.719555202215909,0.7120295321951858,0.7449547102813495
2016-09-02,0.719887930935926,0.7118550988910944,0.7449003318560224
2016-09-05,0.7181698505165788,0.7115160510008645,0.7451890874662336
2016-09-06,0.7195687761664824,0.7115224359082419,0.7454866817125141
2016-09-07,0.7206299836798972,0.711602453415685,0.7454598879793011
2016-09-08,0.719412881243643,0.7115267489203082,0.7457090874986674
2016-09-09,0.7164960433449794,0.7115214243693305,0.7458319515232058
2016-09-12,0.7159647894230873,0.711016787075035,0.7459741824310394
2016-09-13,0.715963419898088,0.7108846156636872,0.7460795609045227
2016-09-14,0.7149340223942051,0.7107752689952603,0.7460019631100612
2016-09-15,0.7154393403296312,0.710922662241618,0.7458715472495027
2016-09-19,0.7159799432702973,0.7107887123972948,0.7458916403521003
2016-09-20,0.7159590094875508,0.7102687090039482,0.7462713245445957
2016-09-21,0.7149270996341958,0.7103401695274093,0.7463732337577272
2016-09-22,0.71215919194181,0.7101874495682424,0.7462372472296902
2016-09-23,0.7128723099807849,0.7101846112140555,0.7463814763577998
2016-09-26,0.7126873333130321,0.7099048476057239,0.7467818034252495
2016-09-27,0.710606245675556,0.7097425035958027,0.7464680749360317
2016-09-28,0.7109483706231104,0.7094391826834251,0.746839640415314
2016-09-29,0.7104148832237053,0.7094394607685709,0.747213319427509
2016-09-30,0.7104405969250978,0.7094144476434274,0.7473749854444894
2016-10-03,0.710621218140877,0.7094910870795156,0.7473217598293317
2016-10-04,0.7099008150996771,0.7096182574908232,0.7476510418706913
2016-10-05,0.7116272949150522,0.7093729260664776,0.7476734376281642
2016-10-06,0.7114494606787827,0.7094232718190708,0.748049941141528
2016-10-07,0.7104327532996839,0.7091673308333039,0.7482818615127526
2016-10-10,0.7082064330044928,0.709192853364284,0.7484623674528648
2016-10-11,0.7085011784654954,0.7092329053620429,0.7484896046293239
2016-10-12,0.7076640451810107,0.7088350105585322,0.7488288870268756
2016-10-13,0.7083988336759107,0.7084101927970132,0.7488757449460962
2016-10-14,0.7072051177207813,0.7083243937717029,0.748967945313025
2016-10-17,0.7063395924605469,0.7083001028654875,0.7491375690434672
2016-10-18,0.7058643586880955,0.7080414703924929,0.7491689689355366
2016-10-19,0.7050011056587683,0.7081604866889063,0.7491624151843845
2016-10-20,0.7053526235387825,0.708077337507475,0.749344550249043
2016-10-21,0.7055183500565917,0.7079882947064059,0.7493647462977345
2016-10-24,0.704448522589838,0.7078358750021989,0.7494228158818474
2016-10-25,0.704289256692299,0.7077096034421219,0.7498850474119857
2016-10-26,0.7033902437009042,0.7076828987198838,0.7499280076913156
2016-10-27,0.7030724511212925,0.707766723287386,0.7499828430749078
2016-10-28,0.7028978294581314,0.7074881392575965,0.750681186402214
2016-10-31,0.7039428147530767,0.7075020544261207,0.7504571684871422
2016-11-01,0.7025496501279586,0.7074840402843385,0.7506244951718881
2016-11-03,0.7018431802685262,0.7069091826433495,0.7506412788733922
2016-11-04,0.7025370188998538,0.7072435156144325,0.7504553380577482
2016-11-07,0.6997461075860483,0.7068344889656095,0.7502845087014463
2016-11-08,0.7002569292341585,0.7069785041989668,0.7505714061383986
2016-11-09,0.698151730167086,0.7065364121954995,0.7509546453991679
2016-11-10,0.6960512415304404,0.7062114671011299,0.7509891090816389
2016-11-11,0.6948170798185449,0.7061434189756093,0.7505829226487222
2016-11-14,0.6937494894206033,0.7057698315692905,0.7508724171042725
2016-11-15,0.6939478711447219,0.7056534695244222,0.751230532304712
2016-11-16,0.6949956139189246,0.7056226415733696,0.7515360615741831
2016-11-17,0.6958934373172936,0.7056437968370199,0.7513130576362644
2016-11-18,0.6955370219308277,0.7054844571117451,0.7512769127873615
2016-11-22,0.6965879372758125,0.7050864318349384,0.7515508637764557
2016-11-23,0.6969517972536623,0.7052539892986714,0.7516167509346697
2016-11-24,0.6964538477954236,0.704875348644451,0.7518659867228952
2016-11-25,0.6957484356679863,0.7048287425529152,0.7516411954063138
2016-11-28,0.6966034466631864,0.7045840438880604,0.7517018696422695
2016-11-29,0.6964156088031677,0.7045486987054165,0.751319765775226
2016-11-30,0.69765728139864,0.7044642325104833,0.7517492242457642
2016-12-01,0.6967654356926112,0.7047619915074746,0.7516719899447278
2016-12-02,0.6979796034145407,0.7048314817965428,0.7518076079488974
2016-12-05,0.6988542876705269,0.7052040647199629,0.7518167236895976
2016-12-06,0.6988249544924645,0.7048406965289709,0.7519842197990232
2016-12-07,0.6988077983650518,0.7044477840229677,0.7520907596516496
2016-12-08,0.7000444487989183,0.7043601376869737,0.7523261682784814
2016-12-09,0.6994883478114289,0.7046251771523361,0.7524444458192019
2016-12-13,0.6988086848849107,0.7043579984749468,0.7529904123947625
2016-12-14,0.6991794623769602,0.7043241013822767,0.7527632022867281
2016-12-15,0.7003971971430086,0.7042784564205997,0.752831494358721
2016-12-16,0.6995262760259526,0.7039204312517916,0.7525118108713614
2016-12-19,0.6996859590898066,0.704000273291776,0.7527433377116372
2016-12-20,0.7007386214486762,0.7039153850033044,0.7526723831673793
2016-12-21,0.7028561287202065,0.7037754020238066,0.7524964136268221
2016-12-22,0.7026617572074305,0.7038906729815801,0.7528550932577107
2016-12-23,0.7028459798334075,0.7033654846928576,0.7524373367887494
2016-12-26,0.7038805934386085,0.703053960425778,0.7527652526076428
2016-12-27,0.7040509514778508,0.703158191459065,0.7524949981271032
2016-12-28,0.7021333300883852,0.7024067734616042,0.7525262863197685
2016-12-29,0.7005481505938618,0.7021438052780918,0.7530862097112242
2016-12-30,0.70055651347456,0.7023155110873147,0.7529145706667851
2017-01-02,0.6977680514099192,0.7025682385762738,0.7531478491927
2017-01-03,0.6975977713588923,0.7023615324060621,0.7530149324085886
2017-01-04,0.6982893386683405,0.7023689475315522,0.7532568276809484
2017-01-05,0.6988007621384147,0.7024456715055867,0.7532050658503654
2017-01-06,0.6991416522624803,0.7025379059864167,0.753105230486964
2017-01-09,0.6975424823271639,0.702238404818628,0.7532047132725221
2017-01-10,0.6980705358729259,0.702230499524934,0.7532088159623207
2017-01-11,0.6981806400997175,0.7024138847075014,0.753163445392978
2017-01-12,0.6978387997692755,0.7022486237577149,0.7527805198223625
2017-01-13,0.698040974989802,0.7019617555604024,0.752800877693298
2017-01-16,0.6987291456482632,0.7019842510622356,0.753190978827984
2017-01-17,0.6983893947479434,0.7016136497895357,0.7533759037971046
2017-01-18,0.6985325250509955,0.7013853006286249,0.7532948915706653
2017-01-19,0.6979636499595937,0.7015419845813262,0.7533903620063637
2017-01-20,0.6969165300794499,0.7012592257603961,0.7533079620395112
2017-01-23,0.6953272338857184,0.701303506574228,0.7533354530063935
2017-01-24,0.6928580555411651,0.7013151651026495,0.7534374461996559
2017-01-25,0.6939742286908568,0.7011059507421071,0.7534382306628524
2017-01-26,0.6939657540925089,0.7013107051685273,0.7536348482665816
2017-01-27,0.6943406560219595,0.7012787525494891,0.7537922971855848
2017-01-30,0.6950600728789204,0.7009021629860904,0.753977340211082
2017-01-31,0.6945161381366844,0.7007269251441693,0.7540296480003204
2017-02-01,0.6941427767530213,0.700915468412538,0.7538613201103499
2017-02-02,0.6927708709350009,0.7006000780056155,0.7537450122682393
2017-02-03,0.6931227984956408,0.7007721867124918,0.7538130884354152
2017-02-07,0.6936067223658746,0.7006005635726563,0.7540237099157311
2017-02-08,0.69372019613568,0.7002780008436101,0.753868951634576
2017-02-09,0.6931905403301165,0.7003739997462274,0.7539387629794227
2017-02-10,0.6932125165883791,0.7000986460666495,0.7536734080982324
2017-02-13,0.6946415781190939,0.700233872846495,0.7538841208401773
2017-02-14,0.6946459469545769,0.7001074038781453,0.7539985079672143
2017-02-15,0.69568857302905,0.7003091912637001,0.75391959686107
2017-02-16,0.6967821491408195,0.699984310800317,0.7543214422591044
2017-02-17,0.697685574533135,0.699934893725971,0.7543495949218543
2017-02-20,0.699280116288962,0.6996440216303325,0.7541180272677518
2017-02-21,0.6996259227690209,0.699584126093048,0.7544188176114328
2017-02-22,0.6992745660736466,0.699296507714761,0.7545525803459949
2017-02-23,0.6983632583954108,0.6990726660573034,0.7549783597875734
2017-02-24,0.7004264007883151,0.6988829624882156,0.7548643841622333
2017-02-27,0.7016607703590718,0.6991026982397125,0.7547343321078488
2017-02-28,0.7016589013117763,0.6988729445864408,0.7550188318624595
2017-03-01,0.7016359013411407,0.698811904979082,0.7551189362433087
2017-03-02,0.7019892201744949,0.6987983108396546,0.7553643485389833
2017-03-03,0.7037165382220849,0.6983610415083751,0.7555475690457248
2017-03-06,0.7030301532411158,0.6982815625400925,0.7555012698319762
2017-03-07,0.7033569465741089,0.6981299767677477,0.7553156050924987
2017-03-08,0.7039072554157911,0.6979578991716678,0.7556635623537105
2017-03-09,0.7032319450320484,0.6978746574021321,0.7556054604807059
2017-03-10,0.7039132390914923,0.6976242230148814,0.7559612293319999
2017-03-13,0.7033265012800008,0.6982452861019477,0.7560453293661457
2017-03-14,0.7036714290290486,0.6980305020782366,0.7555878606986043
2017-03-15,0.7057618062986557,0.6977539593094515,0.7561460919933878
2017-03-16,0.704675154008224,0.697774146879923,0.7565696243798105
2017-03-17,0.705229718519463,0.6980540221703426,0.7568565610236383
2017-03-21,0.7083430106104089,0.6978402429585948,0.7570001735856836
2017-03-22,0.7074361322501636,0.6978520312165483,0.75673686740397
2017-03-23,0.7082487414577132,0.6979196778054405,0.7567493136595417
2017-03-24,0.7085999502599959,0.6975662420963964,0.7568970237273419
2017-03-27,0.708436821843312,0.6971293905343855,0.7571979840669343
2017-03-28,0.7103736244297705,0.6968719665262089,0.7569726111834484
2017-03-29,0.7107123354117978,0.6969286703103198,0.7570360266621736
2017-03-30,0.7105366922745727,0.6969157035301564,0.7569106969066328
2017-03-31,0.7119338737520934,0.6972810749452549,0.7570529162420927
2017-04-03,0.713667698678182,0.6971528772667425,0.7567741416454405
2017-04-04,0.7126273883072958,0.696906784303534,0.7570133471027828
2017-04-05,0.713446156511361,0.6967197302826293,0.7570196000266561
2017-04-06,0.7136578817633542,0.6967238252337107,0.7567377194986361
2017-04-07,0.7122621548313133,0.6968185131980545,0.7571203556223077
2017-04-10,0.7126002708236581,0.6968448145161327,0.7567574604496018
2017-04-11,0.7136934176610131,0.6969594960271263,0.7571997659962436
2017-04-12,0.7138516705747555,0.6964003072541749,0.7565002538224
2017-04-17,0.7143400666805292,0.6960840095726586,0.7571202886698618
2017-04-18,0.7156678052213467,0.6959833398951202,0.7572364186190913
2017-04-19,0.7153357303212919,0.6962325696593652,0.7574682622456675
2017-04-20,0.7158352377637405,0.695746152224001,0.7572055582097014
2017-04-21,0.7153500826241406,0.6957790436032494,0.7574751155361639
2017-04-24,0.7144794426596137,0.6963129524223297,0.7576218838919474
2017-04-25,0.7132845532345443,0.6965322774529954,0.7580861865015944
2017-04-26,0.7129588397670599,0.6963210156043048,0.7580409414309235
2017-04-27,0.7146938023414018,0.6959288767704427,0.7578634864084155
2017-04-28,0.7148493497610727,0.69611547057247,0.7577581015123026
2017-05-02,0.7137956214784265,0.6963654789100129,0.757879968917814
2017-05-03,0.7158517454521591,0.6960544462930977,0.7579343779553228
2017-05-04,0.7162102884069114,0.696899662921288,0.7581016331080629
2017-05-05,0.7175956154951963,0.6962403859220144,0.7586606893189813
2017-05-08,0.7203365134433614,0.6961708379687297,0.7584036040306374
2017-05-09,0.7220663692791895,0.6958570272365198,0.7583550810724039
2017-05-10,0.7220704616509719,0.6959476882622107,0.7589261686610407
2017-05-11,0.7221277488825946,0.6955936709359006,0.7586016994322068
2017-05-12,0.722499960532392,0.695773156320432,0.7586225060560399
2017-05-15,0.7224645231631124,0.6954834849136337,0.7589888297908878
2017-05-16,0.7214411556688225,0.6954103745606738,0.7589586691699344
2017-05-17,0.7202403027168106,0.6956246170856463,0.7585679396591616
2017-05-18,0.7190535059153446,0.6955797473483063,0.7590135889355158
2017-05-19,0.7181754273875849,0.6954248604196298,0.7594757651113639
2017-05-22,0.7189871513879494,0.6953072185258491,0.7594972333413059
2017-05-23,0.7183412900481179,0.6952160690269843,0.7594477118756823
2017-05-24,0.7181531139916553,0.6954676795957542,0.7593653960320333
2017-05-25,0.7171506632342848,0.6952799643000075,0.7592180362776891
2017-05-26,0.7180337791977485,0.6949664520004528,0.7593283641147839
2017-05-29,0.7185891079036757,0.6953045215042207,0.7586776746554859
2017-05-30,0.717032775672537,0.6949002518632822,0.7592148730225892
2017-05-31,0.7172118945827199,0.6944797954850807,0.7596322624762128
2017-06-01,0.7180658712471026,0.6943011680534265,0.7600384628584571
2017-06-02,0.7182451089309205,0.6943462767681896,0.7604228215356224
2017-06-05,0.7173802742173804,0.6940037321337958,0.7605280532447031
2017-06-06,0.7161371494650692,0.6938760043910542,0.7596709285237521
2017-06-07,0.7165194549040451,0.6938848348648041,0.7599713026720399
2017-06-08,0.7162335335482797,0.6938846769752424,0.759689497552159
2017-06-09,0.7176038101430997,0.6937146717434037,0.7596167893754467
2017-06-12,0.7186205894449523,0.693668297917352,0.760245773582638
2017-06-13,0.7189428626055286,0.6939372612694196,0.7603962390219895
2017-06-14,0.7178871452955501,0.6934378945085179,0.7601411890486193
2017-06-15,0.7173348714274892,0.6929056110626015,0.7606844850823482
2017-06-16,0.7187258585561211,0.6924016479743803,0.7605738576249627
2017-06-19,0.7197411628006328,0.6928647125975094,0.7600706641308281
2017-06-20,0.7202357246951934,0.6926343080288613,0.7601397163614462
2017-06-21,0.7210886351914565,0.692365817509432,0.7601779435194959
2017-06-22,0.7217497134837285,0.6924477122819439,0.760156168986138
2017-06-23,0.720912610707459,0.6922765617515368,0.7602700532027931
2017-06-26,0.7237752002172877,0.6921078840957183,0.7605106472842518
2017-06-27,0.7228924233503564,0.692040487107239,0.7601820321209313
2017-06-28,0.7223638097125318,0.69178538061231,0.7602794374738194
2017-06-29,0.7221868952979045,0.6915594311249018,0.7598661640565156
2017-06-30,0.7221846984975787,0.6913248430265734,0.7603923712141025
2017-07-03,0.7239470739957593,0.6918251333796522,0.7602637898164799
2017-07-04,0.7225769600645725,0.6915561890377974,0.7604810966384626
2017-07-05,0.7222348152885012,0.6914584244613895,0.7610447406878875
2017-07-06,0.7215495817724169,0.6911021051450454,0.7614742918915687
2017-07-07,0.7218909967963518,0.6912680675285362,0.7614039569128975
2017-07-10,0.7225701407072497,0.6913969122923473,0.7612063065214605
2017-07-11,0.7224018230273717,0.690982371393843,0.7612870013338756
2017-07-12,0.7220318444259186,0.6912310916419728,0.7612247065729155
2017-07-13,0.7218760750138049,0.6914807676228096,0.7616186589761662
2017-07-14,0.7230968320576177,0.691014516406365,0.7615101512657685
2017-07-17,0.7247863512648195,0.6920253892227882,0.7614355720915557
2017-07-18,0.7262891434929974,0.6919553942593896,0.7614549681794138
2017-07-19,0.727112816388834,0.6920165017200224,0.7613604608777627
2017-07-20,0.7281862005308155,0.6910701135690418,0.761576686487615
2017-07-21,0.7278779939098419,0.6910748612147459,0.7618158989898544
2017-07-24,0.7270608617853845,0.6909011822810407,0.7617404684685001
2017-07-25,0.7267320410023196,0.6908116096294814,0.7618832564209159
2017-07-26,0.726367840758717,0.6910293153334758,0.7618911259960726
2017-07-27,0.726859850763845,0.6908444061983235,0.7619949533417975
2017-07-28,0.7268278814371854,0.6908913843554758,0.7619256945405922
2017-07-31,0.726975469246432,0.6904331667881279,0.7620610925989773
2017-08-01,0.7261290750565633,0.6906123691578427,0.7618559620405886
2017-08-02,0.7274859827989232,0.6908517984017828,0.7617707535436574
2017-08-03,0.726452407640184,0.6898861182539052,0.7618377440284994
2017-08-04,0.7257695681439015,0.6900422967132762,0.7620577696576777
2017-08-07,0.7255913203427814,0.6897505165586094,0.7625631333787619
2017-08-08,0.7257735312430836,0.6896864162914812,0.7624197176493435
2017-08-09,0.725547924301984,0.6894095621965222,0.7627538633021665
2017-08-10,0.724216854348744,0.6902239067373753,0.7630422735639946
2017-08-11,0.7258967540419775,0.689928676295599,0.7628823950147198
2017-08-14,0.7265772437525712,0.689465642175421,0.7629559003736109
2017-08-15,0.7267809179785276,0.6895061686104327,0.7630942398762841
2017-08-16,0.7278686334557299,0.6894275574904877,0.7628180031991135
2017-08-17,0.7268148918363525,0.6896163709077968,0.763007779446236
2017-08-18,0.7266174583575215,0.6893340159953323,0.7628797394942111
2017-08-21,0.726639326104424,0.6887765993772664,0.7630235091807381
2017-08-22,0.7259609939448408,0.6891871439555018,0.762807926752003
2017-08-23,0.7254735825857106,0.6890744375330061,0.7626612043325618
2017-08-24,0.7250154206537737,0.6890404167088789,0.7624968374696014
2017-08-25,0.7253567679582441,0.6888250739466125,0.76279617504781
2017-08-28,0.7253696907043005,0.6887817909275926,0.7629576243272312
2017-08-29,0.7238350418387777,0.6891983329439317,0.762872984017062
2017-08-30,0.7236702839916507,0.68890862767725,0.7634731451657552
2017-08-31,0.724187343797201,0.6892694215028569,0.7632304503297344
2017-09-01,0.724345018814198,0.6885610228756113,0.7637641678269144
2017-09-04,0.7243652015604695,0.6892890086077165,0.763920409984307
2017-09-05,0.7233234865409652,0.6893772767750328,0.7634453099683193
2017-09-06,0.7248353507909155,0.6894224525617864,0.763322933310801
2017-09-07,0.7253631582881512,0.6888492476198865,0.7631441743003017
2017-09-08,0.725001441505741,0.6888728518845579,0.7634587374341186
2017-09-11,0.7256644510583068,0.6888293950383014,0.7634779218732433
2017-09-12,0.7243132199012275,0.6881431824046539,0.7634400277914515
2017-09-13,0.7253480309843806,0.687597069276073,0.7631823846555699
2017-09-14,0.723810338071762,0.6874161799363625,0.7636971926822489
2017-09-15,0.7241062839628557,0.6866020691803804,0.7636079275411104
2017-09-18,0.7229243314395526,0.6867356533919199,0.7641315755195766
2017-09-19,0.7227628203956077,0.6869991289629263,0.7638890731614165
2017-09-20,0.7222688420022076,0.6873588403224997,0.7638912471290994
2017-09-21,0.7237847008222458,0.6873763816037962,0.763893106680506
2017-09-22,0.7248230371885708,0.6872332818250169,0.7640587347242296
2017-09-25,0.7253410397261885,0.6868108211715076,0.7638508026404147
2017-09-26,0.7244921419405336,0.6860919677773414,0.763708158380528
2017-09-27,0.7251453128972524,0.6861977042631356,0.7642837224279949
2017-09-28,0.7249836530915114,0.6862313917042,0.7638315791303224
2017-09-29,0.7244600832400048,0.6863640010263482,0.7642603087244859
2017-10-02,0.7249747201005976,0.6863576203934334,0.7643866130045205
2017-10-03,0.7261885304250579,0.686897171156898,0.7645848133906137
2017-10-04,0.7253285550814159,0.6868844721646691,0.7642861740550271
2017-10-05,0.7250042565674362,0.6869861697012781,0.7643549575318855
2017-10-06,0.7246642641838896,0.6870477081606522,0.7646746562918542
2017-10-09,0.7249905299474501,0.6864506014019058,0.7643300557536518
2017-10-10,0.725671401045857,0.6865975165331427,0.7643658207384016
2017-10-11,0.7254812143360719,0.6867442499141618,0.7643138255594002
2017-10-12,0.7265311124163765,0.6869135364882691,0.7640977095608479
2017-10-13,0.7262212089369919,0.6867039852714757,0.7644744503399418
2017-10-16,0.726070434903249,0.6863667518651576,0.7644149480103684
2017-10-17,0.7249131942312353,0.686250511852192,0.7643992350508008
2017-10-18,0.7259331424059781,0.6867933050266944,0.7644379371507
2017-10-19,0.7261348724506566,0.6861193689792623,0.764867762188106
2017-10-20,0.727004846957882,0.6858857358963298,0.7650395162274658
2017-10-23,0.7270199750070314,0.6860021433804403,0.7649105228634139
2017-10-24,0.7270237528189221,0.6862299980562641,0.7648564163759046
2017-10-25,0.7265426499748493,0.6856445734414797,0.7647283849050498
2017-10-26,0.7260345681992524,0.68593405383342,0.7654175778150842
2017-10-27,0.7258524310600941,0.6856219291422988,0.7651769667193298
2017-10-30,0.726720821380332,0.6852330732908527,0.7648132183924095
2017-10-31,0.7265678868041209,0.685503302622803,0.7656044305397415
2017-11-01,0.7269096236858192,0.685458944966968,0.7651498695379385
2017-11-03,0.7272603005987904,0.6855476861337659,0.7653090182120049
2017-11-06,0.726750196001912,0.6852661189151166,0.765614872544288
2017-11-07,0.7277540577698922,0.68494182144511,0.7656600067115323
2017-11-08,0.7279169459331868,0.6850170097138167,0.7657460584960262
2017-11-09,0.7287830459231682,0.6854561304968543,0.7656234096727772
2017-11-10,0.7267423711754661,0.6852474821852939,0.7661715491838369
2017-11-13,0.7258833737704737,0.6850349225019237,0.7662707453103121
2017-11-14,0.7257054306572597,0.684862557200268,0.7661185957545071
2017-11-15,0.727379415288129,0.684556879287066,0.7664185287300175
2017-11-16,0.7287482411877884,0.6848341508630628,0.766474305403969
2017-11-17,0.729729858483486,0.6844523796524721,0.7662813465099843
2017-11-21,0.7297541161049412,0.684834184989012,0.7662465796355645
2017-11-22,0.7314424265652184,0.6850868562900708,0.766098111878404
2017-11-23,0.7325848505043231,0.6860090835138498,0.7666625410363577
2017-11-24,0.7320674074815445,0.6847721669807617,0.7664672938514848
2017-11-27,0.7312468122873595,0.6843719168193474,0.7664260654147331
2017-11-28,0.7310836526913785,0.6839753229775101,0.7663445452021866
2017-11-29,0.7304218164039797,0.6838472844244394,0.7662400647579815
2017-11-30,0.7297699501327092,0.6839768258635205,0.7662356037594064
2017-12-01,0.7301258391868828,0.6836379661016768,0.76611991885728
2017-12-04,0.730117617550439,0.6839918334992376,0.7665994361809195
2017-12-05,0.7296153046021834,0.684186957108159,0.7663046764664727
2017-12-06,0.728637141447152,0.6843585735395286,0.766271204945763
2017-12-07,0.7289931572908652,0.6840310192010224,0.7665847912603407
2017-12-08,0.7289922537567406,0.6839508468262374,0.7665299822267275
2017-12-11,0.7283150450663174,0.6835430800223117,0.7663769356855156
2017-12-13,0.7286547870698616,0.6834054306061239,0.7660016604197836
2017-12-14,0.7291479314688114,0.6830159207298416,0.7659607257670931
2017-12-15,0.7289759103976,0.6834134108029704,0.7654535691175796
2017-12-18,0.727435956687132,0.6828673875005006,0.7655604985989328
2017-12-19,0.7279451942542028,0.682700871994016,0.7655530460556614
2017-12-20,0.727789926969346,0.6827551913290009,0.7656341817920926
2017-12-21,0.7287938097664166,0.6825299884855125,0.7661109000951222
2017-12-22,0.7311504835886211,0.6821088657232942,0.7661027228654478
2017-12-26,0.7311154561927572,0.6821761366189257,0.766108117123181
2017-12-27,0.7311195561480155,0.6818674286694215,0.7664981914184162
2017-12-28,0.7297793490247253,0.6814816810923302,0.7664993907520521
2017-12-29,0.7287718557807279,0.6818160898511106,0.7664174142738416
2018-01-02,0.727936820497215,0.6812788497607581,0.7665314039610688
2018-01-03,0.7287664620187827,0.6813119057246025,0.7664788312049448
2018-01-04,0.7294253495374444,0.6814985003945084,0.7661588175199708
2018-01-05,0.7294367038360238,0.681591340559119,0.7664965204310226
2018-01-08,0.7279355830908758,0.6816963778604641,0.7668451334831232
2018-01-09,0.7281130034265711,0.6816529171372752,0.7667004784088219
2018-01-10,0.7272637405003122,0.6816698229635028,0.7671585851824466
2018-01-11,0.7286110975984552,0.6817076366391748,0.7669421037663018
2018-01-12,0.7291043954353452,0.6813901410592681,0.7672938259961736
2018-01-15,0.7291308912962339,0.681782251253949,0.7674503352579755
2018-01-16,0.7289335661356086,0.6815269852040007,0.7670364963417914
2018-01-17,0.7282524487575347,0.681308868340751,0.7672514207249753
2018-01-18,0.7285911211749608,0.6814055347762351,0.7669102443902944
2018-01-19,0.7285640234936291,0.6812139758539835,0.7670833246400297
2018-01-22,0.7280588302534616,0.6811152381257746,0.7668724111022568
2018-01-23,0.7275464208647365,0.6812691803408373,0.7670314074438779
2018-01-24,0.726566522514118,0.6818054256247151,0.7671351790967043
2018-01-25,0.7267267972823452,0.6818013643130614,0.7673869956531779
2018-01-26,0.7268897406570481,0.6812838333324412,0.7670647114318914
2018-01-29,0.7282586929223865,0.6810834167817597,0.767060886025692
2018-01-30,0.7285963412367267,0.6814843721138971,0.766770383178959
2018-01-31,0.728771787539606,0.6811779099499169,0.767269511249474
2018-02-01,0.7287709489120816,0.6810950840827956,0.7675058088445726
2018-02-02,0.7284181286051137,0.681062171759202,0.7675165113535436
2018-02-06,0.7269022590247536,0.6810309210512702,0.7675276996599492
2018-02-07,0.7275907581380894,0.6808870950138918,0.7674276322844545
2018-02-08,0.7257102291137886,0.6812685154048802,0.7672731703134154
2018-02-09,0.726883439924899,0.681262830379084,0.7674103722499889
2018-02-12,0.728250633519345,0.6813909280746905,0.767145242037825
2018-02-13,0.7270370839256153,0.6810957630301315,0.7674268602441533
2018-02-14,0.7270633100904693,0.6806140737561877,0.7673046483346059
2018-02-15,0.7267400655395561,0.6804873585257589,0.7677622908998222
2018-02-16,0.7265813127213042,0.6803484507988885,0.7680172302984023
2018-02-19,0.7267516640217933,0.6800814670323662,0.7680234197990944
2018-02-20,0.7269158735265566,0.6801279659753241,0.7682271834359554
2018-02-21,0.7285872170579352,0.6802453151108767,0.7683361435315487
2018-02-22,0.7284128041057017,0.6802141008066468,0.7682296132791834
2018-02-23,0.7275838820695905,0.6804418592674384,0.7687043579478746
2018-02-26,0.7270730332514838,0.6799424122836054,0.7687162173688133
2018-02-27,0.7270829058592226,0.6800592721736505,0.7686490551565149
2018-02-28,0.7263947226226012,0.6799189468882991,0.7689483686251761
2018-03-01,0.7264026859909851,0.6800704350652663,0.7691100969196484
2018-03-02,0.7257477741234388,0.6796648682398296,0.7696039173512321
2018-03-05,0.726274634336731,0.6798290041756363,0.7697701620807857
2018-03-06,0.7271272801911548,0.6796650700941723,0.7696703213106635
2018-03-07,0.7279677265665828,0.6797969920372002,0.7697765188001152
2018-03-08,0.7272851678493857,0.6794434565323639,0.7696347118548701
2018-03-09,0.72694768341963,0.6795738030945339,0.7700646180757645
2018-03-12,0.7259337482835356,0.6791137206098997,0.7699597202816056
2018-03-13,0.7245793966369579,0.6788991599566989,0.7699472424110654
2018-03-14,0.7240897638257696,0.6787207087682328,0.7695843245604959
2018-03-15,0.7252492679684978,0.678802940431081,0.7694380927969289
2018-03-16,0.7252510699585077,0.6783043523976142,0.7695075700004732
2018-03-20,0.7252518624958563,0.6784192763770325,0.769452870378624
2018-03-21,0.7247177743762725,0.678548312449665,0.7691626822936495
2018-03-22,0.7241763114711565,0.6786282126017508,0.7688220659737347
2018-03-23,0.7233392441009862,0.6788720168420833,0.7700158888976161
2018-03-26,0.7226107031247136,0.678569167760261,0.7696829064895874
2018-03-27,0.7227690792575688,0.6786615494730258,0.7700780401247073
2018-03-28,0.7207071419106583,0.6785286893465763,0.7702623150289051
2018-04-02,0.7205273935238484,0.6784731255751243,0.7702044698781351
2018-04-03,0.7200329138465513,0.6789670322422886,0.7697165928869153
2018-04-04,0.7196973528029526,0.6785140397986398,0.7695364098185722
2018-04-05,0.718317505307671,0.6785263613362004,0.7699028948268644
2018-04-06,0.7176431482109957,0.6783207039994346,0.7699341400974923
2018-04-09,0.71782249679209,0.6784594354239639,0.7697548915176593
2018-04-10,0.717835697781864,0.6787250936763374,0.770113613652185
2018-04-11,0.7193892827568855,0.6784135055611903,0.7701222415142494
2018-04-12,0.7195747341814668,0.6782643364279718,0.7703227948839835
2018-04-13,0.7199045641608839,0.6779553494986047,0.7696605414354857
2018-04-16,0.719914480444997,0.6779346973342222,0.770521344905166
2018-04-17,0.7190231327359727,0.6777557101058528,0.7704200974491208
2018-04-18,0.7185274051561296,0.6773664537714721,0.7712266515410887
2018-04-19,0.7197544505648438,0.6780499535724009,0.7712086566797562
2018-04-20,0.7204551279198769,0.6781476748333723,0.7707174948794963
2018-04-23,0.7214655894016343,0.6779453465657127,0.7706704106797668
2018-04-24,0.7202486220224762,0.6781070101370992,0.770159905704847
2018-04-25,0.720414163890549,0.6778175811334158,0.7706550178718512
2018-04-26,0.7202470533197614,0.6777184983443386,0.7712875374391582
2018-04-27,0.7209323124048747,0.6776689855566127,0.7710425149322552
2018-04-30,0.7214446123013852,0.6776546632283746,0.7713676649134167
2018-05-02,0.7209390462579313,0.6779388583537422,0.7709608436041139
2018-05-03,0.7190491546422583,0.6776959897411429,0.771144374356672
2018-05-04,0.7180372320573598,0.677869771029918,0.7708564296717599
2018-05-07,0.7176987959178385,0.6776982563523473,0.7706789902231345
2018-05-08,0.7164958975791825,0.6778269071612645,0.7711972745253204
2018-05-09,0.7159464960008012,0.6773127249331165,0.77103320873073
2018-05-10,0.7159311818494168,0.6772932457340894,0.7710444124039416
2018-05-11,0.716617632732238,0.6772180336958625,0.771406380856299
2018-05-14,0.7176240810849378,0.67677214091536,0.7713050566500842
2018-05-15,0.716576713174191,0.6765977533308156,0.7711956269793218
2018-05-16,0.7152179468730866,0.6767738596788332,0.7715086207214576
2018-05-17,0.7141543933009485,0.6767714450630757,0.7715191271202849
2018-05-18,0.7160426122788351,0.6766698374745067,0.7714992270544749
2018-05-21,0.7167023723098773,0.6766683572827369,0.7715114284896482
2018-05-22,0.7165153482441513,0.6765834512877825,0.7713773030747862
2018-05-23,0.716879133985176,0.6763024559871845,0.7718607493041589
2018-05-24,0.7168696705033155,0.6765308050571329,0.7715049309169401
2018-05-25,0.7174039525798362,0.6762436897761723,0.7715074810974814
2018-05-28,0.7168827431198345,0.6759555595617202,0.7710998525119847
2018-05-29,0.7160348276045293,0.6760914304313425,0.7715245606883665
2018-05-30,0.7151997239465304,0.6761399613002353,0.7713136407800812
2018-05-31,0.7148253451383348,0.6763587643910509,0.7716448258531535
2018-06-01,0.7144946853720193,0.6764699156063113,0.7714468928001644
2018-06-04,0.7148335298423172,0.6763443814289457,0.7716595202835885
2018-06-05,0.7157105840047682,0.6756634853759574,0.7717108766578035
2018-06-06,0.7160763321009529,0.6763184571730899,0.7719242454806206
2018-06-07,0.71677098218208,0.6760532363025238,0.7719712701377585
2018-06-08,0.7169686072353002,0.6759267604268269,0.7721593274863277
2018-06-11,0.7174895122998436,0.6760219439477044,0.7719990702742981
2018-06-12,0.7180060936519244,0.6759276352238972,0.772868215508606
2018-06-13,0.7182038409237399,0.6760960157880109,0.7731372714467752
2018-06-14,0.7183461077553117,0.6754612954987469,0.7733478214408928
2018-06-15,0.7186968472229691,0.6762958909407862,0.7736641582023085
2018-06-18,0.7181565821948396,0.6754602514555573,0.7734542876728937
2018-06-19,0.7181411985238969,0.6753292189084266,0.7736416781224221
2018-06-20,0.7184896550339214,0.6752749353437286,0.7738202954235572
2018-06-21,0.7181208496489245,0.6757061964497765,0.7733652761291877
2018-06-22,0.7183040901690548,0.6755807273432024,0.7729997356436371
2018-06-25,0.7198484980233326,0.6753279912412975,0.7731306504237018
2018-06-26,0.7207150433231545,0.6751521605705213,0.7733590851325107
2018-06-27,0.7201887890892064,0.6756959081125564,0.7731489122700906
2018-06-28,0.7196917893809949,0.675967201589296,0.7729714419456649
2018-06-29,0.7193507453714959,0.6762160734995895,0.7731126939603521
2018-07-02,0.7186600827923855,0.6763732779659553,0.7729523945137663
2018-07-03,0.7185032820545751,0.6758333854679325,0.7730838980471698
2018-07-04,0.7193624285442065,0.675767855887834,0.7731479283326737
2018-07-05,0.7179713693720359,0.6761284789154304,0.7729636167940861
2018-07-06,0.7189849570393437,0.6747994862194698,0.7728181455187187
2018-07-09,0.7186491744101726,0.6750372313646318,0.7735173995375024
2018-07-10,0.7181371912144029,0.6754149200665749,0.7733711700311494
2018-07-11,0.7196636133754155,0.6750141263099572,0.7734992411623937
2018-07-12,0.718939271699234,0.6750318821294233,0.7730990105388402
2018-07-13,0.7175977844437348,0.6745939788247594,0.7731636089123043
2018-07-16,0.717295205204093,0.6746253264523381,0.773582870951506
2018-07-17,0.7173058764864246,0.6748248688759596,0.7740291274246561
2018-07-18,0.7188472622204992,0.6756726071330545,0.773364584246304
2018-07-19,0.7188439325365422,0.675041640525845,0.773825543643746
2018-07-20,0.7195118808231367,0.6750694645220175,0.7739422992373463
2018-07-23,0.7183445981647696,0.6752841315480284,0.7739761445343608
2018-07-24,0.7184992747373338,0.6748844871162905,0.7735380162971087
2018-07-25,0.7183180050541411,0.674656209973558,0.7737606810323076
2018-07-26,0.7191756117968665,0.6750142702750439,0.7742916541160426
2018-07-27,0.7195003346651085,0.6746552026196081,0.7738990682244413
2018-07-30,0.7220426629278476,0.6751405593545966,0.774052416491674
2018-07-31,0.7207042911769646,0.6747584861250774,0.7739790726791508
2018-08-01,0.7230501707271745,0.6746077041240749,0.773705406602448
2018-08-02,0.7230459388457922,0.6745920987744067,0.7740985499878777
2018-08-03,0.7228869960927066,0.6750863571713845,0.7743450240668713
2018-08-06,0.7242141757727597,0.6746760901524869,0.7743666256266853
2018-08-07,0.7238658534016033,0.675283550731499,0.7745947237735866
2018-08-08,0.7230085829303456,0.6747107797295858,0.7749940912305691
2018-08-09,0.7229820759034189,0.6751575691240338,0.7748001948395642
2018-08-10,0.7215654653485979,0.6753490313456172,0.7750853933891931
2018-08-13,0.7227219073851794,0.6749436516488693,0.774881050116152
2018-08-14,0.7222096422143209,0.6748759962335454,0.7749117058570016
2018-08-15,0.7203235980975135,0.6748368494061481,0.7746948860889326
2018-08-16,0.7197840046866787,0.6743228273919576,0.7749135403502027
2018-08-17,0.7197678704408993,0.6746395931230673,0.7749023641113723
2018-08-20,0.7206233249536907,0.6745952771888937,0.7744439228571031
2018-08-21,0.7195844964741464,0.6750351220517263,0.7746287842543145
2018-08-22,0.718727487065325,0.6749007115778554,0.7747178573557274
2018-08-23,0.7176922062925987,0.6747850552871222,0.7744420309715755
2018-08-24,0.7163322743885798,0.6749346080826919,0.7753215929857373
2018-08-27,0.7165242366653168,0.6751903160926742,0.7752300519294926
2018-08-28,0.7165211025229948,0.6745797240280478,0.7751222459109613
2018-08-29,0.7163682943672706,0.6739348226175048,0.775276364606561
2018-08-30,0.7171950788459723,0.674128911601774,0.7751695021282404
2018-08-31,0.717150603352297,0.6743629680677851,0.7750328726371489
2018-09-03,0.7172070802740054,0.6746135658738527,0.7746302650846688
2018-09-04,0.7165393960720545,0.6747113068778696,0.7754421557323848
2018-09-05,0.7170640505066521,0.6741595123669141,0.7757214767251905
2018-09-06,0.7170859988155437,0.6744111810783949,0.7752222511126708
2018-09-07,0.7173013646151718,0.6740610649769634,0.7757513759616917
2018-09-10,0.7177431347875107,0.6741543041533652,0.7756698178500936
2018-09-11,0.7186174935884303,0.6740124373420705,0.7755003620037438
2018-09-12,0.7199996086645437,0.6737412767530317,0.775756483931032
2018-09-13,0.7196836384723471,0.6733287635884128,0.7754991836609663
2018-09-14,0.7195160652342212,0.6734630250749274,0.7754735204317642
2018-09-17,0.7217107633641257,0.6733896313507094,0.7753599063896461
2018-09-18,0.7224333645854949,0.6737350085354219,0.7751007606675915
2018-09-19,0.7226088750793754,0.6737217607464847,0.7754653757713943
2018-09-20,0.7226183538954101,0.6740674894735784,0.7754744031083741
2018-09-21,0.7239610528738605,0.6741215791117204,0.775443327387108
2018-09-24,0.7241006081274322,0.6739941551974323,0.7756303446528273
2018-09-25,0.7230627335340536,0.6737100167266761,0.7761614368336631
2018-09-26,0.7226081244488606,0.673641472212877,0.7759121271258365
2018-09-27,0.7231213539496284,0.6737267115953401,0.7757080749347083
2018-09-28,0.7227719046528294,0.6733661311733766,0.7757376268134853
2018-10-01,0.7237913323700722,0.6736054558320158,0.7758852541353473
2018-10-02,0.7239601538748749,0.6735931302743087,0.775303537128661
2018-10-03,0.7248118991875875,0.6730605977498981,0.7758148403459837
2018-10-04,0.723450700136989,0.6734183788754348,0.7760508666583735
2018-10-05,0.7245055621892648,0.6734405221530524,0.7758394340525313
2018-10-08,0.7247954221823617,0.6735228262952262,0.7756237181059338
2018-10-09,0.7243160808537157,0.673638755138598,0.7758135070063883
2018-10-10,0.7238303965673305,0.673608864111122,0.7762468675092418
2018-10-11,0.7238486857587499,0.6739572638298579,0.7762361167493385
2018-10-12,0.7233307756736079,0.6734215668227593,0.7768653271777647
2018-10-15,0.7228189671618768,0.673014548701166,0.7765525461947965
2018-10-16,0.7226350230761587,0.673054161319173,0.7769148460891451
2018-10-17,0.7221259957120112,0.6734590163623915,0.7768402991455156
2018-10-18,0.7224812313194461,0.6732409909641454,0.7768704708326621
2018-10-19,0.7219612236735845,0.6729228949119985,0.776835260089625
2018-10-22,0.7241818305060306,0.6728137580393927,0.7770504354546662
2018-10-23,0.7221560502415512,0.6722501987120668,0.7769836986102876
2018-10-24,0.7230132467370606,0.6723115114630966,0.7772036207197773
2018-10-25,0.7248907679851273,0.6724951919586303,0.7774109582193425
2018-10-26,0.7246970002072556,0.6728860040183539,0.777235759960567
2018-10-29,0.7221272431685397,0.6728211846760122,0.777402144106002
2018-10-30,0.7213044575397461,0.6722958050089393,0.7770845287086482
2018-10-31,0.7202724924116549,0.672128770472099,0.7772329987476959
2018-11-01,0.719275067395438,0.6727051268249958,0.7774394289565677
2018-11-05,0.7163720094436105,0.6729508692668984,0.777688230102945
2018-11-06,0.7163354583872139,0.672139000396871,0.777734757385854
2018-11-07,0.7156805425241783,0.6717329118145108,0.7775728131728638
2018-11-08,0.7134360148707348,0.6722976959496516,0.7779287818980561
2018-11-09,0.713766083334073,0.6722435249847749,0.777726944309488
2018-11-12,0.7120529189782429,0.6711820169328684,0.7774482469493834
2018-11-13,0.7121983985995101,0.6717491988873419,0.7777609960446372
2018-11-14,0.7121783473651812,0.6717245074044924,0.7773079579027129
2018-11-15,0.7116411134941348,0.6720072912377941,0.7775864488003149
2018-11-16,0.7107533206273208,0.6716292548571675,0.7784259611541844
2018-11-20,0.709359797649336,0.6716804923089577,0.7784656496292759
2018-11-21,0.7098945366754211,0.671384198041383,0.7778850792919616
2018-11-22,0.7088455316867369,0.6715242757159304,0.7785564931865241
2018-11-23,0.7079895576099527,0.6722422914503099,0.7782180238937351
2018-11-26,0.707294296688597,0.6717230294422447,0.7781561138342831
2018-11-27,0.7081576258162453,0.671806729387712,0.7777346495903602
2018-11-28,0.7065861211672464,0.6722638307930286,0.7777305699899457
2018-11-29,0.7050201316956035,0.6719648555341147,0.7770864725666077
2018-11-30,0.705012750014343,0.6720770340078639,0.7770245308161706
2018-12-03,0.7043167583157018,0.6719334183109875,0.7772327519660704
2018-12-04,0.7039411820013779,0.6715831113563777,0.7771272121062788
2018-12-05,0.7041576963139186,0.6721724246452968,0.7774914380862599
2018-12-06,0.704360481436983,0.671783935414183,0.7777989364312836
2018-12-07,0.7029267516882194,0.6719315958316119,0.7780214610314818
2018-12-10,0.7028772568837849,0.6723103006165222,0.7785329676697954
2018-12-11,0.7025295849624678,0.6716032785216741,0.7780239856993976
2018-12-13,0.7014916362121779,0.6716278429649721,0.7782822439099815
2018-12-14,0.7010998983985054,0.6711006259365982,0.7784781268194784
2018-12-17,0.7005497486778872,0.6712969730215782,0.7789397260263262
2018-12-18,0.7007475895067363,0.6713090424114887,0.7782795290145337
2018-12-19,0.7016373628487095,0.6713183260017487,0.7788997631942738
2018-12-20,0.7027120238464292,0.6714113092261113,0.7788905212071097
2018-12-21,0.7020249529215171,0.6714590305771017,0.779312929244135
2018-12-24,0.7020110041541456,0.6716419512103988,0.7798419977803397
2018-12-26,0.7037150750484734,0.6716547549286271,0.779919624781783
2018-12-27,0.7033506082805057,0.6715906612012187,0.7799585790485596
2018-12-28,0.7033970578139163,0.6712963495516473,0.77906401572524
2018-12-31,0.7041191697743494,0.67145838609404,0.7793110004380573
2019-01-02,0.7028743343265317,0.6714998459126434,0.7792176337819844
2019-01-03,0.703362697878551,0.6717653217210381,0.7798909365634169
2019-01-04,0.7029897090084235,0.6711929643605272,0.7795936768928577
2019-01-07,0.7018876217524529,0.6714056712951736,0.779777144217261
2019-01-08,0.7010103102354337,0.6710741572503225,0.779671346848778
2019-01-09,0.7011594520167767,0.6710428241297453,0.7792050171662286
2019-01-10,0.7011659518145508,0.6706947070408797,0.7794436128512984
2019-01-11,0.7011697171013777,0.6709744795894793,0.7794800559300292
2019-01-14,0.7016356637141684,0.6709877993807336,0.7794255779550763
2019-01-15,0.7009577959584542,0.6707849713003944,0.7792399519998648
2019-01-16,0.701444857694543,0.6706827751608359,0.7792319444436218
2019-01-17,0.7016596284354594,0.6708013871580095,0.7789679103879305
2019-01-18,0.7034460266276816,0.6707333115899187,0.7793712864683661
2019-01-21,0.7035220662829321,0.6707820428912808,0.7796548579375892
2019-01-22,0.703552255113425,0.6707782862364744,0.7795487822293208
2019-01-23,0.7035481841878302,0.6707233301193798,0.7796002407684028
2019-01-24,0.703550170734038,0.6708594315429597,0.7797092571577353
2019-01-25,0.703711023637615,0.6707885453929816,0.7795115750349136
2019-01-28,0.7028358187833339,0.6705449662623733,0.7795174836259054
2019-01-29,0.7026576932182983,0.6704429988614173,0.779442752881113
2019-01-30,0.7028310149371932,0.6704040039740397,0.7789399192188871
2019-01-31,0.7008674039998278,0.6705309424013053,0.7793189634063395
2019-02-01,0.7018785055614389,0.6703591422360603,0.7798482005327321
2019-02-05,0.7008696310360946,0.6706062119086585,0.7798662121199645
2019-02-06,0.7004908294576472,0.670741476187679,0.7791903908916777
2019-02-07,0.7013848299391321,0.6711652397792404,0.7787814322479122
2019-02-08,0.6997770380874294,0.670758491355498,0.7789578033240458
2019-02-11,0.7011711694485877,0.6704851574768613,0.7796386361576402
2019-02-12,0.7008130728862934,0.6703989063990475,0.7796146885201732
2019-02-13,0.7009423746039554,0.6702727173373103,0.7796681078198414
2019-02-14,0.7027296960639811,0.6701798086255529,0.7799797263844047
2019-02-15,0.7025970939052965,0.6702080422077495,0.7799246877557904
2019-02-18,0.7029250959904717,0.6698582950964125,0.7803630394046425
2019-02-19,0.7035130444122049,0.6695721860268451,0.7806389200599749
2019-02-20,0.70386531775377,0.6696609695926611,0.7807972492409374
2019-02-21,0.7043656521904544,0.669470316464172,0.7808987852303146
2019-02-22,0.7045712543672144,0.6693627839652783,0.7811453020435887
2019-02-25,0.7033622176998916,0.6693674729979968,0.7812903930019697
2019-02-26,0.7043244984895105,0.6692512067677169,0.7815963420176382
2019-02-27,0.7045188122325828,0.6691438397552215,0.7813845867772692
2019-02-28,0.7048833232478959,0.6691422876145059,0.781292967195776
2019-03-01,0.7055949109283636,0.6697962229055404,0.7810248230770512
2019-03-04,0.7062458614620225,0.6689358108743271,0.7810991202385714
2019-03-05,0.7052249434846178,0.6689511281603863,0.7814088467603961
2019-03-06,0.7044988747809316,0.6693436221815626,0.7815687902061436
2019-03-07,0.7029390245576116,0.6694717573377074,0.7813960407844153
2019-03-08,0.7034553484550513,0.6693068227792669,0.7810959208331453
2019-03-11,0.7041745090533249,0.6692473976602359,0.7813480732466811
2019-03-12,0.70346043996881,0.668781919906432,0.7810381552640537
2019-03-13,0.7034757168404724,0.6693927480417539,0.781217694670201
2019-03-14,0.704840157106894,0.6690590292677959,0.7820471780355096
2019-03-15,0.7053415475020239,0.6692493858328588,0.7822052833245672
2019-03-19,0.7053508925899239,0.6694329033042874,0.7815505733617176
2019-03-20,0.7044672492738188,0.6692284249620637,0.7814736630792883
2019-03-21,0.7046634504880088,0.6694093630135706,0.7817411255197275
2019-03-22,0.7029114437661674,0.669545050430886,0.7817199508315416
2019-03-25,0.7031171031982212,0.6697079203715315,0.7818491484428761
2019-03-26,0.7034796203828807,0.6692361522332225,0.7822936476298459
2019-03-27,0.703288521096591,0.6694015881324771,0.7818836686395941
2019-03-28,0.7038025267970056,0.6696017821105275,0.7814023996646408
2019-03-29,0.7025548118391197,0.6695450678984375,0.7808435243973352
2019-04-01,0.7032937051888273,0.6693917059666034,0.7806403018174559
2019-04-02,0.7036037856620744,0.6697992427137412,0.7812221782746972
2019-04-03,0.7041587826168801,0.669292437520068,0.7815002207925522
2019-04-04,0.7027657321139766,0.6692721922353276,0.781158811606861
2019-04-05,0.7020642357820421,0.6689501769631714,0.7816072436190017
2019-04-08,0.7028008783269921,0.6691271213363238,0.7808332230486518
2019-04-09,0.7029535334124339,0.6690135953804891,0.7804289881030227
2019-04-10,0.702804653734488,0.6689442619064796,0.7805970320160874
2019-04-11,0.7033427333215795,0.669204044450557,0.780023184120636
2019-04-12,0.7030200494243358,0.669259286309822,0.779837468823345
2019-04-15,0.7044160323550407,0.6690787487805546,0.7801796094925569
2019-04-16,0.7030401105629389,0.6691993917885504,0.7803126139122984
2019-04-17,0.7024973630347233,0.6688847252218746,0.7806394369018907
2019-04-22,0.7040320529842516,0.6689065155897989,0.780453702441065
2019-04-23,0.7046125406311111,0.6694539669446318,0.780319627959733
2019-04-24,0.7065383960614994,0.6694830098409889,0.7804377522671904
2019-04-25,0.7070587425874617,0.6689899733189502,0.7806025278668287
2019-04-26,0.7108842179593347,0.6694452805720795,0.7808843100140748
2019-04-29,0.7110672490185712,0.6691504117004184,0.7804073543122193
2019-04-30,0.710662152038873,0.6683524306998535,0.7807940803027235
2019-05-02,0.7144478968675373,0.6688455744028227,0.7808033139181015
2019-05-03,0.717546477495081,0.6690791678471132,0.7810902846871265
2019-05-06,0.7166661502454094,0.6690994851507456,0.7805538793697719
2019-05-07,0.7175513203267625,0.6691293612824256,0.7805940321277864
2019-05-08,0.7206472089051724,0.6689559144486898,0.7808798806454826
2019-05-09,0.7211918258340295,0.6698289302186703,0.7807170397749
2019-05-10,0.7225743283086218,0.6690707352713132,0.7805355693140508
2019-05-13,0.724651131500605,0.6691110901730963,0.7808726123400694
2019-05-14,0.7244775982766148,0.6697831360955143,0.7800809009217483
2019-05-15,0.7246347796355009,0.6686643675125278,0.7805639990881819
2019-05-16,0.7258074426715255,0.6686624340520863,0.7807403333231198
2019-05-17,0.726498211350039,0.6683750175736745,0.7813024582757744
2019-05-20,0.7270354881890249,0.667729087426581,0.781255292101707
2019-05-21,0.7271851727390166,0.6679815850874133,0.7818837066221541
2019-05-22,0.7282152863464304,0.667630182604666,0.7815178638182478
2019-05-23,0.7304143268995695,0.6683139394558938,0.781064624272329
2019-05-24,0.7304311100392076,0.6679285788329684,0.7802475130543538
2019-05-27,0.7316084885398378,0.6686196521407628,0.7809448002905796
2019-05-28,0.7327829015168734,0.6683101723552429,0.7811664105498513
2019-05-29,0.7334620332782645,0.6681189495455576,0.7821889342199199
2019-05-30,0.7329616278318091,0.6684720367871989,0.7814675715160814
2019-05-31,0.7329295011792452,0.6680011155666339,0.7813240325848094
2019-06-03,0.7327921573890168,0.6681356657656725,0.7813979410044267
2019-06-04,0.7323087154077434,0.6679404824430573,0.7817130522161565
2019-06-05,0.7328283136311147,0.6681208919821197,0.7818283284396701
2019-06-06,0.7324899575137627,0.6684781627898538,0.7813811995492175
2019-06-07,0.7331304411722215,0.6682886306146513,0.7812387965043823
2019-06-10,0.732631357566515,0.6676005736055131,0.7818867992298301
2019-06-11,0.7323012063520752,0.6678314119102224,0.7815810623486988
2019-06-12,0.7333248835820053,0.6677702974075712,0.7818384241816572
2019-06-13,0.732826910776223,0.6677165444868209,0.7812452939689779
2019-06-14,0.7318399322849394,0.6681157976626637,0.7813498394713516
2019-06-17,0.7321564392993336,0.6678296100481197,0.7815920851896687
2019-06-18,0.7333176579102532,0.6680159934941856,0.7818579179777352
2019-06-19,0.7331152406061671,0.6677894171983043,0.7815640443546674
2019-06-20,0.7319400255607844,0.6681465051663248,0.7819809105369678
2019-06-21,0.7312851470881573,0.6677261124251778,0.7823915355309173
2019-06-24,0.7314601376921575,0.6675497133477021,0.7821716377494607
2019-06-25,0.7314590503421161,0.6672645757040491,0.7815618525104588
2019-06-26,0.7324942493527077,0.66757889360283,0.7817148280383895
2019-06-27,0.7320019937338166,0.6679013895207361,0.7816856224370747
2019-06-28,0.7333543176593573,0.6675567081138607,0.7816830003945548
2019-07-01,0.7325086760358442,0.6678465233779218,0.781602237845496
2019-07-02,0.7340210662983305,0.6680245557434122,0.7817459382727145
2019-07-03,0.7333356779511088,0.6681891699629116,0.7816563159845753
2019-07-04,0.7316527954382106,0.668340472350256,0.7821442556900075
2019-07-05,0.7328291473403671,0.6682768738258373,0.7827873734242102
2019-07-08,0.7331661098925975,0.667942512040813,0.7819066353943264
2019-07-09,0.7323067917603572,0.6679796145461843,0.7818289066898603
2019-07-10,0.7309707424802943,0.6675371029570885,0.7817789758753512
2019-07-11,0.7311435111195547,0.6666713566902965,0.7825394433016576
2019-07-12,0.7301645292045386,0.6665056005556514,0.7831551916825998
2019-07-15,0.7298120579426645,0.6663912015034039,0.7830272096279862
2019-07-16,0.7309960719274755,0.6658690407511431,0.7830466573331207
2019-07-17,0.7301525958496917,0.6658818133379695,0.7830358724847867
2019-07-18,0.7296169785426482,0.6663507201886666,0.7830792027362747
2019-07-19,0.728944988356105,0.6666441085004284,0.7832593569486083
2019-07-22,0.7277468764021865,0.6671418220937835,0.7831637018023134
2019-07-23,0.7268682218493059,0.6672562084361335,0.7829574724169509
2019-07-24,0.7260145389550122,0.6672515967925945,0.7829744061750061
2019-07-25,0.726854041531536,0.6671209473537422,0.7828330209490216
2019-07-26,0.7265026526956897,0.6672457331077906,0.7829842539395332
2019-07-29,0.7260070813176964,0.6672877505250047,0.7834180687769351
2019-07-30,0.724814798444361,0.6672209551406968,0.7830748448923814
2019-07-31,0.7234693082456901,0.6666519146515327,0.7840264838561009
2019-08-01,0.7248238740738534,0.6670214210634101,0.7833138913464237
2019-08-02,0.7236419377319343,0.666915252455132,0.783506275351615
2019-08-05,0.7231529142504683,0.6670279813664235,0.7832263892963791
2019-08-06,0.7240054164956748,0.6668383114367438,0.7835195768258699
2019-08-07,0.7231229841309035,0.666968171839171,0.7830241997281098
2019-08-08,0.7246317396695215,0.6660879320923722,0.7835813484489903
2019-08-09,0.725505322616475,0.6666241313185054,0.7830645837481813
2019-08-12,0.7239887922869125,0.6664982739873607,0.7829498540986077
2019-08-13,0.724118758933505,0.6669048905193439,0.7831295277873943
2019-08-14,0.7220442288201597,0.6670738188457198,0.7834263468389859
2019-08-15,0.7217197303837177,0.6672508224762959,0.7837065235748832
2019-08-16,0.7217060853786883,0.6671913383071921,0.7836213546562264
2019-08-19,0.7211923712973697,0.6668754693044313,0.7840840669721949
2019-08-20,0.721517898284595,0.6667880079074637,0.7842225850834679
2019-08-21,0.7195117629612272,0.6670148097959328,0.7841721753123991
2019-08-22,0.720381595851911,0.6670980348246676,0.7841529141662776
2019-08-23,0.7212249599420762,0.6673769668738455,0.784482905408264
2019-08-26,0.7208765586439936,0.6664320213135047,0.7838311679322119
2019-08-27,0.7196785576850158,0.6662628942474131,0.7840980548349903
2019-08-28,0.7213915254284842,0.6663014887222659,0.7834380955314162
2019-08-29,0.7181488209410214,0.6661840659743531,0.7838792126520786
2019-08-30,0.715879215285641,0.6660973308349215,0.7837046470468546
2019-09-02,0.7155817992191543,0.6658829075885699,0.7837280338212153
2019-09-03,0.7157498351571474,0.6669298607183368,0.7842153410615548
2019-09-04,0.7161083015649075,0.6663236215254629,0.7837506649294007
2019-09-05,0.714878489875792,0.6667105508748855,0.784102024220044
2019-09-06,0.7148834934702561,0.6660673273527972,0.7845390964774447
2019-09-09,0.7160911335930067,0.6664732057101693,0.7841313507792259
2019-09-10,0.715272486192525,0.6662244542664686,0.7834924436378067
2019-09-11,0.7166546619588311,0.6660580824337515,0.7843103556658163
2019-09-12,0.717504251171181,0.6659068918772854,0.7843096918770798
2019-09-13,0.7175298497460734,0.6661740667663433,0.7843595720299279
2019-09-17,0.7178844175430149,0.6661177145306363,0.7849929872829985
2019-09-18,0.7173434072686394,0.6664450963570312,0.7848748383535158
2019-09-19,0.7185359400774497,0.6667197658964253,0.7843632748572243
2019-09-20,0.7176566380563931,0.6666902620365959,0.7836474352098282
2019-09-23,0.7179981908484994,0.6663622588406,0.7835942237674098
2019-09-24,0.7178362708876989,0.6661055220033832,0.7841863657820085
2019-09-25,0.7169391527316452,0.6662717739196052,0.783716394609087
2019-09-26,0.7181402434175402,0.6659602325705292,0.7842508177202115
2019-09-27,0.7175993585303191,0.6654589781732908,0.7842183815022696
2019-09-30,0.7184546213411097,0.6659322958535853,0.7838537880814885
2019-10-01,0.7169173741549022,0.6660187102803201,0.7844783747679461
2019-10-02,0.7160783245778346,0.6661592842402105,0.7847527138214604
2019-10-03,0.7157128595278934,0.6652985358166418,0.7848433587943261
2019-10-04,0.7139677252721099,0.6655078080338533,0.7852288868196703
2019-10-07,0.7136147276595326,0.6653090561323958,0.7855608965195513
2019-10-08,0.7143061811321563,0.6645372210866395,0.7852781484429202
2019-10-09,0.7146500300871269,0.6648077021666495,0.786175975013188
2019-10-10,0.7139878966983176,0.6653583703926765,0.7863917887449826
2019-10-11,0.7124410635617772,0.6657810713126248,0.7861117191380854
2019-10-14,0.7126283739979331,0.665805475649121,0.7860564396305694
2019-10-15,0.712654559538747,0.6651265346368256,0.7863880977667167
2019-10-16,0.7138932890020279,0.6649381393526927,0.7863697439330894
2019-10-17,0.7138984196657314,0.6649517606697,0.7859732839438095
2019-10-18,0.7133180856158549,0.6646431724230824,0.7858196212250005
2019-10-21,0.7129844023855734,0.6648219699248288,0.7861426086760447
2019-10-22,0.7150570735643738,0.6644587655007336,0.7858016889579537
2019-10-23,0.7149165681624763,0.6646177995642345,0.786618316100738
2019-10-24,0.7150909574421942,0.6639743925182107,0.7867443119571998
2019-10-25,0.7149104305286413,0.6639445499887873,0.7868090162726926
2019-10-28,0.7140176271978463,0.6643538649661465,0.7869894941157823
2019-10-29,0.7152003972753573,0.6648222008131629,0.787036075851497
2019-10-30,0.716021981378936,0.6644733695482524,0.7873530868396157
2019-10-31,0.7158217863617228,0.6643862973529577,0.787374104236548
2019-11-01,0.7146499250823731,0.6643475172527048,0.7875839028795114
2019-11-04,0.7163593078184625,0.6639484464996999,0.7874152307264726
2019-11-05,0.7156840232598917,0.6637903773118762,0.7872429199421738
2019-11-06,0.7149742844585151,0.6637174883754727,0.7870168473911323
2019-11-07,0.7154737399480613,0.6635925332572113,0.7875465768306573
2019-11-08,0.7156806126825501,0.6635118179467568,0.787123518624006
2019-11-11,0.7153429404119027,0.6630833559406412,0.7871207409243446
2019-11-12,0.7149984052524181,0.6635472011973544,0.786686740984534
2019-11-13,0.714350124729395,0.6629214956029627,0.7873498935742987
2019-11-14,0.7146919930123734,0.6629916676720155,0.7873345155715828
2019-11-15,0.7163920256236745,0.6631779202086249,0.7873496768353276
2019-11-19,0.7167266961644683,0.6626985227207919,0.7871776978539735
2019-11-20,0.7165612372077035,0.6633531726603054,0.7873211585925347
2019-11-21,0.7166964534425889,0.6637654152349064,0.7872104607859263
2019-11-22,0.7170395018765643,0.6632458608962111,0.7875144489938439
2019-11-25,0.7175303096922415,0.6634849092470125,0.7874577480244324
2019-11-26,0.716369371150806,0.6631497097213177,0.7872188155479924
2019-11-27,0.716010697538688,0.6627087851114953,0.7869365205892517
2019-11-28,0.7156735697185982,0.6633930463757056,0.7867193192215921
2019-11-29,0.7147932925914471,0.6640032716207771,0.7871694294618286
2019-12-02,0.714248969626819,0.663018397576522,0.7872062946536179
2019-12-03,0.7139274491229819,0.6631339394510571,0.7871258948345479
2019-12-04,0.712700318292442,0.6628667528113918,0.7870848782459086
2019-12-05,0.7128804595460302,0.6629284816806718,0.7875736955614399
2019-12-06,0.7115502055937479,0.6625276551445175,0.7874672978051498
2019-12-09,0.7120613015433811,0.662351948502672,0.7880251302904763
2019-12-10,0.7104846255012199,0.6623891924983006,0.7882606030209423
2019-12-11,0.7106472426114095,0.6623977842157504,0.7885144895356743
2019-12-13,0.7103247296010494,0.6619341095505635,0.7880033083151898
2019-12-16,0.7097942800339194,0.6619651870125209,0.7885414008914803
2019-12-17,0.710821728679438,0.6621264895874518,0.7882694874064342
2019-12-18,0.7101608442802692,0.6617563830916285,0.788632528322748
2019-12-19,0.7104998201975251,0.6622502163021061,0.7880752217772223
2019-12-20,0.7098025820934373,0.6623619692947312,0.7882909593946881
2019-12-23,0.7101416344371975,0.6627675000297778,0.7881277835415974
2019-12-24,0.7113674698033466,0.6620089376288535,0.7874843452986575
2019-12-26,0.7105090464940006,0.6614445132580891,0.787834425934266
2019-12-27,0.7101455085377164,0.6611306629685149,0.7876491600410402
2019-12-30,0.7108325312809082,0.6614880163016412,0.7877653163821847
2019-12-31,0.7068468976673232,0.6614460091235413,0.7876414970120238
2020-01-02,0.7052666336792897,0.6618137922657459,0.7881630328068184
2020-01-03,0.7050898237881209,0.6615381435362415,0.7886436261872029
2020-01-06,0.7062984734215324,0.6618057438341013,0.7885182531448129
2020-01-07,0.7059514109129542,0.6614301005565059,0.78843876021025
2020-01-08,0.7066176209799033,0.6617468032585357,0.7878069765709734
2020-01-09,0.7062688741546712,0.6613899841211843,0.7883840389482992
2020-01-10,0.7063109514369259,0.6613419414537013,0.7882168683216991
2020-01-13,0.7070712165900499,0.6615499872783803,0.7887371518123206
2020-01-14,0.7070910170568311,0.6620919596969426,0.7889080165465285
2020-01-15,0.7072511305680679,0.661950554907387,0.7885328313607819
2020-01-16,0.7059957320061736,0.6614888343144799,0.7888777894547649
2020-01-17,0.706202645469744,0.6616579391078441,0.7889562282714767
2020-01-20,0.7076050646385945,0.6619426886425028,0.7883492346079778
2020-01-21,0.7080908476138554,0.6620109694476097,0.7885444084060612
2020-01-22,0.707280104633567,0.6615844622213499,0.7885534237513152
2020-01-23,0.7064371427782752,0.6612784862791325,0.7882705040108394
2020-01-24,0.7060733628102761,0.6613734763620517,0.7888864508905209
2020-01-27,0.7032801843150406,0.6611775963805582,0.7878301269942888
2020-01-28,0.701656159153771,0.6616012509902842,0.7887081967074713
2020-01-29,0.7026353773034119,0.6617053821405112,0.7885112127213988
2020-01-30,0.7024835316670677,0.6612849959771351,0.7887310332770247
2020-01-31,0.7026112357032746,0.6610108988306713,0.78896230705137
2020-02-04,0.7035337315246315,0.6608139540164354,0.7888867227966206
2020-02-05,0.7032280159948697,0.6607193495186509,0.788593344744744
2020-02-06,0.7049942016936424,0.6611665623203372,0.7893688119191647
2020-02-07,0.7051484887236472,0.6617330941177255,0.7889601657169227
2020-02-10,0.7065762894259546,0.661346810971017,0.7889611625028149
2020-02-11,0.7056738883185322,0.6605513857764163,0.789911957858159
2020-02-12,0.704937409530448,0.6603990588767131,0.7894143698809724
2020-02-13,0.7040608306711972,0.6606832477693508,0.7900181824175428
2020-02-14,0.7036983374407366,0.6610684983945735,0.7897807885241686
2020-02-17,0.7037236052845772,0.6606429874595982,0.790490152707582
2020-02-18,0.7047870063688425,0.6605000036431313,0.7907624894743149
2020-02-19,0.7054709170265279,0.6602965461910948,0.7911327276954758
2020-02-20,0.7053136758883184,0.6604492363225704,0.7911081185740289
2020-02-21,0.7082894089628907,0.6607138663315184,0.7902403732464552
2020-02-24,0.7096862974432309,0.659927179926567,0.7900997645313769
2020-02-25,0.7091572188667806,0.6601040274328168,0.789429480942518
2020-02-26,0.7098932702290925,0.6598368638727583,0.7896058794856011
2020-02-27,0.7076316399098649,0.6599923841769016,0.7892479627363758
2020-02-28,0.7090311083623989,0.6607045640159546,0.7890422192605475
2020-03-02,0.7080104299779695,0.6607596478185136,0.789767708808425
2020-03-03,0.708714451619368,0.6605520993083382,0.789874151583679
2020-03-04,0.7064507319485372,0.6604829692909124,0.789669913506758
2020-03-05,0.7048597641849741,0.66044781493122,0.7902382069783727
2020-03-06,0.7033049980943965,0.6604317534958513,0.7897565399251284
2020-03-09,0.6996290893656923,0.6603090994066732,0.7897600542764952
2020-03-10,0.6980529504928923,0.6600147902777171,0.7894513760222388
2020-03-11,0.6962743118578874,0.6598150697224731,0.790410897624453
2020-03-12,0.6925709913148198,0.6601774694019397,0.7897568075179882
2020-03-13,0.6922161398624695,0.6595662803028516,0.789892171375201
2020-03-17,0.6916876995690568,0.6598412691646809,0.7899501736957714
2020-03-18,0.6896921895822165,0.6600032988701048,0.7897873841380986
2020-03-19,0.6896767766941162,0.6599574519419443,0.7900094310563078
2020-03-20,0.6880962628508195,0.6595604034287686,0.7900246428454977
2020-03-23,0.6848886975484072,0.6597292837434673,0.7904606694044424
2020-03-24,0.6832375331368437,0.6597551850389001,0.79010698314997
2020-03-25,0.6817498722328409,0.659269257119763,0.7907923989228127
2020-03-26,0.6819543654922798,0.6598501814775708,0.7902613858129466
2020-03-27,0.6799761335166107,0.6594881604273191,0.7904699934387176
2020-03-30,0.6810607899633895,0.6593046562470479,0.7901101503724732
2020-03-31,0.6809225320167603,0.6590369646074585,0.7895010151739426
2020-04-01,0.6783285138777392,0.6598294354849127,0.7896779026988375
2020-04-02,0.677763645898685,0.6591941869428057,0.7900758830103487
2020-04-03,0.6778832361476854,0.6591690886922318,0.7899097739697075
2020-04-06,0.6766148873221675,0.6587187089786043,0.7894309210792756
2020-04-07,0.6766056271333761,0.658659373364211,0.7896372037225374
2020-04-08,0.6762958097800178,0.658551654728694,0.7897468715994458
2020-04-13,0.6748291692702416,0.6585152787185128,0.7896450069979143
2020-04-14,0.6740806455542755,0.658680781112153,0.7893144975929494
2020-04-15,0.6733750417107431,0.6581081931841507,0.7896842843919106
2020-04-16,0.6737372942819048,0.6576762899497118,0.7899782149937272
2020-04-17,0.6726524081828024,0.6583064076408266,0.7905158796616544
2020-04-20,0.6708690048515754,0.6583058096836081,0.7896545775774435
2020-04-21,0.6716155560241832,0.6580498072933019,0.7900402866235338
2020-04-22,0.671235659159096,0.6582841591660331,0.7897264315500748
2020-04-23,0.6723586180847373,0.6586355808797378,0.789893810937924
2020-04-24,0.67178185765667,0.6581915578848472,0.7900440448477828
2020-04-27,0.6712493941057321,0.6575065058721398,0.7902463888379578
2020-04-28,0.669460097865591,0.6579404178943891,0.7902752493321876
2020-04-29,0.6680151337785053,0.658651299138811,0.7901796700306509
2020-04-30,0.6685326504762771,0.657773985066571,0.7895030232068176
2020-05-04,0.6679773392566214,0.6580501528123938,0.7898755291168776
2020-05-05,0.6677704571760272,0.6578417446420222,0.789785148692622
2020-05-06,0.6682916310101097,0.6580661729301059,0.7896156105621353
2020-05-07,0.6701153757468057,0.6579035021105747,0.7900349454433552
2020-05-08,0.6693717609050306,0.657953843043638,0.7902809877406651
2020-05-11,0.6702664322049826,0.6576024765115575,0.7900607862771746
2020-05-12,0.6709391975645933,0.6575742879238785,0.7905167232073338
2020-05-13,0.6692338097719474,0.6579096175713156,0.7907278905420638
2020-05-14,0.670564383317959,0.6581946392239859,0.7909383441819237
2020-05-15,0.6709080172893969,0.658158826276459,0.790997061912069
2020-05-18,0.668339856054414,0.6583458849421558,0.7913901500969394
2020-05-19,0.6664961844342362,0.6577342182462478,0.791570984016576
2020-05-20,0.6647928328265305,0.6574178414236498,0.7914022526346931
2020-05-21,0.6650966967238753,0.6581634582703291,0.7919078548058934
2020-05-22,0.6666953863396652,0.6575910668194925,0.7915184013716403
2020-05-25,0.6670816528194101,0.6572927040473996,0.7916557186408436
2020-05-26,0.6659339383015468,0.6578784054526341,0.791574114631953
2020-05-27,0.6658970750481307,0.6568978271135981,0.7918763782539292
2020-05-28,0.6659441519513161,0.6571511822542804,0.7911687328087068
2020-05-29,0.665755603878723,0.6573294588176111,0.7921246206395367
2020-06-01,0.6672001982765647,0.6571401547637182,0.7912773321947438
2020-06-02,0.6653219370183134,0.6571049330277315,0.7916835921709847
2020-06-03,0.6646506653311112,0.6571768377228238,0.7915282555591364
2020-06-04,0.6643478994405857,0.6572048419449821,0.7919421894746128
2020-06-05,0.6641630750364985,0.6567985150745717,0.791476959163639
2020-06-08,0.6621324191917787,0.6572121960277787,0.7907609726001542
2020-06-09,0.6619472081203714,0.6575895310509037,0.7905089906148011
2020-06-10,0.6615856630950914,0.6578838719745002,0.7905202177717765
2020-06-11,0.6578956612071449,0.6574890322620355,0.7911017627502268
2020-06-12,0.6578640127581192,0.6576263740360256,0.7915813640345585
2020-06-15,0.6575170621259633,0.657861055064242,0.790706497351073
2020-06-16,0.6578005290469271,0.6583069890293924,0.7908767980940379
2020-06-17,0.6589600558641712,0.6579126679850137,0.7914222369887138
2020-06-18,0.6577937915533595,0.6575532308389225,0.7913300760096762
2020-06-19,0.6572234794727763,0.6576000781893805,0.7903880751157504
2020-06-22,0.6566564626903859,0.6573277381036527,0.7902983483093181
2020-06-23,0.657249428034886,0.6576584866596926,0.7902923304905934
2020-06-24,0.6594759871098681,0.6579837179604568,0.7901264260489049
2020-06-25,0.6611860777442494,0.657798559973278,0.7912690156135219
2020-06-26,0.6613539781501022,0.6580337757640189,0.7909086744445807
2020-06-29,0.6622706437849112,0.6584732280000153,0.7914763959845245
2020-06-30,0.6626795314109701,0.6576247108372018,0.7916322930457499
2020-07-01,0.6627082767826731,0.6573963208424972,0.7906515659846917
2020-07-02,0.6626058903893597,0.6573259166283124,0.7909873014639516
2020-07-03,0.663270590657091,0.6574925671591522,0.7908028779821887
2020-07-06,0.6626625542696564,0.657845576558835,0.7916143708427393
2020-07-07,0.6625024948626822,0.6577374937035613,0.7912349643340714
2020-07-08,0.6637861310592944,0.6574434398920566,0.7911958155569355
2020-07-09,0.6653752893394081,0.6569202858952699,0.7919798643028843
2020-07-10,0.6647939621600176,0.6574403343704076,0.7923265978252456
2020-07-13,0.6642263726583136,0.6576330675971112,0.7915975883890732
2020-07-14,0.6634682170720968,0.6576889282810271,0.790966996877197
2020-07-15,0.664029662091386,0.6569045891924834,0.7909221677003123
2020-07-16,0.6642121090022635,0.6564151361738001,0.7902608107001098
2020-07-17,0.6648322954467518,0.6566512649431989,0.7907079468045836
2020-07-20,0.6677441139064507,0.6565079404894231,0.7903614915492624
2020-07-21,0.6681349525184156,0.6562435982133562,0.790199342633782
2020-07-22,0.6671818689226939,0.6563885827786161,0.790771554387234
2020-07-23,0.6671729045812327,0.656485386251098,0.7909699373102058
2020-07-24,0.6680510990649594,0.6563552567659985,0.7902437996890362
2020-07-27,0.6691945528977901,0.6563877131968505,0.7903912434174971
2020-07-28,0.6692092357529374,0.656670018415611,0.7909523827768282
2020-07-29,0.6691359755214561,0.6564123868818101,0.7912369485528773
2020-07-30,0.6676513431560921,0.6566178538614895,0.7911797794132867
2020-07-31,0.668517605204016,0.6565847449143496,0.7916230072273458
2020-08-03,0.6700889806951186,0.6562458445900532,0.7912710973902566
2020-08-04,0.6697191419698186,0.6565136728114455,0.7915298774524148
2020-08-05,0.6693370895879102,0.6565015342060058,0.7923637738156738
2020-08-06,0.6698468910752443,0.6562704903343944,0.7923739406919452
2020-08-07,0.6706517824265011,0.6561796681025851,0.7919881814781048
2020-08-10,0.6702773963905745,0.6557934122299991,0.7921283840577096
2020-08-11,0.6698877844020168,0.6552595499492678,0.7921307486745726
2020-08-12,0.6688962999378394,0.6557572789654622,0.7923408085713711
2020-08-13,0.6696852293996419,0.6556418941669195,0.7920040229471235
2020-08-14,0.671167122732974,0.6560248069611915,0.7922530675910003
2020-08-17,0.6726239902813258,0.6556106479524552,0.7925206931025359
2020-08-18,0.671882173540225,0.6556658952571319,0.7924783744566795
2020-08-19,0.6757535106260769,0.6558297366549718,0.7936996930268285
2020-08-20,0.676676368889269,0.6564280534890606,0.7929771052758522
2020-08-21,0.6753193758942991,0.656014207386568,0.7926347738254342
2020-08-24,0.6758624915647949,0.6562166429658933,0.792629852415516
2020-08-25,0.6771254505173177,0.6561241773529559,0.7928616556937734
2020-08-26,0.6775005276363303,0.6561700921267555,0.7925356670120753
2020-08-27,0.6787684144160845,0.656490273811245,0.7925782987864041
2020-08-28,0.6811586156264373,0.6558165672428717,0.7920744290115783
2020-08-31,0.679613165291912,0.6557398686542996,0.7932542884427874
2020-09-01,0.6806194152312803,0.6553656151334388,0.7930491825125011
2020-09-02,0.6820398141370839,0.6554325657833959,0.7925766054817663
2020-09-03,0.6816456324655872,0.6556951779038676,0.7927622336882705
2020-09-04,0.6823691924016341,0.655604458385525,0.7937177803493487
2020-09-07,0.6842451241099061,0.6554112196992503,0.7933041195962416
2020-09-08,0.6832379259582746,0.6552219717576129,0.7936415395374798
2020-09-09,0.6843683411402274,0.6551562318375332,0.7933323908437964
2020-09-10,0.6874015194688887,0.6550708947386745,0.7932016674023082
2020-09-11,0.6891810415603422,0.6554262935130821,0.7937734426743597
2020-09-14,0.6888065736363254,0.6552603032030544,0.793517314022154
2020-09-15,0.6895093275149059,0.6549635477045528,0.7932765447319255
2020-09-17,0.6918191860277428,0.6548420185498799,0.7928099714392133
2020-09-18,0.6922107158537693,0.6545248018674383,0.7930883535488817
2020-09-21,0.6916593600170464,0.6543884643377087,0.7930990056799418
2020-09-22,0.6927925656331726,0.6550747394072651,0.7936796182562967
2020-09-23,0.6936925740287974,0.6548049692974169,0.7936137992914414
2020-09-24,0.694069143966161,0.6539306094299512,0.7931341789430012
2020-09-25,0.6958914642879025,0.6540678096355891,0.7934921923451537
2020-09-28,0.6937241561199247,0.654679681929115,0.7929613563237584
2020-09-29,0.6947009103969848,0.654915851389672,0.7925697300852539
2020-09-30,0.6939903921857686,0.6539812493012516,0.7929485432473694
2020-10-01,0.6932132789595126,0.6543419961065416,0.793212401703684
2020-10-02,0.6935777313045376,0.6545991694898617,0.7932957452402192
2020-10-05,0.6944672188104237,0.6544030565238079,0.7934783583952076
2020-10-06,0.6959463485111734,0.6545036146151804,0.7933937425815513
2020-10-07,0.6944873301609412,0.654069857867191,0.7933112415505433
2020-10-08,0.693312772549856,0.6543865017032783,0.7940347738035244
2020-10-09,0.6906268274098978,0.6542188208608879,0.7938954998254889
2020-10-12,0.6897316877842667,0.6539318671667464,0.7938345063802102
2020-10-13,0.6895801418888385,0.6532824014833689,0.7939002735260632
2020-10-14,0.6892458290286066,0.6532040438705596,0.7938799611620745
2020-10-15,0.6901035834722843,0.6526351215150311,0.7933729281202376
2020-10-16,0.6922280366843364,0.6532188431309927,0.793754883065405
2020-10-19,0.6893922169853322,0.6523841127072462,0.7935721445743185
2020-10-20,0.6904489702504043,0.6524766756615318,0.7933730294934863
2020-10-21,0.6913389126663992,0.6521830096830047,0.7936755153194462
2020-10-22,0.6920203561238354,0.6526070463836586,0.7936990048024347
2020-10-23,0.6928061118268243,0.652879015889123,0.7938360045004297
2020-10-26,0.691734405309588,0.6520375962031045,0.7940481455181782
2020-10-27,0.6905515029447425,0.6519490500400869,0.7942960170117157
2020-10-28,0.6891276537159932,0.6521334424793814,0.7944886061870616
2020-10-29,0.6904027320247101,0.6523531578824945,0.7946111818206235
2020-10-30,0.6898554605701094,0.6528426169555214,0.7942984808532536
2020-11-03,0.6887678541811465,0.6522782473574443,0.7949690704361803
2020-11-04,0.6903274059086444,0.6526687527448165,0.7944700184001603
2020-11-05,0.6896651290320768,0.652996817761501,0.7948432984504594
2020-11-06,0.6897136066272885,0.6537575199055027,0.7942601003663265
2020-11-09,0.6888147200820055,0.6530658467582849,0.7948747340899935
2020-11-10,0.6890031718574852,0.6525887500915495,0.7952804480929029
2020-11-11,0.6887783989678686,0.6528116413433146,0.7952312459288537
2020-11-12,0.6902613511425667,0.6524390606552296,0.7952168033462342
2020-11-13,0.6914939668312368,0.6529020061142043,0.7950952725277505
2020-11-17,0.689314363236284,0.6523655688595288,0.794638388773458
2020-11-18,0.6893199193931244,0.6524238073082375,0.7949648932144806
2020-11-19,0.6895470786701523,0.6524717403256223,0.7946629331188466
2020-11-20,0.6897795599016774,0.6525771295543449,0.794296204404179
2020-11-23,0.6912563923555497,0.6522698617605567,0.7940936136506556
2020-11-24,0.6898214125687556,0.6520708134290398,0.7947276506286043
2020-11-25,0.6911671805489068,0.6523242434656014,0.7943344715582754
2020-11-26,0.6936534347160367,0.6524020262942533,0.7949210476072139
2020-11-27,0.6938260305594283,0.6523520239211563,0.7949427130953427
2020-11-30,0.6945777257109387,0.6523884071476324,0.7944393705071074
2020-12-01,0.697020494716541,0.6526476756545557,0.794171886052426
2020-12-02,0.6968468406275404,0.651794082773885,0.7945297518645756
2020-12-03,0.6967852556415112,0.6521802880256123,0.7949264635048415
2020-12-04,0.6979938836711682,0.65269850916818,0.794862081997813
2020-12-07,0.6980664686421736,0.6524572537919878,0.7949215769702896
2020-12-08,0.6989726420524863,0.6523449695772101,0.7951327381363579
2020-12-09,0.6987804137643667,0.6525721188647693,0.7962125813154658
2020-12-10,0.6986490648744399,0.6527094868125511,0.7951639922328171
2020-12-11,0.6990461260445786,0.652300985865187,0.7949678077944584
2020-12-14,0.7003180810211422,0.6524207666379732,0.7949914877159397
2020-12-15,0.7005243772102294,0.6527321216389049,0.7946582564663213
2020-12-16,0.7001744401411933,0.6522135829111353,0.7944306786230834
2020-12-17,0.7001577269255868,0.6522078598529918,0.7946670396614731
2020-12-18,0.7000996359058623,0.6520675164981712,0.7949280098522036
2020-12-21,0.6983017195759389,0.6523507311893672,0.7953420766827177
2020-12-22,0.6979895926614994,0.6526429991410567,0.7952213367670578
2020-12-23,0.6969130722878971,0.6524554465280473,0.7952277366797942
2020-12-24,0.6958554252927159,0.6523866700714741,0.7951737484236124
2020-12-28,0.6951371506075701,0.652118862895204,0.7952833343667357
2020-12-29,0.6920718873985208,0.6518617349609882,0.7958893497861338
2020-12-30,0.6917748444168033,0.6517783439042341,0.7959735447861394
2020-12-31,0.6907457853152726,0.6516147256043239,0.7956237126742863
2021-01-04,0.6917743209320645,0.6514165674552398,0.7958709296948688
2021-01-05,0.6927022960019442,0.6516548367575212,0.7955903735539412
2021-01-06,0.6937070117744732,0.6514029528181445,0.7952967843338591
2021-01-07,0.6926532422038184,0.6509017169585799,0.7956476640303636
2021-01-08,0.6931857011007523,0.6512271686978048,0.7952733232419167
2021-01-11,0.6923223288854691,0.651377940862064,0.7950134880630956
2021-01-12,0.6926709898851242,0.6512159980119447,0.7953468059235788
2021-01-13,0.6932204518891445,0.6506871606903972,0.7949787286376766
2021-01-14,0.6926895127224292,0.6507542690067255,0.7944344772050531
2021-01-15,0.6914326654029176,0.6515467411381791,0.7954368053805986
2021-01-18,0.6908878243841992,0.6511498584295664,0.7949734743611356
2021-01-19,0.6899778080055172,0.6505423066168571,0.7947256167248155
2021-01-20,0.6899555589903323,0.6505669364455362,0.795014730693691
2021-01-21,0.6899500410962274,0.6509059652135517,0.794799521318169
2021-01-22,0.689776234680302,0.6506066432750217,0.7942282930863256
2021-01-25,0.688846046859303,0.6502208500819772,0.7945137528098889
2021-01-26,0.6887229798386978,0.6504911716119856,0.7946965444455582
2021-01-27,0.6881600512506881,0.6501241567772892,0.79466413906677
2021-01-28,0.6883542651629394,0.6505900520158959,0.7946375799882169
2021-01-29,0.6873173835258707,0.6502166611080766,0.7946776601239971
2021-02-02,0.6871194192457047,0.6503442948886704,0.7953322406415445
2021-02-03,0.6896770081027151,0.6493023228196858,0.7955484185132884
2021-02-04,0.6900730279951148,0.649460022480623,0.7957576249984037
2021-02-05,0.6898717975058447,0.6500351911599606,0.7958736301635857
2021-02-08,0.6888167449873659,0.6495393805350714,0.795808105081145
2021-02-09,0.6889804171227155,0.6491331607821114,0.7964113492388952
2021-02-10,0.6896926515856936,0.6496845186136277,0.7964553610877542
2021-02-11,0.6865934070534032,0.6498340977221322,0.7966030393509463
2021-02-12,0.6877910720858985,0.6499021400210725,0.7966477086868028
2021-02-15,0.6897779060321668,0.6494876920063734,0.7964454104457861
2021-02-16,0.688882072817851,0.6494709272018092,0.7961588620467657
2021-02-17,0.6888814239410991,0.6498318407486585,0.7965765202237877
2021-02-18,0.690121638165294,0.6493636069513571,0.7969545777157238
2021-02-19,0.690876320640305,0.6497032713156623,0.7963612323973752
2021-02-22,0.6916043007106996,0.6501049918838954,0.7970177376615836
2021-02-23,0.6928058988496014,0.6499248175423588,0.7969702053642536
2021-02-24,0.6958054095511268,0.649484925642773,0.7964556125231208
2021-02-25,0.6961742033383262,0.649465579028078,0.7963659361817647
2021-02-26,0.6971056565711442,0.6499102688979843,0.7961895187916328
2021-03-01,0.6976723393164489,0.6502465275535039,0.7963149765126104
2021-03-02,0.6974540562667295,0.6496894691505872,0.795682275987404
2021-03-03,0.69760506797011,0.6495755930243668,0.7963943438945787
2021-03-04,0.6979200282544413,0.6497811533559615,0.7959804192705544
2021-03-05,0.6978606390377925,0.6498521661117813,0.7965439652328092
2021-03-08,0.6988076784913001,0.6496300341861538,0.7959975267670415
2021-03-09,0.6986701911876841,0.649480130557541,0.7958163330449797
2021-03-10,0.6987111171649271,0.649921450775822,0.7957952588494117
2021-03-11,0.6997441696019524,0.6500584473952946,0.7954675111105483
2021-03-12,0.7000923516735147,0.6503003576121782,0.7955870798529955
2021-03-16,0.6995634655504674,0.650030770960124,0.7957243874127261
2021-03-17,0.6999317153856405,0.6502288740629586,0.7960152424648183
2021-03-18,0.6995805593855416,0.6498980596164023,0.7958442539219256
2021-03-19,0.6995658405098211,0.6505082777134132,0.796223091831916
2021-03-22,0.6997601645015253,0.6502114692505854,0.795745714776205
2021-03-23,0.7001213231134927,0.6502847508424999,0.795766004512278
2021-03-24,0.7008200529317252,0.6500374286345727,0.7956172808294204
2021-03-25,0.7011064954918002,0.6495578697288042,0.7958069907935067
2021-03-26,0.7023074729036735,0.6500333318055954,0.7961947790367008
2021-03-29,0.7022477218348114,0.6496150299222372,0.7962811202913768
2021-03-30,0.7017159760188721,0.6494446510630071,0.7966938035382191
2021-03-31,0.7003132557591818,0.6493821863483125,0.7964577954807563
2021-04-05,0.699466439132637,0.6495376309404097,0.7968337125227966
2021-04-06,0.701430962987545,0.6497352487053081,0.7972688379440098
2021-04-07,0.7054595093718448,0.649640818393677,0.7963295929152083
2021-04-08,0.706488003277255,0.6493839620358289,0.7961610642940875
2021-04-09,0.7066747094902677,0.6490656992093726,0.7960153784125271
2021-04-12,0.7060255333373923,0.6487167245109754,0.795630890391479
2021-04-13,0.7064031925070249,0.648619966704506,0.7958031160057506
2021-04-14,0.7053569865384288,0.6487114823065571,0.7955651607291182
2021-04-15,0.7086285830736054,0.6485541994092835,0.7954261847020945
2021-04-16,0.7075820347896657,0.6487704364489153,0.7954256309706329
2021-04-19,0.7071728013798656,0.6484028754502824,0.795506382172843
2021-04-20,0.7066633909208311,0.6476405608166538,0.7959267626881921
2021-04-21,0.707356426148503,0.647995663645101,0.7951357129412846
2021-04-22,0.7087309670316506,0.6473470080140324,0.795962639439654
2021-04-23,0.7093730950932772,0.6480979336925574,0.7961834921395388
2021-04-26,0.7104391744227675,0.6489366333748489,0.796524861709954
2021-04-27,0.7115178761689634,0.6491729865303196,0.7966015120166692
2021-04-28,0.7120177737151925,0.6490939256002931,0.7966257888960979
2021-04-29,0.712065972084963,0.6489186372063078,0.7960006695889515
2021-04-30,0.7113325897965008,0.6486156934405632,0.79617571429431
2021-05-03,0.7132303056701983,0.6489430744483965,0.7969247842350362
2021-05-04,0.7126818311446019,0.6487745078257426,0.7970483817649566
2021-05-05,0.7127060979916768,0.6484686477443273,0.7975652141133928
2021-05-06,0.7135706941182831,0.6480638888973849,0.7972992627402979
2021-05-07,0.7139298521940819,0.6480063246480645,0.7977327162078418
2021-05-10,0.7139273258414947,0.6481320786244926,0.7973078457532757
2021-05-11,0.7146382219801277,0.6483168447927349,0.7973941454245265
2021-05-12,0.7159621803730625,0.648525265900084,0.7975330183987178
2021-05-13,0.7158067417875392,0.6482111159385556,0.7972188543656117
2021-05-14,0.7157291082522788,0.6480439939705009,0.7974813769406558
2021-05-17,0.7155498467603165,0.6480358330560826,0.796762181987646
2021-05-18,0.7147219495050687,0.6477512756513157,0.7965670053111649
2021-05-19,0.7165892273217352,0.6482134935524966,0.7969826319906608
2021-05-20,0.7164481536952312,0.6484665207068627,0.7971837961120807
2021-05-21,0.7157583814250428,0.6482125790481765,0.7974203255230925
2021-05-24,0.7168085024877285,0.6477963402351091,0.7978769170666812
2021-05-25,0.7161010772755607,0.6482334296193112,0.7977076493224873
2021-05-26,0.716309963491148,0.6482814354628442,0.7974666169148961
2021-05-27,0.7169702572152513,0.6486135884823777,0.7974396022192998
2021-05-28,0.7173372299719704,0.6488167288169961,0.7971514999711646
2021-05-31,0.7164774590581616,0.6482575709740921,0.7968607155630404
2021-06-01,0.7166614476193848,0.6482938105806367,0.7971653022716146
2021-06-02,0.71599055208136,0.6475683038355626,0.7972107251679472
2021-06-03,0.7149137942260786,0.648096837930728,0.7968696974922094
2021-06-04,0.7149175639989391,0.6477912954379785,0.7967988295125037
2021-06-07,0.7123452589122783,0.647838430581847,0.7965900159858819
2021-06-08,0.7121897755785734,0.6481145149767951,0.7972462099133362
2021-06-09,0.7120005120687138,0.6485205634684013,0.7974011748761862
2021-06-10,0.713553156719213,0.6482305930839174,0.797341342332178
2021-06-11,0.7132911600639419,0.6479778656440739,0.797310409210238
2021-06-14,0.7131031052750746,0.647731638211389,0.79752277919575
2021-06-15,0.7134471427993152,0.6476935037201538,0.7968017308945343
2021-06-16,0.7132201609822042,0.6477972210671451,0.797166227391576
2021-06-17,0.7154404198153882,0.6483969898877742,0.7973686930584035
2021-06-18,0.7152890964992206,0.6473532995508676,0.7973736814929264
2021-06-21,0.7166164064482039,0.6470436426096885,0.7974835886952213
2021-06-22,0.7179900596430145,0.6474866901406585,0.7975664732489796
2021-06-23,0.7180051151396833,0.6474531199006025,0.7976574290244987
2021-06-24,0.718003893328786,0.6481231195213751,0.7974799971997142
2021-06-25,0.7172880083562672,0.6472633250439712,0.7975566207160381
2021-06-28,0.7172726701558177,0.6483182708001597,0.7976369956782601
2021-06-29,0.7181125103656709,0.6483956172309107,0.7978271835157047
2021-06-30,0.7198185912664732,0.6479582523344741,0.7974669512933614
2021-07-01,0.7193437113985919,0.6485066236105661,0.7977592264674219
2021-07-02,0.7200248383464255,0.6481611155463135,0.7976625136871297
2021-07-05,0.7211978384992127,0.6482736663073315,0.7975321366637801
2021-07-06,0.721409872737568,0.6479744116834603,0.7978354483423158
2021-07-07,0.7208706180593196,0.6484968497168454,0.7975323844001466
2021-07-08,0.7205118990453773,0.6480775457080887,0.7989908886380385
2021-07-09,0.7191317124519613,0.6478332140473475,0.7982448140805638
2021-07-12,0.7193420303279425,0.6478779177808669,0.798367754770367
2021-07-13,0.7173249905179893,0.6473535666105884,0.7984016590680132
2021-07-14,0.718187467324695,0.6471829676493346,0.7988904941715066
2021-07-15,0.7190903785060403,0.6464578761584531,0.7993287192224842
2021-07-16,0.7194479925242555,0.6472375639031154,0.799340630524969
2021-07-19,0.7172215931890845,0.6463898738040734,0.7987272578309487
2021-07-20,0.7186327445814799,0.6466523562276371,0.7987885376365476
2021-07-21,0.7182935768727442,0.6460402247436628,0.7994895157987357
2021-07-22,0.7192996650459367,0.6465998091989956,0.7994045053707151
2021-07-23,0.720553665289716,0.6464094322530805,0.7988259226370188
2021-07-26,0.7193557556739929,0.6458110671573132,0.7987773882652988
2021-07-27,0.7185150124272381,0.6464128729738523,0.7995046091469414
2021-07-28,0.7179977133247943,0.6470750678164316,0.7992358713287471
2021-07-29,0.7180317235704483,0.6463338550634428,0.7992570433379531
2021-07-30,0.7180336051487148,0.6468798088030395,0.798798450003191
2021-08-02,0.7173148802627171,0.6468863966520513,0.7982905051252311
2021-08-03,0.7186744207402083,0.6466055444190516,0.798263833208295
2021-08-04,0.7185396251270598,0.6465637679832175,0.7976201575875148
2021-08-05,0.718535158932954,0.6463702675267715,0.7983910435900358
2021-08-06,0.7184176596252388,0.6465440293377624,0.7978354257335634
2021-08-09,0.7175522255241238,0.6462987185527258,0.798199844917841
2021-08-10,0.7172116300498131,0.6463147091523316,0.7986259589247421
2021-08-11,0.7171950298200137,0.6464467551729729,0.7982604791840383
2021-08-12,0.7172005549245575,0.6463906787936179,0.7985270694879733
2021-08-13,0.717937866729249,0.6465768329324041,0.7986134328655168
2021-08-16,0.7173975871122922,0.6467193953458997,0.798467247670425
2021-08-17,0.719111445392578,0.6461326281587055,0.7981057486242891
2021-08-18,0.7206822864725929,0.6461740619329925,0.7979938472900574
2021-08-19,0.7196432992840787,0.6462125760847247,0.7977759795232814
2021-08-20,0.7201657964948784,0.6464544147307175,0.7979472741228723
2021-08-23,0.719998782103374,0.6466545222838469,0.7972455220975255
2021-08-24,0.7200304021587487,0.6460441913106769,0.7967915067723835
2021-08-25,0.7198536775775234,0.6462759050098726,0.7978241752406631
2021-08-26,0.7201694040831814,0.6466051541297977,0.7981790671226117
2021-08-27,0.7193183441782152,0.6465632369882546,0.798350549807198
2021-08-30,0.7182991727329623,0.6462897965404335,0.7982000426654773
2021-08-31,0.7186486766710157,0.6458056057980539,0.7986846937111749
2021-09-01,0.7176370478796247,0.6454441870330906,0.797619185433266
2021-09-02,0.7193532061001904,0.6457564462750703,0.7976382804271646
2021-09-03,0.7195195166886189,0.6453606435888869,0.7974552714691591
2021-09-06,0.7203734546689271,0.6452098052707921,0.797026302293817
2021-09-07,0.7210542623834694,0.6449292677132178,0.7973454574672304
2021-09-08,0.7200302181880599,0.6453237749578525,0.7973759764767281
2021-09-09,0.7207292500561775,0.6452076559455175,0.7970748659998623
2021-09-10,0.7219361059531113,0.6449184949097622,0.7972800499749387
2021-09-13,0.7222981155112835,0.6444097906564782,0.7973775729911226
2021-09-14,0.7222909526469837,0.6447840785484125,0.7975029946104077
2021-09-15,0.722638582530483,0.6446115552756805,0.7962982888792401
2021-09-17,0.722133006681054,0.6449171290591338,0.7958482391773276
2021-09-20,0.7222867613090483,0.6449602049760975,0.7967436670547349
2021-09-21,0.7227720466603255,0.6444562695815549,0.7963396504064723
2021-09-22,0.7223967163989329,0.6447929434100772,0.7974300560219111
2021-09-23,0.7211837860838056,0.6452331666051232,0.7976478677625856
2021-09-24,0.720679569188625,0.6452918425893015,0.7979774964413872
2021-09-27,0.7215221935367782,0.64524641535683,0.7978231378773584
2021-09-28,0.7228902522028204,0.6457867793328976,0.7972873036694266
2021-09-29,0.7227409831817397,0.6447682441914512,0.7978062872498701
2021-09-30,0.7227118754623914,0.6451008379934767,0.7974692024163061
2021-10-01,0.7232762413231292,0.6452569433604224,0.7975546336683161
2021-10-04,0.7224561569978012,0.6453120757469759,0.7976631169791726
2021-10-05,0.7222899585171645,0.6455263055937777,0.7978826124542189
2021-10-06,0.7231142745325366,0.6453685838701393,0.7976246404691034
2021-10-07,0.7234911783575569,0.6450467103771461,0.7976978995317395
2021-10-08,0.7238007728135609,0.6449087670235545,0.7982050437609551
2021-10-11,0.7226383853194058,0.6445468349630404,0.7977887767799592
2021-10-12,0.7231570210401521,0.6443780139383951,0.7974602848690315
2021-10-13,0.7236591023140906,0.6451956648303308,0.7977219932738492
2021-10-14,0.7241564326706209,0.6446632794679399,0.7983505899872286
2021-10-15,0.7229510011414987,0.6445061270174425,0.798037578230888
2021-10-18,0.7242918261083635,0.6451446442356727,0.79815385298927
2021-10-19,0.7251538638465541,0.6455230718960318,0.7976771880931547
2021-10-20,0.7260264749287196,0.6453163957887625,0.7985375050741544
2021-10-21,0.7255155239633763,0.6456922505317826,0.7980377887072877
2021-10-22,0.7258068035758413,0.6453437949677622,0.7977905780736448
2021-10-25,0.724452037153784,0.645166793969136,0.7977171164852049
2021-10-26,0.7254907309186993,0.6449150436032469,0.7977508347613879
2021-10-27,0.7254854838319262,0.6447988036152587,0.7982305915290558
2021-10-28,0.7258351423278886,0.6451082802369441,0.7980846223012716
2021-10-29,0.7251620234658178,0.6450205523466084,0.7983546560569816
2021-11-01,0.7256920941302425,0.6452905877986558,0.7993380467824797
2021-11-03,0.7261792448473791,0.6449085037649336,0.7987918188125628
2021-11-04,0.7275379927313362,0.6450696338495052,0.799355158824709
2021-11-05,0.7282118232784485,0.6449248769164263,0.7992487186043007
2021-11-08,0.7285842811350794,0.6450662656304826,0.7988025080161729
2021-11-09,0.7282309305814527,0.6449136015792659,0.7990870171189052
2021-11-10,0.7273777249322699,0.6456715164862444,0.7987726109186313
2021-11-11,0.7278927832493972,0.645394669099656,0.7985689171812945
2021-11-12,0.7275640527699242,0.6453535114349502,0.7993196989474098
2021-11-16,0.7275565442991243,0.6450536359651647,0.7995977440835847
2021-11-17,0.7283980182327974,0.6448656307584963,0.7993868034957395
2021-11-18,0.7299285051362917,0.6445947288541076,0.7993662820357855
2021-11-19,0.7301157077631982,0.6443011526333797,0.7993218641317708
2021-11-22,0.7306219735381152,0.6442731440973318,0.7990891779453075
2021-11-23,0.7301156220383636,0.6441323401700504,0.7988192660295425
2021-11-24,0.7300815977108344,0.644476988948394,0.7985988947199607
2021-11-25,0.7310755632362975,0.6442551685109843,0.7986660875354716
2021-11-26,0.7302074489428008,0.6446192237495286,0.7996732084624935
2021-11-29,0.7305594039300617,0.6445679911870877,0.7993334573731866
2021-11-30,0.7297079700102009,0.6439485180758197,0.7999410512069552
2021-12-01,0.7290557557162876,0.6442860203891048,0.7993025680873649
2021-12-02,0.7278609086742619,0.6441814940372974,0.7998194715533137
2021-12-03,0.7268524488584166,0.6443657738017069,0.7998801403085483
2021-12-06,0.7270544194337559,0.6444939752336059,0.800088625792367
2021-12-07,0.7277482809718757,0.6445349508349908,0.8002606278694312
2021-12-08,0.7284006308687061,0.6445002691593259,0.8000780455751456
2021-12-09,0.7292278085824355,0.6440754858960256,0.8001466044507491
2021-12-10,0.728745326562481,0.6438685074735669,0.7997114964448854
2021-12-13,0.7279035094342612,0.6436066883160688,0.8001326270398325
2021-12-14,0.7283932421308492,0.6441531119316898,0.7998042562568642
2021-12-15,0.727902789630073,0.6441994812078355,0.7999034126990422
2021-12-16,0.7289294896913656,0.6441154370383432,0.800182677799842
2021-12-17,0.7289124908322742,0.6442212329075887,0.8001940489898183
2021-12-20,0.7273590864500007,0.6444963263605467,0.8000564571977551
2021-12-21,0.7256639937304882,0.6443029950916352,0.8004430268888447
2021-12-22,0.7250099742545055,0.6440484196066574,0.8002472728213872
2021-12-23,0.7236643599389342,0.6443378026002123,0.8008531383106654
2021-12-24,0.7245371028738907,0.6440710385312056,0.800737950530428
2021-12-27,0.7241985962733917,0.643924812175833,0.8007385667371321
2021-12-28,0.7248770590466905,0.6429803614448829,0.8007314570717202
2021-12-29,0.7247128414179643,0.6438427645468942,0.8004415663716287
2021-12-30,0.7240258625540773,0.6433569791628758,0.8003339822135964
2021-12-31,0.7255312506264553,0.6430996413678288,0.799759197760745
2022-01-03,0.7251987968203185,0.6429525165256772,0.7993033759816616
2022-01-04,0.7256953101332813,0.6429309457780334,0.7999053097192251
2022-01-05,0.724707971686945,0.6427157960665666,0.7994989573991858
2022-01-06,0.7279108352446857,0.6427828370574148,0.7995558614109332
2022-01-07,0.7291049964069861,0.6430327562671332,0.8001322512107958
2022-01-10,0.7301423719934035,0.6432588156145864,0.80001410283834
2022-01-11,0.7296451696148349,0.6427147193781775,0.8008735073033492
2022-01-12,0.7286340047123785,0.6428804486410494,0.8004978530654902
2022-01-13,0.7296194196630595,0.642904791936458,0.8007857958987892
2022-01-14,0.7299474453893955,0.6431223456210743,0.8006616442459512
2022-01-17,0.7295989809314696,0.643147692075592,0.8002218700405769
2022-01-18,0.7282719912852008,0.6428409644999347,0.8005424990353618
2022-01-19,0.7291250606713744,0.6431553228296253,0.7995757571331515
2022-01-20,0.7299799193380518,0.6422776912675888,0.7999917103431539
2022-01-21,0.7286234007330815,0.6429788124953092,0.8000572617358248
2022-01-24,0.7262618696889289,0.6423042317800497,0.8002090654205376
2022-01-25,0.7265858051229052,0.6423442142871953,0.8015297586494956
2022-01-26,0.7265915853895317,0.6423484997785017,0.8016661617870028
2022-01-27,0.7264277095834929,0.642127170611749,0.8013017351634979
2022-01-28,0.7280968563363708,0.6420838772015587,0.8012169139696212
2022-01-31,0.7267264510983144,0.642292123220954,0.8006997955727378
2022-02-01,0.7275746418514561,0.6422268104743665,0.8013788079128346
2022-02-02,0.7274148894658035,0.6427144730538292,0.8018285460188496
2022-02-03,0.7269110921357766,0.6426065643676182,0.8019451701714762
2022-02-04,0.726737216870329,0.6424163260194775,0.8017019404799605
2022-02-08,0.7267042648999619,0.6426545301892739,0.8020909307766064
2022-02-09,0.7277218654997522,0.6428190765486761,0.8025256676044286
2022-02-10,0.7273828582469354,0.6433004575877331,0.80311153886544
2022-02-11,0.7287241920819012,0.6428442211922515,0.8019981768335478
2022-02-14,0.728723590500964,0.6430883723655904,0.8028809611940945
2022-02-15,0.7288755008981848,0.6429004701586467,0.802532853075453
2022-02-16,0.7287284838156054,0.6430047111642962,0.8021233298762904
2022-02-17,0.7299043620892945,0.6431069619119434,0.8021001410754061
2022-02-18,0.7305609783357234,0.6429769222229278,0.8017894241657819
2022-02-21,0.7298738556871535,0.642539260786414,0.8016969350182569
2022-02-22,0.729195939930432,0.6425081658335411,0.8024128967053761
2022-02-23,0.7278539634550468,0.6425598860671716,0.8027141153097368
2022-02-24,0.7275160513218079,0.6424293318540342,0.8020360092268182
2022-02-25,0.7271488721183488,0.6422698667057466,0.8026325356420418
2022-02-28,0.7256133005911602,0.641908834418859,0.8029059019258511
2022-03-01,0.7269563344862502,0.6414310266854617,0.8028299846155557
2022-03-02,0.7261206634461718,0.6413530297584082,0.8028317355903359
2022-03-03,0.7264844199423863,0.6418800770227729,0.803818553418427
2022-03-04,0.7258119375430224,0.6416723747760992,0.8036052487401515
2022-03-07,0.7241098942771397,0.6416441008052405,0.8029334511200481
2022-03-08,0.7236225215287925,0.6423313455053113,0.8030664281925404
2022-03-09,0.7215712366167321,0.6424192863194881,0.8033556846215576
2022-03-10,0.7239672510413989,0.6421966659913508,0.80339337186903
2022-03-11,0.7241474792481843,0.6419179852237646,0.8028152064665578
2022-03-14,0.7246799518748243,0.6421074129008236,0.8030346496359789
2022-03-15,0.7239994358795618,0.6418987231802167,0.8037952268565041
2022-03-16,0.7243519156188464,0.6421018614608601,0.8032856612345545
2022-03-17,0.7243098837786347,0.642429004757294,0.8033466742066175
2022-03-18,0.7248095215934179,0.642214425169554,0.8034004582440196
2022-03-22,0.7236213413035869,0.6421327191500709,0.8035290806498949
2022-03-23,0.724115515487875,0.6423974096208818,0.8039209267841129
2022-03-24,0.7227281857978108,0.6421380330975693,0.8041677297059822
2022-03-25,0.7223856152809939,0.6422383709131675,0.8039298349869961
2022-03-28,0.7220677499293343,0.6422792356805765,0.8039710075306015
2022-03-29,0.7222477694698802,0.6426630643002507,0.8041480894435541
2022-03-30,0.7217327331783047,0.6417611953294429,0.8036459177629041
2022-03-31,0.7213933556799945,0.6418413246616901,0.8037399078602374
2022-04-01,0.722412791173876,0.6426006204777097,0.8035518752626145
2022-04-04,0.7227750913457369,0.6428112832937256,0.8031702327326424
2022-04-05,0.7222676128475783,0.6426265823234077,0.802547549664629
2022-04-06,0.7224426010070251,0.6420738379314034,0.8029230781869513
2022-04-07,0.7232902375639789,0.642102637377761,0.8036090939771978
2022-04-08,0.7239292102971068,0.6420609909771575,0.8039640003570653
2022-04-11,0.724105130413859,0.6416795876421606,0.804395163793179
2022-04-12,0.7225852629085538,0.6416938288804492,0.8049248424866183
2022-04-13,0.7213735081592907,0.6421368855685912,0.8054037911434423
2022-04-18,0.7203651079313153,0.6421540044441911,0.805404208116288
2022-04-19,0.7198685360298966,0.6419234337320038,0.8055776879994273
2022-04-20,0.7191562647264539,0.6418262022899721,0.8053646475240627
2022-04-21,0.7179673113399896,0.6418340841770657,0.8054535450154826
2022-04-22,0.7179199911797148,0.6414738533569329,0.8052715760255513
2022-04-25,0.7165560997382442,0.6414331836138416,0.8054204502577813
2022-04-26,0.7163461077261181,0.6415349561863912,0.8059545122500121
2022-04-27,0.7158491390298353,0.6411451101661024,0.8057468270090711
2022-04-28,0.7156522380868734,0.6412658402295964,0.8057447500295128
2022-04-29,0.7145827351627434,0.6410483521719479,0.8058584119691027
2022-05-02,0.7118434256937389,0.6404258244817992,0.8059893749197693
2022-05-03,0.7111382419725784,0.6406749364151322,0.806346690715679
2022-05-04,0.7117762891304501,0.6412574825554924,0.8062490879044366
2022-05-05,0.7105663014165939,0.6409401488677274,0.8062295605177394
2022-05-06,0.7102045063186969,0.6407005711423859,0.8062872967348499
2022-05-09,0.7105542406789563,0.6404691734428356,0.8069151477749298
2022-05-10,0.7103939697230844,0.6402851455691599,0.8060496300063001
2022-05-11,0.7112458496210076,0.6407735950760477,0.8067560025426317
2022-05-12,0.7110632483447911,0.64063015572212,0.8060689765326657
2022-05-13,0.7107136325596802,0.6409446289538556,0.8071311007801147
2022-05-16,0.7096534287510275,0.640345926068845,0.8075082557218226
2022-05-17,0.7092596037769506,0.6398257278861104,0.8069883770444091
2022-05-18,0.7062672066666946,0.6401839219327417,0.8073165885437724
2022-05-19,0.7061048635485997,0.6408099841710871,0.8063743934358315
2022-05-20,0.7051874579533416,0.6409532610649428,0.8062366707082482
2022-05-23,0.705210940355618,0.6402321217517756,0.8069980386987278
2022-05-24,0.7043324887180752,0.6401174227352497,0.8056471176764771
2022-05-25,0.7057357211822906,0.6404047125432144,0.8055002838093468
2022-05-26,0.7055851740976024,0.640794915326664,0.8059236862946169
2022-05-27,0.7057508416599386,0.6408504396062354,0.8056663655071151
2022-05-30,0.7064493556316054,0.6401047502284041,0.806715819634871
2022-05-31,0.7068760434042145,0.6410910195405449,0.8062010594908404
2022-06-01,0.7057990169077258,0.6396335851003426,0.8059855398863346
2022-06-02,0.7048749241742626,0.6404454552706594,0.8059841384724102
2022-06-03,0.7064266307925865,0.6400191798343742,0.8058406339989663
2022-06-06,0.7067920765373007,0.6396105583905147,0.8068262235157164
2022-06-07,0.7073643075067293,0.6398893413491434,0.805824525208111
2022-06-08,0.7068377366445291,0.6396765765883672,0.8054674771814376
2022-06-09,0.7079233961995774,0.6396974342381049,0.8053654011818335
2022-06-10,0.7065370390736833,0.639861688783238,0.8056040771790794
2022-06-13,0.7069508177557192,0.6401279556958361,0.8056632712853119
2022-06-14,0.7079457728494073,0.6403427922654096,0.8057749599977725
2022-06-15,0.7088012144390584,0.6396813543281596,0.8056957601385982
2022-06-16,0.7070929754126344,0.6397254256249586,0.8055219106365346
2022-06-17,0.7066220663846683,0.6395940616705157,0.8049838274172063
2022-06-20,0.7069931840347293,0.6395649777623129,0.8051538012121255
2022-06-21,0.7073052033758405,0.6396636865454605,0.8055501174660431
2022-06-22,0.7075117629981109,0.639936715094269,0.805362854829557
2022-06-23,0.7066679662859554,0.6394041228677316,0.8056450209973298
2022-06-24,0.7054452886997951,0.6400448973897395,0.8057050847930655
2022-06-27,0.706460230920145,0.639996093884963,0.8052556018737763
2022-06-28,0.7060698663857767,0.6400251940484012,0.8047332156545092
2022-06-29,0.7060404127755834,0.6400065054495768,0.8048139362689299
2022-06-30,0.7053430915118434,0.6389490065104129,0.8055483716278686
2022-07-01,0.7069209508855969,0.6385833469253738,0.8057335435869732
2022-07-04,0.7071522617982754,0.6393089976291648,0.806301558081472
2022-07-05,0.7080806445493968,0.6387147471692911,0.806639626793353
2022-07-06,0.7072580910694098,0.6389257110930376,0.8058122465590871
2022-07-07,0.706357341001401,0.6385959866880209,0.8064503938080382
2022-07-08,0.7075457678612291,0.6388779510705421,0.8058223145356594
2022-07-11,0.7082321017347485,0.6389464882078506,0.8055516854509058
2022-07-12,0.7085639966573136,0.6384134216307674,0.8053230637274158
2022-07-13,0.7085515656667081,0.6386420806029287,0.8056217685706766
2022-07-14,0.7098081607802363,0.6384396832984714,0.8052019772584514
2022-07-15,0.712055047771347,0.6380970648110486,0.8049578249502091
2022-07-18,0.7108429130438052,0.6375717056561843,0.8046617793184055
2022-07-19,0.7101613342287294,0.6376744910496127,0.8051313048322543
2022-07-20,0.7096327635198705,0.6372365848306574,0.8052911071379077
2022-07-21,0.7090950777012331,0.6379006619547845,0.804995891507458
2022-07-22,0.7111610607243767,0.6371501097634983,0.804699899461093
2022-07-25,0.7113698944355589,0.6377731344873376,0.8056395059693634
2022-07-26,0.7111532007195036,0.6376203486919774,0.8057912664429613
2022-07-27,0.7117038247262656,0.6377627462680203,0.8059155071397129
2022-07-28,0.7102862877891958,0.6376236340412064,0.8060001081798869
2022-07-29,0.7113698416992963,0.6372780158096054,0.8051457889331647
2022-08-01,0.7101838728688463,0.6376350990924897,0.8050790787034616
2022-08-02,0.7100281365973511,0.6383130898695273,0.8051933030375167
2022-08-03,0.7096802501151249,0.638126604369215,0.8051299105367458
2022-08-04,0.711212501408213,0.6381066753053557,0.8048800062429564
2022-08-05,0.7121258553670227,0.6376205930501119,0.8048070510922699
2022-08-08,0.7117610932393368,0.6376012621736227,0.8045180793846443
2022-08-09,0.7119359817691953,0.6377413739254401,0.8038183260824631
2022-08-10,0.7114101366185698,0.6371088945350489,0.8034591282150217
2022-08-11,0.7100403301019219,0.6375621054663894,0.8042151869591219
2022-08-12,0.7092029594898198,0.6374458634235873,0.8042674085548351
2022-08-15,0.7123389566871723,0.6375405136849573,0.804096262264583
2022-08-16,0.7119708327779074,0.6367477175370515,0.8046381144377012
2022-08-17,0.7121343212171009,0.6372298047624175,0.8052174957761812
2022-08-18,0.7135141474824466,0.6374364879681977,0.8048079640553166
2022-08-19,0.7131883605483901,0.6374442577676976,0.8042902281920803
2022-08-22,0.7130036297541458,0.6368552867988171,0.8048520202906014
2022-08-23,0.713862893576352,0.6367233658782111,0.8047452499823434
2022-08-24,0.7138692955459045,0.6369659305705281,0.8049978056756353
2022-08-25,0.7145523299170878,0.6364792405428026,0.8051452695988618
2022-08-26,0.7152703482141928,0.6361518203360226,0.8053763903764475
2022-08-29,0.7157645097553788,0.636161681776722,0.8058582422480585
2022-08-30,0.7143490610752441,0.6360854328226155,0.8056957894984312
2022-08-31,0.712971952646854,0.636000404279233,0.8057854420134365
2022-09-01,0.7126243829774285,0.6359983644998568,0.8059217054872772
2022-09-02,0.7108949911215564,0.6368921387680055,0.8061519339986487
2022-09-05,0.7114154252167016,0.6368904996762775,0.8065244321011045
2022-09-06,0.7110516027613566,0.6367519670005483,0.806811392113619
2022-09-07,0.7124355821948899,0.6370669565867405,0.8068539804148748
2022-09-08,0.7124682569618862,0.6367413174482375,0.8061103832972932
2022-09-09,0.7122781241072921,0.636692114416798,0.806022508683446
2022-09-12,0.7117910927924784,0.6368344203611844,0.8060144362530136
2022-09-13,0.7102087390639581,0.6371198283243645,0.8064358578665108
2022-09-14,0.7103581604363165,0.6369798211913165,0.8066584064309942
2022-09-15,0.711596483563046,0.6369250625910416,0.8063969071024184
2022-09-19,0.7108758166309169,0.6367764194593812,0.80638693766616
2022-09-20,0.7108691362181846,0.6371440584279381,0.8063703845182456
2022-09-21,0.7118701021563424,0.6367040219321316,0.8060230780903642
2022-09-22,0.7104235304408596,0.6370951512298695,0.8060311597600239
2022-09-23,0.709180194879932,0.6369681609729678,0.8059131306081164
2022-09-26,0.7067687058155041,0.6365105046965632,0.8059789191780765
2022-09-27,0.7081256344173141,0.6363599537850096,0.8065066519934007
2022-09-28,0.7074150777974031,0.6358183357180636,0.8063531861639843
2022-09-29,0.7066721017503257,0.6363643285820307,0.8071471585835287
2022-09-30,0.7068004706864434,0.6363324863772347,0.8070897279397402
2022-10-03,0.7085141928612204,0.6364535607627977,0.8064478796991803
2022-10-04,0.7071074650269528,0.636090313035375,0.8065239055110809
2022-10-05,0.7076736005923925,0.6357840421084399,0.807135861506727
2022-10-06,0.7075052549703745,0.6350614658366138,0.8063274949307764
2022-10-07,0.7071297929051977,0.6345132099022728,0.8065506290607192
2022-10-10,0.7076926815697316,0.6346753864061417,0.8072032094763788
2022-10-11,0.7092935431703691,0.6350189319875673,0.8062830191811656
2022-10-12,0.7084447552976122,0.6355335860298656,0.8064482687171355
2022-10-13,0.7082585586118109,0.6350494523119866,0.8062042907906094
2022-10-14,0.7079444642046806,0.6352333239572008,0.8052785828428106
2022-10-17,0.7074262750185079,0.635374188833165,0.8062418869518863
2022-10-18,0.7074183033868748,0.6350380555769043,0.8062282035042915
2022-10-19,0.7066989145937218,0.6353896366468956,0.8064658551144563
2022-10-20,0.7079416374948867,0.6352686074992626,0.8073778435397285
2022-10-21,0.7083255375139945,0.634770484372467,0.8074104562716325
2022-10-24,0.709580155407791,0.6351659673997649,0.8076237204366171
2022-10-25,0.7094664875767567,0.6353717675218192,0.8069120364429792
2022-10-26,0.7081064744853696,0.635437488741406,0.8065786772084149
2022-10-27,0.7068413335027933,0.6351141913404549,0.8065200542624691
2022-10-28,0.7068356161115003,0.6354386163329817,0.8060580530951773
2022-10-31,0.7061597447821554,0.63535496508617,0.8064355311612191
2022-11-01,0.7070372857626928,0.634423650864766,0.8065841021460965
2022-11-03,0.7075474924067474,0.6349887242294016,0.8064326239656155
2022-11-04,0.7092888446929065,0.6348075559062986,0.8061934441245825
2022-11-07,0.710847922014476,0.6344185195237902,0.806198979320892
2022-11-08,0.7112147882169939,0.6343566330454593,0.8065935681801037
2022-11-09,0.7113662607003411,0.6342221825601849,0.8068697137694396
2022-11-10,0.7101135292052939,0.634303869288286,0.8073321147785857
2022-11-11,0.7095506898042298,0.6343503153704514,0.8070154424691169
2022-11-14,0.7092267003048507,0.6339173986652766,0.8074360503701334
2022-11-15,0.7108235443255901,0.6342191469465694,0.8070161868609594
2022-11-16,0.7109981442972599,0.6344183400607037,0.8069086825038153
2022-11-17,0.7101230869595706,0.634090719841998,0.8072999364362391
2022-11-18,0.7096073800331064,0.6336151122311666,0.8071507174687057
2022-11-22,0.7096283279860571,0.6338657701392398,0.8074187522427249
2022-11-23,0.7086034598190333,0.6338265373338505,0.8067386663376447
2022-11-24,0.7084589928093312,0.6344423088498288,0.8064818543080319
2022-11-25,0.70932876185797,0.6339701592288582,0.8060563091656832
2022-11-28,0.7091417842676719,0.6337126399921844,0.8060585887672165
2022-11-29,0.7082882786706413,0.6336404424208975,0.8059091451765731
2022-11-30,0.7098290404067771,0.6342606806303192,0.8057208915164643
2022-12-01,0.7101940473661769,0.6337653752883287,0.805331827297437
2022-12-02,0.7100257371060323,0.634104908328348,0.8057958060187072
2022-12-05,0.7093509645929966,0.6340851448332929,0.8058994926563418
2022-12-06,0.7110962267874292,0.6342925027014591,0.8063666166615074
2022-12-07,0.7116484371041637,0.6343592803334875,0.806881929475245
2022-12-08,0.7112623467485283,0.6341753825399513,0.8072971222539621
2022-12-09,0.7109167800102331,0.6337467765560086,0.807084920773212
2022-12-13,0.7116371140679216,0.6342316116066296,0.806386921336116
2022-12-14,0.7109110852717938,0.6343900408288882,0.8060372425602578
2022-12-15,0.7122793966527923,0.6349075418730322,0.8061770643401377
2022-12-16,0.7129726542153271,0.6349078598735364,0.8068908647791312
2022-12-19,0.7129881815610934,0.6352263073986145,0.8071043237948852
2022-12-20,0.7143601190872647,0.6354399064941291,0.8075208050281028
2022-12-21,0.7153972197680797,0.6346477098352303,0.807208860700508
2022-12-22,0.7132560944907333,0.634725985606683,0.8076489860474223
2022-12-23,0.7124356925955068,0.6341296660899348,0.8085553434558169
2022-12-26,0.7110039294689386,0.6347913491843175,0.8076394514529859
2022-12-27,0.7116537302355044,0.6344020743332596,0.8076291555697463
2022-12-28,0.7097334649032689,0.6345092310260059,0.807571225435148
2022-12-29,0.7102730187507929,0.634533740393288,0.8071602135858067
2022-12-30,0.7090629511452947,0.6348128030888791,0.8078208870425447
2023-01-02,0.7080081116937512,0.6351041105318479,0.8081509700375197
2023-01-03,0.7088503514198622,0.6343445811270902,0.8080616598003415
2023-01-04,0.7074666239723747,0.6340102180781113,0.8077282035873316
2023-01-05,0.706078844444754,0.633974061193143,0.8078104290731203
2023-01-06,0.70447755849022,0.633983725737265,0.8078407200605063
2023-01-09,0.7040892276150634,0.6339016312918598,0.8076953795554382
2023-01-10,0.7039227028060684,0.6335244496728907,0.8076765590028313
2023-01-11,0.7030386804564038,0.6332790964476455,0.8081044504162332
2023-01-12,0.7028489271149598,0.6336785579329798,0.8082890979554084
2023-01-13,0.7023252949460802,0.6343480920191543,0.8076083140080146
2023-01-16,0.7028415005923336,0.6343574155238473,0.8077011443919766
2023-01-17,0.7020927665039274,0.6340431398899176,0.807669242940323
2023-01-18,0.7038829716739351,0.6346918819156369,0.8071678334518625
2023-01-19,0.7034818725326202,0.6346851664516322,0.8055607470052869
2023-01-20,0.7033010235512211,0.6349509490244327,0.8051942146810653
2023-01-23,0.7030777250186433,0.6355555486059364,0.8056500732035906
2023-01-24,0.7021962629792518,0.6354409908942394,0.8051971338736625
2023-01-25,0.7006799377631326,0.6352940675019514,0.8058562031576083
2023-01-26,0.7000945805443458,0.6347611823101466,0.8063937114511329
2023-01-27,0.7004429321106906,0.6342078454243484,0.8066785886121617
2023-01-30,0.6997429503176607,0.6343236677273125,0.8069266943229104
2023-01-31,0.7004247282504963,0.6352978076768201,0.8074440110041488
2023-02-01,0.6986401695552589,0.6349068785688339,0.8083862911383378
2023-02-02,0.6987920519143368,0.6344639210357432,0.8077176411113105
2023-02-03,0.6993140642872931,0.6350287668318226,0.806537101474948
2023-02-07,0.6980896143611913,0.634541998785318,0.8057728927355872
2023-02-08,0.6964893777159644,0.6350117944552219,0.8060186222464363
2023-02-09,0.6971804157883635,0.6343467863315344,0.8064270084155739
2023-02-10,0.6979411878100618,0.6347144757265499,0.8063655139238708
2023-02-13,0.6989807709266378,0.6344422064585226,0.8054367535353547
2023-02-14,0.6985982375251725,0.6344446814761586,0.8053388139804804
2023-02-15,0.6975172383337348,0.6340593468765974,0.8059046324416778
2023-02-16,0.698483394318036,0.6336466685555416,0.8060769912398456
2023-02-17,0.6980973181287591,0.6345056483974191,0.8060822141170849
2023-02-20,0.7000450896147581,0.6338954478333669,0.8063472493236495
2023-02-21,0.699881716631062,0.6335724999294091,0.8060390272743233
2023-02-22,0.7000902629646971,0.6327357819353041,0.8055294069403657
2023-02-23,0.6997445222044807,0.632965397093039,0.8057450329001765
2023-02-24,0.7000501237680709,0.6326414872057248,0.8063715549379606
2023-02-27,0.6999435969077704,0.6328533162423059,0.8068794097640819
2023-02-28,0.700648973644942,0.6330811454775235,0.8070955798723755
2023-03-01,0.7006428420010707,0.6328184713041061,0.8069207437126216
2023-03-02,0.7001845236038609,0.6325451595533121,0.806777926636643
2023-03-03,0.7000158925828925,0.6327411719140259,0.8071330365106405
2023-03-06,0.7017920269591424,0.6325720932592295,0.8069493330588149
2023-03-07,0.7021933494151767,0.633232878965607,0.807813430987002
2023-03-08,0.7011127595806519,0.6329889014053022,0.8073230199961741
2023-03-09,0.7014618675458301,0.6339057013635885,0.8083486058353977
2023-03-10,0.7009333323639967,0.632715948448481,0.808862073988008
2023-03-13,0.7004272687303325,0.6327780308425891,0.8080417137390138
2023-03-14,0.6996899777580817,0.6324276945151852,0.8081170549943336
2023-03-15,0.7005867790150232,0.633116775795525,0.8074214529087684
2023-03-16,0.7025305608221589,0.6337881802985452,0.8065385537010356
2023-03-17,0.7033560300012948,0.6334690692292263,0.8063117181015551
2023-03-21,0.702977271450044,0.6333317730748919,0.8064112257484928
2023-03-22,0.7034922499459989,0.6331278256470957,0.805964009268
2023-03-23,0.7036706587094629,0.6334628926531868,0.8060024126556731
2023-03-24,0.7038896473041966,0.633533045095956,0.8064330508747967
2023-03-27,0.7035833033478521,0.6340084666405363,0.8056640521598546
2023-03-28,0.7034328643607841,0.6340620210001326,0.8058097691602936
2023-03-29,0.7020597484736297,0.6341731981853481,0.8059885654360875
2023-03-30,0.7025902416979299,0.6339024991188495,0.8061657052678699
2023-03-31,0.7029271741473978,0.6344969613935232,0.8060557290622311
2023-04-03,0.7030911144750858,0.6346499584054869,0.8055706021531034
2023-04-04,0.702883014315134,0.6350968873088961,0.8060353125554913
2023-04-05,0.7005659364798563,0.6347022978699549,0.8062284514284191
2023-04-10,0.7014507178505033,0.6339580648136923,0.8065723590944943
2023-04-11,0.7014678656623099,0.6335302715653944,0.8062881616078714
2023-04-12,0.7019811111732657,0.6342596006140357,0.8062935968589037
2023-04-13,0.7021631809533524,0.6340308366130234,0.8062305831738912
2023-04-14,0.7018032227444897,0.6349122772817732,0.8053655746624723
2023-04-17,0.7031174782479406,0.6342570140145515,0.8056606077100099
2023-04-18,0.7024433635820025,0.6345423627894278,0.8067115538513555
2023-04-19,0.7036926818770253,0.6342071379216209,0.8066523002583929
2023-04-20,0.7037117722041977,0.6337637633588619,0.8067957990237664
2023-04-21,0.704255154580454,0.6336705547423619,0.8071634248220042
2023-04-24,0.7046307253264844,0.6328392549986785,0.8064764986977083
2023-04-25,0.7044008553447672,0.6330058104413389,0.8063606305159328
2023-04-26,0.7056071802176694,0.6328805678377387,0.8067758796863214
2023-04-27,0.7048801320022442,0.6330636731199508,0.8069821159994626
2023-04-28,0.7031918800125286,0.6325601839118935,0.8073646884642509
2023-05-02,0.704975830163146,0.6329441546157826,0.8070792685639743
2023-05-03,0.7054873286351211,0.632662840273956,0.8071500310581488
2023-05-04,0.7055891747167901,0.6325254509870228,0.8072278834336367
2023-05-05,0.7033418373172973,0.6326435366068905,0.8074156450848337
2023-05-08,0.7052583120230353,0.632434235616085,0.8080431282685712
2023-05-09,0.7057856935253842,0.6322043430393217,0.8077134952117344
2023-05-10,0.7062619957644696,0.6318676665998206,0.8077941430615239
2023-05-11,0.7046248893323791,0.6325462802550856,0.8079260696110343
2023-05-12,0.703228719354673,0.6329707964394053,0.8079392678955808
2023-05-15,0.7029279749786521,0.632420467043498,0.808003868176634
2023-05-16,0.7029720239982251,0.6313795575433316,0.807699740712764
2023-05-17,0.7028333344359915,0.6312080843813744,0.807677876458607
2023-05-18,0.7039232110721095,0.6323706272561125,0.8069806332905484
2023-05-19,0.7036993636783785,0.6315837819766305,0.8078379574721967
2023-05-22,0.7030252598458897,0.6319202294207467,0.8075247140031866
2023-05-23,0.7037435041248157,0.631717787874429,0.8074420823453738
2023-05-24,0.7036202725619285,0.6312690104172106,0.8076328450735095
2023-05-25,0.7060919644521957,0.6309828313267419,0.8074341526694474
2023-05-26,0.7053557596103956,0.6308819156356075,0.8066068860310642
2023-05-29,0.7041299385251367,0.6311890896558581,0.80634905235081
2023-05-30,0.7049834617580801,0.6312446220012223,0.8063686879383747
2023-05-31,0.7056897630810689,0.6311915589840152,0.8059125506272011
2023-06-01,0.7055389837356046,0.6305917232247621,0.8064382478433211
2023-06-02,0.7072516983001271,0.6305698586328919,0.8067152345550456
2023-06-05,0.7072808804469352,0.6307234896398412,0.8066484419970337
2023-06-06,0.7061520324103961,0.6309352136590302,0.8058379671113964
2023-06-07,0.7072720372547362,0.6310126646424776,0.8064692589473699
2023-06-08,0.7077875582858144,0.6309588173173958,0.8063486229051211
2023-06-09,0.7074581043144015,0.6312564371154121,0.8060959341753506
2023-06-12,0.7072635651631595,0.6314090709615932,0.8058186943637758
2023-06-13,0.7074237534797048,0.6311675149747857,0.806068878347147
2023-06-14,0.7068939628677228,0.630992361934384,0.8059082407060202
2023-06-15,0.7082714495943203,0.6309986664016737,0.8067447564026903
2023-06-16,0.7093130225115352,0.6311134831572643,0.8061699755299379
2023-06-19,0.7105668898432358,0.6308205398703106,0.8063418174063085
2023-06-20,0.7110874096454536,0.6309407014803774,0.8072940449814142
2023-06-21,0.7131498604289197,0.6311495955377825,0.8062750348495025
2023-06-22,0.7127945970177489,0.6306089561512588,0.8053220393170204
2023-06-23,0.7134958341905284,0.6305907187495575,0.8058065307427478
2023-06-26,0.7138549862050653,0.6312919700368917,0.8057419009781257
2023-06-27,0.7128121212552284,0.6315476383091798,0.8062372600440703
2023-06-28,0.7129858206475923,0.6312593791842913,0.8061649164449675
2023-06-29,0.7126288011295827,0.6317432618968815,0.8063332080111358
2023-06-30,0.7141706813151455,0.6314943598083754,0.8065948199713776
2023-07-03,0.7136228663048331,0.631545456033844,0.8070948548803688
2023-07-04,0.711516342116518,0.63124002539933,0.8065857327751994
2023-07-05,0.7118935637104462,0.6317833621343264,0.8062688290601684
2023-07-06,0.7118815292518493,0.631481049354049,0.8066713889252682
2023-07-07,0.7115006827213337,0.6317279600238349,0.8065831086264891
2023-07-10,0.7111840150441504,0.632189328177548,0.8064884007834604
2023-07-11,0.711572546535349,0.6319053627765524,0.8071499646271176
2023-07-12,0.7122637021305058,0.6321977486692799,0.8062319482974722
2023-07-13,0.7131643505387866,0.6318554951309308,0.8070314694106434
2023-07-14,0.7135445721869553,0.6316226961496297,0.8070479981613324
2023-07-17,0.7134103443253113,0.6309613031724352,0.8072703879953032
2023-07-18,0.7122097777679643,0.6314863157813716,0.8072752568453438
2023-07-19,0.7119083517898666,0.6313828346102891,0.807409727243811
2023-07-20,0.7127504353338773,0.6310308159273282,0.8073679923878343
2023-07-21,0.713098926117433,0.6311775413400667,0.8070706699249255
2023-07-24,0.7140971762382232,0.630897773587147,0.8074422557193075
2023-07-25,0.7130348260136348,0.6309060172507871,0.8076571118217024
2023-07-26,0.7140837223323411,0.6305080230986805,0.8076922457471324
2023-07-27,0.7144002449092048,0.6297226309557009,0.8077975489206956
2023-07-28,0.7136946711962167,0.6294648923642234,0.807751616064923
2023-07-31,0.715039749396073,0.6292850623937336,0.8082520235435844
2023-08-01,0.7139985170482182,0.6292673653044426,0.8079477692435333
2023-08-02,0.7115885766377368,0.6297919158878799,0.8085147350882032
2023-08-03,0.7113901240952778,0.6291092259620553,0.8086189119650936
2023-08-04,0.7110188922964993,0.6291082113447661,0.8094908640814001
2023-08-07,0.7105129995785467,0.6292034899512247,0.8087402172819962
2023-08-08,0.7107087429348471,0.62915731148878,0.8091102833705746
2023-08-09,0.7107137753726114,0.6288933732767332,0.8087594098542954
2023-08-10,0.711055801961022,0.6286349448307055,0.8087134721181873
2023-08-11,0.7105255206268665,0.6288535340063657,0.8088262331928371
2023-08-14,0.7122566452312672,0.6289470560789092,0.8088045244672951
2023-08-15,0.7124147783421279,0.6295143374860732,0.8082927011419874
2023-08-16,0.7115213861438037,0.6290289412320238,0.8081772474687874
2023-08-17,0.7104942232153657,0.6287215869937518,0.8085285536748115
2023-08-18,0.7092656498317065,0.628595393244472,0.8089691761126104
2023-08-21,0.7080855985462369,0.6288669428716748,0.8093635782254008
2023-08-22,0.70804148940624,0.6294057725326876,0.8104858419173682
2023-08-23,0.7075035896667732,0.6289459442956742,0.8098501435224033
2023-08-24,0.7090502933603171,0.6292077452838046,0.8095295345898814
2023-08-25,0.707271870630986,0.6287821023204617,0.8108215166459698
2023-08-28,0.7084610999751417,0.628816155260191,0.8111674381114246
2023-08-29,0.7062049361010561,0.6292511379564143,0.8097332856363575
2023-08-30,0.7059851145969066,0.6292561817010284,0.8104778030802465
2023-08-31,0.7058033843228049,0.6291145138963835,0.809146315513476
2023-09-01,0.704855495900415,0.6294598858235578,0.8081746539386172
2023-09-04,0.704312303484888,0.6290819827525288,0.8087077481357772
2023-09-05,0.704465825885594,0.6295316044097512,0.8099903444690503
2023-09-06,0.7045773228709598,0.6297191931637482,0.8094464172260699
2023-09-07,0.7056591458243692,0.629397161172677,0.8092869124633751
2023-09-08,0.7062110053015536,0.6297110594921915,0.8092026862766772
2023-09-11,0.7072259811332071,0.6290125067311346,0.8098437049111585
2023-09-12,0.7071841953041823,0.6288101097161615,0.8097333554837367
2023-09-13,0.7072633858373908,0.6291027293506186,0.8103111485556386
2023-09-14,0.7074457290318644,0.6298742176788491,0.8105429672326829
2023-09-15,0.7079575245151418,0.6300273026475545,0.8102013843022742
2023-09-18,0.709458218853235,0.6296681064368844,0.8109312585624179
2023-09-19,0.7089404532444183,0.6292214293478811,0.8105570717307491
2023-09-20,0.7081785214442923,0.6292036803301011,0.8108064944007779
2023-09-21,0.707762118025788,0.6299386320540483,0.8101255798831409
2023-09-22,0.7075757028639099,0.6295146775352217,0.8105467085969513
2023-09-25,0.7093486977485604,0.6295661022762218,0.8100027247108627
2023-09-26,0.7095646521075637,0.6290997500533059,0.8098446952191776
2023-09-27,0.7090158533131911,0.6289521812390823,0.8098177788675194
2023-09-28,0.708686969190437,0.6286380206157521,0.8096741004039929
2023-09-29,0.7072961788645593,0.6286061578668312,0.8094232509860161
2023-10-02,0.709040045816756,0.6283951309735832,0.8093368949375517
2023-10-03,0.7086885744553072,0.6283594127184665,0.809907189185437
2023-10-04,0.7092209499456089,0.6288845451632985,0.8097190706939481
2023-10-05,0.7085361007134974,0.6290743879042341,0.811418874004131
2023-10-06,0.7089142009930687,0.6298874674281628,0.8114321855937475
2023-10-09,0.7089865220083337,0.6295081382401099,0.8107472432486269
2023-10-10,0.7070746779330586,0.6283523663719107,0.8111310962006191
2023-10-11,0.7083167259096952,0.6285608736569014,0.811041285280796
2023-10-12,0.707282425620823,0.6289146419990761,0.8110630126131596
2023-10-13,0.7074580593562065,0.6274383598707745,0.8110400621271785
2023-10-16,0.7079719120070641,0.6274982570933961,0.810873117126899
2023-10-17,0.7081533229497906,0.627172463768447,0.8110323712046542
2023-10-18,0.7087512801171386,0.6268888331050516,0.8112491231480802
2023-10-19,0.708273191830322,0.6267138388534007,0.8112049261232919
2023-10-20,0.7081012308144616,0.627402626269015,0.8111646195528169
2023-10-23,0.7072646708432652,0.6267571604079943,0.8113757098804627
2023-10-24,0.7080741644077974,0.6265389087704583,0.8115370554543678
2023-10-25,0.7082679000219215,0.6271914184376245,0.8120172824721907
2023-10-26,0.7081483981395971,0.6274232208511932,0.8113621311001079
2023-10-27,0.7085025224244208,0.6276319475658958,0.8114999500320903
2023-10-30,0.7093279555720282,0.627053131707163,0.810619722107899
2023-10-31,0.7105399844159815,0.627156823813522,0.8109766916618754
2023-11-01,0.7103119770628694,0.6278358121837904,0.811921265244904
2023-11-03,0.7089160213650086,0.627763921381041,0.8110490924209387
2023-11-06,0.7090821992462413,0.6276294881430647,0.8115847339145366
2023-11-07,0.7097362472868842,0.6265685823441518,0.8117484051766662
2023-11-08,0.7085252890443801,0.6270365447408202,0.8116414756731085
2023-11-09,0.7076337130640987,0.6273972503263731,0.8111401246408385
2023-11-10,0.7065567097392141,0.627323807797513,0.8117634504955976
2023-11-13,0.7057061321712466,0.6271309452227035,0.8114095401819403
2023-11-14,0.704030435549149,0.6268376294730359,0.8111400148816965
2023-11-15,0.7040058802026016,0.6269173324770777,0.8113978630939174
2023-11-16,0.7046047685823145,0.6269412900853226,0.8119718751591842
2023-11-17,0.7052738553477277,0.6268049197410469,0.8114972491342337
2023-11-21,0.7047880683226566,0.6266431560291484,0.8110190775020679
2023-11-22,0.705119557705896,0.6271851856806205,0.8110704767194461
2023-11-23,0.7053941364554961,0.6274899380022059,0.8108353849946884
2023-11-24,0.7057350838999189,0.6269975855233846,0.8104277115864666
2023-11-27,0.7066160391318015,0.6271577806306415,0.8111660931668876
2023-11-28,0.7061025391938255,0.6276053502986315,0.8109498906662558
2023-11-29,0.7069668769151018,0.6269376269415007,0.8114442359567271
2023-11-30,0.7065717843769841,0.6270527570813014,0.8115135608905943
2023-12-01,0.7074911556806663,0.6267628681994967,0.8117335719837646
2023-12-04,0.7087052377035382,0.6269837120976515,0.8120196003893463
2023-12-05,0.7090586507317312,0.6268681594925467,0.8118342391366234
2023-12-06,0.7099889202470452,0.6273111385339734,0.8119694376590556
2023-12-07,0.7096927034680826,0.6271651150519323,0.8116745663482263
2023-12-08,0.7096098649054217,0.6276301315472093,0.8117014009464072
2023-12-11,0.7098282266481689,0.6265185197438122,0.8112566445041012
2023-12-13,0.7098495400092834,0.6266291980818294,0.8112087208415374
2023-12-14,0.7069233862689898,0.6272147569667098,0.8106805381895333
2023-12-15,0.7076148287452758,0.6271974742856721,0.8102785837880025
2023-12-18,0.7088291892954135,0.6265825925747553,0.8114091033550004
2023-12-19,0.7090548895402893,0.6262965743542743,0.811461938324774
2023-12-20,0.7073192431531204,0.6258978490386438,0.8110271310607517
2023-12-21,0.7085570535410195,0.6265356508294528,0.810738601960259
2023-12-22,0.708937453093626,0.6262643876974552,0.8117781333957182
2023-12-26,0.7084328797194279,0.6263561836575107,0.8123386363969683
2023-12-27,0.710121690919435,0.6262158717144016,0.81140431486414
2023-12-28,0.7101431609456804,0.6262350936371718,0.8113769541337253
2023-12-29,0.7096194126114481,0.6261884157125286,0.8122193252503659
2024-01-02,0.7089236907549714,0.6262425278866365,0.811785430909892
2024-01-03,0.7059930528732132,0.6266628681864497,0.8119575162701151
2024-01-04,0.7056347027999079,0.6265728416082692,0.8119434725077989
2024-01-05,0.7070204911506968,0.6266346990702297,0.8120339204174782
2024-01-08,0.7068692833034412,0.626168796799333,0.8120706351346151
2024-01-09,0.7054914446883738,0.6257467240950225,0.8117180843908116
2024-01-10,0.7066809117038843,0.6268203128055557,0.8117499816279445
2024-01-11,0.7079084944689455,0.626687033748827,0.8117836957899787
2024-01-12,0.708583608548957,0.626518125205951,0.8124656694366703
2024-01-15,0.7086152291329023,0.6266846990286132,0.8121197213719847
2024-01-16,0.707917198850023,0.626194063542789,0.8123319052744572
2024-01-17,0.7065565253521535,0.6263111102663728,0.8121203454489727
2024-01-18,0.7061700865196654,0.626025094827506,0.8124909279561823
2024-01-19,0.7054708216080807,0.6262474460605388,0.8128446037188339
2024-01-22,0.7047279346532971,0.6263524518165472,0.8131557394102283
2024-01-23,0.7059887749969793,0.626037133150629,0.8127037619275344
2024-01-24,0.7075935919640007,0.6258114272302738,0.8128300267228831
2024-01-25,0.7074323365036531,0.6254978712432485,0.8133078683754383
2024-01-26,0.7063758139237565,0.6248986320980029,0.8126347681613757
2024-01-29,0.7058425707782869,0.6252922461357261,0.8131616105366805
2024-01-30,0.7065708628663429,0.6254855709462769,0.8127720773463513
2024-01-31,0.7060778869199539,0.6250560409274247,0.8123822258141495
2024-02-01,0.7057414999331142,0.6246350966435499,0.8127435065338304
2024-02-02,0.70575656231678,0.6251852641772736,0.8123884414308461
2024-02-06,0.7041837343377132,0.6241228149051667,0.8120744414128128
2024-02-07,0.7038544062021939,0.62469885894382,0.8118702774730606
2024-02-08,0.7028492221748504,0.6246036868326778,0.811510919314483
2024-02-09,0.7026559346575211,0.6256244282287391,0.8110420048939637
2024-02-12,0.7031678550708786,0.6266675876276936,0.8117086168268207
2024-02-13,0.7017714012297193,0.6261495854200937,0.8116853300592773
2024-02-14,0.7023053929555926,0.6255370828944562,0.8115527089207907
2024-02-15,0.7035050493498654,0.6261553815159292,0.8119551259503099
2024-02-16,0.704429411319329,0.6257929415807412,0.8116374426078713
2024-02-19,0.7046251315227676,0.6255774125647127,0.8115720838977788
2024-02-20,0.7042782880633955,0.6246981182901495,0.8112216230541438
2024-02-21,0.7050024458931635,0.6244275498023749,0.8115402666716434
2024-02-22,0.7048195539063068,0.6245470243240054,0.812279151377813
2024-02-23,0.7070632414762255,0.6249104754226011,0.8122739423405184
2024-02-26,0.7081341007773492,0.6244300073519702,0.8125499447074813
2024-02-27,0.7077757340509422,0.6246551965834023,0.8130167273215648
2024-02-28,0.7075997400058124,0.6249870660042725,0.8126908258224593
2024-02-29,0.7072477489947052,0.6255634188368359,0.8132655007966647
2024-03-01,0.7072293211545393,0.6250806065322653,0.8129320701302793
2024-03-04,0.7058395403505956,0.6250243747461917,0.8133986088371651
2024-03-05,0.7062054535589467,0.6249033153629945,0.8122204921659525
2024-03-06,0.707209087226911,0.6247635171637635,0.8132587573741837
2024-03-07,0.7089325672164106,0.6243727383620407,0.8130903965944928
2024-03-08,0.7080770257343408,0.6240656049644504,0.8129632612806648
2024-03-11,0.7085788993046956,0.6238879941060059,0.8128851681026593
2024-03-12,0.708751207384699,0.6236472400963454,0.8128847495632565
2024-03-13,0.7074926653714814,0.6238033402658265,0.8131466195854985
2024-03-14,0.7083624930526523,0.6241512398352671,0.8130461251270833
2024-03-15,0.7080209320786457,0.6240504334875779,0.8132465335200509
2024-03-19,0.7080253580574736,0.6235043702631446,0.8124787177825499
2024-03-20,0.7069888831367517,0.6234852760168313,0.8130648853544937
2024-03-21,0.7082073164569853,0.6240298022721864,0.8134064318437221
2024-03-22,0.7078962281021033,0.6232899810842769,0.813272606217933
2024-03-25,0.7089142449901104,0.6226892450749769,0.8133178409471379
2024-03-26,0.7108137226764317,0.6221488202271789,0.8137741504465342
2024-03-27,0.7102929667259866,0.6222398168766592,0.8139372216285828
2024-04-01,0.7099698104434072,0.6222543788575515,0.8135525530249772
2024-04-02,0.7109975118832603,0.6221057590818069,0.813921076077093
2024-04-03,0.7102964409116658,0.6221458740643975,0.8131713285122149
2024-04-04,0.7108102141142653,0.621935156890477,0.813299240809175
2024-04-05,0.7111397616701955,0.6220466609652654,0.8132534654317227
2024-04-08,0.712890849253561,0.6220263521291755,0.8130329408723425
2024-04-09,0.7135742851924286,0.6214363719434859,0.8134285911583439
2024-04-10,0.7123611441716777,0.621700952864844,0.8135933067908365
2024-04-11,0.7132254601652326,0.6223061021962429,0.8137618436392784
2024-04-12,0.7138899102424068,0.6225551539531192,0.813610245855189
2024-04-15,0.7121511123450801,0.6223701561917264,0.8135308161422606
2024-04-16,0.7124809382294477,0.6221258092208757,0.8138600427240712
2024-04-17,0.7128070512548184,0.6216847343355785,0.8140293826398736
2024-04-18,0.7125878984751967,0.6214334415007158,0.8139691821021101
2024-04-19,0.7120726108992693,0.6213129502153066,0.8136283758713022
2024-04-22,0.7117023924183028,0.6215399810642681,0.8134641903010476
2024-04-23,0.7126895674853918,0.6221968811452179,0.8129559540958278
2024-04-24,0.7121571588779164,0.6218663439031437,0.8130957445282749
2024-04-25,0.7123002238892084,0.6217643318308208,0.8131453680145405
2024-04-26,0.7116167397800377,0.622258235594382,0.812888520331389
2024-04-29,0.7103558577615696,0.6212133053720473,0.8127222618131329
2024-04-30,0.7087887727423948,0.6212132538339559,0.8127849046212395
2024-05-02,0.710206276007983,0.6214993643845681,0.8122119172353089
2024-05-03,0.7098639699007832,0.6215385701350227,0.8125116995202124
2024-05-06,0.7103790324490648,0.6214998442835172,0.8121668445726374
2024-05-07,0.7100658349537357,0.6217181526452404,0.8126464185763417
2024-05-08,0.7092048786147668,0.6214017907401054,0.8130052046101494
2024-05-09,0.7083497823826161,0.6222401101864201,0.8133410526083592
2024-05-10,0.709362966341676,0.6222921154714027,0.8138554777717153
2024-05-13,0.7109274605161335,0.6219292038318277,0.8138507810789631
2024-05-14,0.7120021766606469,0.6210128689881281,0.8142373687850945
2024-05-15,0.7120077305185486,0.6214041205014896,0.8144919785395645
2024-05-16,0.7132121410444051,0.6213843554520345,0.8139192285367247
2024-05-17,0.7128641813276161,0.6218963032398636,0.8141574028993213
2024-05-20,0.7126538569182114,0.6220119674515789,0.8141191500556951
2024-05-21,0.711776124897062,0.6226331879296099,0.8140444227820963
2024-05-22,0.7121214861302279,0.6228756325648211,0.8138842499086658
2024-05-23,0.7102271252924175,0.623211714355768,0.8136125569817791
2024-05-24,0.7091931123726414,0.6235077258134096,0.8134083013807913
2024-05-27,0.7096895364718778,0.6219411988556504,0.8133616856097309
2024-05-28,0.7103837260416103,0.6224517189183764,0.8130186507386863
2024-05-29,0.7107567867957126,0.6234464784288265,0.8134580812530385
2024-05-30,0.7107633340340885,0.6226709421459414,0.8135944247393281
2024-05-31,0.7117897868333997,0.6228131193500221,0.8138903852695855
2024-06-03,0.7090072002848793,0.6230558403967527,0.8140913412117645
2024-06-04,0.7074532463824494,0.6225199381713472,0.8137956811755562
2024-06-05,0.7060785823817126,0.621769789285342,0.813554835865877
2024-06-06,0.7057433059459549,0.6220849586569217,0.8145647838022578
2024-06-07,0.7040032461354604,0.6219566424111527,0.8142689927678707
2024-06-10,0.7068009841756845,0.6213002775867265,0.814631007666817
2024-06-11,0.7061104850598681,0.6214584296729007,0.8145393022117414
2024-06-12,0.7074766215841584,0.6218601476781918,0.8134719711072028
2024-06-13,0.7061169425246069,0.6217926629835363,0.8147238321846373
2024-06-14,0.7087289816687538,0.6224576783939044,0.8146149461738551
2024-06-17,0.7097455635888581,0.6217918050601485,0.8136065517116657
2024-06-18,0.7081585875789316,0.6217387316050923,0.8139680313857256
2024-06-19,0.7088756895007693,0.6222148749113443,0.8138152899090962
2024-06-20,0.7080039447574847,0.6220468185705774,0.8138665027951234
2024-06-21,0.7072955552704778,0.6224675700154092,0.8131340558030041
2024-06-24,0.7079618150334022,0.6226804884679733,0.8137565138139279
2024-06-25,0.7086929051418921,0.6229172012338674,0.8137703032261544
2024-06-26,0.7109636594023743,0.623192161430576,0.8134169671145194
2024-06-27,0.7116994921798517,0.6232303158375944,0.8139970781558852
2024-06-28,0.7132848357154211,0.6226718148136716,0.8143874210042688
2024-07-01,0.71241569397551,0.6223080487414671,0.8140484440695649
2024-07-02,0.7125785971074364,0.6215925546738774,0.8143937853861624
2024-07-03,0.710496874716779,0.621658958560395,0.8134375463714871
2024-07-04,0.7108547662336364,0.6206268205374308,0.8139368133448379
2024-07-05,0.7102999601579643,0.6208173793875422,0.8143487699344061
2024-07-08,0.7083361053349743,0.6207173402318681,0.8144141332349244
2024-07-09,0.7087062125192716,0.6210415331990589,0.8138543368827632
2024-07-10,0.709221161517636,0.6202352270358075,0.8140797642432128
2024-07-11,0.709224092822762,0.620022177859122,0.8137205673733027
2024-07-12,0.709569281063337,0.6189949557384703,0.8143973012909433
2024-07-15,0.7097062519160735,0.6194958777065603,0.8145423475283544
2024-07-16,0.7107469457872879,0.6191001527396781,0.8142420071502567
2024-07-17,0.7102165238319713,0.6191719567278697,0.8143515497459182
2024-07-18,0.7111273225650765,0.6191086729572263,0.8139917679255448
2024-07-19,0.7116430830736383,0.6193344836262341,0.8135606088289739
2024-07-22,0.7109149475503503,0.6199625081365383,0.8137520260428406
2024-07-23,0.7105639545848151,0.6199657931047993,0.8134588313579584
2024-07-24,0.7109261246681097,0.620276266996125,0.813639951013561
2024-07-25,0.7088467028577925,0.6203489377419159,0.8139505869200772
2024-07-26,0.7093463821447643,0.6203536815714774,0.8138851792381349
2024-07-29,0.7094948999420522,0.6214796523446688,0.8139104942837317
2024-07-30,0.709254327820263,0.6209682084129602,0.8134144601646826
2024-07-31,0.7079798131867691,0.6210904317720077,0.8134121769817517
2024-08-01,0.7059016354514092,0.6203762266424097,0.8130108103242963
2024-08-02,0.7052063508643434,0.6207029089044344,0.8131786075976031
2024-08-05,0.7046463202007754,0.6208918674772089,0.8138373975848826
2024-08-06,0.7039788200677378,0.6217366477376964,0.8138894349648544
2024-08-07,0.7031628200120628,0.6208894744934941,0.8137402830101796
2024-08-08,0.7024407853569492,0.6202794752507074,0.8133866585192608
2024-08-09,0.7017384684222534,0.6210210300419017,0.8139144066010221
2024-08-12,0.7013618374650064,0.6209900779094634,0.8135057555449408
2024-08-13,0.6994491857591091,0.6205602604626382,0.8137326459577822
2024-08-14,0.6996343947211586,0.6209598983971742,0.8133251073292604
2024-08-15,0.69959083395955,0.6209027161977394,0.8130938907147968
2024-08-16,0.6993726201482652,0.6207319171380036,0.812968609015278
2024-08-19,0.6996970285247905,0.6209420520487299,0.8130100329455775
2024-08-20,0.7002341226965451,0.6208859791465231,0.8125628142250128
2024-08-21,0.701464888022092,0.6205905555322871,0.8125436129154531
2024-08-22,0.700753392303902,0.6213406376573729,0.8129297359247963
2024-08-23,0.7011592463859111,0.6212050550718217,0.8130848387759747
2024-08-26,0.7010388196892675,0.6213398932101224,0.8131159366178763
2024-08-27,0.7000993914973602,0.6214948366710886,0.8124588022601404
2024-08-28,0.7000607067560385,0.621803611006312,0.8125519491557531
2024-08-29,0.7000932561910668,0.621672352539504,0.8123186065342471
2024-08-30,0.6990672537130922,0.6214033086063625,0.8124713066559132
2024-09-02,0.6995668367105636,0.6219426862041811,0.8124606253168983
2024-09-03,0.6985090248425531,0.6217792908912914,0.8126947280931237
2024-09-04,0.6987132204368477,0.62111493111859,0.8127502014778502
2024-09-05,0.6998014618167381,0.6218979020013872,0.8130609884398589
2024-09-06,0.698195311957282,0.6214562040310971,0.8134163212758506
2024-09-09,0.6988657770147528,0.6216208962896842,0.8128818214252632
2024-09-10,0.6994413348552837,0.621478072078541,0.8130080378010898
2024-09-11,0.6998325100043017,0.6215271855217088,0.8138102068433485
2024-09-12,0.6998377133745464,0.6209583110692635,0.8136981100746274
2024-09-13,0.7008668992691178,0.6204522528134654,0.8138753622135789
2024-09-17,0.7005547775473084,0.6204051976325861,0.8138720491934377
2024-09-18,0.7007279979567812,0.6202151038353886,0.8142668667156219
2024-09-19,0.7012796593281984,0.6206170689581167,0.8137673180401457
2024-09-20,0.7002514670146562,0.6208975191991406,0.8138240100336098
2024-09-23,0.6988820591905209,0.6206770996076917,0.8141945768940126
2024-09-24,0.6972993791761576,0.620059136812695,0.8142499906747233
2024-09-25,0.6960455348977262,0.6206614905685705,0.8140053988046382
2024-09-26,0.6970854174603005,0.6204893100415139,0.8144955315167972
2024-09-27,0.6979765745651983,0.6204489071869557,0.8145121269514967
2024-09-30,0.6981480307676469,0.6200891285620924,0.8143890307323846
2024-10-02,0.6981512153282192,0.6198641925616026,0.8150227535055623
2024-10-03,0.698123484201283,0.620393008617697,0.8155585287961086
2024-10-04,0.6952651689715365,0.6198373634981011,0.8153683157495535
2024-10-07,0.6952996889781983,0.6205941176306903,0.8152348011115027
2024-10-08,0.6958457915612959,0.6208279783584214,0.8162846169404314
2024-10-09,0.6967670487225357,0.6206250181511226,0.8167431501986331
2024-10-10,0.6994098754471949,0.620781314799001,0.8167216562229171
2024-10-11,0.7004368617967457,0.6207848527464436,0.8165908870671351
2024-10-14,0.7016878232210155,0.620269993205925,0.8163215237252502
2024-10-15,0.7018861123404605,0.6208999723078418,0.8165201872146991
2024-10-16,0.7019354924469061,0.6207635199714163,0.8160618920013631
2024-10-17,0.7021261153672412,0.6197312917963751,0.816431990742304
2024-10-18,0.7035458011466216,0.6198780101742416,0.816443429028132
2024-10-21,0.7040740952550893,0.6199134748025692,0.8160977569831417
2024-10-22,0.7030353394074367,0.6200897537105449,0.8156510034060936
2024-10-23,0.7021356558470592,0.6202822807474515,0.8160839899494894
2024-10-24,0.7021338672479936,0.6201065062709278,0.8167136299975656
2024-10-25,0.7030293848128155,0.619712545166339,0.8165521846771847
2024-10-28,0.7026527509629092,0.6196425124010413,0.8165246937366764
2024-10-29,0.7035391692336467,0.6195108277315861,0.8161087901584715
2024-10-30,0.7044093230385606,0.6193422984113053,0.8161337999687622
2024-10-31,0.7063446670461117,0.6190102341623129,0.8155598417226865
2024-11-01,0.7058334635654426,0.6188367025541767,0.8154111659201546
2024-11-04,0.7053265484623994,0.6186977303605241,0.8160318355182926
2024-11-05,0.7056950344946751,0.6188240359602943,0.815809578236097
2024-11-06,0.7039713804915202,0.6194387406876021,0.8157682398436188
2024-11-07,0.7043490555117355,0.6193048864963322,0.8157721187196229
2024-11-08,0.703630181734655,0.619130293021823,0.8157676316142937
2024-11-11,0.7050063184494072,0.6187481332093036,0.8157831787468144
2024-11-12,0.7062301673741165,0.618796679929138,0.8150808568160809
2024-11-13,0.7055320878817463,0.6186222591899099,0.8154936438189716
2024-11-14,0.7058782354182118,0.6184537241701207,0.8157472102521788
2024-11-15,0.705211498573306,0.6183115374690897,0.8155283012654502
2024-11-19,0.704687888289329,0.6187488002769673,0.81488891290979
2024-11-20,0.7060921605067282,0.6183384339720999,0.8145468545215847
2024-11-21,0.7097063621270768,0.6184364961645101,0.8149686813873659
2024-11-22,0.7133021606514586,0.6177129976382645,0.8143602532268119
2024-11-25,0.7151838380445894,0.618103383438187,0.8139871913432741
2024-11-26,0.7143376454607542,0.6184099719591238,0.8146560866595719
2024-11-27,0.7168829482045469,0.618223601989315,0.8145202444038238
2024-11-28,0.7171880016773746,0.618346128195535,0.8143130049926826
2024-11-29,0.7173736567788142,0.6183246356148933,0.8133305083507556
2024-12-02,0.7176982980699376,0.6181498499698925,0.8139305028857875
2024-12-03,0.7174843187253045,0.6181121549706456,0.8138817444409181
2024-12-04,0.716628295811419,0.617718234975148,0.8137573447997545
2024-12-05,0.7166178429170882,0.6173846577089478,0.8142644779549861
2024-12-06,0.7193563034933002,0.6175439362370727,0.813885989521657
2024-12-09,0.7178111193243806,0.6173403608408764,0.8146430062503625
2024-12-10,0.7179962957645516,0.6174110017780438,0.8145738648980886
2024-12-11,0.7177008786322351,0.6172763554144094,0.8141680902074808
2024-12-13,0.7183954277803624,0.6169296211070802,0.8138491638239059
2024-12-16,0.7172484635632713,0.6173950317777637,0.8135648382844258
2024-12-17,0.7164105752682766,0.6172983499477901,0.8142098164969039
2024-12-18,0.7153278684056061,0.616941389289063,0.8138860442080645
2024-12-19,0.713073058732193,0.6166513136539088,0.8130162700604316
2024-12-20,0.7142771253161111,0.6167528024091661,0.8143197394999968
2024-12-23,0.7169665801478247,0.6160327096097707,0.8140546445420581
2024-12-24,0.7187434324148332,0.6155454176863547,0.8138530489205288
2024-12-26,0.719583975735352,0.6155965388623232,0.8134651505890709
2024-12-27,0.7199189736284691,0.6150388023559269,0.8138883119030597
2024-12-30,0.7209210212103251,0.6156004750777205,0.814168877348489
2024-12-31,0.719031838887388,0.6157071088800661,0.8138870732721529
2025-01-02,0.719580112149338,0.6164628981358566,0.8137322774934448
2025-01-03,0.7180093536687354,0.6161940646073333,0.8145494468151248
2025-01-06,0.719538128511801,0.615943372988879,0.8139337019762053
2025-01-07,0.7185405243202261,0.615065012268127,0.8143343585417252
2025-01-08,0.7181914756275725,0.6158539809992845,0.8138666549187873
2025-01-09,0.7175363173263049,0.6158498608448445,0.8141444361255371
2025-01-10,0.7170570326453296,0.6151473636162041,0.8134097984082975
2025-01-13,0.7174069960772423,0.6157910999849167,0.8138102573077242
2025-01-14,0.7191321023902549,0.613937614933017,0.8137630586164033
2025-01-15,0.7180996045413535,0.6140506385687594,0.8138906754834057
2025-01-16,0.7172660590041904,0.6133196868184123,0.8140559333349394
2025-01-17,0.7184990123441731,0.6139295645663801,0.8145055892740862
2025-01-20,0.7168066820345601,0.6143702795518123,0.8145394846000944
2025-01-21,0.7173039080076385,0.6146733188176551,0.8141214857832094
2025-01-22,0.7159252922694107,0.614844215456458,0.8147528429297783
2025-01-23,0.7176480538939318,0.6151890715322617,0.8144160794186217
2025-01-24,0.7195408666194909,0.6147082361285464,0.814294996127823
2025-01-27,0.7200497812842839,0.6144631107710212,0.8144588600689465
2025-01-28,0.7219408788478927,0.6144676900958582,0.8147937124907774
2025-01-29,0.7224710964093893,0.61515538479666,0.8145241039308081
2025-01-30,0.7224478375388548,0.6152557157306342,0.8148359739611226
2025-01-31,0.7212219679607739,0.6156698160919107,0.8146987828971446
2025-02-04,0.7198783085661051,0.615659891104001,0.8146147530451076
2025-02-05,0.7200178552175646,0.6153175018936178,0.8150261879918163
2025-02-06,0.7218522595654604,0.615676509318617,0.8151834815943699
2025-02-07,0.7215637149255707,0.6152576264766874,0.8152360531744567
2025-02-10,0.7219397502115706,0.615400896558789,0.8155345983923774
2025-02-11,0.7205467370959108,0.6159873393761162,0.8153156481377207
2025-02-12,0.71954036831542,0.6155446010748463,0.8147721488656662
2025-02-13,0.7197254030627825,0.6156316661805202,0.8148941041686389
2025-02-14,0.7193984215375209,0.6162055647891941,0.8150572580781593
2025-02-17,0.7204078794651024,0.616229435027681,0.8144253931292125
2025-02-18,0.7199183655047308,0.6159846964945501,0.814601297434552
2025-02-19,0.7195799229415184,0.61695912452358,0.8137985791255613
2025-02-20,0.7192407263974199,0.6171387982162067,0.8149642850749935
2025-02-21,0.7188815175462901,0.6169596339702295,0.8146417322366866
2025-02-24,0.7200980917994364,0.6171901527484486,0.8148167881256663
2025-02-25,0.7194207265907546,0.6169528447016662,0.8147711944353329
2025-02-26,0.7194390030505434,0.6161044993752627,0.815185793948049
2025-02-27,0.7185875580361438,0.6161404895315908,0.8153672467340333
2025-02-28,0.7187779776975485,0.615324228975758,0.8151557046685611
2025-03-03,0.7185806109451688,0.6151846748317534,0.8150831711712634
2025-03-04,0.7194198036145918,0.615244678722726,0.8158848968620197
2025-03-05,0.7192407325030555,0.6151029056699753,0.8150418551733614
2025-03-06,0.7201013308956928,0.6156460411609248,0.8151671898654667
2025-03-07,0.7197778242641877,0.615466944924598,0.8151320966590703
2025-03-10,0.7182583555946327,0.6154774979262249,0.8152384965690218
2025-03-11,0.7187591669477977,0.6148993729603147,0.8153349789563529
2025-03-12,0.7191108004657905,0.6151933760592292,0.8155610763746958
2025-03-13,0.7186182049496372,0.6146787112947829,0.8148915912654476
2025-03-14,0.7186014700462928,0.6148604864150314,0.8151296710745399
2025-03-18,0.7189067280877944,0.6146802781772163,0.8155542847191377
2025-03-19,0.7187011705574453,0.6147736750993945,0.815893341685273
2025-03-20,0.7205525635650806,0.6146656812487827,0.8158057207564974
2025-03-21,0.720385283438259,0.6152341395235197,0.8156067665417004
2025-03-24,0.7209064734019014,0.6147601629865406,0.8160537153566378
2025-03-25,0.72089114948826,0.6149429559897432,0.8165337176957219
2025-03-26,0.7222492836593098,0.6149007264080958,0.8162253463510607
2025-03-27,0.7213856766868066,0.6149187958600927,0.8165311058470298
2025-03-28,0.7219403974770552,0.6144389335289818,0.8168039660171929
2025-03-31,0.7234815962255626,0.6146983115881146,0.8167660184655839
2025-04-01,0.722915181920784,0.614145880906414,0.8169037293937407
2025-04-02,0.7224333062354982,0.6145512796075466,0.8171478419096305
2025-04-03,0.7214108393051284,0.6150781479000659,0.8169757102462836
2025-04-04,0.7179886957553108,0.6149673622633628,0.816763929393118
2025-04-07,0.7169317360956724,0.6147955925948645,0.8171254765644212
2025-04-08,0.7181135365048973,0.6146501865334769,0.8177953112885759
2025-04-09,0.7148311922114635,0.6143670342069417,0.8174639335893376
2025-04-10,0.7133033250543727,0.6131916693648245,0.8170713933958736
2025-04-11,0.7121145172723442,0.6143518125858165,0.8171384444280655
2025-04-14,0.712442798199936,0.6143344956003222,0.8173270726284134
2025-04-15,0.7141351982388495,0.61409226979954,0.8165804834317111
2025-04-16,0.7141508666953493,0.6139841993584033,0.816813947986877
2025-04-21,0.7145138425612015,0.6130260444108899,0.817140263922244
2025-04-22,0.7126259835348547,0.6133809735203788,0.8169498415731357
2025-04-23,0.7109009262654764,0.6134651394530497,0.8165550389415422
2025-04-24,0.711231256300627,0.6134201210169734,0.816781301700076
2025-04-25,0.7114015035039166,0.6137706521959666,0.8169655179407145
2025-04-28,0.7115781929647942,0.6138867449924812,0.8179106984084059
2025-04-29,0.7096948991670757,0.614285648282388,0.8181367966443113
2025-04-30,0.7090301635197369,0.6135623535590142,0.8181900360960533
2025-05-02,0.7076579467325143,0.6137170895553833,0.8177690360654338
2025-05-05,0.7080266728086675,0.6138378121981052,0.8173871159211225
2025-05-06,0.705250999840478,0.6140331048820892,0.8172950973811872
2025-05-07,0.705402905845488,0.614140566780473,0.8180319603120164
2025-05-08,0.7046730791405466,0.6139641864479343,0.8184227019677046
2025-05-09,0.7049972067600481,0.6139839667634877,0.818611192018051
2025-05-12,0.7056741942098592,0.6145420098858564,0.8187021059572209
2025-05-13,0.7049653386856365,0.6144278728292969,0.8183756360223655
2025-05-14,0.7051468342436645,0.6145087728221336,0.8177134810894527
2025-05-15,0.7041255014631197,0.6146315670580519,0.8174695905354566
2025-05-16,0.7039227908809808,0.6140615306746152,0.8172800562727089
2025-05-19,0.7041038567461456,0.6144238119152818,0.8176889251428282
2025-05-20,0.7037644854784183,0.6142542487101827,0.8173426814186877
2025-05-21,0.7048172269639438,0.6146746528448918,0.8173532306636808
2025-05-22,0.7034172916253799,0.6142226758646955,0.8168591347928854
2025-05-23,0.7041347759651172,0.6145675534211411,0.8165172126722068
2025-05-26,0.7043317479364406,0.6141826260131396,0.816315912709688
2025-05-27,0.7054183782616413,0.6142240081502608,0.817209604000793
2025-05-28,0.7045505526073408,0.6134096670487342,0.818384045187006
2025-05-29,0.7057915851454231,0.6139337231946757,0.8182065926400068
2025-05-30,0.7054227471767714,0.6139332723927894,0.8190986706428571
2025-06-02,0.7064836511318487,0.6139964716841037,0.8187283107518746
2025-06-03,0.7075516188448522,0.6136494696524478,0.8186611295153934
2025-06-04,0.7082534175028349,0.6135521318085436,0.8176695907381193
2025-06-05,0.70788808876473,0.6135466477470177,0.8179153449012345
2025-06-06,0.7082480646060686,0.6147982329381961,0.8174785904390196
2025-06-09,0.7068476769480476,0.6147569858101195,0.8174885800808271
2025-06-10,0.7078811914236067,0.6144711587908652,0.818077489786762
2025-06-11,0.709055042478781,0.6137688006956433,0.817937680269984
2025-06-12,0.7093670252875093,0.61380038781039,0.8177747206075939
2025-06-13,0.7095545529825782,0.6134393188947882,0.8176044699903418
2025-06-16,0.7105883802109565,0.612636678118284,0.8169098316770987
2025-06-17,0.7091951677935563,0.6128064470015709,0.8169212385235323
2025-06-18,0.7116079243056184,0.6140324403100672,0.8164839271924816
2025-06-19,0.7110855150786913,0.6135848819646488,0.8170031367114244
2025-06-20,0.7100522251273319,0.613401064698488,0.8176465614639761
2025-06-23,0.7107626486197969,0.6132244570500057,0.8159808579405362
2025-06-24,0.709775917535278,0.61299657324913,0.8155894734198285
2025-06-25,0.7101206933845688,0.6132387495566687,0.8154605309573925
2025-06-26,0.7114861722578584,0.6135719549472561,0.8151487327750517
2025-06-27,0.7123695126872568,0.6135554868061373,0.8160616854169321
2025-06-30,0.7122195983433828,0.6135885433140724,0.8169142539436249
2025-07-01,0.7130764147282441,0.6130251748941241,0.8169001091075885
2025-07-02,0.7130685263954447,0.6129297330509929,0.8170351873966795
2025-07-03,0.7127413277686083,0.6130076671576281,0.8158923038015222
2025-07-04,0.7127124352829517,0.6129497526216,0.8166189514311754
2025-07-07,0.7126794458657995,0.6129527166572734,0.8167818908214496
2025-07-08,0.7119998896580289,0.6122014571334005,0.8182305433119336
2025-07-09,0.712538259991304,0.6115710019997008,0.8176515561775026
2025-07-10,0.7119824058017648,0.6130020956854348,0.8169540215463343
2025-07-11,0.7117914866698973,0.6134015820431717,0.8173086076467702
2025-07-14,0.7128440676335299,0.6137670579525313,0.8161235623322195
2025-07-15,0.7117924685847715,0.6143316890607909,0.8160430748380765
2025-07-16,0.7121717623141967,0.6138573504022332,0.8160297313683437
2025-07-17,0.7111526518143256,0.6143875865070182,0.8159345785409823
2025-07-18,0.710303378790192,0.6136413471022304,0.8162788857246817
2025-07-21,0.7106590713097392,0.6131594170254816,0.8165677183752962
2025-07-22,0.7094300058546348,0.6130858058640941,0.8160842893900754
2025-07-23,0.708729844869763,0.613672145610246,0.8159565576213189
2025-07-24,0.7089222673371838,0.6135089392551364,0.8162882793581464
2025-07-25,0.7127054920880795,0.6130986893325512,0.8161545114269022
2025-07-28,0.7125328009085108,0.6129967169095867,0.8170520394225809
2025-07-29,0.712175544715165,0.6128099435194999,0.8166796339125186
2025-07-30,0.7120198527633237,0.6134544822261261,0.8171632426389464
2025-07-31,0.7123577330250618,0.6134558150595003,0.8177624384346635
2025-08-01,0.7118641256842487,0.6136385266690395,0.8166519588818515
2025-08-04,0.7112030327798393,0.6137193376431743,0.8170147845944808
2025-08-05,0.7113979579485558,0.6139661231046861,0.817026529928416
2025-08-06,0.7124367199879814,0.6134271923564795,0.81772856808174
2025-08-07,0.7112369132892792,0.6135147366020237,0.8177573111198247
2025-08-08,0.7117682317419011,0.6135680891516785,0.8167349247967032
2025-08-11,0.7117843189725072,0.613639368068816,0.8168693077112864
2025-08-12,0.7122934660693324,0.6134112881570408,0.817075975165853
2025-08-13,0.7117658624141167,0.6126595877762472,0.8177886512136063
2025-08-14,0.7136725698209632,0.6137208458445745,0.8180540602525953
2025-08-15,0.7138276955731655,0.6132242952052699,0.817398505652993
2025-08-18,0.714845023854267,0.6135468922560624,0.8170441543785992
2025-08-19,0.7149937632133375,0.6132176297814975,0.8178985006916154
2025-08-20,0.716363341010208,0.6131387873619227,0.8176471801349703
2025-08-21,0.71653290855726,0.6124647999394445,0.8175949754859587
2025-08-22,0.7158097337145591,0.6127385361079232,0.8171774097858744
2025-08-25,0.7154836626153325,0.6133840959472341,0.8175784773678049
2025-08-26,0.7156642021278731,0.6124483978340213,0.8177616489974556
2025-08-27,0.7141138240226468,0.6128036098928867,0.8178612968525244
2025-08-28,0.7134310607959506,0.6128024759903582,0.8176817679862834
2025-08-29,0.7148066793719787,0.6128719239859713,0.8172582477700757
2025-09-01,0.7144698696874735,0.6126341987640359,0.8169059167157786
2025-09-02,0.7136018458778829,0.6133845047005154,0.8167791900235191
2025-09-03,0.7135911718817072,0.6121111327158479,0.816246597822754
2025-09-04,0.7146280762382807,0.6125492665707717,0.8155120250045713
2025-09-05,0.7144606971710004,0.6123428314028716,0.815977625691917
2025-09-08,0.7150025978464192,0.6130917916382109,0.8164622176254962
2025-09-09,0.7142943796211434,0.6134875190648487,0.8160425721115268
2025-09-10,0.7163548776352741,0.6133388052942851,0.8155046923979313
2025-09-11,0.7147853012886268,0.6121580753791721,0.8163094173975876
2025-09-12,0.7153101477577323,0.6135213319393702,0.8160712752734612
2025-09-15,0.7154358060080819,0.6132159692385447,0.8161209352583093
2025-09-17,0.7144073580955076,0.614179950019462,0.8158664542851141
2025-09-18,0.7142354847039842,0.6151223374001195,0.816497457332401
2025-09-19,0.7143874850950074,0.6138242855204599,0.8161935629232966
2025-09-22,0.7133699652477944,0.6133947137338543,0.8163409346264972
2025-09-23,0.7145873480147068,0.6133329380616108,0.8168901662231757
2025-09-24,0.7135369467460526,0.6123705544100239,0.816827451311167
2025-09-25,0.7167875891153218,0.6120672500791063,0.8173121762580345
2025-09-26,0.7172991691988511,0.6127019199377538,0.8168181783876083
2025-09-29,0.7186814040822652,0.6114321193154476,0.8177791703624724
2025-09-30,0.7224234137275828,0.6125258600627972,0.8178630380218765
2025-10-01,0.7213959926211906,0.611868318559187,0.8178677880197228
2025-10-02,0.7207065441759803,0.6126465099055141,0.8184507542997022
2025-10-03,0.7208619171698206,0.6130388952205346,0.8185614734624741
2025-10-06,0.7218926984244087,0.6139809808146237,0.8184459932487121
2025-10-07,0.7220638788865035,0.6126655597406537,0.8179339368640708
2025-10-08,0.7225961885589083,0.6119823728699684,0.8178629462063832
2025-10-09,0.7230945723228437,0.6113596910419287,0.8173577188359409
2025-10-10,0.7241024105526305,0.6109666812752994,0.817746617949797
2025-10-13,0.7246349876729097,0.6109615974880273,0.8180260495007399
2025-10-14,0.7235940050183349,0.6110400075328776,0.817185563962047
2025-10-15,0.7231014086830752,0.611707315981022,0.8172590451641752
2025-10-16,0.7251367449701183,0.6115439179194958,0.8173573370147345
2025-10-17,0.7232995900252218,0.6123534576181229,0.8172783663517137
2025-10-20,0.7242731387239906,0.6117634960584104,0.8175557400132388
2025-10-21,0.7225641955252756,0.6119121599413644,0.8172727954191743
2025-10-22,0.7239055372209835,0.6112543805346788,0.8180061772488587
2025-10-23,0.7244071735132617,0.6115866175828872,0.8172368422883499
2025-10-24,0.7242547799578314,0.6118750929904466,0.8177538048993137
2025-10-27,0.7230462022840036,0.6115732693805422,0.8174269214399943
2025-10-28,0.7228860296047512,0.6112572195365752,0.8175886301692228
2025-10-29,0.7235417276866711,0.612466969635744,0.8174928853965973
2025-10-30,0.7226588997126577,0.612224337887392,0.8173323713768175
2025-10-31,0.7223128570221082,0.6122367521577423,0.8175928193097852
2025-11-03,0.7233516311935174,0.6128000413005397,0.8171654926428603
2025-11-04,0.7236669308946544,0.6127076064652952,0.8172674480287838
2025-11-05,0.7211319896964846,0.6127353057445672,0.8176377627154899
2025-11-06,0.7207864558090432,0.6123562239340268,0.817463610796677
2025-11-07,0.7216010880794699,0.6124326174487789,0.8173857553745485
2025-11-10,0.7210834418685758,0.6121028888323098,0.8183340936133396
2025-11-11,0.7193778823063708,0.6125790979263063,0.8190415488288739
2025-11-12,0.7181945045262055,0.6126114041627388,0.8192963904903241
2025-11-13,0.7175192428751677,0.6123863030211101,0.8193878374992868
2025-11-14,0.7171953308267682,0.6118079500371559,0.8199919603528985
2025-11-18,0.7175198866600669,0.6124837055661704,0.8196966938611111
2025-11-19,0.7171635601664673,0.6123637168744465,0.8200554596622545
2025-11-20,0.7181813400831664,0.612257696740895,0.8198770734018989
2025-11-21,0.7178364159568678,0.6124023761058544,0.8194304146653683
2025-11-24,0.7174955178283444,0.6122385238421387,0.8195948535241335
2025-11-25,0.7176540764315367,0.6125290545871028,0.8201190864808979
2025-11-26,0.7181930161082342,0.6124137774844255,0.8194591688754733
2025-11-27,0.7171370741901156,0.612523633733885,0.8183424534752509
2025-11-28,0.7178651828151681,0.6124122216739866,0.8191950480716533
2025-12-01,0.7189339596872176,0.6129627860116952,0.8191871282113543
2025-12-02,0.7192513133899331,0.6128128995171854,0.8188664526494136
2025-12-03,0.7180455985540449,0.6126967609795553,0.8188750375239439
2025-12-04,0.7182326766328939,0.6134886272444374,0.8189345346210103
2025-12-05,0.7168444023264778,0.613202523124593,0.8187865794089427
2025-12-08,0.717200773982998,0.6122954363435695,0.818759828627321
2025-12-09,0.7172175512227601,0.6119728744567302,0.8187880256610893
2025-12-10,0.7168539334380689,0.6116335637361648,0.8190005408449478
2025-12-11,0.7168441944685054,0.6116691184884916,0.8188279804488542
2025-12-15,0.7162877112634971,0.611330044482432,0.8189756881972821
2025-12-16,0.7150352989408977,0.6114904885905558,0.8190806043148079
2025-12-17,0.7157507231501827,0.6111888294380269,0.8194544705276899
2025-12-18,0.7141957253818235,0.6109848932146245,0.8194501975258675
2025-12-19,0.7136923046712574,0.6109276397286344,0.8199958536884413
2025-12-22,0.7138799229678487,0.6109190670659965,0.8200012840108949
2025-12-23,0.7128236367923353,0.6112041573964455,0.8199641180169852
2025-12-24,0.7123085313720484,0.6116607758713308,0.8198769901564291
2025-12-26,0.7114149537288208,0.6118819874613601,0.8196674424273536
2025-12-29,0.7113619759339866,0.6115358368983309,0.8205855761031837
2025-12-30,0.7094292117898985,0.6114448521238948,0.8201325815407882
2025-12-31,0.7085874827765792,0.6117678339743884,0.8198452863419263
