Date,NTL,CI_low,CI_high
2016-11-09,1.1347408241323635,1.1347408241323635,1.1347408241323635
2016-11-10,1.1071717482004249,1.1324646755730574,1.1370372604364833
2016-11-11,1.1063649386562195,1.1311585299178422,1.1384467312051048
2016-11-14,1.1070438127457671,1.1302417414029275,1.1394599304479258
2016-11-15,1.1091367173731619,1.1294085306532162,1.1412146326839498
2016-11-16,1.1093728247875114,1.128440041453241,1.1413374463029398
2016-11-17,1.1103779134930871,1.1276697806604155,1.1428209420867568
2016-11-18,1.1104700485198744,1.1270540531117137,1.1439557714266813
2016-11-22,1.1111081640056037,1.1260298980154548,1.1448629012705447
2016-11-23,1.11024909561135,1.1251667925496627,1.1454754238342986
2016-11-24,1.1102826178466483,1.1247776886107288,1.1456298306557344
2016-11-25,1.1103571030362078,1.124217585093536,1.14596608208766
2016-11-28,1.1141450144834812,1.1224056342458348,1.1469269498819792
2016-11-29,1.113819583356407,1.1216746618800177,1.148765796264093
2016-11-30,1.1139617757058873,1.1212711186324409,1.1490984234020523
2016-12-01,1.1130140139923816,1.1203778927169916,1.1505958615397271
2016-12-02,1.1118713400530278,1.1191659686134838,1.1518841197931005
2016-12-05,1.1129389710463988,1.1185336464229247,1.153269130324556
2016-12-06,1.1133583844294923,1.1178489667846436,1.1554420424402458
2016-12-07,1.1134661904051033,1.1163622355644367,1.1563839717266304
2016-12-08,1.1141046298566204,1.1149690501276104,1.1576616454868702
2016-12-09,1.1138337377849954,1.1139683477653823,1.159719477945836
2016-12-13,1.1139691259125084,1.1131414739686805,1.1622294983827761
2016-12-14,1.1137980397302103,1.1110542915343065,1.16343750056676
2016-12-15,1.1136969005227806,1.1090711443449712,1.1645678112199456
2016-12-16,1.111890412390995,1.107680919371711,1.1650236058273329
2016-12-19,1.112188202504782,1.1069224560408921,1.1642073080868085
2016-12-20,1.1154630382117026,1.1063238301084946,1.1651128261595676
2016-12-21,1.114445964889122,1.105238438936358,1.1656424555508254
2016-12-22,1.113517232981788,1.104220253196049,1.1668092065945228
2016-12-23,1.1126196729484978,1.1032692883560318,1.167389117138574
2016-12-26,1.1120267946772777,1.101529850277284,1.1685298031111704
2016-12-27,1.1115831623808368,1.1015495014594576,1.1717627818826657
2016-12-28,1.11223494460778,1.101120675128581,1.1724086955850392
2016-12-29,1.111584538056969,1.0985948997748338,1.1733999399326398
2016-12-30,1.1110387583025796,1.098231410881674,1.1739991274307087
2017-01-02,1.1104772648491463,1.0985577476500359,1.1753064968667488
2017-01-03,1.1149963660765967,1.0984844841071322,1.1760903846482904
2017-01-04,1.1116729042673945,1.0980152388808793,1.1761931889670187
2017-01-05,1.1114329584742992,1.0973532204143202,1.176240139798689
2017-01-06,1.1119865131242852,1.096428461451439,1.1758701817641042
2017-01-09,1.1085619246184286,1.0961318065699646,1.1763094401591725
2017-01-10,1.108635778594474,1.0963760940840979,1.175900284863271
2017-01-11,1.1154814990133375,1.0958571263268895,1.1768222786779132
2017-01-12,1.1153783270327007,1.0943390817334586,1.176776205721236
2017-01-13,1.114592924738094,1.0937133032361668,1.1768481888335176
2017-01-16,1.113367981953611,1.0927953295829487,1.177747206313834
2017-01-17,1.115888633043143,1.0926365118938877,1.1786341885398086
2017-01-18,1.1159863900576608,1.091548517794483,1.1793038980142052
2017-01-19,1.116785887489603,1.0919123350878692,1.1790175865873735
2017-01-20,1.1180353380161758,1.0906487863732923,1.1788713717081203
2017-01-23,1.1158542629916162,1.0907769329278334,1.179791801375292
2017-01-24,1.1106220260974873,1.0907623348564952,1.1803409366842694
2017-01-25,1.1121530117993463,1.0899450806742772,1.1807423971867403
2017-01-26,1.1098295935942597,1.0901207369623533,1.1813524458502866
2017-01-27,1.1105219695124688,1.0899712885111745,1.1815518567263694
2017-01-30,1.110637060418244,1.0895892941533203,1.1827423006265447
2017-01-31,1.110684226951097,1.0889042220939953,1.1833530072422411
2017-02-01,1.1102526820735839,1.0881733788645487,1.1830699856915194
2017-02-02,1.1117616102860692,1.0880227126737654,1.1842379519485113
2017-02-03,1.1119430670202333,1.0871973688698973,1.1844920647146542
2017-02-07,1.112427943616208,1.0875615476971248,1.1851585590544784
2017-02-08,1.112694607642214,1.0860563504448701,1.1853892194235385
2017-02-09,1.1131159274629676,1.0850538307187,1.1857793678599868
2017-02-10,1.112994880319719,1.085320422676242,1.1859678835329734
2017-02-13,1.1125599101147285,1.0847080738429926,1.1872959716938623
2017-02-14,1.1117039109980011,1.0850465711474746,1.1870642374951812
2017-02-15,1.1114482476765564,1.0851059948563282,1.1879423600173884
2017-02-16,1.112361144580136,1.0846440462268467,1.187969532933687
2017-02-17,1.1129571180711815,1.0830949466114979,1.1878227348648798
2017-02-20,1.1131935163687872,1.0830557255089157,1.1878538077235707
2017-02-21,1.1123121957348925,1.0829017567727577,1.1880801339445384
2017-02-22,1.1115815248506973,1.082118718901272,1.1884858538723373
2017-02-23,1.1115134643562834,1.0824089380571016,1.1888594503909298
2017-02-24,1.1125966717424631,1.0798082464123238,1.1898833991501856
2017-02-27,1.1128579711701105,1.0796207174583303,1.1900795532488668
2017-02-28,1.1152140147252378,1.079028616014121,1.1904777986002837
2017-03-01,1.1141170682561865,1.0792517149859013,1.1904714906488045
2017-03-02,1.114406818546966,1.0787021462388082,1.1910979888295017
2017-03-03,1.1128392488143277,1.0793438840321037,1.191131018149436
2017-03-06,1.1122025680903933,1.0791880286094002,1.19131999332946
2017-03-07,1.1125041401296913,1.0794519423833937,1.1914479351042102
2017-03-08,1.1125695713926256,1.0780699822138533,1.1917118383614747
2017-03-09,1.112224477042103,1.0766789162054486,1.1914329288008862
2017-03-10,1.1119132535440224,1.0763029758238485,1.1911259286259526
2017-03-13,1.1126274911240381,1.0756517095602034,1.1918102566580095
2017-03-14,1.1131071393225689,1.0743362363634328,1.1912937297032133
2017-03-15,1.113078351865531,1.073601121943936,1.1921581175823466
2017-03-16,1.1120616352497603,1.0743038924460282,1.1921414008671445
2017-03-17,1.1099909283512706,1.0735445054644333,1.1924648991512479
2017-03-21,1.1096512599637955,1.0730708605852655,1.1926675126319928
2017-03-22,1.1085034207177875,1.0730653215808392,1.193170182386012
2017-03-23,1.1086463224482792,1.072821233265737,1.1929558472781807
2017-03-24,1.107776436267442,1.0722932872072728,1.193063993285224
2017-03-27,1.109068596641789,1.0722272886363398,1.1931251952994788
2017-03-28,1.1095847251398274,1.0714700533207648,1.1932513207918647
2017-03-29,1.1106175568971342,1.071152904143297,1.1930060625478818
2017-03-30,1.1104151966481741,1.070849040755738,1.1938804034150765
2017-03-31,1.1101865688824428,1.0701967754131883,1.1941579557059034
2017-04-03,1.1101081037154668,1.0692564691102242,1.1947757646292623
2017-04-04,1.109861993740461,1.0684501868216336,1.1954195656575777
2017-04-05,1.1088003550602366,1.0676000509730568,1.1963042738066798
2017-04-06,1.1091009991102412,1.0674712697717395,1.196130819885997
2017-04-07,1.1092401285490687,1.067296606952705,1.19634554173802
2017-04-10,1.1078243135498573,1.064578533520651,1.196243875914983
2017-04-11,1.1071431109677998,1.0648139533170315,1.1957680571992284
2017-04-12,1.104654600429423,1.0629610281320756,1.1966386976999732
2017-04-17,1.1046786088323517,1.063086528544923,1.1970816992553308
2017-04-18,1.1041967185942996,1.06194803015286,1.196725476768541
2017-04-19,1.1036336006980734,1.0614501303312833,1.196829802715946
2017-04-20,1.1039385708755438,1.0611429054566668,1.197355427540756
2017-04-21,1.1040312158492354,1.0610239729137907,1.1969088509073502
2017-04-24,1.1036424183785407,1.060255355472214,1.1980719278869143
2017-04-25,1.1034795547972602,1.058700310333869,1.1977657344595614
2017-04-26,1.10211656075675,1.0598801202306494,1.1982675059494843
2017-04-27,1.104141784154382,1.0577125208239304,1.19761896373283
2017-04-28,1.1041458121575765,1.0585826275672838,1.1976808667085537
2017-05-02,1.1022233063117126,1.0581069730920643,1.1986332822563308
2017-05-03,1.101861500219086,1.058454456725223,1.1993847402232178
2017-05-04,1.1015038335416651,1.0584224583309716,1.1995605822768456
2017-05-05,1.100229313366385,1.0586619701484852,1.1993179395874909
2017-05-08,1.1001951789514504,1.0580448983113113,1.1993572040577525
2017-05-09,1.1003286916706314,1.057124034816774,1.1994458432193766
2017-05-10,1.1002820320614375,1.0555374021065151,1.1995207785815252
2017-05-11,1.1011314144610147,1.054393656309576,1.2001940198359229
2017-05-12,1.101646703305014,1.0544508435659832,1.2002318166721833
2017-05-15,1.1020627076032292,1.053317269429737,1.2002699182105372
2017-05-16,1.1018725138921759,1.0534677051505899,1.2002277918876216
2017-05-17,1.1011256134699767,1.0522842104755612,1.2008613152632683
2017-05-18,1.1005795453857306,1.051632208105574,1.2008165436575096
2017-05-19,1.1003305720260503,1.0514189884152725,1.2010592170204804
2017-05-22,1.1012237966660345,1.051071079972547,1.2005947639621461
2017-05-23,1.1011137962613253,1.0515586408432087,1.2005759954722972
2017-05-24,1.102078740585256,1.0515882122584093,1.200512909640985
2017-05-25,1.1024508612414479,1.0512611202549755,1.2011915865369243
2017-05-26,1.103504347915719,1.0493836653128141,1.2018023688447692
2017-05-29,1.1038737935334142,1.0508225845320613,1.2029878023021559
2017-05-30,1.1028151133754993,1.0479772500195461,1.203464044850001
2017-05-31,1.103451784003665,1.0487060561726143,1.2033529661770548
2017-06-01,1.1027139599405118,1.0479796008924918,1.2041898573637797
2017-06-02,1.1033033729047201,1.0497099469737081,1.2045576861132343
2017-06-05,1.102061528881107,1.0474763390751054,1.2045302304538061
2017-06-06,1.1012805101899257,1.047288469965193,1.2049949169382903
2017-06-07,1.102598553741055,1.0469009273632264,1.2054342077078353
2017-06-08,1.1086410176161043,1.0466165541012995,1.2053048680720608
2017-06-09,1.1092642867770515,1.0474979330851757,1.204470366225516
2017-06-12,1.1102376896549,1.0467272131046208,1.203802722511213
2017-06-13,1.1119815854377284,1.0480764599102679,1.2034791129404239
2017-06-14,1.1134164318519526,1.046392490182844,1.2047694482936462
2017-06-15,1.1124642922355332,1.0458444778726375,1.2058644241304617
2017-06-16,1.1132331110353824,1.0459858209744228,1.2066469299334015
2017-06-19,1.115749318790476,1.044577119131495,1.206435541834617
2017-06-20,1.1143546499535102,1.0441555531547029,1.2065605111966273
2017-06-21,1.1142030975349961,1.0443216657216234,1.207423208581194
2017-06-22,1.114313220758346,1.042983651472688,1.207462155183422
2017-06-23,1.1154071223506674,1.0422659184171696,1.2085012071988497
2017-06-26,1.1158811822255963,1.0435489873365038,1.2084424214042908
2017-06-27,1.115316894009094,1.0410682921188752,1.2086421067169069
2017-06-28,1.1144632351113608,1.0411031483718889,1.2082438590030993
2017-06-29,1.1150761969132807,1.0414427260216936,1.2087948170947092
2017-06-30,1.1142290855154806,1.041814152511794,1.2091028807917346
2017-07-03,1.1139726053921293,1.039988475015715,1.209619777761712
2017-07-04,1.1141695449037092,1.0388138839856984,1.2090779872038737
2017-07-05,1.113978500846766,1.039606925285405,1.2091420516430091
2017-07-06,1.1137231652916229,1.0396344416067476,1.209060545337731
2017-07-07,1.114312859586327,1.0375863703430852,1.2099550602659053
2017-07-10,1.1154613567878318,1.036908355759314,1.210834801299444
2017-07-11,1.1146490621896123,1.036795291598432,1.2108205904602518
2017-07-12,1.1121399950008928,1.036578567668161,1.210599595838107
2017-07-13,1.111841849288749,1.0357028033813496,1.210861245549636
2017-07-14,1.1113209644929025,1.0370214590053786,1.2104203219912277
2017-07-17,1.1114462097124944,1.037511692372512,1.210536975411878
2017-07-18,1.1118440272220396,1.0371777374406093,1.211023399201856
2017-07-19,1.111964471949654,1.0358567551462228,1.211065150560725
2017-07-20,1.1127286698881793,1.0365630345564063,1.2107721349196159
2017-07-21,1.1124293244099608,1.037556931760996,1.2110560794246046
2017-07-24,1.1125173836222508,1.0357482834010472,1.2102339330455478
2017-07-25,1.113201414166769,1.0358803930372598,1.2112837102054475
2017-07-26,1.1139602203172694,1.0349581381100172,1.2117767839170883
2017-07-27,1.1148814710867,1.0334036470594834,1.2120097603108226
2017-07-28,1.1142324811326378,1.0342486034342289,1.2122892030140737
2017-07-31,1.1155435381605068,1.0342202194951513,1.2125223497454813
2017-08-01,1.1153669555783632,1.0332281548141975,1.2132369860027918
2017-08-02,1.117279468350827,1.032271090065304,1.2130735759226094
2017-08-03,1.117662290974021,1.0331120311270126,1.2130220023585545
2017-08-04,1.1189499796105633,1.0334020803390367,1.2138545882825007
2017-08-07,1.1198885902600233,1.0312378108474798,1.2132283310366558
2017-08-08,1.120603431640942,1.030945879116254,1.2128568118055167
2017-08-09,1.1205551014123536,1.0305252003687475,1.2127662588178811
2017-08-10,1.1191098426060493,1.029788183771068,1.2128459693649183
2017-08-11,1.118776006292545,1.0297995632211387,1.213615453240956
2017-08-14,1.1178707602308529,1.0290835155746216,1.213095374742221
2017-08-15,1.1179589174018532,1.0282891877560063,1.2135875643284286
2017-08-16,1.1181677012570168,1.0286565392195752,1.2149923873914223
2017-08-17,1.1185483468451383,1.0291725597696444,1.2147286698008992
2017-08-18,1.1186021284830405,1.0289987825028106,1.2143198697918356
2017-08-21,1.118448239041114,1.028329219059772,1.2144631502993997
2017-08-22,1.1187445245143928,1.0283925247064052,1.2142458066144106
2017-08-23,1.1186999124132913,1.0283634666499595,1.2138430838682173
2017-08-24,1.121473492650813,1.0297753607931106,1.2131336958038896
2017-08-25,1.1219713760149204,1.0291947892278883,1.2144350721164232
2017-08-28,1.1208861795914398,1.0289563112101145,1.2142171353951374
2017-08-29,1.121316456145635,1.0285399427715654,1.2153919099629436
2017-08-30,1.1205941433467135,1.0276725621893998,1.2163063354115264
2017-08-31,1.1206807127968286,1.0271242732882013,1.2149718300233374
2017-09-01,1.1205824691071464,1.027162471186689,1.2155751651122335
2017-09-04,1.120561269710785,1.025454323545129,1.2154708019633749
2017-09-05,1.1213987812534203,1.0249314114256514,1.2154302514520712
2017-09-06,1.1215201864624744,1.023891049885739,1.2155272917783166
2017-09-07,1.1223945063039982,1.0240357606311534,1.216763825481424
2017-09-08,1.1246637722136765,1.024955506707242,1.2170423280558615
2017-09-11,1.12390625229083,1.0247112072597004,1.2173539786029692
2017-09-12,1.1240065982596432,1.0248851233388832,1.2177539756047588
2017-09-13,1.124292034421558,1.025215572949129,1.2180129646125115
2017-09-14,1.1237844242576995,1.0248841250505125,1.2175550561397737
2017-09-15,1.1258493429357046,1.0239924381038608,1.2175924175842405
2017-09-18,1.125174107967348,1.0238692011629345,1.2188888000683622
2017-09-19,1.1252932432354472,1.022227993279356,1.2184837941381648
2017-09-20,1.126178480786447,1.0232953787540993,1.2185256382618495
2017-09-21,1.1277885734689939,1.02261890918506,1.2185509456151395
2017-09-22,1.127601999353642,1.0228831440833757,1.218928525915537
2017-09-25,1.1281852845744382,1.021889033463891,1.2191516728561906
2017-09-26,1.1282966846595666,1.0224173369860896,1.2200180670731635
2017-09-27,1.1280213917781186,1.021020591756197,1.2201010619468107
2017-09-28,1.1283978097601524,1.0213972908881463,1.2206912559988354
2017-09-29,1.1287477492649305,1.0197220188212381,1.2206884354718022
2017-10-02,1.1307600493110879,1.0193915441948493,1.2206111117825607
2017-10-03,1.1308026756213596,1.0195711751032677,1.220172679913781
2017-10-04,1.1303396339885337,1.0187120317132972,1.2210756705491486
2017-10-05,1.1302423162761757,1.0188018090807516,1.2212011344574603
2017-10-06,1.130578171911215,1.0183980394809384,1.2210974130841463
2017-10-09,1.1296586749273045,1.0188380728629316,1.2219491475197428
2017-10-10,1.1292686970416068,1.0187176791425725,1.222273434781925
2017-10-11,1.1296009513568999,1.0182918926107265,1.2225023312722074
2017-10-12,1.1280482998338481,1.017472501620914,1.2236856564034806
2017-10-13,1.1296564617879152,1.0178041364088684,1.2227802842827742
2017-10-16,1.1319328368728185,1.0174689792025902,1.2235995183784423
2017-10-17,1.1309059515791213,1.0170909643238235,1.2232421328149272
2017-10-18,1.1371353272777136,1.0165347789651316,1.2237031810399766
2017-10-19,1.1379304730485666,1.0169171274602335,1.224046014657148
2017-10-20,1.1456246198069373,1.0172262452186216,1.2235336149964675
2017-10-23,1.1803034122253628,1.01727055801692,1.2243850250088213
2017-10-24,1.1807424972043379,1.0176243665211162,1.2253393125640228
2017-10-25,1.1816818475229893,1.0169329300394112,1.2253175904630373
2017-10-26,1.1818092693847448,1.0168727336208259,1.226452659095816
2017-10-27,1.18187252708041,1.016445722509347,1.2266384554612468
2017-10-30,1.1825055236930595,1.0161420143787259,1.2261875661918589
2017-10-31,1.182969200711641,1.0139776128665228,1.2274354933621763
2017-11-01,1.1816157039307882,1.0144479979093621,1.226553320759506
2017-11-03,1.181120493668973,1.014174945969951,1.2270138122202052
2017-11-06,1.1798521411263512,1.0135089785838225,1.2278947990067866
2017-11-07,1.1794826403792658,1.0122210079402165,1.2279753797426558
2017-11-08,1.1794340149439826,1.0119570232665978,1.2277511126514902
2017-11-09,1.1800313240338214,1.0116324991509986,1.2277483398921671
2017-11-10,1.1770029539395555,1.0109556631609555,1.2278091641304536
2017-11-13,1.1771801844141527,1.0115083718742555,1.2276381312386146
2017-11-14,1.1782471539851203,1.0105528783534623,1.2294747132200017
2017-11-15,1.1780008369066142,1.0111362173038692,1.229468117704737
2017-11-16,1.1776435765814732,1.0105515373695013,1.2293114544020722
2017-11-17,1.1763022262246374,1.0103330315432655,1.2298697327028731
2017-11-21,1.1756912592382154,1.0086765481969937,1.2303330876026
2017-11-22,1.1766879130310894,1.0092697354312097,1.2295014998003804
2017-11-23,1.1776988186763635,1.0088133424539418,1.230037516380754
2017-11-24,1.1793842328774815,1.0088957306760642,1.2300611885770174
2017-11-27,1.1795021976597895,1.0090727845643441,1.2302676020346512
2017-11-28,1.1826497611827347,1.0096244009898205,1.2302577611980359
2017-11-29,1.183297128243562,1.0085381903153792,1.2294273182752273
2017-11-30,1.1834737296095224,1.0081310413757592,1.229384591877001
2017-12-01,1.1844183629082625,1.0073368071502808,1.2293947823541989
2017-12-04,1.1844526650601297,1.0088704409707183,1.2304805389584164
2017-12-05,1.1842481889423118,1.0075796446423035,1.2306980409791923
2017-12-06,1.183021084159499,1.007398618953758,1.2314962984490274
2017-12-07,1.183340536736551,1.0068419270095328,1.2315299706507994
2017-12-08,1.1819550981635587,1.0068697216804352,1.2321574538874795
2017-12-11,1.1832543531359938,1.0058714193943974,1.2316856140015187
2017-12-13,1.180986857531266,1.0056098389168624,1.2319816455052297
2017-12-14,1.1822682790596826,1.0056466418593015,1.232234240413274
2017-12-15,1.1821138388863108,1.0054324411446172,1.2328688672455466
2017-12-18,1.1816423109973362,1.0052061551627534,1.233120352889467
2017-12-19,1.1820736683434374,1.006253032582842,1.2331858838676233
2017-12-20,1.181481746691576,1.0050712432847093,1.2341397973672052
2017-12-21,1.1858296312889816,1.0044081001277572,1.2347838835490321
2017-12-22,1.1841539673044925,1.0037111863510924,1.234645917522986
2017-12-26,1.1837159306640692,1.0038962323139964,1.2342426486475389
2017-12-27,1.184868044295454,1.0034676792155788,1.2350207308404613
2017-12-28,1.1853748940246895,1.0032421740403166,1.2353670937341268
2017-12-29,1.1846788470744305,1.003271280845804,1.2355713483520736
2018-01-02,1.18271647311972,1.003535474137873,1.235325299698356
2018-01-03,1.1828582479612089,1.004331830560322,1.2356913886478342
2018-01-04,1.1822506099654733,1.0032033503416478,1.234377618578834
2018-01-05,1.1802377478133674,1.0033506367430205,1.2355063729211724
2018-01-08,1.1859192373829592,1.0029964027373968,1.2354782714520478
2018-01-09,1.1912993591237155,1.002481174905362,1.2356273639674114
2018-01-10,1.192638065159917,1.0030983033298877,1.2354096566186257
2018-01-11,1.1968781496923275,1.0017535962059045,1.2359251372980278
2018-01-12,1.1956718378720028,1.0014262090866681,1.2365064153564487
2018-01-15,1.1947572535648072,1.0010075221635222,1.2377674218054902
2018-01-16,1.1936834784362105,1.0009694798592583,1.2372779632022965
2018-01-17,1.1921923752595784,1.0014563188444277,1.2380109821105068
2018-01-18,1.191541404428498,1.0011916082538914,1.2375686702775637
2018-01-19,1.1916567662783242,1.0009392515616797,1.2379009088591548
2018-01-22,1.1931039306496438,1.0004121900025418,1.238562079162871
2018-01-23,1.1922156865307059,1.00208847097616,1.2389657839825947
2018-01-24,1.1919130922110166,1.0013830692486876,1.2402152305205358
2018-01-25,1.1930801482185338,1.000205661969244,1.239912698622506
2018-01-26,1.1934385612697869,0.9996788949871694,1.2407049830500494
2018-01-29,1.1938497295067316,0.9997916177504026,1.2406853420215893
2018-01-30,1.1925903941024614,0.999761620473734,1.2412747105778954
2018-01-31,1.192405843261055,0.9984984146993171,1.2402907804366805
2018-02-01,1.192600914356991,0.9995251293067332,1.241275771262404
2018-02-02,1.192580561769792,0.9997050990261505,1.2421494431009616
2018-02-06,1.1901943415245038,0.9991110093035764,1.2424302140514596
2018-02-07,1.1906957396137448,0.9996236145618532,1.243026626089047
2018-02-08,1.1858585630573293,0.9988442568960624,1.242831510635287
2018-02-09,1.1858577811534718,0.9987173635246117,1.241778420248575
2018-02-12,1.1858731556602724,0.9977941434612992,1.240936816242205
2018-02-13,1.1866264357946184,0.9980494899505871,1.2407366602092413
2018-02-14,1.1864295000236125,0.998181511203695,1.2408328415710408
2018-02-15,1.1860660435335435,0.9965919216872478,1.2422721421403735
2018-02-16,1.1864319700572894,0.9972833070937499,1.242031787750431
2018-02-19,1.1879501499068215,0.996902279829738,1.2424407289360533
2018-02-20,1.1879471599408817,0.996756903736229,1.2430328917234919
2018-02-21,1.1877926874004316,0.9954185885034516,1.2427720498591852
2018-02-22,1.1878901180550003,0.9968735626954691,1.243524977930927
2018-02-23,1.1887868147555718,0.9957903186252265,1.2433400524679157
2018-02-26,1.1899964757307864,0.9968385548000122,1.2433086380078442
2018-02-27,1.1887161314254602,0.9958296878019323,1.2429139478126103
2018-02-28,1.1903823339581034,0.996222673245527,1.2435038452970582
2018-03-01,1.1923334879802499,0.996189614884124,1.243857455086854
2018-03-02,1.193993450612954,0.9959370102974614,1.2437553095925604
2018-03-05,1.1935731516268961,0.9956753438852562,1.244133688119554
2018-03-06,1.1943933993099327,0.9949901606113427,1.2444618126379634
2018-03-07,1.194788415975422,0.9960702786665173,1.2445701138763923
2018-03-08,1.1956828153708878,0.9948636590770331,1.2441025862600732
2018-03-09,1.1936191896030632,0.9950177615164264,1.2442034294439464
2018-03-12,1.192627162410587,0.994911790536459,1.2436311743882704
2018-03-13,1.1922691156641765,0.9949250342194944,1.2436845447346323
2018-03-14,1.1911103749243397,0.9946186910858361,1.2440781699428536
2018-03-15,1.1908399748763765,0.9939586145921153,1.244689917509751
2018-03-16,1.1918838972561157,0.9941337346097787,1.2443058945267085
2018-03-20,1.1922026775346308,0.9945980731544336,1.2446981127560741
2018-03-21,1.1901217823013714,0.9935552346422968,1.24495337075811
2018-03-22,1.189139752226751,0.993333683074487,1.245413322444596
2018-03-23,1.1877582151205786,0.9935342599496935,1.245387622147984
2018-03-26,1.1881945506507687,0.9950913242301721,1.2457496118190667
2018-03-27,1.1890553197248037,0.9936721588632217,1.24631273983517
2018-03-28,1.1891826044803344,0.9936297713772713,1.2461004798511546
2018-04-02,1.1889665114863652,0.9945571107273277,1.2474533397262844
2018-04-03,1.1878536413150196,0.9951477241138271,1.2477461182094678
2018-04-04,1.1871961132996913,0.9954866142734212,1.2488076941520039
2018-04-05,1.1872526469117632,0.9944900708760223,1.2489336397742634
2018-04-06,1.187834031083549,0.9949364122025242,1.2488891919514424
2018-04-09,1.1905668992942111,0.9932774786721702,1.248515794087446
2018-04-10,1.1907070625805405,0.9943101628590773,1.248485821850055
2018-04-11,1.1898664450308658,0.9942021038066972,1.2492295184560729
2018-04-12,1.1883485444524722,0.9942619399499838,1.2487278860095465
2018-04-13,1.1891174365996287,0.9936944072351583,1.249297751722162
2018-04-16,1.1915215608534844,0.9938559403756223,1.2502119770627669
2018-04-17,1.19001103904972,0.9934357799137272,1.2504820489092277
2018-04-18,1.1907298022913089,0.9929312811576928,1.2511646991982455
2018-04-19,1.1913605219513734,0.9924862485381886,1.2510360164626695
2018-04-20,1.190675425001321,0.9928103206467254,1.251911430397472
2018-04-23,1.1922298796324218,0.9919253312146373,1.2519238608833554
2018-04-24,1.1920829642811848,0.9919979950008146,1.2518518253751019
2018-04-25,1.1913204126124757,0.9934483563605376,1.2529861870950745
2018-04-26,1.1925808945078233,0.9919128013082037,1.2525202283100236
2018-04-27,1.1930493116000833,0.9920840638009384,1.2520852705331091
2018-04-30,1.1925633845977732,0.9920679021722836,1.2524066803752816
2018-05-02,1.1911802078091458,0.9908768964617601,1.2524002304009316
2018-05-03,1.190404300108966,0.9906184138530291,1.2530034170768634
2018-05-04,1.1888632371641525,0.9904147056523537,1.251372131732837
2018-05-07,1.1867485289209607,0.9901475267942935,1.2511094441876487
2018-05-08,1.1859908564253885,0.9881659533010686,1.2518754511315406
2018-05-09,1.1860087022838726,0.9879081718435216,1.252016107725932
2018-05-10,1.1833182585500521,0.9881462663148242,1.251936259259454
2018-05-11,1.184627639881505,0.9886896902859585,1.2514205961173208
2018-05-14,1.1845067471509827,0.9891137338428683,1.2520209041171309
2018-05-15,1.1852820965623814,0.9869673940994034,1.252646332892206
2018-05-16,1.186127680490665,0.9872356132828356,1.2523686399164553
2018-05-17,1.1840200937024987,0.9882127954701982,1.2525585493165148
2018-05-18,1.1848178532764015,0.9874815394238811,1.251778402185657
2018-05-21,1.186096647183684,0.9866374533350118,1.252428470667208
2018-05-22,1.186553228599086,0.9872316450281555,1.2530274887607409
2018-05-23,1.1865100871628138,0.9852824275353074,1.2535384141544659
2018-05-24,1.185934845864979,0.9842293117960196,1.2540478946263902
2018-05-25,1.1866414856986727,0.9849955630353873,1.2538452513888452
2018-05-28,1.1874547285264394,0.98474559455972,1.2540209590304594
2018-05-29,1.1857213741894905,0.9820954517144552,1.2538033659575163
2018-05-30,1.1854974872026218,0.9814931808275011,1.253764811708096
2018-05-31,1.185999664583318,0.9823316075257468,1.2533727384190545
2018-06-01,1.1854218116929551,0.9834404313742853,1.2541243727841789
2018-06-04,1.1844351381308074,0.9831075309206196,1.2543604933780503
2018-06-05,1.1843353420553224,0.980874912005165,1.255708299709619
2018-06-06,1.1835091490450544,0.981628503360194,1.2557376099417161
2018-06-07,1.1831411535461303,0.9810573262467357,1.2559536862553646
2018-06-08,1.1816525516221963,0.9811475949752052,1.2565044794075677
2018-06-11,1.1815846809306174,0.9792774531731849,1.2568308180547358
2018-06-12,1.1818504473892062,0.9788936393668911,1.2564798762860327
2018-06-13,1.1827833818131186,0.9787845792069785,1.2567602405786888
2018-06-14,1.1825246007092023,0.9792856949671948,1.258161765604003
2018-06-15,1.184221702963707,0.9799061765771427,1.258125023969626
2018-06-18,1.1840792829611497,0.9802510403176454,1.2586447383062918
2018-06-19,1.1852648947964743,0.98017750177262,1.2587019943831061
2018-06-20,1.1841402787341957,0.9800480066553755,1.2588877397488951
2018-06-21,1.184657925714435,0.9797172578188001,1.2591305201850786
2018-06-22,1.1851946070996886,0.9803630086976882,1.259753118544592
2018-06-25,1.1852557531612669,0.980807543983685,1.2593350251079407
2018-06-26,1.1864938931078264,0.9810070593533963,1.2593840353095436
2018-06-27,1.1891672759227525,0.9804742832783735,1.2594297244744115
2018-06-28,1.188052441731006,0.9807362589670015,1.2591609703602018
2018-06-29,1.1864069405871687,0.9802680505614064,1.2590630569110732
2018-07-02,1.1857037133524646,0.9802490314515342,1.2590568220818228
2018-07-03,1.1859768454338158,0.9806605092287163,1.2592170151444428
2018-07-04,1.1852964780990671,0.9793224574358732,1.2595932079455183
2018-07-05,1.1779965366162137,0.9807748033814668,1.259532652298004
2018-07-06,1.1778080610665658,0.9804175525620222,1.2599248544449904
2018-07-09,1.1772453449831524,0.9797263043942142,1.2596284796792365
2018-07-10,1.1768347369300176,0.9796746391596891,1.2587628134982407
2018-07-11,1.175878196417971,0.9800767828857706,1.258377430361902
2018-07-12,1.1762264532172093,0.9800257560000033,1.2579223389351444
2018-07-13,1.1765936515933575,0.9790988406475831,1.258098272721972
2018-07-16,1.176879225756572,0.9783780898196103,1.2589069070336374
2018-07-17,1.1776067368774437,0.9776432549028611,1.2598554688636596
2018-07-18,1.1775306099706053,0.9789455275192431,1.2592885368010884
2018-07-19,1.1774903051142318,0.9776223584478608,1.2591001795910712
2018-07-20,1.1768278929666807,0.9779212011991419,1.2592391290468377
2018-07-23,1.1772444310145458,0.9771405982308553,1.2605151128040486
2018-07-24,1.176049859448689,0.9776890482974068,1.260975533535875
2018-07-25,1.1775143184635148,0.9767600339676559,1.2604828502006404
2018-07-26,1.1796506266113829,0.9777481727819288,1.2603520886453545
2018-07-27,1.1820445360714054,0.9786237477670957,1.2610796995537812
2018-07-30,1.1823259988324855,0.9774277768524402,1.2615128575326764
2018-07-31,1.1821618168905408,0.9779510559970495,1.2602572755903583
2018-08-01,1.1819971544137504,0.9783669926515514,1.2608807739828578
2018-08-02,1.1818288200708926,0.9782461308928904,1.2607067067809203
2018-08-03,1.1814681699648948,0.9766418775819774,1.2606957002121055
2018-08-06,1.18171521925387,0.9771116712432427,1.2617731896449975
2018-08-07,1.179837525837284,0.9766283084311311,1.2611941149775485
2018-08-08,1.1793222264458767,0.9772100912199614,1.2627210455781943
2018-08-09,1.1786318586689375,0.9769346143685508,1.2621856919356385
2018-08-10,1.1753861769359863,0.9774441817860687,1.2629016429034063
2018-08-13,1.1750507426854888,0.9772272712614423,1.263680154881275
2018-08-14,1.1743488791860854,0.9769339194858044,1.2645055427663063
2018-08-15,1.1731086902421795,0.9780609396435529,1.2646532201914216
2018-08-16,1.1729311537108575,0.9781662314062449,1.2651028781838989
2018-08-17,1.17215566093247,0.9783220216451474,1.2654202397007508
2018-08-20,1.1718466416896292,0.9783518523254436,1.2653504118679924
2018-08-21,1.1713310490737983,0.9776935545677461,1.2651207195961587
2018-08-22,1.1694589479545185,0.9774245300202852,1.2655481919271951
2018-08-23,1.1696359904238918,0.9769840662674333,1.2649332735438314
2018-08-24,1.1695403215367897,0.977809115351006,1.2644839571903892
2018-08-27,1.1697377505363762,0.9774796380101178,1.2638596539799047
2018-08-28,1.1692784991842986,0.9782807673209507,1.2649121562811898
2018-08-29,1.1685672955287438,0.97704475867657,1.265329591110331
2018-08-30,1.1674419188052376,0.9759172805426313,1.264835334585304
2018-08-31,1.1676099535575333,0.975235884952424,1.265096884948817
2018-09-03,1.1662027772890766,0.9757196697161756,1.2648099449508292
2018-09-04,1.164052053965043,0.9761679871785851,1.2653492125655046
2018-09-05,1.1640980727240917,0.9762260870664747,1.2649588373877114
2018-09-06,1.1644331623998931,0.9758950413429558,1.2650764150206297
2018-09-07,1.164310955062857,0.9753282483857552,1.2657832102186604
2018-09-10,1.1644180871112426,0.9746644701434864,1.2644000328720015
2018-09-11,1.163864739369807,0.974521792971385,1.2657393020057122
2018-09-12,1.1636304227791128,0.973822972069692,1.2669610677695247
2018-09-13,1.162466944972024,0.9746118065774497,1.2668429510777333
2018-09-14,1.1628989344988,0.9722215459330745,1.267276153388599
2018-09-17,1.1641330851009626,0.9713790027733706,1.2659601463602395
2018-09-18,1.1642491285674126,0.9720556124474182,1.267036410058175
2018-09-19,1.164177954836763,0.9722177705878705,1.2663984142159908
2018-09-20,1.1644967636511963,0.9713645274155671,1.2671362512106277
2018-09-21,1.1648699954114203,0.9729032883437667,1.266942109772789
2018-09-24,1.164773863165698,0.973390036314956,1.2668701269230145
2018-09-25,1.164501741483602,0.9737891022174444,1.266651683939252
2018-09-26,1.164018431907374,0.9722491552722718,1.2668201685281315
2018-09-27,1.1654620247153915,0.9726555819998484,1.2676290240246681
2018-09-28,1.1672997153401397,0.972065915657469,1.2674530431930853
2018-10-01,1.167998820824924,0.9725072331183452,1.2685109577449378
2018-10-02,1.1701858335588298,0.9724633241052252,1.2679419796738505
2018-10-03,1.1693856282371853,0.9725965591260429,1.2688033510040393
2018-10-04,1.1687736752648337,0.9724426095076317,1.2679281948464043
2018-10-05,1.1696818850600061,0.9704536417328776,1.2685661283371499
2018-10-08,1.1695440278344815,0.970345053515435,1.2688764196010067
2018-10-09,1.1704425051984173,0.9705646163663565,1.269206430027491
2018-10-10,1.1694537680839954,0.9690755009155043,1.2686208230811191
2018-10-11,1.168617397321135,0.9688709837896322,1.269048320872798
2018-10-12,1.1696361418288819,0.9685731751057943,1.2692157454050488
2018-10-15,1.1679991219007586,0.9695102455088694,1.2698188508317751
2018-10-16,1.166826577875742,0.9692997702522365,1.2701023690727429
2018-10-17,1.1671090981534331,0.9694311923364801,1.2700507254968727
2018-10-18,1.164228541694838,0.9692286267344912,1.2692518013854848
2018-10-19,1.1658128806364783,0.9675926924985301,1.2694061133892547
2018-10-22,1.164297610614176,0.9676822023834138,1.269039770929464
2018-10-23,1.166343221725228,0.9672694401639251,1.2684669417329908
2018-10-24,1.1643145146012412,0.9677652276480091,1.2692957915201912
2018-10-25,1.167056779917919,0.9662394541626658,1.2696809202184656
2018-10-26,1.1686936526031948,0.9669977998876904,1.269616652261466
2018-10-29,1.1480933561229176,0.9648781198913148,1.2697598585186267
2018-10-30,1.1476712156476918,0.9648967993573737,1.269858077154729
2018-10-31,1.147261333116768,0.9656497783137057,1.2701298947359874
2018-11-01,1.1394283132607013,0.9660278513424266,1.2699865670410218
2018-11-05,1.1335027391668757,0.965640540602839,1.2700948582733105
2018-11-06,1.1337329177223392,0.9652355229135218,1.2700890199538697
2018-11-07,1.1341004468180271,0.9667063684810193,1.2708354201095342
2018-11-08,1.1043843548899743,0.9653857784281562,1.2709505080061372
2018-11-09,1.1065826508086791,0.965391870803037,1.2703413241596064
2018-11-12,1.105193641502455,0.9655558287447061,1.2710453811356508
2018-11-13,1.1039890330625501,0.9655597484491896,1.27066722813921
2018-11-14,1.1047350160102636,0.9654558496142229,1.2714240988878276
2018-11-15,1.1039622280165007,0.9638739413172327,1.2714074776015138
2018-11-16,1.0995975102412414,0.9637949146534204,1.2715272467929433
2018-11-20,1.0989726179737447,0.9648309248466558,1.2720312812298875
2018-11-21,1.1000560966392914,0.9655773605530866,1.2709986428747548
2018-11-22,1.0992969436963382,0.9650686064352079,1.2718673853491815
2018-11-23,1.101101077067089,0.9660797231715051,1.2714309306786349
2018-11-26,1.0963926546275624,0.965829852845779,1.2720343346727123
2018-11-27,1.0957737348656535,0.9652635673347023,1.271332018113626
2018-11-28,1.0896303071197186,0.9638762716893168,1.2717605193576815
2018-11-29,1.0884399206953206,0.9634867333357282,1.2722479426496605
2018-11-30,1.0897815825030046,0.9638360574836999,1.271715781087991
2018-12-03,1.0894097648918049,0.9628423390159816,1.2724929476111464
2018-12-04,1.0890824335078029,0.9626603836410077,1.2730218140711915
2018-12-05,1.0893365731852118,0.9632345013123359,1.274420897558909
2018-12-06,1.0899397953560286,0.9625890383319373,1.2745313351196337
2018-12-07,1.0905211520901605,0.9621027258159295,1.275096452076647
2018-12-10,1.0896361178836669,0.9610571060626353,1.274129574072512
2018-12-11,1.0891376413284504,0.9611474248547048,1.2736009604714378
2018-12-13,1.0898714302900236,0.9596592734385349,1.2745827485291685
2018-12-14,1.0908195634151963,0.9593603350775125,1.2745167813084892
2018-12-17,1.0890268800451712,0.9579734772812992,1.2740798189599682
2018-12-18,1.0884924534414908,0.9571887332346319,1.2745457008798633
2018-12-19,1.0880496217874982,0.9578832183732204,1.2748063704996722
2018-12-20,1.0886258992545246,0.9582700795386129,1.2748221839202425
2018-12-21,1.089214099432758,0.9575725301442276,1.2745715581225245
2018-12-24,1.0910816821527067,0.9572065326118315,1.2751269791780435
2018-12-26,1.090077724039844,0.9576164092626019,1.2754478387586028
2018-12-27,1.0905664954399705,0.9556558500181799,1.2756817066007877
2018-12-28,1.0910335818920323,0.9558586890411077,1.2759134025585495
2018-12-31,1.0916742818695058,0.9558735929109459,1.2758709088490074
2019-01-02,1.0893780502454111,0.9572597877734264,1.2754873678173175
2019-01-03,1.0891330780385087,0.956694269304264,1.2767352776000873
2019-01-04,1.088941728109321,0.9547798168791289,1.276289296883915
2019-01-07,1.0885774625129012,0.954635329534659,1.2760468279796269
2019-01-08,1.0878454456979638,0.9551452750637581,1.27716300446364
2019-01-09,1.0899961929417765,0.954098278420791,1.2772387217732755
2019-01-10,1.091674240502046,0.9533320059390146,1.276860757482021
2019-01-11,1.090983213067653,0.9534962572176031,1.2765176593760619
2019-01-14,1.090578146782731,0.9519146505821804,1.2770327756839321
2019-01-15,1.091245817860171,0.9535522059516263,1.2770901520351539
2019-01-16,1.090981098482539,0.9533298494721117,1.2761015620914478
2019-01-17,1.091911639913863,0.9545198261342753,1.2762244862286736
2019-01-18,1.0923430814019606,0.9515755051297757,1.2768579600719887
2019-01-21,1.0955595836687464,0.951754977769306,1.276608382283609
2019-01-22,1.0953189430578913,0.9512247926488283,1.2767401663143643
2019-01-23,1.0978727960058523,0.9505621214446401,1.277541568418757
2019-01-24,1.0975507903277113,0.9509792451600914,1.276823256273537
2019-01-25,1.0971837779429765,0.951110823378174,1.2772877053390468
2019-01-28,1.0978931823226374,0.950002339957018,1.2775686837615923
2019-01-29,1.0979638035212784,0.9496642047321442,1.27814234786135
2019-01-30,1.097964064767359,0.9503878651221165,1.2785629346084841
2019-01-31,1.0973741993676178,0.9508724159707329,1.2776307100947517
2019-02-01,1.0975581773193936,0.9488264016675779,1.2794190307114437
2019-02-05,1.095970211539543,0.9492084163309337,1.2797285049418032
2019-02-06,1.0953723366588433,0.9495085580186615,1.2799720395618992
2019-02-07,1.0948958296241589,0.9484128368554743,1.2803055410867294
2019-02-08,1.0936856532576402,0.9493925598330033,1.280121951218394
2019-02-11,1.0942289525283193,0.9483079628373208,1.2800892542280686
2019-02-12,1.0949672562001798,0.9493873784207097,1.2802700514370509
2019-02-13,1.0937031430999968,0.9500783519130611,1.279237666507654
2019-02-14,1.0936084226778289,0.9475535220753678,1.2807673414999519
2019-02-15,1.0935949942567265,0.9474685033658858,1.280466555453447
2019-02-18,1.0936772433389903,0.9473256456089242,1.2802540789796122
2019-02-19,1.093160311071751,0.9480068051135475,1.2800768157819702
2019-02-20,1.0932086933902043,0.9477414173493866,1.2818527953389662
2019-02-21,1.0934901353867044,0.9470642522938144,1.2825932322491924
2019-02-22,1.093597492414131,0.9482194401037864,1.2818827104387291
2019-02-25,1.093548911794998,0.9486860968094982,1.2825618815119664
2019-02-26,1.0941988669004112,0.949829175211349,1.2824110046863517
2019-02-27,1.0947799550000892,0.9494975396891946,1.282385399962596
2019-02-28,1.0956236932345347,0.9466294922038193,1.2834817331522557
2019-03-01,1.095614835655069,0.9466333505761124,1.2832333522773711
2019-03-04,1.0959174953439383,0.9479235789323799,1.2831847466607587
2019-03-05,1.0953770209920208,0.9483656753903476,1.2826871922470369
2019-03-06,1.0953663022869877,0.9481903130260648,1.2843379111609625
2019-03-07,1.0939046931046,0.9475124988404363,1.2844868970722467
2019-03-08,1.09356981394843,0.9475858542265124,1.2839657901418933
2019-03-11,1.093379961409849,0.9478415010912575,1.285535973052992
2019-03-12,1.094026140772109,0.9481367813881421,1.2842917041697908
2019-03-13,1.0944579620451478,0.9478938830300645,1.2845094841988944
2019-03-14,1.0955421722223104,0.9481318205235508,1.2845726250519187
2019-03-15,1.0968471500001218,0.9485615780923036,1.2843555842524828
2019-03-19,1.097548415083835,0.9485516397290563,1.285111794612971
2019-03-20,1.0957035392397059,0.9485713845610358,1.283683568099213
2019-03-21,1.0952225631734285,0.9480257813562066,1.2839239545836518
2019-03-22,1.092427800235273,0.9477967647076538,1.2841444615818614
2019-03-25,1.092621931050181,0.9472490907642742,1.2831684402787689
2019-03-26,1.0925303421592887,0.9465715943679777,1.2832122010240468
2019-03-27,1.0922809282221013,0.9453399466995488,1.2833788963955217
2019-03-28,1.0929722171859468,0.945183107149367,1.2842680370992874
2019-03-29,1.092734384313178,0.9443456018317274,1.2841667861686932
2019-04-01,1.0926920833719418,0.9442715033731206,1.2838251675150394
2019-04-02,1.0936940537119484,0.9437323456494296,1.2837959974395896
2019-04-03,1.093329157849875,0.9437599562300601,1.2844437342439268
2019-04-04,1.0931111198115069,0.9437141777280227,1.2841997310967275
2019-04-05,1.0911215697207426,0.9443474065223704,1.2843034380056018
2019-04-08,1.0908792712252837,0.9447136381265425,1.2843182116189722
2019-04-09,1.0915799875223595,0.9450064866203723,1.2845437846347387
2019-04-10,1.0902878678307257,0.946067865121192,1.2835308757742514
2019-04-11,1.0905115928292706,0.9454333897871136,1.2837649199502552
2019-04-12,1.090489047041975,0.9442636060422257,1.2843236160731706
2019-04-15,1.09191725021366,0.9438822507731217,1.284239421518416
2019-04-16,1.0920524851257933,0.9444786446772235,1.284047115680722
2019-04-17,1.0928838223426531,0.944468842718727,1.2844151976286677
2019-04-22,1.0926846576219997,0.9445350929173892,1.2846931607220005
2019-04-23,1.092518161820003,0.9453777273211904,1.2851919733803083
2019-04-24,1.0937386554848552,0.9452300337351424,1.285077300773965
2019-04-25,1.093826394654948,0.945019089530752,1.2847284895646496
2019-04-26,1.0942955068101967,0.9454267796658412,1.2856422398443375
2019-04-29,1.0942030865473262,0.9455057185242333,1.2850753073840613
2019-04-30,1.0953585957457173,0.9450146612559488,1.284982519364108
2019-05-02,1.0977489531597626,0.9447250085763786,1.2862776046434206
2019-05-03,1.098292696855395,0.944718142539254,1.2851331101333916
2019-05-06,1.09915390426244,0.9439954161352891,1.286007494973208
2019-05-07,1.098968870053835,0.9444686634458563,1.2854042858936499
2019-05-08,1.0989639864729135,0.9441964447031692,1.2856833289942338
2019-05-09,1.1001349259364845,0.9453784199803293,1.2860665616689089
2019-05-10,1.0999270191557784,0.9459741189646949,1.2859880535077954
2019-05-13,1.0990271440818853,0.9472867840782156,1.2865095678146883
2019-05-14,1.1002046032876744,0.9463276170283501,1.2868476472282646
2019-05-15,1.1004786202205192,0.9466526152271129,1.2868184721944949
2019-05-16,1.1000541151312373,0.9460907588864721,1.2860632754074885
2019-05-17,1.0994530236478188,0.9459417662394338,1.2872863974629023
2019-05-20,1.1000270306021633,0.9458260200511412,1.2869943316465402
2019-05-21,1.0988883590546041,0.9481160509617615,1.2868627548200486
2019-05-22,1.0985552931645814,0.947665457292063,1.2878986892319781
2019-05-23,1.0973236946114837,0.9475061851553147,1.2883681040019779
2019-05-24,1.0981191221621265,0.9469317574095378,1.2881278849128008
2019-05-27,1.098074211882487,0.946691450417276,1.287780074605244
2019-05-28,1.097736342514676,0.9459652584227385,1.2877616134780012
2019-05-29,1.0972514506204942,0.9459887301440758,1.288314683690302
2019-05-30,1.0960882372309007,0.9447854598642306,1.2876892661092152
2019-05-31,1.0935697127996669,0.946314794121163,1.2871489357021828
2019-06-03,1.0930815936556841,0.9456322408380992,1.2875744670449145
2019-06-04,1.0933916760680646,0.9448659362643537,1.28739280432624
2019-06-05,1.0941122068507496,0.9442632825402452,1.287649717154126
2019-06-06,1.0940102697554313,0.9416708974854655,1.287669649853183
2019-06-07,1.0939804777711268,0.9421116516227959,1.2880910824113494
2019-06-10,1.094001654238427,0.9427650099329864,1.2872982308851706
2019-06-11,1.0945780271515413,0.9422285551539759,1.2883903139063475
2019-06-12,1.0954351002244922,0.9409659220594974,1.2881430626658041
2019-06-13,1.0949306491305495,0.9407083423209348,1.2887742615120548
2019-06-14,1.0963072673923349,0.9409344580833676,1.287270676460757
2019-06-17,1.0977478492393633,0.9402379265072911,1.2881519022422627
2019-06-18,1.0970071116640985,0.9414073530739983,1.2897170746371018
2019-06-19,1.096766618189005,0.9408905297670765,1.2891437879730496
2019-06-20,1.1026945733293283,0.9405874666418673,1.2895414625347976
2019-06-21,1.102364810250655,0.9414474861070494,1.289273486065189
2019-06-24,1.1023419398224965,0.9410900473913222,1.2889790657352005
2019-06-25,1.102173100446116,0.939552473217393,1.2911524099927978
2019-06-26,1.1017159939731613,0.9419628971823957,1.2901990861124337
2019-06-27,1.1013148964944568,0.9421583504416573,1.2919273287333637
2019-06-28,1.100977765083652,0.9420279544620023,1.2914857344036212
2019-07-01,1.1004792639559122,0.9401522803351312,1.2917200683825687
2019-07-02,1.0999657257930051,0.9406276120067485,1.2912104219797855
2019-07-03,1.0987564981853708,0.9406477760576777,1.29103679156808
2019-07-04,1.098827106460183,0.9403414275741776,1.2924937995810069
2019-07-05,1.0983977288043838,0.9404865046435923,1.2919928943879828
2019-07-08,1.097092793522045,0.9403192788701479,1.2923173731529503
2019-07-09,1.0968134203852575,0.9403143657396413,1.2917590238666636
2019-07-10,1.0964574442951636,0.9409030168475581,1.2915464272127575
2019-07-11,1.0954151225350193,0.9414523747193746,1.2912899512149274
2019-07-12,1.0926153097891609,0.941270930733937,1.2930253743654088
2019-07-15,1.0916996968407773,0.941834487300911,1.2932227869140311
2019-07-16,1.091960365975335,0.9418084011333194,1.294285088616033
2019-07-17,1.0909902787795105,0.9418000328608445,1.2941691289966057
2019-07-18,1.0902649465223888,0.941990708136059,1.2938261223987826
2019-07-19,1.0909813405234619,0.9419263813421149,1.294215624960106
2019-07-22,1.089784842462189,0.9420215814618879,1.2948207944573542
2019-07-23,1.0922697662646093,0.9419384537334672,1.293438590362756
2019-07-24,1.0918273293907466,0.9422140756697566,1.293215265158498
2019-07-25,1.092622690050159,0.9416617225155628,1.2931544218582007
2019-07-26,1.0954512951069215,0.941305148901829,1.2931297074953283
2019-07-29,1.0958996185097274,0.9415059378418187,1.2929101328135562
2019-07-30,1.0977966945092454,0.9413535759838333,1.2935581319461396
2019-07-31,1.0995713739547301,0.9405620480376614,1.2935461833505888
2019-08-01,1.0998993089211928,0.9390501159504901,1.2933691602171369
2019-08-02,1.1006066332166893,0.9391309418775013,1.295456087422155
2019-08-05,1.1006345763463086,0.9394315472348441,1.2943694692705279
2019-08-06,1.1032190311346557,0.939888948107138,1.292753555733421
2019-08-07,1.1017463551622457,0.9393984251174636,1.29271076410134
2019-08-08,1.1022620060952013,0.9384204530349987,1.2937914664452395
2019-08-09,1.1024176287597958,0.9386501134524075,1.2940681722572025
2019-08-12,1.1023836657248287,0.9384540309908103,1.2940885089298761
2019-08-13,1.1020413318706719,0.9399764044615331,1.2948550402501142
2019-08-14,1.0998903940142957,0.9398467709959154,1.2949811657220407
2019-08-15,1.1004527086291875,0.9402753838297039,1.294672661357074
2019-08-16,1.0977622172841104,0.9400334466769623,1.2951603553320097
2019-08-19,1.0980331486735064,0.94007846707519,1.2955473315636739
2019-08-20,1.0986036583416756,0.9403904504603617,1.2960959238915477
2019-08-21,1.0982421305981123,0.9407539495326787,1.2959936268038397
2019-08-22,1.0992546408122008,0.941151605184447,1.296487909319333
2019-08-23,1.1003097058252458,0.9406209759383417,1.2969775628612281
2019-08-26,1.10066790115024,0.9407083097509132,1.2972507532124362
2019-08-27,1.0997960641190285,0.9401354532292713,1.2974052861999616
2019-08-28,1.0992876927569073,0.9408340475466498,1.2975739308802832
2019-08-29,1.0968125549947594,0.9404679781464709,1.2966897314551997
2019-08-30,1.0946523588477324,0.9394036135140125,1.2966131769488696
2019-09-02,1.0951457750703195,0.9392788027686505,1.2965854109817556
2019-09-03,1.0955520021683673,0.9381351181042423,1.2971185908550746
2019-09-04,1.0958093406614702,0.9389165047566025,1.2972029432872616
2019-09-05,1.0946167287646091,0.9388505473643013,1.2974423231095464
2019-09-06,1.0942444029847014,0.9387667811763195,1.2982587680476732
2019-09-09,1.0946211685579894,0.9370640908205586,1.2984303485730504
2019-09-10,1.0954496508291063,0.9367455708853631,1.2993196209465003
2019-09-11,1.0962336337649015,0.93446622844644,1.300115613266327
2019-09-12,1.0968077404147392,0.9338923138334438,1.2999428770169625
2019-09-13,1.0963511131073602,0.9343710631904681,1.3003944907871157
2019-09-17,1.0965536925321777,0.9345947190428421,1.3007844221788605
2019-09-18,1.0967390406412871,0.9347140984440199,1.300933857110416
2019-09-19,1.0956160890218083,0.934821472517815,1.3010774818053714
2019-09-20,1.0943599995458921,0.9372504804242078,1.3012265541313721
2019-09-23,1.0952662158606512,0.9390216408235172,1.301193263089725
2019-09-24,1.0949104583668416,0.9365801605381063,1.3008769457431595
2019-09-25,1.0939019034735398,0.9359854995065917,1.3007862117314777
2019-09-26,1.095058746959441,0.9358876921938533,1.3024547519412841
2019-09-27,1.097246593700742,0.9338754617095122,1.3037111509739088
2019-09-30,1.0973631410414975,0.934692248543539,1.3035748666213436
2019-10-01,1.0971728350510395,0.9338593537356504,1.3041601955364688
2019-10-02,1.09652342972297,0.9348271007884366,1.3047761248693184
2019-10-03,1.096577446888579,0.9356486688287106,1.304017634696222
2019-10-04,1.0966666679107342,0.9333103342365618,1.3037982916651067
2019-10-07,1.0960130411361195,0.9337846242142214,1.3029580233578566
2019-10-08,1.0962301806109547,0.9345565061842672,1.3030699315700849
2019-10-09,1.0967126888674663,0.9348273520058175,1.3039499981108211
2019-10-10,1.0968453173954862,0.9360136117754959,1.3027557147563757
2019-10-11,1.0947522368018654,0.9382547266077443,1.3034748202730182
2019-10-14,1.0936637071519368,0.9373149345204089,1.3021071673554834
2019-10-15,1.1068724757548338,0.9346497990206619,1.3030621596231575
2019-10-16,1.1079057952029598,0.9343883341727682,1.3035222907937585
2019-10-17,1.1077277229405738,0.9341708339477324,1.3049725360215583
2019-10-18,1.114834493178012,0.9320437207800164,1.3046538428806118
2019-10-21,1.1199594729298126,0.9312993162215093,1.3049209164324105
2019-10-22,1.119641375681725,0.9322954292161083,1.3055007758524144
2019-10-23,1.1197622047304385,0.9322323404426902,1.3048783564468474
2019-10-24,1.142227576214858,0.9321449748643377,1.305326003518393
2019-10-25,1.1439591678535403,0.9322834460354109,1.3051112079424934
2019-10-28,1.1429931448998782,0.9325357191998137,1.3052941723419746
2019-10-29,1.1454510159381375,0.9326254733517836,1.3061927575382732
2019-10-30,1.144762014423955,0.933830513988866,1.3066740615105563
2019-10-31,1.1456184739027082,0.9343508780908167,1.3066320012075268
2019-11-01,1.1471099686752046,0.9339101920202939,1.307249189529359
2019-11-04,1.1480828363664135,0.933896344743199,1.3072429725570436
2019-11-05,1.1467798293417213,0.9345700402354582,1.308093951509502
2019-11-06,1.1472994949780697,0.9359724290744993,1.3078955655880526
2019-11-07,1.1458568792459634,0.9353399873646073,1.3083373595688155
2019-11-08,1.1493941679226432,0.9352978161648814,1.3085084158412468
2019-11-11,1.1499832524713793,0.9339055975167236,1.3079295533532909
2019-11-12,1.1554962335387016,0.9341061348518244,1.3084670153720226
2019-11-13,1.156783962624755,0.9327261511701486,1.3077738006065918
2019-11-14,1.1559872723792515,0.932873178990603,1.3074356759986734
2019-11-15,1.1559106562557147,0.931054126405171,1.307463080750808
2019-11-19,1.1564361452081175,0.9316553280371244,1.3073742377342645
2019-11-20,1.1571245056464812,0.9309515855483207,1.3074213191665403
2019-11-21,1.1549314757885316,0.930557750488139,1.3071470643756307
2019-11-22,1.1550640897994182,0.929976352567565,1.3089827754468222
2019-11-25,1.1571964825585308,0.929741580868668,1.3088891039864876
2019-11-26,1.1571744738539473,0.9274032286770885,1.3085586927955817
2019-11-27,1.1565199639382637,0.9284569719793642,1.3071379245947994
2019-11-28,1.1559204570868047,0.9277591310061618,1.3068978511676885
2019-11-29,1.1560624894223126,0.9333003059092408,1.307836136778527
2019-12-02,1.155523153974574,0.9332484894913442,1.3075543174961455
2019-12-03,1.1564350438819813,0.9310944222142389,1.3080366865156223
2019-12-04,1.1567701431964676,0.9329327068304745,1.308575236336205
2019-12-05,1.1544297255130755,0.9320100114748787,1.308678538997484
2019-12-06,1.1536017734773925,0.933056524074118,1.3087676951806866
2019-12-09,1.1532832534569388,0.9308796114088891,1.3087476359320782
2019-12-10,1.1516316689035095,0.929659343402337,1.3080429518061283
2019-12-11,1.1504061110282398,0.9299599200294408,1.3091303534675758
2019-12-13,1.1473524723696022,0.9294640012508171,1.30895250394124
2019-12-16,1.150967388439538,0.9296623777849337,1.309187503588126
2019-12-17,1.1507543232851631,0.9311248207666831,1.3087701357563215
2019-12-18,1.1506611827779434,0.9302539815922691,1.3089567969752787
2019-12-19,1.1512217962328684,0.9306226174254492,1.3086858488966908
2019-12-20,1.1527423558688286,0.9298047189345963,1.3090339767807473
2019-12-23,1.152158100433972,0.9297686176179786,1.3098914901161398
2019-12-24,1.150912914637645,0.9290170873888439,1.3098637777915851
2019-12-26,1.1503919000945662,0.9307921286854011,1.309847472025014
2019-12-27,1.1504855777192853,0.9306951137721795,1.3107228276017118
2019-12-30,1.1508859800044167,0.9306011116866425,1.3098292085511145
2019-12-31,1.150103152248465,0.9308572237002287,1.3102404686247602
2020-01-02,1.147115331538964,0.9316447138456282,1.310180475586209
2020-01-03,1.1470266273249121,0.9314616992014927,1.3106082244926203
2020-01-06,1.1468336969673998,0.9288772475427778,1.3104642209166764
2020-01-07,1.1445591560196675,0.9290557250235159,1.3105748705532516
2020-01-08,1.1438486345120449,0.9276689484896289,1.3111748611195793
2020-01-09,1.143679138537005,0.9278882674841584,1.3112060378931398
2020-01-10,1.1447708543536026,0.9274723472518355,1.3111859385455076
2020-01-13,1.145210563520843,0.9276520812379863,1.31093390243298
2020-01-14,1.1448451431221465,0.9268414178959784,1.3118588520649848
2020-01-15,1.1442053447523304,0.9256068283109777,1.3124505659248942
2020-01-16,1.1420830598307794,0.9295097297512082,1.3120881764132368
2020-01-17,1.140740599259888,0.9301196969672362,1.31140393691792
2020-01-20,1.1427712197829134,0.9304687922580677,1.3132970260582062
2020-01-21,1.1438508893252881,0.9304190657487188,1.312496750459015
2020-01-22,1.1450046566386247,0.929054018897536,1.312979795258296
2020-01-23,1.1470403652955354,0.9284621859547479,1.3126254908551174
2020-01-24,1.144897154258259,0.9304714115998441,1.3122728075264964
2020-01-27,1.1396017881569824,0.9305275418776253,1.3107995415593205
2020-01-28,1.140493380472062,0.9308143047642446,1.3107977760537628
2020-01-29,1.1411662317487201,0.9303863986959593,1.3112965215552341
2020-01-30,1.1413613576183477,0.9289056304985075,1.3122440698124422
2020-01-31,1.1414797073250105,0.9275150056571076,1.3128912257589598
2020-02-04,1.1378850908998213,0.9285612369461331,1.3141033897127419
2020-02-05,1.1365887010241615,0.9282245560732068,1.3142830121367381
2020-02-06,1.1350255231920163,0.9280663949784954,1.314380667414702
2020-02-07,1.1347554062095937,0.9286420788763746,1.3151341205048446
2020-02-10,1.135029537814523,0.9278631653630146,1.3139106118797592
2020-02-11,1.132185101851761,0.9259738176965585,1.31229778791669
2020-02-12,1.1330284060999167,0.9264999194268639,1.3154721962846403
2020-02-13,1.1332343332498274,0.9270454408836444,1.31505345005159
2020-02-14,1.134306431921735,0.927851834186996,1.314652998136073
2020-02-17,1.1340122557588574,0.9264407189658616,1.314848679947955
2020-02-18,1.1354218997332222,0.9244513473801299,1.3181691429628972
2020-02-19,1.1365026427844875,0.9267267468647518,1.3147951752508997
2020-02-20,1.1373424975214863,0.9266383543060502,1.314356792302296
2020-02-21,1.1380336003472544,0.92594203650835,1.3145620713817248
2020-02-24,1.1368506840005628,0.9277081612327457,1.31621315202723
2020-02-25,1.1337639342962007,0.9249330460987201,1.3158859658939446
2020-02-26,1.1344607435354161,0.9261821981005596,1.3175616403456163
2020-02-27,1.127384324902405,0.9253811574698614,1.3173382497292345
2020-02-28,1.1291833193322693,0.9252940747128331,1.3178521199478834
2020-03-02,1.1277917166675788,0.9253017231509693,1.318781179771873
2020-03-03,1.1292756140762024,0.9250643255193087,1.3187538662027307
2020-03-04,1.1268513396486224,0.9251013108641962,1.3178266838645671
2020-03-05,1.1267648524128095,0.9240196487729905,1.3182776423804419
2020-03-06,1.1216233346830622,0.9245903580329781,1.3184690493906925
2020-03-09,1.0924304054879903,0.9246104891774971,1.318674251627612
2020-03-10,1.0869592542653432,0.9246502389108118,1.3174581894620558
2020-03-11,1.0796755070825164,0.9239986158194091,1.3194161878937916
2020-03-12,1.0562553561342494,0.9240384630552149,1.319654045978017
2020-03-13,1.0509611180253289,0.9238030689694062,1.3211364172114095
2020-03-17,1.017049866905863,0.9259015141281947,1.3204223469883523
2020-03-18,0.9970043099154192,0.9258427467172146,1.321722939580613
2020-03-19,1.0009915450989961,0.9256924803985365,1.320595863892266
2020-03-20,1.001547678426216,0.9247517894881996,1.3196531093427106
2020-03-23,0.9915434472083166,0.9247193274039761,1.319788098384011
2020-03-24,0.9862340376303711,0.9237664057403242,1.3206621471555438
2020-03-25,0.9818309230265532,0.9244090518776151,1.3212452874028313
2020-03-26,0.9871750801968906,0.9243666299828593,1.321740775040776
2020-03-27,0.9760881908836228,0.9231056561364908,1.3203534887844444
2020-03-30,0.9802505033901819,0.9224439121251174,1.3182252805269745
2020-03-31,0.9851812018478339,0.9218611576363686,1.318504166616925
2020-04-01,0.9829636516358479,0.9227540114267427,1.3190916272321886
2020-04-02,0.985687517224734,0.9233168877256143,1.318892572743441
2020-04-03,0.9877193295092037,0.9220373766725076,1.3192667525539832
2020-04-06,0.9857291851069232,0.9216255271108464,1.3187521907580089
2020-04-07,0.9868906992804414,0.9228341765631887,1.3189692681446628
2020-04-08,0.987204237229741,0.9229191902906788,1.3194249382569718
2020-04-13,0.9880627692753587,0.9225589087499537,1.3191416272516594
2020-04-14,0.9879937249821839,0.9233990522192506,1.318654444362673
2020-04-15,0.9848508839254206,0.9236275047663948,1.3191740358389588
2020-04-16,0.9858693438070344,0.9236465478255279,1.3193184589731164
2020-04-17,0.9824346354276801,0.9243032320752198,1.3190817242741473
2020-04-20,0.9825499114485642,0.9239105990469646,1.3198236938224528
2020-04-21,0.9833782863590247,0.9247811085813354,1.3200287158711135
2020-04-22,0.9856718403411914,0.9237613635388776,1.3202596477286785
2020-04-23,0.9869660425793327,0.9241489308714808,1.3200674065205336
2020-04-24,0.9895113166200621,0.9235607489046272,1.3210025271656765
2020-04-27,0.9914500221599445,0.9231796453656004,1.3200948772585477
2020-04-28,0.9914776492915212,0.9228074651342937,1.31984692479233
2020-04-29,0.9891356083421214,0.9228871042890766,1.3208218547302633
2020-04-30,0.9903402190040778,0.9228688480081629,1.3198422727651073
2020-05-04,0.9924238407073126,0.9225710987611878,1.3217961359640618
2020-05-05,0.9923573165815545,0.9219136699407705,1.3228374888234573
2020-05-06,0.9931460036046443,0.9219095511225933,1.322806821190824
2020-05-07,0.994122066027159,0.9214707064579275,1.3225353315818997
2020-05-08,0.9936530710146286,0.9210110793334483,1.321881075833058
2020-05-11,0.9941607207239062,0.9198571033755293,1.321411556075507
2020-05-12,0.9944077472815361,0.9201862456634342,1.3229212016424836
2020-05-13,0.9928936914471066,0.9209391662556837,1.3230474478107763
2020-05-14,0.9939576545985719,0.920886637037322,1.3229189281202707
2020-05-15,0.9935693454897022,0.9206290945710905,1.3251662300120897
2020-05-18,0.9926400909686762,0.9197983160560391,1.3253338477599512
2020-05-19,0.9909813931441945,0.918028071630136,1.3248422310840373
2020-05-20,0.9919669125323238,0.9187256001136296,1.3244960133391481
2020-05-21,0.992331041811749,0.9180415719448122,1.3247216758126328
2020-05-22,0.9922998898838074,0.9181607385267514,1.3252986374929447
2020-05-25,0.9931952439926331,0.9195818341347529,1.3255550052868244
2020-05-26,0.9931726255430886,0.9191781592224403,1.3257655528002323
2020-05-27,0.9918020303862358,0.9171650222126844,1.326087143176403
2020-05-28,0.9915006479165887,0.9165242899849277,1.3262123067865423
2020-05-29,0.9920671625139199,0.9166565848559752,1.326136490596461
2020-06-01,0.993106412427598,0.9163898343676524,1.3255869880390778
2020-06-02,0.9931452114193933,0.9157376239137265,1.3254421191110677
2020-06-03,0.9925820342319315,0.9156436590802107,1.3254417262475027
2020-06-04,0.9944494319469752,0.9152762980479557,1.325401566784936
2020-06-05,0.9928512357919091,0.915694107897474,1.3252167137380884
2020-06-08,0.9905445426126976,0.9150964871034767,1.3250125049109382
2020-06-09,0.9905322235369832,0.9156082698350292,1.3256549908190005
2020-06-10,0.9909593877836964,0.9134961751083646,1.3261001463591333
2020-06-11,0.9861770066428254,0.9140599753019805,1.3266956659199638
2020-06-12,0.9860360079641164,0.9141134153478137,1.3261433094353419
2020-06-15,0.9878821968909322,0.914064190972216,1.3257593529979577
2020-06-16,0.9880115794079259,0.9145125528632458,1.3257633802770212
2020-06-17,0.9895193185794918,0.913654165606364,1.325944128222375
2020-06-18,0.9902928978725766,0.9142976083092459,1.3252595554862705
2020-06-19,0.9915486958996214,0.9141108657924236,1.325139443051489
2020-06-22,0.99175500389739,0.9141795628516235,1.3263696373637417
2020-06-23,0.9923127471379098,0.9135923256496582,1.325334699395637
2020-06-24,0.991863296521029,0.9122896270104947,1.3255162735054264
2020-06-25,0.9922602155554472,0.9136213306792104,1.3255235596568744
2020-06-26,0.9921703280332302,0.9135944374504051,1.3258340080790003
2020-06-29,0.9927396022842295,0.9136095729925295,1.3258147291670088
2020-06-30,0.9930190731616814,0.913642351645014,1.324516141065795
2020-07-01,0.9933901200726285,0.913910893924995,1.3258280720754574
2020-07-02,0.9936058573489984,0.913851335514661,1.3256212493411237
2020-07-03,0.9934615129511871,0.9142779996731963,1.3256135603034565
2020-07-06,0.9945107740272491,0.9145478778327802,1.3252408494849874
2020-07-07,0.9942762101305362,0.9144398719644965,1.3257012544501308
2020-07-08,0.995615216598136,0.9142001618796848,1.3255889000895524
2020-07-09,0.9944480047260422,0.9132035883104775,1.3266942785450893
2020-07-10,0.9934570278486218,0.9128367928256266,1.3264433490866656
2020-07-13,0.9936616751754622,0.9127923790751461,1.3262470537891478
2020-07-14,0.9929633288518703,0.9127864397232764,1.3275807133016266
2020-07-15,0.9933427684152529,0.9126169565552669,1.3272334720193653
2020-07-16,0.9933840336223836,0.9131420377270724,1.3275478396602283
2020-07-17,0.9933338190620276,0.9137784290404932,1.3283150593704898
2020-07-20,0.9935708007301041,0.9141208479994425,1.3277553990986026
2020-07-21,0.994433523768155,0.9142849477978477,1.3276449741084337
2020-07-22,0.9947363407011819,0.9148480378543343,1.328258830368717
2020-07-23,0.9945534360187405,0.9153378759139714,1.3273217856620017
2020-07-24,0.9950782886752989,0.9156723337827253,1.3274686563007665
2020-07-27,0.9961845939630762,0.9159943854039362,1.3269275619409298
2020-07-28,0.9991240097424174,0.9159497693740635,1.3271762455476965
2020-07-29,1.0009929049960191,0.915279686978337,1.3282535762937613
2020-07-30,1.0007092886411464,0.9159521496887875,1.327649135999242
2020-07-31,1.0025753725035613,0.9150601908681362,1.3277062105742938
2020-08-03,1.0069191762396077,0.9143881243403692,1.3287241245309382
2020-08-04,1.008746489621883,0.9146794550958792,1.327968140317759
2020-08-05,1.0086105332036652,0.9150044385954537,1.3283471596837653
2020-08-06,1.0086279036983627,0.9144104118946427,1.3286460853434505
2020-08-07,1.0087523535003349,0.9141234134041483,1.328682403974287
2020-08-10,1.0095541542077386,0.914795469767271,1.3283637750610977
2020-08-11,1.0094532587843619,0.9151087316084197,1.3274705834728366
2020-08-12,1.0095545203415464,0.913492983281279,1.3271319697368202
2020-08-13,1.0104073884895708,0.9126823465042403,1.3268383616455401
2020-08-14,1.0107223481712786,0.9123190448087717,1.326361498955735
2020-08-17,1.0117028603972553,0.9120901179736267,1.3262935705128613
2020-08-18,1.0124366668784568,0.9126303469002601,1.3266777930238867
2020-08-19,1.0122498381481488,0.9126206269380478,1.326737996182943
2020-08-20,1.012529056462773,0.9114572178121381,1.3261566140670065
2020-08-21,1.0119038327949297,0.9107758156084858,1.3266126436971004
2020-08-24,1.0120267455803003,0.9111108756654109,1.3265491682268733
2020-08-25,1.0124111834686702,0.9115076158266159,1.3265672516275773
2020-08-26,1.0118963027660792,0.9110246448442748,1.325945040914758
2020-08-27,1.0114828935833617,0.9107351652751693,1.3264528148779742
2020-08-28,1.011749937881894,0.9106194377811306,1.3251045381947775
2020-08-31,1.0093225745155134,0.9102168966820988,1.325515474862859
2020-09-01,1.0080921087931802,0.9100572218249542,1.3262299355652973
2020-09-02,1.0085351610687396,0.9078413068222133,1.3259049542246037
2020-09-03,1.008549754518811,0.9090259073128536,1.3247963729990233
2020-09-04,1.0090907729316176,0.9090158709815028,1.3259684647412417
2020-09-07,1.0091350972815687,0.9083950537103741,1.3265438676884178
2020-09-08,1.0085653789533677,0.9084276138983226,1.3268905778754927
2020-09-09,1.0083299828149261,0.9084554157639194,1.3275993415443172
2020-09-10,1.009545924863277,0.9081375817796242,1.328088994524046
2020-09-11,1.0098782506507187,0.9085400807279969,1.3280666497352722
2020-09-14,1.00985627963716,0.9087304503655456,1.3279853454885666
2020-09-15,1.009709601321492,0.9089907045406,1.32802753822393
2020-09-17,1.0111814084144435,0.9080676279828163,1.329158183447908
2020-09-18,1.013118231026562,0.9083597150668464,1.3300543590903757
2020-09-21,1.013103248575428,0.9085367734946168,1.3291409523541395
2020-09-22,1.0134950639233746,0.9081589240819079,1.3291502070102326
2020-09-23,1.0140137224873522,0.9084526940306898,1.3291353306613238
2020-09-24,1.0136239392199682,0.9080154072049565,1.3288114849235726
2020-09-25,1.0141206299039862,0.9083144519503836,1.3284033365621015
2020-09-28,1.013470190463542,0.9088121411373498,1.3275150146993415
2020-09-29,1.0134672756013776,0.907815108528026,1.3273928675760853
2020-09-30,1.0128738237423807,0.9074149092655602,1.3277138585928658
2020-10-01,1.0128929971760556,0.9075580264715796,1.3277829960779466
2020-10-02,1.0131091048703766,0.9082712325503622,1.3267421669371826
2020-10-05,1.0134823822709123,0.9083897070505264,1.3284294453189227
2020-10-06,1.0142419777559704,0.9087371612011944,1.3289392581699484
2020-10-07,1.0138718259357038,0.9082723641577453,1.3284822599924941
2020-10-08,1.0120803720001579,0.9080573921641452,1.3286560147571815
2020-10-09,1.0104878216060218,0.9080613225477149,1.3278815800023671
2020-10-12,1.0111561350890994,0.9084127595837557,1.3268023496104133
2020-10-13,1.0112514064677665,0.905691065074627,1.3264800164963915
2020-10-14,1.0118115970018715,0.9084533148041111,1.3266147621153
2020-10-15,1.0120324951396675,0.9089901512712337,1.3279600247084162
2020-10-16,1.012072569101693,0.9084153724481326,1.3273022228008793
2020-10-19,1.0116700959639995,0.9074315777704363,1.3274671670398088
2020-10-20,1.0122880270854449,0.9074117923311911,1.3270902978855688
2020-10-21,1.0123049238015729,0.9073611577633156,1.327380963916344
2020-10-22,1.012525449483793,0.9064273552544149,1.3272268783177628
2020-10-23,1.013343577586614,0.9073241790345986,1.328408033790986
2020-10-26,1.0135839289182214,0.907490027805974,1.3281180481935266
2020-10-27,1.0140852404611251,0.9074044914558858,1.3283709013334035
2020-10-28,1.0123887111698642,0.9081574450149387,1.329252547033465
2020-10-29,1.0120993476765872,0.9079502753155405,1.3300262382247854
2020-10-30,1.0136986561957055,0.9077170474595058,1.3297364091468646
2020-11-03,1.015519156819949,0.9078894972020605,1.329612436143078
2020-11-04,1.0164508940496189,0.9084583805688436,1.3305156843052202
2020-11-05,1.0155232371321181,0.9079422740308568,1.3287854515564501
2020-11-06,1.0159338149144537,0.9079212695855237,1.3296915433727998
2020-11-09,1.0145442663272153,0.9079899855173877,1.3286612587826425
2020-11-10,1.015346236659788,0.9082365603207401,1.3296548943237978
2020-11-11,1.0154159803430118,0.9085756721486815,1.329922794586803
2020-11-12,1.0160985966376246,0.9089816315955556,1.33068857292403
2020-11-13,1.0159404495995572,0.9082230023767884,1.330014377637709
2020-11-17,1.0153835988586348,0.907605023810673,1.3293167728648654
2020-11-18,1.0153532567870063,0.9083604475311727,1.3294189134093575
2020-11-19,1.0151074705405871,0.9079317888928913,1.3307727134585714
2020-11-20,1.015027178416394,0.907969884324599,1.330941309808631
2020-11-23,1.0153327182486356,0.9075673006757041,1.331661419114438
2020-11-24,1.0157435931338,0.9067320665843867,1.331381739371506
2020-11-25,1.0161062596073853,0.9049938504703227,1.3304563843109263
2020-11-26,1.0164238614037806,0.9044934115348874,1.3308474814582723
2020-11-27,1.0174846235984232,0.9044488376739719,1.3303008327864687
2020-11-30,1.0172907908818982,0.9051889621064365,1.3315849881437156
2020-12-01,1.0165624982022594,0.9050986003681181,1.3329439484476309
2020-12-02,1.0165658548665049,0.9046964453277008,1.3322170824516595
2020-12-03,1.0161814520811427,0.903876927073271,1.3311465788974846
2020-12-04,1.0165912986089196,0.9042639015177547,1.3332164579389452
2020-12-07,1.0165215825317162,0.9037562349049889,1.3326780104796767
2020-12-08,1.0168375789299662,0.9019302206947736,1.3320206646852448
2020-12-09,1.017305343322899,0.902203709402868,1.331707810381036
2020-12-10,1.0169682091988501,0.9018514366051315,1.3324805943443998
2020-12-11,1.017237197318665,0.9005581207761064,1.3331317923704267
2020-12-14,1.0190791079200592,0.9023098817514175,1.3334072360911087
2020-12-15,1.0201867418871553,0.9020019872338345,1.3327695868125495
2020-12-16,1.0203455512976953,0.9003226968988658,1.3310859775088202
2020-12-17,1.0206279587130218,0.9004326319751992,1.3312617522886947
2020-12-18,1.0209035065464551,0.9006771695623221,1.3320215559584698
2020-12-21,1.0218582152034041,0.9005418906490212,1.3322631028680247
2020-12-22,1.0211676485068584,0.8993304034459267,1.33172035039907
2020-12-23,1.0191183899428737,0.8999238153819953,1.3324186560168911
2020-12-24,1.0191155414153827,0.8995091620129904,1.3344373668853475
2020-12-28,1.018924327669733,0.898979010204342,1.3328236203538224
2020-12-29,1.0178827333053098,0.8977910318010558,1.3328343936999352
2020-12-30,1.0194019588490832,0.8982997754136186,1.3328922354548922
2020-12-31,1.0197711801544376,0.8996085280053607,1.333833503968515
2021-01-04,1.0191691057468153,0.9005211117174341,1.3339059104474702
2021-01-05,1.0191908095199174,0.9005615345721277,1.3350633303850055
2021-01-06,1.0185612457608875,0.8999064738799498,1.335219238483419
2021-01-07,1.0184354226804768,0.899605096907373,1.3342363219361342
2021-01-08,1.0196912767912314,0.8991754029016885,1.3320055077542912
2021-01-11,1.0204094132975436,0.9005165998997499,1.3323119387975229
2021-01-12,1.0214340321867816,0.8987424687791642,1.333589925758147
2021-01-13,1.0213996079797183,0.8987687612335268,1.335317118289936
2021-01-14,1.0211756254568294,0.8986723187234426,1.3347215063843907
2021-01-15,1.0207900938041468,0.8991266328875714,1.333973504245576
2021-01-18,1.0206300810523612,0.8977573253104053,1.3335937992735591
2021-01-19,1.020596816674619,0.8978358478828184,1.3337603541289198
2021-01-20,1.0210732348591676,0.8990128500263629,1.3342090717262491
2021-01-21,1.0212265480763112,0.900653811537267,1.3345271884100043
2021-01-22,1.0212743440538556,0.9004495059937314,1.3358356283986552
2021-01-25,1.0221918164086772,0.9004903496009015,1.3353029562461474
2021-01-26,1.022090692662093,0.9008105281333174,1.3355543442421955
2021-01-27,1.0220318469265879,0.9023491487513795,1.3362797101238009
2021-01-28,1.0218914860802306,0.903209703061159,1.336957255169649
2021-01-29,1.0202606436612682,0.9029002711605308,1.337005125270847
2021-02-02,1.0191190788936866,0.9024978715792628,1.338333879754496
2021-02-03,1.0187801233764122,0.9020990413651064,1.3370968809245365
2021-02-04,1.018592329379362,0.9024273200939039,1.3373312480061548
2021-02-05,1.0183846582203344,0.9025424145993052,1.337612717783702
2021-02-08,1.0188641602776634,0.9018217266574752,1.3374246971093846
2021-02-09,1.0193266465064401,0.902447696727902,1.3364000698980936
2021-02-10,1.0191717978996948,0.9029748429689702,1.336710246893551
2021-02-11,1.0203661594101108,0.9034380942546246,1.3366998275462365
2021-02-12,1.0189875266169333,0.9033837683108953,1.3365770248000395
2021-02-15,1.0193168744161092,0.9035958125632981,1.3369760486855087
2021-02-16,1.0185834994930667,0.9038213622874062,1.337108084761779
2021-02-17,1.0197860841456443,0.9003063448334925,1.3381148692703735
2021-02-18,1.020737405927005,0.9008346594550335,1.3382976057434917
2021-02-19,1.0232135495513786,0.899726390561437,1.3388952067612907
2021-02-22,1.0327997460329303,0.8978527710199629,1.3386333455442319
2021-02-23,1.0342253926669052,0.89877330331324,1.3384402385247016
2021-02-24,1.0358318319569728,0.9003711017087376,1.336346253812224
2021-02-25,1.0438192766285928,0.8987377417807899,1.337194596700981
2021-02-26,1.0450031393100165,0.8980590604058019,1.336763417124071
2021-03-01,1.059155090334804,0.899244656720191,1.337734234674505
2021-03-02,1.0706687117058187,0.8985016270931867,1.3385145197697714
2021-03-03,1.071291572454143,0.8987120110365018,1.33945531371163
2021-03-04,1.0714454999618224,0.8998220236027333,1.3389371100537744
2021-03-05,1.0809817834216129,0.8998768842147413,1.3387153466344153
2021-03-08,1.085321597927641,0.9001026922778018,1.3374206111676639
2021-03-09,1.0921143554613817,0.8976551131262557,1.3383060365534947
2021-03-10,1.0894911556279199,0.8958400839148457,1.3374400263240864
2021-03-11,1.1026433560251396,0.8963870049253452,1.3379209365006872
2021-03-12,1.1011163426535502,0.8967059375683201,1.3378417042355084
2021-03-16,1.0993667577237858,0.8971660376929567,1.3384711230173925
2021-03-17,1.1015748014320916,0.8948263133532272,1.3378134138508535
2021-03-18,1.1009846708455147,0.8952153713256122,1.337733440986531
2021-03-19,1.103178605066571,0.8961921135913802,1.3383429780326053
2021-03-22,1.1065370728471482,0.8973099643403362,1.338990064494982
2021-03-23,1.105015531753472,0.8976697023590091,1.3402732827677857
2021-03-24,1.1033012858355271,0.8974117004054348,1.3391830854875428
2021-03-25,1.098346740257662,0.8960026733743491,1.3396077958567258
2021-03-26,1.0997653444105224,0.8943840401118868,1.3398303203114976
2021-03-29,1.101575628602769,0.8936706362230029,1.3398179409153221
2021-03-30,1.101316832696382,0.8927073922486157,1.339925399853851
2021-03-31,1.102489273487812,0.891859300792071,1.3398375935856492
2021-04-05,1.1022441385863146,0.8903589567983786,1.340225492672325
2021-04-06,1.1033748058368333,0.891050000989566,1.3404194880815032
2021-04-07,1.1033162091502904,0.8910223831350018,1.3402788978540527
2021-04-08,1.1014649711972853,0.8924262747072796,1.3399325858307647
2021-04-09,1.0998059124603534,0.8915755569967846,1.3389530869031923
2021-04-12,1.098961283217422,0.8906915800433047,1.3387128589947401
2021-04-13,1.0991903862505408,0.890508324102672,1.3395813309315003
2021-04-14,1.1031491697565392,0.8898793341500034,1.339734102569096
2021-04-15,1.1036801420315172,0.8895792082469979,1.3391816902479343
2021-04-16,1.103173768292324,0.8902701352664112,1.339538164647669
2021-04-19,1.1022432613948268,0.8921571357365543,1.3396134125723886
2021-04-20,1.1015756420837615,0.8915258586816549,1.3401968849770296
2021-04-21,1.1014648559154103,0.8907540160286826,1.3393920495906888
2021-04-22,1.1009102857477986,0.8907562732788107,1.3398622446952
2021-04-23,1.1004474543287304,0.8892245673114421,1.3398045888812773
2021-04-26,1.0995392564046156,0.8879837564709537,1.3381014120243149
2021-04-27,1.1034784077653745,0.8885302836715772,1.3389248787723635
2021-04-28,1.10312363293099,0.8886385644201578,1.3392501328844937
2021-04-29,1.1031654684356185,0.888144087913197,1.3379747838357592
2021-04-30,1.1068005528723628,0.8883882518080167,1.3375151012372806
2021-05-03,1.1102678139210773,0.8884052599194759,1.3366840935362492
2021-05-04,1.109842397743703,0.8874964244433015,1.3367165216815418
2021-05-05,1.1099956688139183,0.8876819348966696,1.3366223800656285
2021-05-06,1.1092789996276116,0.8887865055540551,1.3363258976444643
2021-05-07,1.108682272447133,0.8894053386404353,1.3367876479846448
2021-05-10,1.1099731337091587,0.8898740165338956,1.3369447658970495
2021-05-11,1.1108089106321881,0.8901282392873644,1.337882180649291
2021-05-12,1.110844197958858,0.8888118177406533,1.3382446673031427
2021-05-13,1.1107151512110975,0.8895970030614038,1.3382851308442443
2021-05-14,1.1118219033602343,0.8898592960562797,1.3387861933525222
2021-05-17,1.1131306912526124,0.8892674837048413,1.3385570971507121
2021-05-18,1.1150076403390246,0.8888218895291419,1.339795601661525
2021-05-19,1.1133790813871969,0.8891547720202324,1.3415774175142714
2021-05-20,1.117000282825783,0.8897386395774678,1.3398741213598797
2021-05-21,1.1200770064430414,0.8904540956910257,1.3398874924677824
2021-05-24,1.1221246820811341,0.8910926640671701,1.341823777196816
2021-05-25,1.1224369956765734,0.8903070624984031,1.3399049693025988
2021-05-26,1.1328287292568948,0.889916700957798,1.3404975384854505
2021-05-27,1.1343035492483358,0.890871758472398,1.3382390294183792
2021-05-28,1.1338722881991536,0.8908880977664456,1.340770653388733
2021-05-31,1.1337189817980107,0.890512750002914,1.3415260040836954
2021-06-01,1.134195362865342,0.8900017142020458,1.342822476001222
2021-06-02,1.1342909461835888,0.8899039831806757,1.342034624051442
2021-06-03,1.1345501696739386,0.8894577736299887,1.3430296023937336
2021-06-04,1.1347395499714954,0.8888223002888493,1.344312935369637
2021-06-07,1.1317607796152047,0.8877896531751803,1.3413046118892147
2021-06-08,1.1331209995679368,0.8865644595007541,1.341011241844671
2021-06-09,1.132216284031408,0.8862542740833081,1.340737222105192
2021-06-10,1.1324701200211484,0.8863810689850933,1.342222473068173
2021-06-11,1.1324104795744727,0.8856229052240364,1.3437141179494514
2021-06-14,1.1314034839603273,0.885928893217585,1.3433999686991802
2021-06-15,1.1316766358962154,0.8847978501406663,1.3441038030045065
2021-06-16,1.1315883487677387,0.884902114598904,1.345251772075707
2021-06-17,1.1314573772906076,0.8858502105855232,1.3461198046665164
2021-06-18,1.131253104314597,0.8864986081077858,1.3465608671840674
2021-06-21,1.1313494864918514,0.8864803445091867,1.3457154879316187
2021-06-22,1.130497826627878,0.8869368144522085,1.3460827229856063
2021-06-23,1.1329596982322352,0.8869153780842365,1.3450804832750862
2021-06-24,1.133333358715318,0.8867004484513337,1.3452960427198504
2021-06-25,1.133814463712794,0.8860636440254005,1.3465837790416
2021-06-28,1.132992325689602,0.8859558337095954,1.3460126155606433
2021-06-29,1.1333469749252179,0.8871469598058039,1.345084325187352
2021-06-30,1.1324825393073326,0.8856882427461997,1.3459927887417944
2021-07-01,1.1324245983150256,0.886018033260413,1.3463985582779447
2021-07-02,1.132820719692619,0.8863425213128465,1.3464247264728857
2021-07-05,1.1328528971259708,0.8850135167671047,1.346598495671012
2021-07-06,1.1330456959659483,0.8859923250456758,1.3466520129334305
2021-07-07,1.1329706898349023,0.8848801312450479,1.3466705386406523
2021-07-08,1.1323088172034759,0.8867769778204753,1.3472931468270384
2021-07-09,1.130857157035861,0.8870433442462053,1.3474181980039581
2021-07-12,1.1267867650355095,0.8857498911715236,1.3468980190566564
2021-07-13,1.125597565354143,0.886488707779961,1.3457372423114768
2021-07-14,1.1264384343217972,0.8853646833854393,1.3449608634326096
2021-07-15,1.1253833927038444,0.8857981305220393,1.3441299393094757
2021-07-16,1.1241727612854195,0.8861058164368093,1.3450162890959156
2021-07-19,1.1198419211263608,0.8849718155339527,1.3450663640376723
2021-07-20,1.1208298339995908,0.8846338664058518,1.3452894865752671
2021-07-21,1.1203235267481952,0.8847966039801626,1.3443366591258592
2021-07-22,1.1200166737208161,0.8845149986073647,1.3436688112095219
2021-07-23,1.11987858612237,0.8845137664572622,1.34433587966142
2021-07-26,1.1191136901974028,0.8832065570706562,1.3452419944954226
2021-07-27,1.1187278974520904,0.8834397446678214,1.3456248490110878
2021-07-28,1.1193744009658049,0.8837504341952401,1.3461597434174926
2021-07-29,1.120156017304811,0.8826119153707184,1.3452572545392096
2021-07-30,1.119423106350494,0.8831181616213158,1.3437183241686514
2021-08-02,1.1184774975698764,0.8837457785365882,1.3434230054758607
2021-08-03,1.1173124794229925,0.8834344456059651,1.3433834161873457
2021-08-04,1.117575583624076,0.8854083962235985,1.3440954927819302
2021-08-05,1.1181719867423914,0.8836900740541106,1.344494003901461
2021-08-06,1.1162110436700574,0.8839424508695898,1.344761285566391
2021-08-09,1.1145365304976802,0.8837065794739197,1.3450548373227493
2021-08-10,1.11633609627768,0.8843295289341068,1.3452870812807336
2021-08-11,1.1159716080805193,0.8844972339590735,1.34497811618986
2021-08-12,1.115945077760405,0.8851822065105157,1.3442614921936609
2021-08-13,1.1203358194214605,0.8862414763284245,1.3443053638270597
2021-08-16,1.1223999990879991,0.8846292375653455,1.3447337710993905
2021-08-17,1.1234790872174458,0.8847456641800279,1.344153392362746
2021-08-18,1.1253776062473075,0.8855913701161268,1.3447777386821105
2021-08-19,1.1246189486865823,0.8837179116832612,1.3443566483002876
2021-08-20,1.1246277868405823,0.884218153639439,1.3455602416746923
2021-08-23,1.1247279900258662,0.8849486117499054,1.3465577849368686
2021-08-24,1.1252922017944305,0.8853937480296179,1.347227074311007
2021-08-25,1.124783562231807,0.8855676327669759,1.3460765858179025
2021-08-26,1.1248490424062456,0.8858230644033805,1.3455749006976296
2021-08-27,1.1248818686770514,0.8854797779750706,1.3465753202722164
2021-08-30,1.124521661104152,0.8846674386376474,1.3462695031423302
2021-08-31,1.1242347157812838,0.885032103159076,1.3457660513861043
2021-09-01,1.1232929960576865,0.8854840395647936,1.3467561893952913
2021-09-02,1.1240047008360965,0.8856803738997184,1.347357748485287
2021-09-03,1.122988567487551,0.8837432614210328,1.347077582360521
2021-09-06,1.1224381074047127,0.8858499418467022,1.346270214914293
2021-09-07,1.1232632178067887,0.8858289404574873,1.3466299080619304
2021-09-08,1.121901721469615,0.8851827680985117,1.3464751689955845
2021-09-09,1.1232930657046152,0.8838488817686398,1.345736975815206
2021-09-10,1.1232736162336125,0.8828745550234557,1.3451645047086953
2021-09-13,1.123834883631118,0.8833761645492927,1.3450659837453636
2021-09-14,1.1263136945957704,0.8807696734465865,1.3458448555853795
2021-09-15,1.1262108754266607,0.8810863553017068,1.3465823150291396
2021-09-17,1.1255162736919768,0.8806907544023888,1.346679626651461
2021-09-20,1.1230001017797797,0.8808731088982207,1.3471109213745156
2021-09-21,1.1235972322480114,0.8802560935866676,1.3472553402878251
2021-09-22,1.1259244356365665,0.880417978729102,1.3479989547904634
2021-09-23,1.1258363240536975,0.8803216733164926,1.3474300796606316
2021-09-24,1.1250046687555741,0.8801009675029104,1.3477425286055256
2021-09-27,1.1247587356974158,0.8808436653526315,1.3472877182152694
2021-09-28,1.12428761006247,0.8812254528277322,1.347128591495494
2021-09-29,1.1237004534890151,0.8800876703998302,1.3486246032170204
2021-09-30,1.124715802466973,0.880622300295501,1.348563907837571
2021-10-01,1.125082632623353,0.8789242376430498,1.3484701827086143
2021-10-04,1.1241777807076399,0.877974964478825,1.3498112416104797
2021-10-05,1.1233377831869875,0.8790353786081129,1.3496142893186303
2021-10-06,1.1228156616385518,0.878008489286629,1.3497184073845139
2021-10-07,1.1222122711588567,0.8783697891767663,1.349750773171748
2021-10-08,1.1224399859972474,0.8789028015472552,1.3499402411959578
2021-10-11,1.1225939475081557,0.8797274857915984,1.3500765466855982
2021-10-12,1.126397519882297,0.8792724035360585,1.3499504839324425
2021-10-13,1.1274032873429691,0.8796713179556629,1.3495193036970445
2021-10-14,1.1278131342217996,0.8795382432336759,1.3495829595822355
2021-10-15,1.1250737960739388,0.87807714998266,1.3500513015934823
2021-10-18,1.125734550251559,0.8774356396421731,1.3497807901553547
2021-10-19,1.128741603045643,0.8775833363981875,1.3496650011355746
2021-10-20,1.1278709142520673,0.8769935069024426,1.3492283926580475
2021-10-21,1.1389666079844416,0.8773611621347639,1.349014809303401
2021-10-22,1.1381627297875756,0.8771398901622237,1.3492511861460226
2021-10-25,1.139437381129589,0.8763754920029868,1.349874003840235
2021-10-26,1.1380798142643496,0.8773465751510997,1.3492664930114457
2021-10-27,1.1397573610894114,0.8774069853753076,1.3497016138675724
2021-10-28,1.1413308392492052,0.8766430321454802,1.3492591192020886
2021-10-29,1.1414244695638616,0.873934787568864,1.3492541515506853
2021-11-01,1.1424710920499264,0.8746900624771801,1.3490938070125864
2021-11-03,1.1434476964637152,0.8731262024176153,1.3486325190963584
2021-11-04,1.1441038719625554,0.8733436804497471,1.3493774862227272
2021-11-05,1.1452860389755652,0.8740869500612489,1.3496932814386116
2021-11-08,1.1442327099362872,0.8741082352089629,1.3495607843428115
2021-11-09,1.1433765332667574,0.8733188547537957,1.3490155694658863
2021-11-10,1.1443064076976537,0.8734404227437361,1.348695520825609
2021-11-11,1.1448513098009936,0.8732888373275435,1.3472959430110347
2021-11-12,1.1471262295807143,0.8731589576571357,1.3470425503819352
2021-11-16,1.1484390852414288,0.8718150631107796,1.3475361727624522
2021-11-17,1.1492462131239902,0.8723779360853948,1.3480263173746003
2021-11-18,1.149522181025731,0.871089276622565,1.3499913767498501
2021-11-19,1.1491486817578893,0.8704051613289827,1.3505155687052246
2021-11-22,1.14897252028,0.8719910398161357,1.3512890675592486
2021-11-23,1.1497249192584549,0.8710002532767582,1.3506959296404124
2021-11-24,1.1492955707961277,0.8721663136547881,1.3507031351141052
2021-11-25,1.1492360200989478,0.8722637331352812,1.3501792797058996
2021-11-26,1.1451305106459835,0.8723179625699852,1.3497537708570124
2021-11-29,1.1438720480188376,0.872329465301381,1.3499050054354556
2021-11-30,1.1434898208307327,0.8728035825515364,1.3492184431598289
2021-12-01,1.1427332632512395,0.8732921404188304,1.348443974233621
2021-12-02,1.1399451049478007,0.872736821259335,1.3488784923051749
2021-12-03,1.1398309520929135,0.8691440659258898,1.34781001203929
2021-12-06,1.1437410099051253,0.8701743434475319,1.3487848208274107
2021-12-07,1.1464208862215393,0.871216210343593,1.3470965417129603
2021-12-08,1.1467436756887697,0.8706609262189468,1.3473669085292639
2021-12-09,1.1474591567834675,0.8709943789769354,1.3470685822317607
2021-12-10,1.150906652039163,0.8699839736508478,1.3478998282947714
2021-12-13,1.1501455534426739,0.8708638306666674,1.3471201701028734
2021-12-14,1.1509480553650295,0.8722478573226916,1.3471388284338774
2021-12-15,1.14954733545105,0.8726606372786684,1.347832814182001
2021-12-16,1.1504633249863527,0.8711552832435069,1.3491982769537858
2021-12-17,1.1503689766285308,0.8705505444383682,1.3480263677273283
2021-12-20,1.1496578962504769,0.8699606669230491,1.3484472882081984
2021-12-21,1.1488470633906673,0.8691239717292765,1.3489515522288427
2021-12-22,1.1482618717585549,0.8690497462333264,1.350744727388878
2021-12-23,1.1476302575816726,0.8689182341701086,1.3506198581310784
2021-12-24,1.1474948627087576,0.8687543297708289,1.3511555868316272
2021-12-27,1.14680594546663,0.8692465298899009,1.351801470513939
2021-12-28,1.1466580647342122,0.868143213566754,1.3521366656299403
2021-12-29,1.1461749930952596,0.867944918444259,1.3518390908109343
2021-12-30,1.149247431558728,0.8670591271252538,1.351977505718327
2021-12-31,1.1487055390870207,0.8674329010229543,1.3525657888864995
2022-01-03,1.1502064584180784,0.8675717803038747,1.3518987052017597
2022-01-04,1.1498685488966587,0.8677868157630153,1.352313722229281
2022-01-05,1.1499220606590952,0.8672863783036361,1.3525113436104432
2022-01-06,1.149825974158586,0.867575399615588,1.3524227182289263
2022-01-07,1.1514686714399147,0.8673410606693087,1.3522377895797306
2022-01-10,1.1516843970274844,0.8672488366552789,1.352387884021987
2022-01-11,1.156395018585532,0.8648791044306914,1.3512318374148562
2022-01-12,1.158600475520517,0.8662271927472771,1.3523658255317474
2022-01-13,1.1580021786134884,0.8657024908107094,1.3527007846045
2022-01-14,1.1590260982219667,0.8666946242283919,1.3525148945171015
2022-01-17,1.1580781102497022,0.8653335873486709,1.3528713132993446
2022-01-18,1.1553723816707024,0.8673875625628933,1.3529481148236817
2022-01-19,1.1572232469549155,0.8668080683680542,1.3536384778189705
2022-01-20,1.1569801007867304,0.8671214582474713,1.3545938143840417
2022-01-21,1.159222599422662,0.8663417914069482,1.3549704524119655
2022-01-24,1.1564068339371798,0.8673033532596133,1.355192432829449
2022-01-25,1.1559115356048433,0.8659552557242833,1.3549824359730953
2022-01-26,1.1575805734595932,0.8661249042426242,1.355393796054977
2022-01-27,1.159243523518403,0.8657984651806393,1.3555751854581946
2022-01-28,1.1612250754097164,0.8654875726073783,1.356368709824645
2022-01-31,1.159342501422487,0.8664687237073662,1.356923259940319
2022-02-01,1.1602327820376406,0.8647606072710844,1.3572883432826466
2022-02-02,1.1608416155884103,0.8656693404528266,1.358289231463806
2022-02-03,1.158361579851651,0.8655951284787547,1.357302658159013
2022-02-04,1.157089557989936,0.8642616928085147,1.3564519500976249
2022-02-08,1.16026999265022,0.8613375784890085,1.3566819981145066
2022-02-09,1.159751306695914,0.8624246377655629,1.3576890315563674
2022-02-10,1.160636595440715,0.8628225474296098,1.3574963153508206
2022-02-11,1.1601380566644306,0.864270399497729,1.357884419381941
2022-02-14,1.1585464127604104,0.863493481936247,1.3588487656599546
2022-02-15,1.1562124548011918,0.8642395918975876,1.359236263463925
2022-02-16,1.1558740472530273,0.8642431250915893,1.359485846144232
2022-02-17,1.1575713810013233,0.8660164530919797,1.3589615028677244
2022-02-18,1.1592837952036628,0.8645025080590218,1.3587003159253344
2022-02-21,1.1583210454144606,0.8647386745499778,1.358579482813348
2022-02-22,1.1594719934663087,0.8654464058737962,1.3592882370322863
2022-02-23,1.1587789239373194,0.8643321893502162,1.3597845010102483
2022-02-24,1.1578452949271403,0.8637038838767139,1.361966536125472
2022-02-25,1.1566126200125175,0.8647195333628684,1.3621463697532998
2022-02-28,1.1573160254587176,0.8654918725908464,1.3620847671923513
2022-03-01,1.1571781927801013,0.8657802145638142,1.3621384957332665
2022-03-02,1.159569298184218,0.8650887705599197,1.3606804558828447
2022-03-03,1.1595346744426596,0.8630496072919,1.3613288886178943
2022-03-04,1.15862328764341,0.8646269281706589,1.3614288959319085
2022-03-07,1.151781566182659,0.8638306610933474,1.3605901542465126
2022-03-08,1.1521822927698064,0.8630576026891232,1.3599933473890433
2022-03-09,1.1496261401364034,0.8629521828066652,1.3596361983629315
2022-03-10,1.1517604655561375,0.8625383773132127,1.3594410055600288
2022-03-11,1.1541048164828516,0.8614566898224023,1.3596120246006822
2022-03-14,1.1554137388439465,0.8620635943783507,1.3593730193834987
2022-03-15,1.1547264772890673,0.8633880092900973,1.359423884582258
2022-03-16,1.153443721897748,0.8631879261931934,1.358723127310929
2022-03-17,1.1539865580862085,0.8620262983046888,1.3592706795226348
2022-03-18,1.1538063565852088,0.8630122705698952,1.3594218325865366
2022-03-22,1.1529896486119842,0.8640182388894413,1.3592702254058766
2022-03-23,1.1522293327577107,0.8643285088406608,1.3593672224826145
2022-03-24,1.1516515403609595,0.863586745077522,1.358554636895653
2022-03-25,1.1503467075128615,0.8638607338652403,1.3592883652073144
2022-03-28,1.150790614422543,0.8606400499350338,1.359308653751778
2022-03-29,1.1507550923469165,0.8614127223388515,1.3590385168195813
2022-03-30,1.1513820832675337,0.860599664893232,1.3591848216016496
2022-03-31,1.1486586401630756,0.8606374382516774,1.3608831416059037
2022-04-01,1.1481625300657192,0.8616657066308946,1.36112943610991
2022-04-04,1.1481055037380516,0.8609878290475843,1.3590578654286554
2022-04-05,1.147488383724365,0.8609177126424697,1.3586882092056751
2022-04-06,1.1472153370494993,0.8607376817410878,1.35891535997808
2022-04-07,1.1465964613430835,0.8614365349700445,1.3598820462676682
2022-04-08,1.1474020197105632,0.8611825724756064,1.3591530319300096
2022-04-11,1.147339446615643,0.860473299992277,1.358579055387044
2022-04-12,1.1460934777443565,0.8612432149190931,1.3585005686478036
2022-04-13,1.1452566683579601,0.8600295397659268,1.358347604036172
2022-04-18,1.1457865872600856,0.862280885041693,1.3585591300263582
2022-04-19,1.146553478905447,0.8613340430502363,1.3589606396514682
2022-04-20,1.1467266173552824,0.861148935668732,1.358628774314631
2022-04-21,1.1448813156405984,0.8603775996050084,1.3577218078702453
2022-04-22,1.1468652600481914,0.8613084434438764,1.3581038308700988
2022-04-25,1.147003079170445,0.8610797874759707,1.3576508985948115
2022-04-26,1.1488882611813236,0.8617512777198589,1.357552177043126
2022-04-27,1.1486949910076465,0.8611336260918381,1.3581996823165754
2022-04-28,1.148631800622429,0.8618860090105324,1.3581017193245553
2022-04-29,1.1485552510294406,0.8611112680967732,1.3566383265109283
2022-05-02,1.1486481608848658,0.8610489576826709,1.3578966945452438
2022-05-03,1.1484334613400093,0.8610368923559133,1.3582037933897082
2022-05-04,1.1496539242072792,0.8602831300686974,1.3583033991570843
2022-05-05,1.1490536120567787,0.8605784725260731,1.3584553876436947
2022-05-06,1.1483198440774858,0.8618023901438483,1.3582187274320003
2022-05-09,1.147930740138552,0.8603650701238488,1.3582107257546494
2022-05-10,1.1470983440005533,0.860984197677644,1.3586868999056536
2022-05-11,1.1486060908306046,0.8611696102856998,1.3588929364303863
2022-05-12,1.1492854236078114,0.8616869686440903,1.359199907302155
2022-05-13,1.1487468271254888,0.8617788893384284,1.3595774820578557
2022-05-16,1.1469933919937398,0.8600940126454494,1.3584524332452117
2022-05-17,1.145073285533224,0.8604748650461411,1.3591210226588855
2022-05-18,1.142547415812017,0.8613387733433209,1.3587510122343232
2022-05-19,1.139089981610835,0.8608232687089378,1.359299331771857
2022-05-20,1.138356708555851,0.8601606562114456,1.3598126420833838
2022-05-23,1.1386538511669622,0.8606905108095958,1.36057917912748
2022-05-24,1.1381046432184594,0.8606048071041319,1.3611554465519344
2022-05-25,1.1387728701207969,0.8615914193076002,1.3614754934973838
2022-05-26,1.1385785205781147,0.8611734326133701,1.3616179440596592
2022-05-27,1.1383297697435244,0.8609410767808148,1.3623942903740323
2022-05-30,1.1388500896964446,0.8608021269095545,1.3619417073920017
2022-05-31,1.1410712071514573,0.8599023723376699,1.3623523440495116
2022-06-01,1.142077502322716,0.861497352072182,1.3643362059595925
2022-06-02,1.1411882404324267,0.8613799611223096,1.36425232542781
2022-06-03,1.1420355280359338,0.8620638307835182,1.3644894507729728
2022-06-06,1.1413765682755155,0.8613378965518919,1.364727618781174
2022-06-07,1.1420436612725053,0.8618670845018452,1.3643574755153935
2022-06-08,1.1428832195015934,0.8625026457782736,1.3655753666636374
2022-06-09,1.142854733033917,0.8622302037844354,1.3653928608138766
2022-06-10,1.1398438944761677,0.8625549604573066,1.3646408771171246
2022-06-13,1.137684857800586,0.862119985966829,1.3648443031709943
2022-06-14,1.1379265470851097,0.8621150412872993,1.3648194852841864
2022-06-15,1.1380275604218844,0.8611276772917572,1.3645535740528334
2022-06-16,1.1314469732398655,0.8604242481299886,1.364632265759567
2022-06-17,1.1326098282682289,0.8604323293625321,1.3652969811421647
2022-06-20,1.1333660315816267,0.8600054635830365,1.365465587669906
2022-06-21,1.133479147230719,0.8597505926083484,1.3650089996803363
2022-06-22,1.1331922892721595,0.8593117546023374,1.3648267540894523
2022-06-23,1.134125343167786,0.8587309265311501,1.3656324251951255
2022-06-24,1.131634821649068,0.8598531436840453,1.3657828975237705
2022-06-27,1.1315252315129898,0.860313869743028,1.3653058916186207
2022-06-28,1.131512613411716,0.8592130782616338,1.36557930584116
2022-06-29,1.134167754786114,0.8606625958544217,1.3662960815897598
2022-06-30,1.133330184864065,0.8598732990373343,1.366845900800317
2022-07-01,1.133455299649634,0.8601812224576404,1.3670729256220047
2022-07-04,1.1334140151826095,0.8586560696229989,1.3674373902915002
2022-07-05,1.134892248056675,0.8608611421177657,1.3667827299884214
2022-07-06,1.134774701240523,0.861655661000208,1.3668658499205018
2022-07-07,1.1348555810288263,0.861645672251441,1.3675564971850116
2022-07-08,1.135549251984954,0.8606128522798587,1.3673338146345357
2022-07-11,1.1359918661725634,0.8620677192145165,1.3677994639194841
2022-07-12,1.13652147095639,0.8622332532983749,1.3688336827901384
2022-07-13,1.1360749862512216,0.8616678416328633,1.3686361951657045
2022-07-14,1.1366768205394293,0.861407644545811,1.3688596564465714
2022-07-15,1.1370083092951564,0.8597313851250907,1.3682190772277922
2022-07-18,1.1366188368632049,0.8597870126170398,1.3678723778736253
2022-07-19,1.1375182750173607,0.857790616623384,1.3678834002602374
2022-07-20,1.138355512899214,0.8581731948440253,1.3697127413092625
2022-07-21,1.1389099829437233,0.8576224772512598,1.3697175487330209
2022-07-22,1.1406099915541041,0.8587702338380054,1.370282197148086
2022-07-25,1.1405703999953127,0.858691630116838,1.3698317003563607
2022-07-26,1.139891494986447,0.8566221749091621,1.3686417286207404
2022-07-27,1.1402071675888072,0.8577401569806322,1.3677428863083063
2022-07-28,1.1381742818068974,0.8576849030964689,1.3682805642234677
2022-07-29,1.1385850948498175,0.8555824474047037,1.368545483687091
2022-08-01,1.1415897789684166,0.8570631712254606,1.3681927906981548
2022-08-02,1.1428427719288083,0.8575045208151806,1.3688003214430449
2022-08-03,1.1438649100910343,0.8578250051562181,1.3687362826957763
2022-08-04,1.1445184274777014,0.8582986959047231,1.3684971826342025
2022-08-05,1.1444969152783475,0.857504458089911,1.3687519571175897
2022-08-08,1.144892028403918,0.8575201261127451,1.3692392848968689
2022-08-09,1.145224645213776,0.8573171773593281,1.3691941011194781
2022-08-10,1.1463125389739783,0.8566591233249374,1.3700140820890978
2022-08-11,1.1467353318266083,0.8577138265534888,1.3700059652703218
2022-08-12,1.14712308140906,0.8576339500829231,1.37022453152328
2022-08-15,1.1472380639870996,0.8588696228271012,1.3713462956802618
2022-08-16,1.147192429601025,0.8594654753848593,1.3708866550515453
2022-08-17,1.14750920792485,0.8587081756047984,1.370833004771941
2022-08-18,1.1466399943901542,0.8582383040368808,1.370346207447507
2022-08-19,1.1458015340529248,0.8582103950938409,1.3707118691395976
2022-08-22,1.1449718461080014,0.8587274583677732,1.3709178225566123
2022-08-23,1.145015865535552,0.8579384074760091,1.3700792200465386
2022-08-24,1.144968535496588,0.8578713013021879,1.3702307820225832
2022-08-25,1.1451870696839404,0.8587418856829815,1.369584254929186
2022-08-26,1.1446990281728342,0.8582688589827785,1.3698605522421956
2022-08-29,1.1411769077465461,0.8579468868444049,1.3707104919764836
2022-08-30,1.1417372849650842,0.8595362943053735,1.370806259435252
2022-08-31,1.1389686046257987,0.8593912085576434,1.3700417770902782
2022-09-01,1.14080818186267,0.8584323774099663,1.37060554256813
2022-09-02,1.1409716075250278,0.8575889104167145,1.3705851252301953
2022-09-05,1.1410697960814065,0.8581052755641836,1.369032667025869
2022-09-06,1.1407892917535067,0.8581493137679065,1.3685509978914456
2022-09-07,1.1406908166464607,0.8578098386019513,1.3698242428792662
2022-09-08,1.1403723643910766,0.8577793904721916,1.3687333140140612
2022-09-09,1.1387787721284381,0.8576369710295462,1.3698551192220743
2022-09-12,1.1391507793165587,0.8576907117864913,1.3694241382378158
2022-09-13,1.1378484426270878,0.8595468178433097,1.3693233470241797
2022-09-14,1.1381452612957101,0.8594174385075137,1.3686420299966098
2022-09-15,1.138607763489715,0.8602143239870746,1.3701215838386156
2022-09-19,1.139906973549238,0.8598386077198881,1.3702600274207424
2022-09-20,1.1400531374793375,0.8594816115562975,1.3716376622803055
2022-09-21,1.1409770747345174,0.8590331014087804,1.3718526935857724
2022-09-22,1.1396636598060337,0.8583834273748884,1.3727232459589562
2022-09-23,1.1375018224583824,0.8583516466870348,1.3723843313131072
2022-09-26,1.1351194460067815,0.8588403164328061,1.3725600197984835
2022-09-27,1.1363819478160995,0.8587085970235807,1.3731569212191959
2022-09-28,1.1356136714547616,0.8588114118826763,1.3729299534678492
2022-09-29,1.1357398678317459,0.8591000508866308,1.3737821140817459
2022-09-30,1.1356504137465397,0.8581154009650299,1.3736680155615593
2022-10-03,1.1337259296272935,0.8583730772099021,1.3750263219137184
2022-10-04,1.13196324015564,0.8575945943893044,1.3754272574255184
2022-10-05,1.1311953587080574,0.857301713377831,1.3739112877154012
2022-10-06,1.1310610354550987,0.8576294507227302,1.3740439928841217
2022-10-07,1.1296505318336771,0.8576332185772796,1.3754794961796488
2022-10-10,1.129609476133508,0.8574769053593796,1.3746865638717143
2022-10-11,1.12886471780271,0.8568795291093259,1.3750580202974654
2022-10-12,1.1297562824719523,0.8577221505253538,1.3754480920045649
2022-10-13,1.129398909731135,0.8597215318535426,1.3758483537197803
2022-10-14,1.1292248114251564,0.8547927905790749,1.3752883081341494
2022-10-17,1.1270671398050656,0.8553403275929141,1.3750326793401597
2022-10-18,1.1262624442352,0.8557801588507716,1.3761602886852127
2022-10-19,1.1258953429478475,0.8561747420108908,1.3757639293042576
2022-10-20,1.1273354417983672,0.8562676839407903,1.3762145468949873
2022-10-21,1.1279883831283297,0.8558712812573203,1.3759237193262046
2022-10-24,1.1273799978260173,0.8557367426839898,1.3758617025180948
2022-10-25,1.1278040269206113,0.8565358967555082,1.3763623318550564
2022-10-26,1.1261299968126346,0.8564336108488088,1.377064723941013
2022-10-27,1.1265660607473649,0.8547251901424328,1.3768937147669604
2022-10-28,1.1280986133642912,0.856512127416809,1.376110838371313
2022-10-31,1.1275646103052097,0.8569885389964371,1.3762565294714253
2022-11-01,1.1266329591553184,0.8572591041928783,1.375668615629516
2022-11-03,1.1270182307968553,0.8586303835464965,1.3757345318773189
2022-11-04,1.1245656581152739,0.8587388969076298,1.375460625967994
2022-11-07,1.1268010847190681,0.8582338175280717,1.3774347926922879
2022-11-08,1.125648082754205,0.8585039309005541,1.3770947244302394
2022-11-09,1.1253370124109674,0.8583898874789231,1.3769273586819257
2022-11-10,1.1226170575201309,0.858429772783732,1.3769773353240857
2022-11-11,1.1196590436096063,0.8575737242416367,1.3768793284776173
2022-11-14,1.119891735291077,0.8570439493493547,1.3770737022464776
2022-11-15,1.119632097231542,0.857990299993766,1.3769666231785762
2022-11-16,1.1205874096095532,0.858134667760332,1.3761181534514104
2022-11-17,1.12079255192494,0.8579505815403744,1.3773278831070999
2022-11-18,1.1216607632971867,0.8583826917166041,1.3767173643726833
2022-11-22,1.1215645848975249,0.8589894981942632,1.3770285016064592
2022-11-23,1.1222878222351207,0.8579690796110396,1.3761895829903066
2022-11-24,1.122453358351516,0.8583638517432378,1.37591925955189
2022-11-25,1.1218004711108138,0.8594863485057396,1.375839499524637
2022-11-28,1.1210102603726533,0.8578552572548427,1.3764492976460012
2022-11-29,1.1184754406608022,0.8562046980847108,1.3756335682918455
2022-11-30,1.1175384189171589,0.8564905733819542,1.3761302008602496
2022-12-01,1.1177044410192638,0.8579489206733127,1.3772553529337463
2022-12-02,1.118532037111077,0.856176428989174,1.37763956804569
2022-12-05,1.119224515437525,0.856752912044682,1.377487733400644
2022-12-06,1.1196668427566054,0.8570399770590309,1.3771624164404308
2022-12-07,1.1206502927236304,0.8560259444602751,1.3770016110569128
2022-12-08,1.120652159187955,0.8559956269495879,1.3769817721718713
2022-12-09,1.1207536002741092,0.855884618713431,1.3764702182461874
2022-12-13,1.1221806298453905,0.8565126597855487,1.3769790435584806
2022-12-14,1.1208580188248871,0.8567778844585906,1.377899266204834
2022-12-15,1.118869852139925,0.8543380462313885,1.377249038030306
2022-12-16,1.1201776412348043,0.8546086119071982,1.3769989216331286
2022-12-19,1.1204145611136607,0.8547585486724016,1.3778868340397779
2022-12-20,1.1195306053908076,0.8553287743121886,1.3780054046937944
2022-12-21,1.1189301905569518,0.856453392135146,1.3781936677805973
2022-12-22,1.1185630327459326,0.8566673618093872,1.3774319075801749
2022-12-23,1.1188773436892272,0.855761673828815,1.377296202411852
2022-12-26,1.1198554420443372,0.8563752421841409,1.3771012368130442
2022-12-27,1.1196727039454613,0.8553684835210031,1.3757138569939034
2022-12-28,1.1182793799860495,0.855148153244668,1.375053890534781
2022-12-29,1.1182731284292233,0.8538833097108082,1.3763827899085228
2022-12-30,1.1174051369376423,0.8541163074573656,1.3763629992944186
2023-01-02,1.1171777985184903,0.8540853266725164,1.376246131566004
2023-01-03,1.1171178481996504,0.8548923120656237,1.3760003146688506
2023-01-04,1.1143147875779889,0.8544853793669718,1.3741976771378253
2023-01-05,1.115462938353288,0.8530845724507156,1.3740215894823256
2023-01-06,1.113437704273533,0.8523069436018771,1.3745987303459022
2023-01-09,1.113581654560265,0.8531318684576197,1.3748800617530696
2023-01-10,1.1138689081693744,0.8536262352342916,1.3746657246578253
2023-01-11,1.1124594157226262,0.8530093746935963,1.3751687883359547
2023-01-12,1.114592670912624,0.8537251272756261,1.3756171806300876
2023-01-13,1.1145434423495981,0.8530715761655819,1.375352623375543
2023-01-16,1.1143698374144217,0.8523252270698906,1.374847247355228
2023-01-17,1.11499922358417,0.8528338857953229,1.3763999339324045
2023-01-18,1.1148304632975097,0.8520158504107834,1.375828871176871
2023-01-19,1.1163849725237338,0.8524890509298525,1.3759729469752484
2023-01-20,1.1160689946901658,0.8534364936186533,1.3764381371402428
2023-01-23,1.1141403992107828,0.8540337224154692,1.377142604074693
2023-01-24,1.1133616888357216,0.8542056025725268,1.376414901791283
2023-01-25,1.114244036445821,0.8544769800243495,1.3757694113743066
2023-01-26,1.114518202282141,0.8534902188484832,1.3768782761053873
2023-01-27,1.114185279729094,0.8529776817352044,1.376731295725447
2023-01-30,1.1124650226032236,0.8525891598551136,1.376925999485559
2023-01-31,1.1111263927456991,0.8539135580112801,1.3776694791281308
2023-02-01,1.1091792618897673,0.8528553492809522,1.377139234439248
2023-02-02,1.108385742781694,0.8517449997766158,1.3779920072807839
2023-02-03,1.1107546407837188,0.8513204113976256,1.378338325291817
2023-02-07,1.1098832325231744,0.8522994188693943,1.3783649164482106
2023-02-08,1.1109969919540958,0.8523263577614024,1.3771027215566025
2023-02-09,1.1118434404180892,0.8513283571977659,1.3755578514529054
2023-02-10,1.1119120441075863,0.8515349036746046,1.375817091530677
2023-02-13,1.110357074360047,0.8519162325912882,1.3761394855501548
2023-02-14,1.110169377937433,0.8521009209468031,1.3757075340315568
2023-02-15,1.1099276397632365,0.8534599321644628,1.3757459259987819
2023-02-16,1.1157733483065826,0.8534492698291306,1.3776230989848015
2023-02-17,1.1162890777891383,0.8531441418602236,1.3763844199452882
2023-02-20,1.1180190613257655,0.8526428735363683,1.3772488254144826
2023-02-21,1.1157971257384087,0.8504640334666235,1.377981020133902
2023-02-22,1.115682625082627,0.851890050935052,1.3786943794286703
2023-02-23,1.113701489646067,0.8525642142777329,1.379222374122583
2023-02-24,1.1142601650582185,0.8516446301607611,1.3786771625057763
2023-02-27,1.1150177850526666,0.8519120744110011,1.378986957937529
2023-02-28,1.1147935745448416,0.8536274833571489,1.3792669578179437
2023-03-01,1.1158656403598823,0.8536420692059512,1.3784436441045582
2023-03-02,1.115829327285194,0.8541408109290433,1.378570622385886
2023-03-03,1.1155902150391017,0.8529738181313306,1.3768640956518452
2023-03-06,1.1154226136003036,0.8534048009715933,1.3774719663911044
2023-03-07,1.1141315323383358,0.8532647450331078,1.3781739177879164
2023-03-08,1.1142137764267737,0.8535128246937886,1.3788249711830647
2023-03-09,1.1148339533872236,0.8533865788843097,1.3801086769144355
2023-03-10,1.114216117667414,0.853325155891843,1.380780911553497
2023-03-13,1.1159681161640151,0.8519957348009052,1.3801049820453701
2023-03-14,1.11615789114222,0.8520046218529993,1.3820887795203194
2023-03-15,1.1147779971549088,0.8526076580974239,1.3817699268223138
2023-03-16,1.1163836760283201,0.8543171662424134,1.3815186295197899
2023-03-17,1.1181529962895125,0.8551802770349807,1.381541149604027
2023-03-21,1.1181232347669754,0.8555142798236068,1.3821029735959707
2023-03-22,1.1171994284340492,0.8550919235785042,1.3834186999993137
2023-03-23,1.1175262510214325,0.8545046068627752,1.3819137978556961
2023-03-24,1.118334725164803,0.8540968581742302,1.381591014355377
2023-03-27,1.1184154955977332,0.8547667945198156,1.3826187463768576
2023-03-28,1.1177078707885484,0.8551662786357298,1.3821076248025006
2023-03-29,1.1182029824795163,0.8552731076677446,1.381962456125694
2023-03-30,1.1180076350793104,0.8539826313455617,1.3821953757639394
2023-03-31,1.1188038676482939,0.8535666930041368,1.382184536734887
2023-04-03,1.1169158944543007,0.854265700974619,1.381866931409907
2023-04-04,1.1160323174253408,0.8540293412848098,1.3822228696062557
2023-04-05,1.11417275030175,0.8515579709888549,1.383655481960308
2023-04-10,1.1125793483086093,0.85452935354932,1.3838304186701933
2023-04-11,1.11298107866486,0.8524448449437969,1.3828441907362643
2023-04-12,1.1147029065150946,0.8525656398863257,1.3842939398720255
2023-04-13,1.115568755908773,0.8530391191464566,1.3826428719509871
2023-04-14,1.116057609346848,0.8511568546179108,1.3827241554298537
2023-04-17,1.1148241321193106,0.8507976201751387,1.384103622748306
2023-04-18,1.1152800739215114,0.8508321677107208,1.3847197993083458
2023-04-19,1.1157742881690254,0.8505553616165805,1.3854708586796418
2023-04-20,1.1152908443293743,0.8500649108305615,1.3873750262727815
2023-04-21,1.1143028064849236,0.8496808756498974,1.3869830591131433
2023-04-24,1.1143997078505279,0.8502717743606694,1.3876229318434725
2023-04-25,1.114863408224279,0.8512955557606722,1.387711541431023
2023-04-26,1.115038998197732,0.8522197224528938,1.3877216792232292
2023-04-27,1.1171436315942616,0.850851467574656,1.3883933611734534
2023-04-28,1.1174877361691617,0.8518367196249946,1.3881111951344172
2023-05-02,1.1214767254144065,0.8503327401397317,1.3881730539028898
2023-05-03,1.1214450022728348,0.8508061064522265,1.3889639744808855
2023-05-04,1.1211108201210949,0.8497920931554768,1.3889212937489264
2023-05-05,1.121054379337867,0.8495385529681848,1.3884551816966302
2023-05-08,1.1207420210616112,0.8491036596329578,1.3882698146222792
2023-05-09,1.1199385302344609,0.8478136865259619,1.3889305968937244
2023-05-10,1.1189869490251634,0.8482531650087356,1.3886517448259768
2023-05-11,1.1203106778375054,0.8488120333948064,1.3879483439254598
2023-05-12,1.1199586844457337,0.8487841768070193,1.3877978942889613
2023-05-15,1.119355072030272,0.850075976695272,1.389825016213884
2023-05-16,1.1192293853268296,0.8500413798163948,1.3904918432405378
2023-05-17,1.1198218795277533,0.8507459260708087,1.3887775824561484
2023-05-18,1.120299500764024,0.8501235368165427,1.389464588853294
2023-05-19,1.1188881345051407,0.8498525204009763,1.389351305500327
2023-05-22,1.1168310577263427,0.8496885078504213,1.3889384629369304
2023-05-23,1.1154099005800018,0.8482189940503311,1.3896697263623292
2023-05-24,1.116463861447397,0.8484205276461848,1.3902802626109092
2023-05-25,1.1188007293541145,0.8498370024565854,1.3890021519933633
2023-05-26,1.1202545345677442,0.8504333552041982,1.389557977198957
2023-05-29,1.1238307559831342,0.8500516102947057,1.389903362813914
2023-05-30,1.1212338588622555,0.849195592880756,1.3916087503316346
2023-05-31,1.1248766375113632,0.8479837288172013,1.3916449140801541
2023-06-01,1.126744504997168,0.8486150167541805,1.3917833270135866
2023-06-02,1.1252596602000766,0.849008680621305,1.3929826889510084
2023-06-05,1.125055498846213,0.8473565523686191,1.3920678146520136
2023-06-06,1.1219858316308695,0.848575521022508,1.3920571230902856
2023-06-07,1.1221527530365913,0.8491864224095358,1.3916192190504748
2023-06-08,1.1242318595121135,0.8483907394183339,1.3916448011105886
2023-06-09,1.1248911125028282,0.8487710790449334,1.3932061574095813
2023-06-12,1.1255089037052262,0.8483325812290267,1.393617181940005
2023-06-13,1.125380641963038,0.8486465189316625,1.3939550270158636
2023-06-14,1.1265793383700198,0.8485833088290261,1.3939074961466464
2023-06-15,1.1262830425124903,0.8488870748645085,1.3945195064747087
2023-06-16,1.1266032958267547,0.8495750274297963,1.3944296110439687
2023-06-19,1.1247100704453936,0.8488023750879378,1.3929496215766979
2023-06-20,1.12473383710288,0.8490862777591538,1.3945361522281539
2023-06-21,1.1236510797179897,0.8510553104541676,1.3961033637099212
2023-06-22,1.1221909138893618,0.8514042505856528,1.3950225061936055
2023-06-23,1.1214500774652818,0.8512102647717775,1.3954230188451369
2023-06-26,1.1205188837098614,0.851239473070325,1.3952400858093368
2023-06-27,1.1197714232049514,0.8508489338411759,1.395146934516183
2023-06-28,1.1191270743024173,0.8508323023044777,1.3945343636412406
2023-06-29,1.1184533289237948,0.850342544471815,1.394079291070856
2023-06-30,1.117467558278198,0.8497754186523672,1.3931553207458798
2023-07-03,1.1156705113709728,0.8496838375586285,1.3932643123911697
2023-07-04,1.1143066955170726,0.8511870812680303,1.393281956112369
2023-07-05,1.115272355455436,0.8508016521772831,1.3944186516474897
2023-07-06,1.112411196397555,0.8505802868544908,1.393857115554454
2023-07-07,1.1116676748505343,0.8500748992256307,1.3944380844545008
2023-07-10,1.1116561384117396,0.8500965222043219,1.3931243626720777
2023-07-11,1.1110338729653912,0.8500063870372441,1.3942481451529118
2023-07-12,1.1133734103600634,0.8497694380992051,1.3935982726040437
2023-07-13,1.1126895464298787,0.8494874932724034,1.3936279491811678
2023-07-14,1.1108622993099164,0.8496246710575737,1.3934978375554319
2023-07-17,1.1101520805965717,0.8491744420896212,1.3936329637553404
2023-07-18,1.1084700331817678,0.8485135153380721,1.3935357743093135
2023-07-19,1.1078003987983718,0.8470534331313367,1.3950224587962408
2023-07-20,1.1075191101820343,0.8470494206866435,1.3958710388119975
2023-07-21,1.106633756641093,0.8475430613884715,1.3958374588712437
2023-07-24,1.1054023250909952,0.8476551103626766,1.3956711724566002
2023-07-25,1.10635558020997,0.848110578613844,1.395651310339452
2023-07-26,1.1062523488637144,0.8467049017731703,1.3959414821630651
2023-07-27,1.1074936189756708,0.8462188591685451,1.395965644545124
2023-07-28,1.1075915955732076,0.8460253025422652,1.3944342591458236
2023-07-31,1.1071587117777777,0.8456018946481633,1.394928149940779
2023-08-01,1.1055154176061985,0.8460366460127837,1.3962821248230888
2023-08-02,1.1037907397155438,0.8468303272751058,1.3953276535754988
2023-08-03,1.1048536913099138,0.8473441047585,1.396456506050753
2023-08-04,1.104497539174848,0.8465199730512866,1.3971108553971756
2023-08-07,1.1043795195630761,0.8455091266196348,1.3972526333022113
2023-08-08,1.103638744573374,0.8457411912668741,1.3965190713556919
2023-08-09,1.1038432828808151,0.8469438289994717,1.3964176486765967
2023-08-10,1.1048644176658546,0.8472411774633226,1.397459996976901
2023-08-11,1.1077928382750486,0.8478581794510938,1.3969111916434869
2023-08-14,1.109197186486303,0.8487057061854391,1.3971590726615954
2023-08-15,1.1133140912456114,0.8467290585842565,1.3965159782695566
2023-08-16,1.1129000423778888,0.8471489077271374,1.397081314873218
2023-08-17,1.1120883100208272,0.8474645483264739,1.3967408951565705
2023-08-18,1.1113726453999317,0.8470137292133137,1.3955720072504523
2023-08-21,1.1124141930804061,0.846964967092176,1.3964790956003206
2023-08-22,1.1124445458138563,0.846418871722097,1.3968950697381088
2023-08-23,1.1118377331348095,0.8463701935544226,1.3976760329363733
2023-08-24,1.1120340544517853,0.8470986738240497,1.3975190502644146
2023-08-25,1.1138365762843287,0.8465035495920008,1.3982218841526648
2023-08-28,1.115740486925458,0.8461679245462146,1.397579313655587
2023-08-29,1.1146246075951396,0.8456592612577803,1.3977229059294727
2023-08-30,1.114345604230357,0.8451464391510705,1.3974523126221805
2023-08-31,1.113853004599726,0.844867225431273,1.3978587292222142
2023-09-01,1.1155022407199464,0.8452627990738135,1.3980392002135529
2023-09-04,1.1156361532827368,0.8462480131413913,1.3985718740395738
2023-09-05,1.1167566900602284,0.8462221743147269,1.3983298518199694
2023-09-06,1.1183349833758274,0.8459443150130808,1.3983475977502773
2023-09-07,1.1210808707893876,0.8458879881803049,1.3986288121968078
2023-09-08,1.1220988628905226,0.8471179493604064,1.3992535877468693
2023-09-11,1.1219723872695664,0.8462892613017822,1.3996710977660585
2023-09-12,1.1209046534788,0.8458214414922105,1.4001052350003083
2023-09-13,1.119417945691133,0.844352463978247,1.3990364849089358
2023-09-14,1.119105337774064,0.8438962706209295,1.3991008546839174
2023-09-15,1.1200688601687931,0.8449312505701847,1.3992926856452794
2023-09-18,1.121330772595216,0.8449304032364593,1.399431331164102
2023-09-19,1.1195878203839504,0.845605269324484,1.3992032913497563
2023-09-20,1.1200029566105025,0.8449436408136621,1.3996231848257765
2023-09-21,1.1195149484372484,0.8457310454178136,1.4014621754036898
2023-09-22,1.118101731193574,0.846368732891825,1.400213253093685
2023-09-25,1.11649028133067,0.8461122696218389,1.4003001387511074
2023-09-26,1.1165961542676366,0.8437310249648431,1.40076406728546
2023-09-27,1.1172539958414311,0.8424990781112428,1.4007023071568623
2023-09-28,1.118681074863888,0.8429369625385958,1.4015753722572053
2023-09-29,1.1150011453264812,0.8437280666765442,1.400830334128085
2023-10-02,1.1153765531520974,0.8434981389291744,1.4017425836410875
2023-10-03,1.1139934828319784,0.8434555134961839,1.402336507368758
2023-10-04,1.1143376068943531,0.8436796287636973,1.4027077975659008
2023-10-05,1.1040907577026862,0.8414323225574613,1.4006342937178566
2023-10-06,1.1056373870706435,0.8406929317903303,1.4019888128871132
2023-10-09,1.1068114949182537,0.8410498251207739,1.4027285956190967
2023-10-10,1.1013282537389564,0.8400553500600982,1.402952321432028
2023-10-11,1.1007991365727479,0.8398437648013998,1.4017461548297618
2023-10-12,1.1006252450146132,0.8419237067608739,1.4043974022582064
2023-10-13,1.101393016223395,0.8408105260700025,1.403048133748406
2023-10-16,1.099197457424497,0.8424082454741938,1.4017999468558968
2023-10-17,1.1019706269880563,0.8430353265767556,1.402104829639557
2023-10-18,1.1014184246374419,0.8430729464949529,1.401602501606903
2023-10-19,1.1011769470754031,0.8437630911889344,1.401819920906365
2023-10-20,1.0999769683975682,0.8439917991565545,1.4013108883137049
2023-10-23,1.1010139203935365,0.8435933461931666,1.4018281881020587
2023-10-24,1.107518602112005,0.8441020555473114,1.4025319482947323
2023-10-25,1.1077562847460545,0.8435194297120384,1.402041844581658
2023-10-26,1.1101898761449707,0.8441298047405021,1.4030069916468253
2023-10-27,1.1105541220389261,0.8435957278356246,1.4020914933165085
2023-10-30,1.1125475038186108,0.8429820981010201,1.4026438059944992
2023-10-31,1.1139421488615815,0.8429817560027735,1.4026755879927837
2023-11-01,1.1120098243447698,0.844442534341229,1.4023883965618835
2023-11-03,1.1035491197611893,0.8425990516359563,1.4030915145737106
2023-11-06,1.1019257513089356,0.8431480492548762,1.402410863505167
2023-11-07,1.1017850022124458,0.842632815063666,1.4036187546034717
2023-11-08,1.1015865474336284,0.8427345430791101,1.4031469212639491
2023-11-09,1.1024934510920572,0.8443145833232774,1.4029208582029706
2023-11-10,1.1054936070595014,0.843672990575555,1.4032191386744624
2023-11-13,1.1053740637154172,0.8440500489126977,1.4032390242977226
2023-11-14,1.1017486807025785,0.8446145536674523,1.403880602118433
2023-11-15,1.1028385329144161,0.8441524049656046,1.4031824974078486
2023-11-16,1.102588111500186,0.8442762876656336,1.4036977988051647
2023-11-17,1.102012431918022,0.8454603300849826,1.4034243646157731
2023-11-21,1.1048319013650088,0.845082578494317,1.4030628253745658
2023-11-22,1.1051277753849433,0.8452996411602859,1.4030942763201304
2023-11-23,1.1056579434611222,0.8450347064651915,1.4037000902732284
2023-11-24,1.1065121399057896,0.8434912496378719,1.4031695282790042
2023-11-27,1.1081084116655742,0.8436995514487465,1.4036621590805984
2023-11-28,1.1084042325898242,0.8426339150802442,1.4028768294979894
2023-11-29,1.1074994193774026,0.8430488151850916,1.4053840091233645
2023-11-30,1.104517730767987,0.8428054916998127,1.4082279690325576
2023-12-01,1.104429707011502,0.8415375702840098,1.4073010713217682
2023-12-04,1.1052620124829309,0.8413133414553752,1.408146150532866
2023-12-05,1.1069518458223782,0.8418355947012893,1.407446025168609
2023-12-06,1.1073883884226732,0.8416146912041058,1.4068478879117194
2023-12-07,1.1075964399999894,0.844449376095824,1.4068813922637207
2023-12-08,1.1095893362487228,0.845146454664172,1.4071542748555745
2023-12-11,1.10944229829361,0.8430782171457714,1.4066536050496896
2023-12-13,1.1100508405774452,0.8425409365687024,1.4059708145610763
2023-12-14,1.103934383518009,0.8437775744364038,1.4075812510317347
2023-12-15,1.1046626121063965,0.8441424241566704,1.4070528605973185
2023-12-18,1.1062788216639645,0.843573340121092,1.408014318540486
2023-12-19,1.1076090186260124,0.8431501896241886,1.4078082432309698
2023-12-20,1.109227697264606,0.8430338552972486,1.4085642488622656
2023-12-21,1.1076268977490602,0.8434136780606525,1.40886873151418
2023-12-22,1.1070746326800711,0.8425940624013587,1.4082147823303732
2023-12-26,1.10664177060014,0.8421557835568753,1.406229847548416
2023-12-27,1.1064067005943123,0.8421085399140464,1.4066386499393895
2023-12-28,1.1066451492477152,0.8409495313659712,1.404476174181461
2023-12-29,1.1055248230871924,0.8406866876473481,1.4059587669271587
2024-01-02,1.1057226152557798,0.8398159038638041,1.405048232062743
2024-01-03,1.1027043541172012,0.8395191436453006,1.4049062479187957
2024-01-04,1.1032641645052164,0.8383066669528514,1.4056370958925264
2024-01-05,1.102281672244464,0.8382848250298328,1.4051298322937051
2024-01-08,1.1028910653851771,0.8390915848323913,1.4055167465646528
2024-01-09,1.100861404054547,0.8396086192195396,1.4058166656148599
2024-01-10,1.1006796945576793,0.8390122854242851,1.4066886831522247
2024-01-11,1.100970801817431,0.8381452768654954,1.4067249542415812
2024-01-12,1.1017412201626928,0.8363949311002639,1.4072782215565727
2024-01-15,1.1024803468266358,0.8378901613160209,1.405281078786306
2024-01-16,1.1021243158077532,0.8360645172243204,1.405792814829544
2024-01-17,1.1013058657846373,0.835936021227859,1.4067596908602098
2024-01-18,1.1026604511598026,0.8370928496658462,1.4056799206663237
2024-01-19,1.1005462447562853,0.8375232013559955,1.405779532571955
2024-01-22,1.100235911122521,0.8368173440197527,1.4060562819710183
2024-01-23,1.1003622207935846,0.8373954289570941,1.4063121535671306
2024-01-24,1.1014046913453563,0.8392896697400305,1.4053495493607293
2024-01-25,1.1018424628902317,0.8396844869297662,1.4041906284537928
2024-01-26,1.1001387108359562,0.8391997680568853,1.4062506460395308
2024-01-29,1.1008037654618053,0.8411002299172141,1.406361377575407
2024-01-30,1.100851778752336,0.8418524827429177,1.405402106617218
2024-01-31,1.1004489399386217,0.8393702715832906,1.406177511195652
2024-02-01,1.1009413707857452,0.8410103296261017,1.4059014886483723
2024-02-02,1.1011292871585292,0.8383365742415352,1.4054666850164959
2024-02-06,1.1013578324460576,0.835849337305866,1.4061922337234203
2024-02-07,1.099867939454322,0.8306235528884486,1.4058889435861752
2024-02-08,1.0982173542304339,0.8334332769594809,1.406542046252727
2024-02-09,1.0986433022841253,0.83391910974015,1.4075784261774285
2024-02-12,1.0990524244389648,0.8334500463583666,1.4084563673045274
2024-02-13,1.0987109483974908,0.8330975489323321,1.408783820562552
2024-02-14,1.1003341208312287,0.8316054751027936,1.4098527697443481
2024-02-15,1.099750418941594,0.8319563830879988,1.4096603761341582
2024-02-16,1.1021724849104864,0.8326390445775274,1.4094190680936827
2024-02-19,1.1021871694661043,0.8334236272871725,1.4094322288729946
2024-02-20,1.1044757539679768,0.8333588039339963,1.4092051618180594
2024-02-21,1.1043823639664867,0.8339324359005622,1.409576501298796
2024-02-22,1.1039866526932318,0.8361805573371691,1.4088116214986148
2024-02-23,1.1064158172402336,0.8362338906239228,1.4083958910528867
2024-02-26,1.1051414372428745,0.8360960798523338,1.4104911280560566
2024-02-27,1.1047282503305496,0.8347926715728048,1.4109376755131344
2024-02-28,1.1053111796840602,0.8347884106881768,1.4104618603806256
2024-02-29,1.1056740987215041,0.8336061555758211,1.4110001389150557
2024-03-01,1.1058456252806628,0.8333441476530011,1.4113462440734879
2024-03-04,1.1056593487172826,0.8354972464972384,1.4114161389379756
2024-03-05,1.1061264204369483,0.8345049622417698,1.4101087630039342
2024-03-06,1.1067942968840394,0.8339474835205946,1.4100540703100581
2024-03-07,1.107014433143234,0.8342581105675658,1.4095635577824188
2024-03-08,1.1070727764486676,0.8353181354682675,1.4105041502878781
2024-03-11,1.1073003916677244,0.8336714583153312,1.413482310421268
2024-03-12,1.107616421416023,0.834560465943841,1.4133615879871642
2024-03-13,1.1074035599377834,0.8348079764748391,1.4128571558580265
2024-03-14,1.1069755569997703,0.8349216759572213,1.4137288790196574
2024-03-15,1.107274612062145,0.8350291540080702,1.4126226169725162
2024-03-19,1.1073641865735275,0.8338085908524071,1.4130364225448317
2024-03-20,1.1074146132868952,0.8344225096397645,1.4136407015808008
2024-03-21,1.1075553628765096,0.8343201080278727,1.4138302573814765
2024-03-22,1.107870339616153,0.8345704484119771,1.4125061174387623
2024-03-25,1.107516614514645,0.8341472916563816,1.4125207884737927
2024-03-26,1.1073561626481856,0.8343567572576419,1.4134521970363831
2024-03-27,1.1079181940390057,0.833791874399028,1.4133841938265623
2024-04-01,1.1090343447067526,0.8327748549018558,1.4138207169982577
2024-04-02,1.110126583583007,0.832698648989551,1.415145670191428
2024-04-03,1.1103188478854364,0.8325331077620183,1.413300577079326
2024-04-04,1.1105856851169413,0.8328751128121319,1.4149144279958863
2024-04-05,1.1111144252348266,0.833386201023739,1.415687627025493
2024-04-08,1.1114842956854885,0.8330205745228568,1.4166592293151001
2024-04-09,1.1106566522471173,0.8332513109615856,1.417142727414571
2024-04-10,1.1080689321555415,0.8360213000355773,1.4163987407361132
2024-04-11,1.108674805514538,0.8341056388303518,1.4183919327169023
2024-04-12,1.1115555870621707,0.8358093434918767,1.4175078378417516
2024-04-15,1.1102461412655638,0.8342410088243866,1.4170942519490708
2024-04-16,1.1095496445097708,0.8344700901235269,1.417422967651961
2024-04-17,1.109667169896275,0.8356621010199774,1.418462881201065
2024-04-18,1.1094553225348793,0.8349622783107107,1.4180786506820673
2024-04-19,1.1096510088084084,0.8341648376356949,1.4181865654639902
2024-04-22,1.1090310860714379,0.8341117594559367,1.4180591668190907
2024-04-23,1.1097989694528176,0.8335461439962287,1.418679191652315
2024-04-24,1.1109977894634353,0.8337775389617895,1.4184590164439772
2024-04-25,1.1133715707321663,0.8343595327762142,1.4175145655064807
2024-04-26,1.1130108674594343,0.8349261858455531,1.4189342956644388
2024-04-29,1.1126497583183426,0.8347370401096896,1.4198738764102734
2024-04-30,1.1106701479677166,0.8340496099467046,1.4203804070702812
2024-05-02,1.1099622115490217,0.8323160033666687,1.4206826686186045
2024-05-03,1.1100415379499806,0.833682855021098,1.4214019148711563
2024-05-06,1.1122745218510257,0.8331107164895252,1.4202575032346714
2024-05-07,1.1123098598930887,0.8342516826644478,1.421088871638255
2024-05-08,1.1110785609018843,0.8341772015796148,1.4207390577625554
2024-05-09,1.1105928748222351,0.8343536561241299,1.4210723430339036
2024-05-10,1.1112940494451746,0.8343653925046967,1.420776148732772
2024-05-13,1.1112393252843613,0.834154716961117,1.4208702055541145
2024-05-14,1.110863122137956,0.8345805615388332,1.4212644143097621
2024-05-15,1.111736460442953,0.833866589140982,1.420472202264084
2024-05-16,1.1089268995808848,0.8339910969097541,1.4206766557954393
2024-05-17,1.1091970136019316,0.8344093268394233,1.4203850019634334
2024-05-20,1.1094705172955965,0.8346132061777963,1.4212676059557283
2024-05-21,1.1096338839894593,0.8352886947194157,1.421196721736401
2024-05-22,1.1096665525621159,0.8355521497997946,1.4208508969058937
2024-05-23,1.11040392784157,0.8355313211346872,1.420251362985507
2024-05-24,1.1096839525246183,0.8354224744805713,1.4196146727695944
2024-05-27,1.110480860119799,0.8348130922945118,1.4198468445515944
2024-05-28,1.1108699252632328,0.8342182012203276,1.4211394460208824
2024-05-29,1.1106268242599988,0.8335326758544859,1.4206187727062032
2024-05-30,1.1103958971185426,0.8332612115250931,1.4205936164467532
2024-05-31,1.112418086158226,0.8322395030523757,1.4214665870805552
2024-06-03,1.0790014441965314,0.8331940730008766,1.4205506082866217
2024-06-04,1.0757057892675082,0.8332824335645946,1.4191233839976838
2024-06-05,1.0739351194544662,0.8332808241395849,1.418722271297138
2024-06-06,1.0762284185348487,0.8342509334816635,1.418454595342339
2024-06-07,1.0700186757503185,0.8347950974473308,1.418659535505067
2024-06-10,1.0703112764964857,0.835005694913578,1.419677463577885
2024-06-11,1.0708661472451575,0.834445981848642,1.419896039454207
2024-06-12,1.0713146731758816,0.8345574003445502,1.4188268027395308
2024-06-13,1.0703558214426063,0.8338845411440144,1.419236270050759
2024-06-14,1.0708119586338238,0.8340994528174366,1.41984709738503
2024-06-17,1.0722013883290076,0.8343008800231789,1.4188294447133019
2024-06-18,1.0698542647958507,0.8350845208884761,1.4189792474083753
2024-06-19,1.0693970691819004,0.8351649410096036,1.4196764689401025
2024-06-20,1.0704823415323688,0.8352082956697467,1.420021665766049
2024-06-21,1.071049171920272,0.8352438660686143,1.4211536388614843
2024-06-24,1.0718453591301949,0.8353011268147834,1.4209517138654988
2024-06-25,1.0720509274454484,0.8353091596904076,1.4210059347286723
2024-06-26,1.0725367238150652,0.8352250933843471,1.4204036328078051
2024-06-27,1.0739401526407222,0.8353582205250057,1.4203714505636855
2024-06-28,1.0746562927136298,0.8363679595301585,1.4207486595829248
2024-07-01,1.0741265857187021,0.8363418982532018,1.4210493056795326
2024-07-02,1.072775522243407,0.8374190409208916,1.4207030115064028
2024-07-03,1.0719673278489847,0.8377879159684596,1.4192451527635452
2024-07-04,1.0720280899910681,0.8378180687049749,1.4211618997250257
2024-07-05,1.0714855900167297,0.8347699935091744,1.4205920054043097
2024-07-08,1.0695968864914527,0.8356139333477898,1.4213241836985155
2024-07-09,1.0696789361475918,0.8353713653077912,1.4212463977862213
2024-07-10,1.0685540422491286,0.8361125491583313,1.420538110739212
2024-07-11,1.0695707366799438,0.8360305610223188,1.4208671440169864
2024-07-12,1.0693958746540912,0.8349256370762121,1.4203028956146737
2024-07-15,1.0681348470768266,0.8348047996059192,1.4222640445555443
2024-07-16,1.0700975465087676,0.8357640518270465,1.4205726205365374
2024-07-17,1.070760089513095,0.8371206947342652,1.421585024542847
2024-07-18,1.0699006256760129,0.8377121959821423,1.4235932261828923
2024-07-19,1.0711808693538893,0.8384711556011093,1.4230505868373633
2024-07-22,1.071220950143705,0.8372015549900216,1.4241142053823783
2024-07-23,1.071173722541214,0.838530997674129,1.4236193981972272
2024-07-24,1.0722214895470386,0.8404069968392609,1.4251420197654487
2024-07-25,1.0722001583441896,0.8399428716513189,1.424306477160656
2024-07-26,1.0725319717227584,0.8396817725551636,1.42371157691605
2024-07-29,1.0723872083279014,0.8396749017924953,1.4228402934206026
2024-07-30,1.0726788620517513,0.8390900132990488,1.4213907876284713
2024-07-31,1.0709258013577818,0.8382594962409505,1.4208954407647973
2024-08-01,1.0704512136022584,0.8407446562693767,1.4217692162493119
2024-08-02,1.070618868169221,0.8391606445520774,1.421582439373199
2024-08-05,1.070321130887884,0.839647642922703,1.423682708965213
2024-08-06,1.069423883491175,0.8402769515656425,1.4241162173127484
2024-08-07,1.0707178415778158,0.8385067013308443,1.423765591172994
2024-08-08,1.0708964498907165,0.8367206984093201,1.424326081113712
2024-08-09,1.0704433343464748,0.8383104718112855,1.424122610938599
2024-08-12,1.0711032191652472,0.8388736574507759,1.4243282236988564
2024-08-13,1.0709249813587962,0.8384465045889918,1.4229475850116569
2024-08-14,1.0711429029131532,0.8393635847922457,1.4243311999755521
2024-08-15,1.0712762145339008,0.839626717674219,1.4243048325101493
2024-08-16,1.068702826265662,0.838722293602778,1.423318693406724
2024-08-19,1.068208617207468,0.8384190999119818,1.4235518664556328
2024-08-20,1.0684913149856312,0.8386987885187416,1.423125309758255
2024-08-21,1.0679203477393129,0.8367546484843122,1.4232698733682838
2024-08-22,1.0667716775706948,0.8364281347213005,1.4231293702548307
2024-08-23,1.0669754733645878,0.8363446792393522,1.4232480899457094
2024-08-26,1.0675185181469973,0.8361691209259792,1.4233783077498157
2024-08-27,1.0679811364477645,0.836149754499654,1.4236857566523293
2024-08-28,1.0688172971671088,0.8354336680411676,1.4237922108081058
2024-08-29,1.0693537866716152,0.837608310928272,1.424852680985845
2024-08-30,1.0684950251926297,0.838218431306457,1.4241537617205582
2024-09-02,1.0671237712639128,0.8362691577921432,1.4258186772069148
2024-09-03,1.0651628865488296,0.8361113587585156,1.4243309096498835
2024-09-04,1.066349737140166,0.8363547621033682,1.4248680050563844
2024-09-05,1.067471039225051,0.834353355948509,1.4248923830264255
2024-09-06,1.0668537898838089,0.8338989670225236,1.4240083542951674
2024-09-09,1.0677493561513554,0.8341915935269014,1.4240391513864232
2024-09-10,1.0674304542244655,0.8347724341484235,1.4246095357805044
2024-09-11,1.067020584058415,0.8339996807498463,1.4244527007823296
2024-09-12,1.066338698735511,0.8331578150234519,1.4240556927726145
2024-09-13,1.0690429405091786,0.8340541088428631,1.4274527517077389
2024-09-17,1.0683706660458094,0.8340385079340517,1.4286706682273667
2024-09-18,1.0690486610681544,0.8328500555463084,1.4280396147471028
2024-09-19,1.0689616472556844,0.8315854927822975,1.4262169444711066
2024-09-20,1.074978926010113,0.8311277829763831,1.427436266841307
2024-09-23,1.075557742445513,0.8320320193139102,1.4290309054237913
2024-09-24,1.0723084443892652,0.8339980073126734,1.4284237516592888
2024-09-25,1.0755710132130867,0.834077238809715,1.4282665312926863
2024-09-26,1.074489689720946,0.8329807510906798,1.4275712977867858
2024-09-27,1.0745899090746112,0.8333456869044515,1.4272870619117932
2024-09-30,1.0749080427373545,0.8325665999868508,1.4283574583960739
2024-10-02,1.0780169579510206,0.833615026129244,1.4288012399502001
2024-10-03,1.0762826575593643,0.8341100884462375,1.4295728383058866
2024-10-04,1.075093821753518,0.8330659056493285,1.4297598353620584
2024-10-07,1.0747283374700933,0.8324293956611708,1.429360914036258
2024-10-08,1.0746702560474632,0.8327689758796849,1.428039875686738
2024-10-09,1.0742832679412282,0.8315091806678647,1.429115881818344
2024-10-10,1.0739035382785176,0.8324617006794728,1.429463607696517
2024-10-11,1.0747686587382452,0.8326619965897464,1.4290328914860337
2024-10-14,1.0733774745803135,0.8333412643072524,1.4294357420585224
2024-10-15,1.072950805444603,0.8342112450188586,1.4295485969281112
2024-10-16,1.0730478823787106,0.8332175729934241,1.4301741466864584
2024-10-17,1.0721937428313577,0.8329352932385712,1.4299194883003097
2024-10-18,1.0721422923045196,0.8324334738154521,1.4300404125493509
2024-10-21,1.0769890177771864,0.8325643631883964,1.428972246443434
2024-10-22,1.0764263017871873,0.8320538626107625,1.4285299772295723
2024-10-23,1.0778617819669627,0.8310062056307256,1.4279783974187135
2024-10-24,1.077468478891222,0.8314882835970703,1.428388674160187
2024-10-25,1.0772295296193555,0.8317378396258642,1.4293073855760323
2024-10-28,1.0774028619173555,0.8320029353434979,1.4286477127419284
2024-10-29,1.0778206820288028,0.8304071564426903,1.4284878902704885
2024-10-30,1.080263763188434,0.8305809748959267,1.4280959163557385
2024-10-31,1.0801746858486974,0.8304143898979905,1.429055507687163
2024-11-01,1.0804414811719485,0.8306140681962813,1.4291501187421733
2024-11-04,1.0812755072429718,0.8303771750346849,1.4292211811848659
2024-11-05,1.0807355468626516,0.8308668008210227,1.4288826302591497
2024-11-06,1.0809660950181235,0.8296080264430102,1.4287529079515942
2024-11-07,1.0800512139523295,0.8293167554406194,1.4295489151672234
2024-11-08,1.0796228669206551,0.8297002323011999,1.4295409394541967
2024-11-11,1.0788597429356053,0.8296380460172719,1.4298290116218448
2024-11-12,1.0770812846424325,0.8295922938782395,1.4291506639328087
2024-11-13,1.0769154146948106,0.8300360385785264,1.4288281341435805
2024-11-14,1.0780726925648012,0.8283029061756877,1.430025186106964
2024-11-15,1.078160359101483,0.8277258956098588,1.4299178011108886
2024-11-19,1.0786332089281427,0.8253971714584222,1.429722522807754
2024-11-20,1.0795354387333997,0.8242722638566954,1.4293151015157317
2024-11-21,1.0802024156675212,0.8234908041685081,1.429786482668335
2024-11-22,1.081092784969595,0.8220103582561336,1.430256354475866
2024-11-25,1.0836306139684224,0.8221732651734218,1.4300300363825165
2024-11-26,1.0825316164079597,0.8245895013703227,1.429694004424685
2024-11-27,1.082609757906224,0.8250657940536708,1.4301557497149622
2024-11-28,1.0929913503839552,0.8267055630374806,1.4297707068791359
2024-11-29,1.093199697670516,0.8281213029904189,1.4306081917132836
2024-12-02,1.0934606961240765,0.8272421128412822,1.4285213119884173
2024-12-03,1.0923576736198246,0.8281139229763551,1.4283220169272268
2024-12-04,1.0935430287671093,0.8250565830406843,1.4250461005289026
2024-12-05,1.095354092252028,0.8243869350338932,1.4273299145640093
2024-12-06,1.0958676152721314,0.8246891955612328,1.428411773985831
2024-12-09,1.0951109065891154,0.8251823787100228,1.4287991164227927
2024-12-10,1.0951464460267462,0.8251361848215555,1.4284122457483148
2024-12-11,1.0952889919561577,0.8247362453141879,1.4290787103339075
2024-12-13,1.0974363701658894,0.8248101216760148,1.4296678628341464
2024-12-16,1.097355551443019,0.8237811315999655,1.428871871938297
2024-12-17,1.100921437294244,0.823854675553012,1.4308851253484043
2024-12-18,1.10097270254887,0.8232203712905903,1.4313027950619113
2024-12-19,1.1024155376730376,0.8204169228321752,1.4324526623381066
2024-12-20,1.1020299184094793,0.8215402236131771,1.4325704863640263
2024-12-23,1.105421972476423,0.8216623278847908,1.4321253036922448
2024-12-24,1.1055846453316367,0.8220059501569832,1.4316207173195121
2024-12-26,1.1054062465127086,0.8212072162848619,1.4327691142385024
2024-12-27,1.105506315435666,0.8224633727094379,1.4322054012527157
2024-12-30,1.1051733265636636,0.8222278593107651,1.4325312639730683
2024-12-31,1.1052946815642994,0.8220385434437628,1.4329344258797423
2025-01-02,1.1063514384981783,0.8250286200934009,1.4329366385500406
2025-01-03,1.1058069531644816,0.8247520329097611,1.43348259550615
2025-01-06,1.1079052820464959,0.8249247535808567,1.4347673234458551
2025-01-07,1.1088208776460546,0.8249175684803068,1.434758445526083
2025-01-08,1.1099082755228442,0.8238207773787399,1.4345230330430168
2025-01-09,1.1093213610968715,0.824370079888681,1.4341885201296067
2025-01-10,1.1105672272462586,0.824360598685704,1.4337379138860011
2025-01-13,1.111426817861138,0.8246873609269985,1.431942239936116
2025-01-14,1.1125330199940833,0.8224258675279661,1.432829410236783
2025-01-15,1.113298314100737,0.8215667639713031,1.433703692436024
2025-01-16,1.1133048171165232,0.8216394040420937,1.4325428156256652
2025-01-17,1.1129961283320682,0.822122600730887,1.4308917408224082
2025-01-20,1.1126119170557836,0.8237385241936358,1.4304907250565793
2025-01-21,1.1145863030161478,0.8243828302263994,1.4333865955537517
2025-01-22,1.1131415688646769,0.8239489539786357,1.432709289896533
2025-01-23,1.1142248792628269,0.824047555625055,1.4325999462381525
2025-01-24,1.114822224325137,0.8219099325731443,1.4320588013310127
2025-01-27,1.1141543458166805,0.8212873332607554,1.4334450888391208
2025-01-28,1.1142133206712033,0.8214863492060649,1.431013223738838
2025-01-29,1.1147843929808767,0.8215515245758972,1.431436285750103
2025-01-30,1.1131996342977821,0.8213421579069445,1.4324478550236048
2025-01-31,1.1096522625294716,0.8213360110515994,1.4307510504338783
2025-02-04,1.1089533578100497,0.8209564426326161,1.4312344930811214
2025-02-05,1.1089758754756032,0.819556161319414,1.4319676061178261
2025-02-06,1.110161069847278,0.8199115465045534,1.4320071935051608
2025-02-07,1.110288142942945,0.8215863534715164,1.4324158344239917
2025-02-10,1.1081038215653922,0.821358673840172,1.432309851789882
2025-02-11,1.1081902733169104,0.8227159748943524,1.4320939143226938
2025-02-12,1.1074452419383949,0.8215521685239323,1.432178396257641
2025-02-13,1.1079185406231185,0.8237191289955786,1.4320642002235613
2025-02-14,1.1087212947596314,0.8239084172997715,1.4318386703547465
2025-02-17,1.1085082832572777,0.8214852590802958,1.4325519678456198
2025-02-18,1.1095737342242977,0.82310597948007,1.4320014804886572
2025-02-19,1.1102600075083062,0.8222975059761541,1.432371612705254
2025-02-20,1.1095919945716048,0.8232734845416316,1.4325275361002217
2025-02-21,1.1080452949455672,0.8220659123570573,1.4327019729957444
2025-02-24,1.1084631255162498,0.8221030468450765,1.4332992817205383
2025-02-25,1.106584198901001,0.8240005729697578,1.4334374957309766
2025-02-26,1.106958874428325,0.8230749496044294,1.433159828673629
2025-02-27,1.1071078675250814,0.8214216750037533,1.4322929801941073
2025-02-28,1.1086535275362623,0.8228013533607291,1.4320655832430145
2025-03-03,1.105491945873612,0.8233743255436038,1.4325263214338866
2025-03-04,1.1045016086792527,0.8229574499680598,1.4325765875083996
2025-03-05,1.1093936295543017,0.8230400217344002,1.4322033051754337
2025-03-06,1.1093279040606798,0.8230594394216459,1.432659774794385
2025-03-07,1.1090088712327497,0.822752566806256,1.4329111273912598
2025-03-10,1.1063256315038754,0.8228127833080724,1.431769061531803
2025-03-11,1.1078343531260197,0.8226922285293243,1.4325746890347302
2025-03-12,1.1073419722893603,0.8234776939221851,1.4321516378760555
2025-03-13,1.1069370825725942,0.8225344179325426,1.4325864602084717
2025-03-14,1.105811177570488,0.8218242316994948,1.4329571498648226
2025-03-18,1.1057710266892997,0.8223124993132442,1.4323716646002096
2025-03-19,1.1066152880050268,0.8216479430164672,1.433111771460852
2025-03-20,1.1070299067508487,0.8220798207602649,1.4350513142347192
2025-03-21,1.106346137486399,0.8221257844526456,1.4349235223520986
2025-03-24,1.1062747101454613,0.8220328153028464,1.434746491747877
2025-03-25,1.1082990541417421,0.822211565041644,1.434062682378683
2025-03-26,1.108411940196162,0.8199662017951173,1.4338471766004794
2025-03-27,1.1085233680247122,0.8211425853313676,1.4341561441908484
2025-03-28,1.1093470901743232,0.8193044670875375,1.4331113305177687
2025-03-31,1.1109970063368184,0.8214214842997662,1.4339475005742495
2025-04-01,1.1102840198645605,0.8208267281572961,1.4340480260628514
2025-04-02,1.1097285150870464,0.8194266327501097,1.4336823477205018
2025-04-03,1.106005045376723,0.8199787105091234,1.4336086493663471
2025-04-04,1.0916066138818228,0.8205161485783604,1.4337262741447474
2025-04-07,1.091005680981415,0.8201905280319035,1.4335669258940953
2025-04-08,1.0908085464092938,0.8188040423537013,1.4338528584554826
2025-04-09,1.0794142279682177,0.8186638715188466,1.435019053078504
2025-04-10,1.0765116547120903,0.8183531631794313,1.4358174739727352
2025-04-11,1.0762069429463499,0.8199523430904763,1.4353975759955295
2025-04-14,1.077241915553739,0.820030470809558,1.4352995549444747
2025-04-15,1.0770441570544984,0.8208125994185111,1.4334014557948105
2025-04-16,1.0769597273734988,0.8216163895943074,1.434562050890368
2025-04-21,1.0767892495578972,0.8197923572930071,1.4343777537999727
2025-04-22,1.0755157375720472,0.8190728881100748,1.4353736899241638
2025-04-23,1.071312071523219,0.8199036463272376,1.434696419351549
2025-04-24,1.0712940005992224,0.8204146747983204,1.4348639026570429
2025-04-25,1.0712849473701263,0.8194579190361008,1.4336031651905958
2025-04-28,1.0709950929075633,0.8193645595710392,1.4338100112019572
2025-04-29,1.0668420468909305,0.8208875211089993,1.43499112357156
2025-04-30,1.0670967593889025,0.8217538238156297,1.435341754139624
2025-05-02,1.0677478437212218,0.8215462019973307,1.4360612548033675
2025-05-05,1.0687112484503105,0.8218107295048205,1.4356986460425365
2025-05-06,1.063205765513694,0.8194907990443544,1.4340810001048843
2025-05-07,1.065598525178873,0.8213060204204391,1.4360319362484535
2025-05-08,1.06367174612381,0.8206648057383436,1.434545930492626
2025-05-09,1.0647158459283683,0.8206155463030761,1.4342304931857703
2025-05-12,1.0652422888549764,0.8209144696962203,1.4357897883081059
2025-05-13,1.0647071520205467,0.8222268444266755,1.4372278051211813
2025-05-14,1.0651883326618694,0.8215325266327496,1.4384522866923346
2025-05-15,1.066276256378205,0.8220977764589633,1.4385540564978245
2025-05-16,1.0669362996123197,0.821350456594596,1.4403090085336898
2025-05-19,1.0653774145841952,0.8210479820714285,1.4392600415259453
2025-05-20,1.0907772907063846,0.8216300512555299,1.439065834829389
2025-05-21,1.0965915019153343,0.8230240542319693,1.439204993325911
2025-05-22,1.099010827441423,0.8235066866379597,1.43985417224706
2025-05-23,1.0974826153485222,0.8239259687675778,1.4375164804450966
2025-05-26,1.1033285153272263,0.8211782695445733,1.4367658971699546
2025-05-27,1.1013043829809328,0.8189415027690733,1.4371125729082224
2025-05-28,1.1002713388566487,0.8182285282548851,1.437958444446191
2025-05-29,1.1008946936072797,0.8173273778741369,1.4382599118856356
2025-05-30,1.1022345994594966,0.8162049927207845,1.4385169373371196
2025-06-02,1.1015191215648998,0.8150860903214208,1.4387881298157499
2025-06-03,1.1016631257378253,0.8143184436265467,1.4390006832842652
2025-06-04,1.1045691774197017,0.8140556565842391,1.4385991535760487
2025-06-05,1.104285217500772,0.8134094788050787,1.4364031641804824
2025-06-06,1.1053488846458701,0.8139590899445301,1.4369526556163215
2025-06-09,1.1052821202011507,0.8143023296976504,1.4378298985711209
2025-06-10,1.104689378378319,0.8137650099247227,1.437789742888756
2025-06-11,1.1041166227925352,0.8128255636984838,1.438116367670332
2025-06-12,1.1033128699243304,0.8130470484334947,1.4386070087531577
2025-06-13,1.1028330741104424,0.8139122369905256,1.4398514878479738
2025-06-16,1.1023997280640978,0.8130333157313918,1.4392857495329687
2025-06-17,1.102188850860875,0.8140047383566701,1.438805274046695
2025-06-18,1.1034626175674354,0.8152262396486243,1.439791730533593
2025-06-19,1.1035924118932978,0.815035771092718,1.4385917077693466
2025-06-20,1.1040231317497946,0.8155315590772871,1.4388628741052634
2025-06-23,1.1049006203290797,0.8167560579377541,1.4391441379706584
2025-06-24,1.1053248025464009,0.818476097385609,1.439304399313082
2025-06-25,1.1055939859811483,0.8191674336591978,1.4389784587860641
2025-06-26,1.1070130957115882,0.8170862036646676,1.4410392227637212
2025-06-27,1.1070589408254379,0.8164093258104458,1.4408546531641773
2025-06-30,1.1079639715011234,0.8178476226055692,1.4401766189936345
2025-07-01,1.1082408145188452,0.8170356188532479,1.4399948025861589
2025-07-02,1.1069343871861084,0.8176965757482525,1.4404096254455523
2025-07-03,1.108190109344034,0.8147209177359686,1.4407656546306749
2025-07-04,1.108043511375808,0.814807594694804,1.440699167018387
2025-07-07,1.1080747752415012,0.8149772028129684,1.4410322271951612
2025-07-08,1.1084595346851873,0.8151689349342824,1.4413896033613771
2025-07-09,1.1096110811907678,0.8145663899085026,1.4415841713232922
2025-07-10,1.1097972531186957,0.8144864874686584,1.4417506164552891
2025-07-11,1.1100364104533589,0.8148480095739472,1.4436973107496343
2025-07-14,1.1099171456554642,0.8139604929519061,1.4449103560840726
2025-07-15,1.1102442200464544,0.8179581837125943,1.445008834595486
2025-07-16,1.1103137976008222,0.817363218929684,1.4446719005569242
2025-07-17,1.111951559364181,0.8174261536484243,1.4445554616586946
2025-07-18,1.1126106516196739,0.8166995277156389,1.4433144631329375
2025-07-21,1.1129675802228887,0.8178674948901629,1.4427123475066543
2025-07-22,1.1141212743683364,0.8186668693334924,1.443737105840358
2025-07-23,1.1125105905044554,0.8181631394467397,1.4437872388114115
2025-07-24,1.1129676336991563,0.8162093914129696,1.4435896141884295
2025-07-25,1.114661062994349,0.8149753651186575,1.4432827479665495
2025-07-28,1.1154649780765042,0.8153351611640907,1.4438779616426034
2025-07-29,1.1150492698711578,0.8153401470727161,1.4440208984418195
2025-07-30,1.1173311174638467,0.8176560859719825,1.4436172486370036
2025-07-31,1.1175906376300506,0.8151467760398031,1.4446890108554953
2025-08-01,1.1171522467698018,0.8153494757987975,1.4449762182322101
2025-08-04,1.1169607405544686,0.8158844081879758,1.4450978768519325
2025-08-05,1.1170638986155639,0.810955373744991,1.4450147575731627
2025-08-06,1.1169817366595436,0.8128425172043552,1.445356398966673
2025-08-07,1.1160426298693107,0.8132912474227231,1.4450260742539915
2025-08-08,1.1166374620400956,0.8129386323927466,1.4460798390425764
2025-08-11,1.1158292559871414,0.8134426126728217,1.4450513357741017
2025-08-12,1.1162114087054846,0.8126973236198352,1.4454697364383207
2025-08-13,1.1159444678708952,0.8130318238822408,1.4446521710502953
2025-08-14,1.1155999385862339,0.8121383471049346,1.4446106735164215
2025-08-15,1.1157845079596829,0.8120666113465678,1.4437432927753202
2025-08-18,1.1153272268234973,0.812404039173084,1.4450202571409452
2025-08-19,1.1159614686319852,0.8124681177135247,1.4446530097696575
2025-08-20,1.1179640474530732,0.8127053137640666,1.4440419371925277
2025-08-21,1.118312746277104,0.812157255377768,1.4439129905575965
2025-08-22,1.1177119328511624,0.8109418792591337,1.4446335954227265
2025-08-25,1.1180782620412026,0.8105702663107842,1.4450587873364231
2025-08-26,1.118015548909066,0.8105059709052944,1.4450001153675165
2025-08-27,1.1165026098504616,0.8093842596169807,1.4456320671536274
2025-08-28,1.1165369746111644,0.8097028341140208,1.4432838991909303
2025-08-29,1.116902546119337,0.8102263483786477,1.4419857242231837
2025-09-01,1.1166232547657073,0.8100935343073811,1.4436283168698025
2025-09-02,1.1165350272571157,0.8104852033124907,1.4438441712703902
2025-09-03,1.1160369852501373,0.8110091029770001,1.4442916994440613
2025-09-04,1.1165993740051368,0.8112625294828852,1.4442382755985665
2025-09-05,1.1173473614738862,0.810205885293531,1.4451333901451702
2025-09-08,1.1170292725250885,0.8102750900772807,1.4459243765466738
2025-09-09,1.1209884239759715,0.809264306374598,1.4470347312684537
2025-09-10,1.1217279303270196,0.8095776431024524,1.4459348554149343
2025-09-11,1.1200918315388793,0.8094201272513014,1.4485649723850305
2025-09-12,1.1209097303788869,0.8103325493500717,1.4473543823099357
2025-09-15,1.1212040086070765,0.811423090749839,1.4488815244036235
2025-09-17,1.1161353306655266,0.8115647948598412,1.4490522957889878
2025-09-18,1.1169973890087215,0.8117542270074477,1.4481798137724893
2025-09-19,1.1212802917130464,0.8104415501184986,1.4457822827949398
2025-09-22,1.12100709406188,0.8111694042603941,1.4456675511523924
2025-09-23,1.1206660378564515,0.811527687562153,1.4452820715289747
2025-09-24,1.1199673534573762,0.8117287896975872,1.4468296055050838
2025-09-25,1.119608182644234,0.8129077275787553,1.4469472111599124
2025-09-26,1.1195730670074824,0.8131337961242081,1.4452248726573498
2025-09-29,1.1201942184501867,0.8111420909896895,1.444460312536732
2025-09-30,1.1200974242107138,0.8108443561201656,1.4450355535757873
2025-10-01,1.1172289419870431,0.8114243530235975,1.443590495927338
2025-10-02,1.11671769425242,0.8116755831266556,1.4446274678673119
2025-10-03,1.1170020012704467,0.8123119790696375,1.4431663519134907
2025-10-06,1.119236946210677,0.8126882501659716,1.4438128825849503
2025-10-07,1.1198818583216084,0.811581890585817,1.4445355888777434
2025-10-08,1.119129042672776,0.8117831715856723,1.4430704100578085
2025-10-09,1.118938157339564,0.8115749198458948,1.4423924633631868
2025-10-10,1.1177718080825427,0.812741600109945,1.443708407317415
2025-10-13,1.1190614350080763,0.8116470519377901,1.446257745294908
2025-10-14,1.1176628847378287,0.8116986264686306,1.4450797827519335
2025-10-15,1.1190757802531046,0.8134847391577759,1.4455564580412794
2025-10-16,1.1176029186711396,0.8145243369487473,1.4440172015475004
2025-10-17,1.1153100829123255,0.8151950940132325,1.445164357641475
2025-10-20,1.1147215778730737,0.8150919120174839,1.4429159502363165
2025-10-21,1.114427700648367,0.81505127267978,1.4429947172294786
2025-10-22,1.1161324936942514,0.8148487845937042,1.4453063036681373
2025-10-23,1.1172402952584084,0.8144274505446238,1.4446995606294506
2025-10-24,1.1182083482436205,0.8143103454434272,1.446338393401882
2025-10-27,1.117664573660157,0.8132429055005431,1.4465041741274345
2025-10-28,1.1163060986971893,0.8127010673947557,1.4462463012366409
2025-10-29,1.1173547365216365,0.8137778100731197,1.4456390854696897
2025-10-30,1.1166046368328857,0.8131677835155386,1.4455802642256261
2025-10-31,1.1162165401367314,0.8137568927342371,1.4454198186765186
2025-11-03,1.116436102361566,0.8133289937822792,1.445272072264129
2025-11-04,1.116207502341733,0.8138027116900187,1.4451010260710058
2025-11-05,1.115481472390721,0.8126530525519912,1.4454345409495082
2025-11-06,1.1148164568973993,0.8133035765933924,1.4456757044349187
2025-11-07,1.1126794296868152,0.8141806814656343,1.4465622551210433
2025-11-10,1.1131980675956257,0.8155337774972687,1.44645960037947
2025-11-11,1.1105066856489518,0.8143955255925135,1.4465248377972537
2025-11-12,1.1099964356070322,0.8150290752069576,1.445887314943672
2025-11-13,1.109335440733631,0.8160536912763091,1.4460647369886928
2025-11-14,1.1098883944789202,0.8158179142622218,1.4445053158317056
2025-11-18,1.1100939524516098,0.8148614072113298,1.4445420461200964
2025-11-19,1.109721816651101,0.814796168092007,1.444025348709883
2025-11-20,1.109371055533504,0.8112508137912148,1.4436347141899912
2025-11-21,1.1103051686954317,0.8112642607043535,1.443971786617712
2025-11-24,1.111169111820678,0.808205202343558,1.4435139591564652
2025-11-25,1.1114277033484958,0.8084055449873899,1.4447660527834252
2025-11-26,1.1114045901111054,0.8080268838358234,1.4444573990424334
2025-11-27,1.1107771936753266,0.806277164223444,1.4437080546746133
2025-11-28,1.1118491399689243,0.8061000760615855,1.4432582419540407
2025-12-01,1.1129131559461964,0.8060491360396688,1.4432056738533594
2025-12-02,1.115807261594279,0.8068445991835975,1.4437003250747131
2025-12-03,1.116762194929389,0.8055922755569934,1.443590554872468
2025-12-04,1.116072895773569,0.8035260593798653,1.4440548493612388
2025-12-05,1.1153211414898547,0.8016965793487792,1.4433647993359568
2025-12-08,1.1158317797166046,0.8024049167954622,1.4433068431022182
2025-12-09,1.1161575249980256,0.801642328756407,1.443171033973799
2025-12-10,1.1163374408875346,0.8006216242589665,1.4426209324851014
2025-12-11,1.1145961550088077,0.801069713508486,1.443196388325749
2025-12-15,1.1154950608267364,0.8000392869784617,1.4425231873983293
2025-12-16,1.1147160729061032,0.8009471835919403,1.4439264342489495
2025-12-17,1.1151837137919178,0.8017249247212997,1.4439998168015098
2025-12-18,1.113051722551721,0.8022779141035812,1.443890457418918
2025-12-19,1.1125970516641057,0.8030942462771495,1.444805674997353
2025-12-22,1.1119949904691504,0.8032870172678434,1.4453633654713123
2025-12-23,1.1116871717801733,0.8036623566849501,1.4446656490350762
2025-12-24,1.1113454171046087,0.8032511458677013,1.4460694027860928
2025-12-26,1.1115819497195367,0.8047506997152085,1.4452701780997383
2025-12-29,1.110691920392774,0.8052738131936862,1.4453014349029096
2025-12-30,1.108106657750066,0.8019481153921283,1.4454289808485374
2025-12-31,1.1076776837070401,0.8020919585372007,1.4455775741178247
