Date,NTL,CI_low,CI_high
2016-06-08,0.7322734172245333,0.7322734172245333,0.7322734172245333
2016-06-09,0.7330188706726095,0.7298370921634298,0.7346583805187656
2016-06-10,0.7308929930416531,0.7290373488411727,0.7354616598074367
2016-06-13,0.7336716119906703,0.728526009711884,0.7361767526160046
2016-06-14,0.7338697775651655,0.7277965028190739,0.736682910353424
2016-06-15,0.7324375227991727,0.7273446679799902,0.7372845030315788
2016-06-16,0.7320511323061618,0.7269442069950369,0.7374041409976586
2016-06-17,0.7326185292230486,0.7265054588584545,0.7381226397588456
2016-06-20,0.7316770286178754,0.72621471794611,0.7383396580663609
2016-06-21,0.7313791041528461,0.7258267500756512,0.7386762558271593
2016-06-22,0.7322470559702924,0.7254831708329662,0.7389236649483748
2016-06-23,0.7305050755628503,0.7252085873940574,0.7394437800873905
2016-06-24,0.730233137157557,0.724767529022039,0.7396918946897163
2016-06-27,0.7285397787184964,0.7243718901115666,0.7400532500052307
2016-06-28,0.7300181885762003,0.7238079398422304,0.7407148597096067
2016-06-29,0.729871921022656,0.7234050607643083,0.7407334574930484
2016-06-30,0.7290411250732796,0.7231294068004063,0.7408822393116654
2016-07-01,0.7293873369261684,0.7226991551081438,0.7413122510841631
2016-07-04,0.7288985418291435,0.7224701070667527,0.7411492088230129
2016-07-05,0.7264805918832972,0.722026836112138,0.7414375506703839
2016-07-06,0.7259976531641277,0.7221054855824331,0.74191715922716
2016-07-07,0.7266797499777534,0.7217418821939566,0.7425855089243636
2016-07-08,0.7258600541272764,0.7214059279959251,0.7426654948321079
2016-07-11,0.7253841126199094,0.7208579030966167,0.7427489602658246
2016-07-12,0.7248979459257284,0.7210058957271617,0.7430017646305008
2016-07-13,0.7237003922120392,0.7207440712374749,0.7432304070313043
2016-07-14,0.7228404402012458,0.7203603633042831,0.7437526218893241
2016-07-15,0.7238310235020355,0.7202251468033691,0.7441160778464064
2016-07-18,0.7240040548592482,0.7198133389869021,0.7442952754709364
2016-07-19,0.7245494878318915,0.7199129979417912,0.7444613634844859
2016-07-20,0.7244951561202655,0.7193848732261736,0.7444720958639757
2016-07-21,0.7253369195349758,0.7190846642877025,0.7448786464098831
2016-07-22,0.7269111423048193,0.7189712334742282,0.7451013006223536
2016-07-25,0.7253691224127685,0.7185227111238592,0.745557186060308
2016-07-26,0.7265735133633977,0.7184457669976673,0.7456711999264064
2016-07-27,0.7285560230001783,0.7181209493577025,0.7461278444359309
2016-07-28,0.7282258793570505,0.7181239069241278,0.7462852275475977
2016-07-29,0.7270937701008285,0.7178578592341385,0.7468399401017535
2016-08-01,0.7259245381903763,0.717750914769411,0.746284333160977
2016-08-02,0.7259203062036654,0.717070904462091,0.7463895765566203
2016-08-03,0.7255865256463011,0.7171860063625962,0.7465568085481467
2016-08-04,0.72539317415072,0.7166938132445756,0.7465153570430362
2016-08-05,0.7230128312634543,0.7166613803669609,0.7471635493094448
2016-08-08,0.7241946339515193,0.7164773206471021,0.7471310343581274
2016-08-09,0.7268844827478931,0.7164793697804337,0.7475759267277206
2016-08-10,0.7248214567255369,0.7162007907026992,0.7478422127165312
2016-08-11,0.7261762633098154,0.7158000812097866,0.748025928625953
2016-08-12,0.7261581333730599,0.7158999247689691,0.7479432664875619
2016-08-15,0.7269744622914924,0.7155008588030449,0.7485170040867826
2016-08-16,0.7270010607454052,0.7155596229045359,0.7484971377359138
2016-08-17,0.7273192089696163,0.7155386758413418,0.7485350492678802
2016-08-18,0.7271212904892922,0.7152559644501377,0.7489844192794316
2016-08-19,0.7268283684336732,0.714798844331248,0.7491162998383692
2016-08-22,0.7251479568172525,0.7148306934460074,0.7488953879055713
2016-08-23,0.7249497820238323,0.7144296959320359,0.7490389065375088
2016-08-24,0.7248881523686346,0.7139658933165306,0.7490777880366423
2016-08-25,0.7245783188862367,0.7139552161440144,0.7489464419928037
2016-08-26,0.7235516353879463,0.7139647560768727,0.7491888669398575
2016-08-29,0.7236853728957768,0.713633005155797,0.7492321627584696
2016-08-30,0.7258960669735445,0.7137365374529825,0.7498733627481942
2016-08-31,0.7239504538923116,0.7134338119122486,0.74963144471413
2016-09-01,0.724598633680513,0.7131610273365936,0.7497597457322812
2016-09-02,0.7246732135824571,0.7130660051958317,0.7501667563839759
2016-09-05,0.7246341853291124,0.7127798739577718,0.7501067518119555
2016-09-06,0.7223604797257951,0.7126899059456311,0.7507126085751579
2016-09-07,0.7220706741636893,0.7125544904123233,0.7510926494841861
2016-09-08,0.7212230541053577,0.712238896486357,0.7509867184530824
2016-09-09,0.7192762080551132,0.7117376080514434,0.7508102361178212
2016-09-12,0.718478373201807,0.711771797442207,0.7511952883314256
2016-09-13,0.7193974476504456,0.7115918735580417,0.7513978343161608
2016-09-14,0.7186511957882352,0.7121171201402322,0.7513393681960182
2016-09-15,0.7179713568215268,0.7119321615206625,0.7513431230038886
2016-09-19,0.7173993878349648,0.711847589823807,0.751150437350924
2016-09-20,0.7191526412657515,0.7112366307789714,0.7519972032926349
2016-09-21,0.7218411999216684,0.711440890220679,0.7515602844573921
2016-09-22,0.7191154433149614,0.7116809547279632,0.751907206158829
2016-09-23,0.7174369991304154,0.7112277355964405,0.7521450965351301
2016-09-26,0.7177858218324592,0.710951477990614,0.7513490536365409
2016-09-27,0.7156610519292956,0.7101927271484745,0.752296471766532
2016-09-28,0.7175301074179951,0.7103895289137895,0.7521448796531247
2016-09-29,0.7164794887037451,0.7101400888278783,0.7525874048283179
2016-09-30,0.7163334116489098,0.7101921786238656,0.7529165749059697
2016-10-03,0.71769631591634,0.7102246308913693,0.7520986305445668
2016-10-04,0.7169051827725551,0.7103129715798768,0.7525429586773681
2016-10-05,0.7174690969967567,0.7098409286826955,0.7526476562813605
2016-10-06,0.7180442757738471,0.7096571081356323,0.7526855099737915
2016-10-07,0.7169925994299264,0.7095378614561332,0.7528614351420272
2016-10-10,0.7145119548846212,0.7096979406845727,0.7530401393875572
2016-10-11,0.7132073245472655,0.7090194804630598,0.7528678433102406
2016-10-12,0.7141058653357392,0.7090360190803295,0.7530085467827239
2016-10-13,0.7150465404700326,0.7091892363216195,0.7535522313519284
2016-10-14,0.7116674445076538,0.7090580393044039,0.7540677241053011
2016-10-17,0.7122245212285593,0.7089779346683105,0.7540664763230738
2016-10-18,0.710421689571187,0.708712295439321,0.7541283508477546
2016-10-19,0.7118200325401648,0.7085324878330804,0.7542026935061179
2016-10-20,0.7127174317301939,0.708119622723025,0.7540831628784885
2016-10-21,0.7129959307117332,0.7076208259266278,0.7541736765589587
2016-10-24,0.7124244749267857,0.7079712203252558,0.7547450197223996
2016-10-25,0.7108560754551947,0.7072523119856567,0.7545178187575545
2016-10-26,0.7115859357271923,0.7070375240492924,0.7548326033242064
2016-10-27,0.7125715708964587,0.7066159775213502,0.7545032527067034
2016-10-28,0.7117328517308132,0.707168502306543,0.7545487819488792
2016-10-31,0.7139857055948188,0.707037562031521,0.7544061575988336
2016-11-01,0.7116849083198352,0.7067584805153047,0.7544710095196355
2016-11-03,0.7098145317648319,0.7064681759850774,0.7549408743359861
2016-11-04,0.7109994966713459,0.7064852250607203,0.7551370144457621
2016-11-07,0.708001371655458,0.7062407153667972,0.7552884501575767
2016-11-08,0.708755127970103,0.706219014759047,0.7556607679964528
2016-11-09,0.703670636357521,0.7060365457902588,0.7558367825306923
2016-11-10,0.6997414417533738,0.705553086235047,0.7558806935771563
2016-11-11,0.6983961313377939,0.7048436077852783,0.7560095371229524
2016-11-14,0.6980263181879668,0.7048401425913903,0.7562047581137046
2016-11-15,0.6990887482659947,0.7044124994027428,0.7563829377095171
2016-11-16,0.6992923770926796,0.7045075610904643,0.7563512349035661
2016-11-17,0.7020758462661646,0.7048471246999514,0.7568143377798023
2016-11-18,0.6992354469262644,0.7039811825073745,0.7567864522541915
2016-11-22,0.6979625777918199,0.7042789394077638,0.756683219281321
2016-11-23,0.6984071990127242,0.7039495052492725,0.7569026752251381
2016-11-24,0.6978570896980083,0.7039240879120959,0.7567098925277471
2016-11-25,0.6995773228769432,0.703981797930866,0.756520483715462
2016-11-28,0.6986955283084921,0.7039810962236648,0.7565514512657179
2016-11-29,0.6992648625601472,0.7036546328670357,0.757258448319074
2016-11-30,0.7007123597517335,0.7038622687888797,0.7569734485537998
2016-12-01,0.7004784550494572,0.7039671488558353,0.7569207430218713
2016-12-02,0.7012376735291691,0.7035463449234509,0.7569564457121347
2016-12-05,0.700656004084793,0.7035426173613154,0.7573159724950084
2016-12-06,0.7006410961025286,0.703690841065732,0.7573921187031355
2016-12-07,0.7026111262593183,0.703232091276332,0.757172954844353
2016-12-08,0.7022299018158135,0.7030882864628799,0.7574824409565998
2016-12-09,0.7018768095787924,0.7026513312516752,0.7575607805844484
2016-12-13,0.7004834638646271,0.7025548912158648,0.7577149404788598
2016-12-14,0.6998858907411841,0.7030787043620903,0.7581992051170411
2016-12-15,0.7011450807630101,0.7026582633627099,0.7584476046093007
2016-12-16,0.6992050443529578,0.7022932229087848,0.758604704235765
2016-12-19,0.6990150286028314,0.7024472493107435,0.7580037324270322
2016-12-20,0.7027854936744333,0.7021629541157665,0.7580647867780823
2016-12-21,0.7040679276136734,0.70243514182333,0.758360525749732
2016-12-22,0.7054620818133895,0.7026910694505512,0.7584643632718059
2016-12-23,0.7054765046654412,0.7025139670964032,0.7587715735543262
2016-12-26,0.7063799324254124,0.7018167176806421,0.758624748806207
2016-12-27,0.7054682066642355,0.7019414910820239,0.7585558809466305
2016-12-28,0.7048142517757183,0.7019180478144018,0.7589243622600791
2016-12-29,0.7044896424879381,0.7016553547168562,0.7584118790019326
2016-12-30,0.7054266995718987,0.7013133038476009,0.7589303454558898
2017-01-02,0.7030095257025923,0.7012144118502892,0.7594798591830321
2017-01-03,0.7043425900860293,0.7009862124258772,0.7593560043215013
2017-01-04,0.702080912392673,0.7008521507650352,0.7597092264386588
2017-01-05,0.7043151104542104,0.7006422408927508,0.7592875453674464
2017-01-06,0.703999806863245,0.700229357047036,0.7591620868568049
2017-01-09,0.703246706107545,0.7003558504790265,0.7591939066357823
2017-01-10,0.7029078056849466,0.7000005885541105,0.7598408953188065
2017-01-11,0.7033670496219525,0.6994975743012182,0.7600095493707902
2017-01-12,0.7046747042622284,0.6992848741845749,0.7601067261493093
2017-01-13,0.7029029098472734,0.7001133907341688,0.7600056372934307
2017-01-16,0.7046893808018025,0.6995201952920819,0.7603964881154686
2017-01-17,0.7038267641585089,0.6996660115818233,0.7608741262768367
2017-01-18,0.702697300949885,0.6993689115047954,0.7601708170811832
2017-01-19,0.7041347551113182,0.6990456115975909,0.7605208784651677
2017-01-20,0.7036139168390375,0.6991813535739332,0.7603131940641834
2017-01-23,0.7010009060204241,0.6994767507220567,0.7602965582877632
2017-01-24,0.6978165466544665,0.699601873969403,0.7605731732261394
2017-01-25,0.6980249305293011,0.6988438693755568,0.7608687501267694
2017-01-26,0.6978582198418014,0.6991715299296163,0.7610976836043694
2017-01-27,0.698741365617351,0.6987010118699784,0.7612806166175876
2017-01-30,0.6983381034585574,0.6987672625609163,0.7613727455587891
2017-01-31,0.6973883289130215,0.6987546663420957,0.7611870959725462
2017-02-01,0.6986112289440817,0.6988370260620425,0.7614600490841064
2017-02-02,0.6982819486121388,0.6982954642860935,0.7613419208433667
2017-02-03,0.6969311655525324,0.6976955874739966,0.7622963770947092
2017-02-07,0.6969571168895218,0.6977873940391605,0.7614935574675761
2017-02-08,0.6958716575672662,0.6981917356635958,0.7623578418160574
2017-02-09,0.6968845229993688,0.6983266564118137,0.7619924489525379
2017-02-10,0.6990864392034333,0.6982926342426918,0.7625683668240746
2017-02-13,0.6971608683056921,0.6984186119660589,0.7625179258806016
2017-02-14,0.6973294452529947,0.6985716401957066,0.7621370495624791
2017-02-15,0.6963259607966963,0.698315085367174,0.7626280052084251
2017-02-16,0.6974071973012284,0.6981573051144415,0.7623172053794953
2017-02-17,0.6970335341470552,0.6983642648691358,0.7627283766907774
2017-02-20,0.6983123128943801,0.6977485460800277,0.7625401773756746
2017-02-21,0.6988320604785023,0.6975544824889937,0.7628146148189973
2017-02-22,0.6963274520255353,0.6976304505751779,0.7631938149493025
2017-02-23,0.6962934802601948,0.6971408757912873,0.7630366362921628
2017-02-24,0.6980944787661211,0.6973557429020582,0.7631195329339611
2017-02-27,0.7003332275144696,0.6961249541710433,0.7630003501118878
2017-02-28,0.7036839800612616,0.6970430472390304,0.7634361742997838
2017-03-01,0.7020064678243112,0.6963996067611254,0.7637790681295968
2017-03-02,0.7030270338013439,0.6957427718653905,0.7637836884001015
2017-03-03,0.7033426854101088,0.695811655662762,0.7639446485037964
2017-03-06,0.7037276072670418,0.6959060681601031,0.7638047252967555
2017-03-07,0.7029762237909312,0.6964364614819656,0.7639656189254266
2017-03-08,0.7045961135926057,0.6962724862209965,0.7635544181607348
2017-03-09,0.7051290622579405,0.6962564200683079,0.763861869154755
2017-03-10,0.704052193203559,0.6953571306645624,0.7643429935525455
2017-03-13,0.7051019870331741,0.6948657436313742,0.7639586226823116
2017-03-14,0.7049210117494655,0.6951289784764485,0.764234568477447
2017-03-15,0.7056307345287767,0.6954932196142912,0.7639366819425126
2017-03-16,0.7049477825034483,0.6954232766029228,0.7639260013050689
2017-03-17,0.7032111865382319,0.6943929819984952,0.7638150380333055
2017-03-21,0.7045756097577458,0.6942929365296298,0.7639909479443145
2017-03-22,0.7027389817566722,0.6934786698558925,0.7643200319735147
2017-03-23,0.7041102656832983,0.6937710486122775,0.7642434125446123
2017-03-24,0.7048516707018818,0.6945495474159294,0.7649923332902399
2017-03-27,0.7046412444742666,0.6940986778663023,0.7646226964431571
2017-03-28,0.7066072362319383,0.6942088992184655,0.7642305642852859
2017-03-29,0.7062625423542431,0.6938910288970086,0.7650093675562567
2017-03-30,0.708139504924913,0.6940360491216105,0.764892936643184
2017-03-31,0.7094995677896282,0.6940902137247409,0.7647915975798835
2017-04-03,0.7103457983048882,0.6943272022924123,0.7657477094573659
2017-04-04,0.7096538905603899,0.6939381700497425,0.7654672437908044
2017-04-05,0.7082742727002235,0.6939967239291343,0.765220746956749
2017-04-06,0.7066606443548428,0.6939251291290112,0.7648653007865357
2017-04-07,0.7054344472960932,0.6940871317479005,0.7649358325925141
2017-04-10,0.7078407480144058,0.6934683571402942,0.7651568212905622
2017-04-11,0.7078531847523153,0.6935113854401952,0.7649266788719556
2017-04-12,0.7069360302620116,0.693402403427856,0.7650131286433284
2017-04-17,0.7065560659155328,0.6939532365321989,0.7650007562286767
2017-04-18,0.7064997358951447,0.6933486980762582,0.7654651534950938
2017-04-19,0.7082826761067148,0.6936033030733949,0.7654756662216338
2017-04-20,0.7102026171880379,0.6940736434722538,0.7659309068701687
2017-04-21,0.708701329162881,0.694310092812489,0.7659431666959461
2017-04-24,0.7072419881133727,0.6941659862954913,0.7658421309743172
2017-04-25,0.709492727839928,0.693771767075239,0.7658351537774412
2017-04-26,0.7072891009605816,0.6938203617463607,0.765961067726165
2017-04-27,0.7124644400244652,0.6934185834923712,0.7660753815926614
2017-04-28,0.7114112033249871,0.6929409250682776,0.7659166401866512
2017-05-02,0.71260818483589,0.6928715513052907,0.7664588244971141
2017-05-03,0.7118985878820024,0.6931876547735062,0.766797129855666
2017-05-04,0.7109806692505893,0.6928480588238141,0.7660047406362456
2017-05-05,0.7134474734523437,0.6927621139831853,0.7669391058889377
2017-05-08,0.7175735875979002,0.6929001612221862,0.7667288633662168
2017-05-09,0.7191376201058354,0.6925432213301489,0.7668531220942391
2017-05-10,0.7198994753055047,0.6923612355920082,0.7668227752856003
2017-05-11,0.7210924420949751,0.6930196903545469,0.7665549479614128
2017-05-12,0.7213131472130845,0.6918846084692658,0.7666058095511633
2017-05-15,0.7179301690991968,0.6919312287019423,0.7666820636371612
2017-05-16,0.718450422659278,0.6922203815594964,0.767154252008384
2017-05-17,0.7179048239263384,0.691930645492752,0.766874230946222
2017-05-18,0.716627798800634,0.6921546682113674,0.7669284279978942
2017-05-19,0.7168183086186455,0.692484812020431,0.7672670104078174
2017-05-22,0.7164441490717642,0.6923348584404219,0.7674398323828094
2017-05-23,0.7156861802371024,0.6911691806860524,0.767493350880373
2017-05-24,0.7153154518501816,0.6913557051823245,0.7676932265689117
2017-05-25,0.7176818148365696,0.691061354180634,0.7679967584672468
2017-05-26,0.7163350541338933,0.6909000317104126,0.767878384273864
2017-05-29,0.7183554951667018,0.6913040027154731,0.7672009683297171
2017-05-30,0.7171798386318357,0.6912415780060107,0.7673496271046271
2017-05-31,0.7168479212026626,0.691039336377741,0.7679393276532658
2017-06-01,0.7200808365507213,0.6912330788244504,0.7678892099364746
2017-06-02,0.7179195582503047,0.6906102700230384,0.7678985707381989
2017-06-05,0.7169989545660561,0.6902105039374077,0.7676506946352752
2017-06-06,0.7142656022433341,0.6904582608185367,0.7681673455032562
2017-06-07,0.7149001138275918,0.690458651219314,0.7675974098590014
2017-06-08,0.7159477941976153,0.6901365415510509,0.7681319584812263
2017-06-09,0.7169756602713456,0.68968865216648,0.7677875625426331
2017-06-12,0.7158099852988552,0.6895340351939635,0.7684509686640213
2017-06-13,0.717113618178192,0.6893136439060186,0.7683154704701795
2017-06-14,0.7178537712975829,0.6892495694032277,0.7682237829232951
2017-06-15,0.7176673400331686,0.6895415674019943,0.76906860647064
2017-06-16,0.7168311185909358,0.6889589216240499,0.7692729625602165
2017-06-19,0.7169835512058028,0.6889985359985383,0.7692021954571753
2017-06-20,0.717691267238591,0.6880005525342094,0.7693145269885442
2017-06-21,0.7172064065610059,0.6880319423321647,0.7692319725232376
2017-06-22,0.7183863480240983,0.6885049458695148,0.7693726415599857
2017-06-23,0.7192650341414341,0.6880896234773106,0.7695704633107768
2017-06-26,0.7226323666196279,0.688648084416303,0.7700329712552512
2017-06-27,0.7227789368688173,0.6885206124440172,0.7696471916204898
2017-06-28,0.7234420696198095,0.6882240109900677,0.7697234073187905
2017-06-29,0.7219543090260172,0.6886917600365587,0.7699196901745481
2017-06-30,0.7213846070878707,0.688551609638627,0.7697739598050708
2017-07-03,0.7239386619230601,0.6879691506454757,0.7697608102883924
2017-07-04,0.724912846372272,0.6881764414181276,0.7698299632958973
2017-07-05,0.7236935677710834,0.6878720456791133,0.7697757839547356
2017-07-06,0.7219747183557716,0.6884239986125854,0.7692499418337474
2017-07-07,0.7246830170140397,0.6874041262824712,0.7695488994741206
2017-07-10,0.7218556395389535,0.6880583974396219,0.7695646573436788
2017-07-11,0.7247895928478367,0.6876414814807337,0.7699942058605584
2017-07-12,0.721473023116015,0.6877680663297328,0.7698817260920992
2017-07-13,0.7219444232820829,0.6881330558274901,0.7695735824304996
2017-07-14,0.723212842114069,0.6879395738927939,0.7693498643003279
2017-07-17,0.7250536049067036,0.6869273585341074,0.7693965544184571
2017-07-18,0.7266153864179828,0.6871875127840948,0.7690204832479846
2017-07-19,0.7260591364809322,0.6862426155946186,0.7697965083425302
2017-07-20,0.7276755172226388,0.6869486407006322,0.7701915162781113
2017-07-21,0.7276800361955899,0.6871476660170275,0.7701715749123694
2017-07-24,0.7275384785220732,0.6865943897206236,0.7697552900878982
2017-07-25,0.7285489218389607,0.6863759045352983,0.7697418740276045
2017-07-26,0.7288769190119415,0.6858436437253034,0.7697062564622184
2017-07-27,0.7280350997710316,0.6860343325373771,0.770087146559867
2017-07-28,0.7291548476228566,0.686515668236252,0.770274312461937
2017-07-31,0.7292827420138351,0.6865504508566296,0.7704546679448624
2017-08-01,0.729333884638113,0.6869041940348641,0.7708854158854764
2017-08-02,0.7290003116370615,0.6864546308889954,0.7707012321433845
2017-08-03,0.7318822226209986,0.685915507216009,0.7707449900964519
2017-08-04,0.731894980871431,0.6865388791535413,0.7707035584515757
2017-08-07,0.7298469809429726,0.6863077842824519,0.7714743858330474
2017-08-08,0.7288788333337237,0.6866015652247283,0.7720401624496981
2017-08-09,0.729375774563632,0.6863175793780759,0.7723073639591479
2017-08-10,0.7281639904694294,0.6870008823689856,0.7717754905630734
2017-08-11,0.7299183283002391,0.6863111739920247,0.7721022122883797
2017-08-14,0.7302751452486945,0.6856554752068813,0.7718850995839471
2017-08-15,0.7313093945704086,0.6850564896172401,0.7714097817781987
2017-08-16,0.7304665851693857,0.6849917975465587,0.7717368999631435
2017-08-17,0.7302747188023604,0.6841174624708007,0.7719096746113958
2017-08-18,0.7308494277624077,0.6844933451893812,0.7721387821586145
2017-08-21,0.72899091590609,0.684150676866777,0.7709870558394867
2017-08-22,0.7274688956397873,0.6838326274627087,0.7715061227489759
2017-08-23,0.7285038449539466,0.6844189183842927,0.7720697778866601
2017-08-24,0.727316896486563,0.6847805015448033,0.7717743133405559
2017-08-25,0.7312342871961082,0.6839476417968112,0.7719101444474852
2017-08-28,0.7293927399879813,0.6838716699069666,0.7719772848072803
2017-08-29,0.7283567419966147,0.6837459076708436,0.77172076263424
2017-08-30,0.7268701307746831,0.6842744209267398,0.7722172387842556
2017-08-31,0.7267960382498097,0.6836601951504607,0.7719140843778183
2017-09-01,0.7279428317906165,0.6842481882966379,0.7721682969571725
2017-09-04,0.7267315590079646,0.6841531210070165,0.7722176150413274
2017-09-05,0.7273736839195325,0.683879195238855,0.7723984812381192
2017-09-06,0.728323849008016,0.6841245226572097,0.7722382679598878
2017-09-07,0.7270037098898714,0.6839846429633865,0.7726465433230769
2017-09-08,0.727202969680728,0.6836108118137525,0.7723826830589637
2017-09-11,0.7279798601223851,0.6835819936901868,0.7725645964206055
2017-09-12,0.7280208106984791,0.6835963172057686,0.7728262179198202
2017-09-13,0.7290266700927982,0.683503024424565,0.7731164358560358
2017-09-14,0.7293552726954811,0.6836244813095267,0.7728461652171933
2017-09-15,0.729870048820892,0.6838560525867334,0.7732373873505927
2017-09-18,0.7278249761875325,0.6840343369355986,0.7734952643949843
2017-09-19,0.7271019669894271,0.6843668549683243,0.7742584207217845
2017-09-20,0.7282804561901708,0.6843630196448738,0.7742433095197386
2017-09-21,0.7311327765316393,0.6840705056116246,0.7739788007640441
2017-09-22,0.7321958626555505,0.6838850469940079,0.7740797345987446
2017-09-25,0.7325434345365182,0.6842770612405937,0.7738988850024006
2017-09-26,0.7318516487580292,0.6837874011719077,0.7742466257459237
2017-09-27,0.7324859232073612,0.6840105820239687,0.7746602582454186
2017-09-28,0.7321812472296405,0.683368572361879,0.7748426965523861
2017-09-29,0.7326477090680311,0.6837129240302191,0.7744882872547492
2017-10-02,0.7333203074454842,0.6846798317800477,0.7745035703063935
2017-10-03,0.7346776635225607,0.6845787631185986,0.7746150787144294
2017-10-04,0.7334305051115427,0.685156102755343,0.7749487351810127
2017-10-05,0.7333584292153417,0.6846834072784111,0.7740250416189656
2017-10-06,0.7345741191446482,0.6842383047961178,0.7744087599146278
2017-10-09,0.7342832520114992,0.6839948871127715,0.7739275591757012
2017-10-10,0.7373358316994414,0.6839776168322566,0.774000317075233
2017-10-11,0.7398385040585063,0.683071367066559,0.7742747901872002
2017-10-12,0.738474614077421,0.683582679997253,0.7740112509617204
2017-10-13,0.7394493602431451,0.6833134118308973,0.7744208490697205
2017-10-16,0.739327174108872,0.684066160358173,0.7741228882659509
2017-10-17,0.7386679936347962,0.6841393707902509,0.7746552131797522
2017-10-18,0.7390239979185057,0.683618149208345,0.774602851380599
2017-10-19,0.7401819723280705,0.6837009373471432,0.7750332645503295
2017-10-20,0.740321331868269,0.6838395586477891,0.7747362411791181
2017-10-23,0.7402163981787521,0.6835839952428656,0.7745698972712264
2017-10-24,0.7391807023503364,0.6841699160483234,0.7751124172227591
2017-10-25,0.7403830840813648,0.68346176376125,0.775475245142915
2017-10-26,0.7367072530650383,0.6841863875693045,0.7751899152409136
2017-10-27,0.7363768174693694,0.6843221570907551,0.7751620174553543
2017-10-30,0.7383841563039377,0.684268773546784,0.7750998862664178
2017-10-31,0.7364223004077459,0.6846181016522424,0.7754173391848636
2017-11-01,0.7377053894247413,0.6830819801893739,0.774698947018035
2017-11-03,0.7371076657582785,0.6832772347437274,0.7751346402825797
2017-11-06,0.7385624209090333,0.6836052324021793,0.7748375909607655
2017-11-07,0.7400679222670523,0.6832815990531009,0.7739299353322987
2017-11-08,0.7389255281584304,0.6835784787632334,0.7745900444418794
2017-11-09,0.7389429403677196,0.683703740531647,0.7751550026251315
2017-11-10,0.7382316786051573,0.6838206252778931,0.7748310932053157
2017-11-13,0.735938278529081,0.6830835612299243,0.7745512132624011
2017-11-14,0.7362764581294577,0.6829728108351126,0.7753556557459025
2017-11-15,0.7366072317602471,0.6827619454526753,0.7753448654535673
2017-11-16,0.7362968064559475,0.6824184446573265,0.7748418289863269
2017-11-17,0.7359267423542812,0.6833952645081816,0.7745542265457573
2017-11-21,0.7371031433913011,0.6828226604960884,0.7755536478164202
2017-11-22,0.7379568011863493,0.6828436695985768,0.7755441153708698
2017-11-23,0.7389453588449096,0.6827523108848335,0.7756709123096535
2017-11-24,0.7367686293545257,0.681949765365141,0.7755725345520759
2017-11-27,0.7375747586314103,0.6828475901172106,0.7757002874507639
2017-11-28,0.7377311341750784,0.6833227608246826,0.7752207827998906
2017-11-29,0.7369234788494482,0.6828455308208394,0.7754225551907948
2017-11-30,0.738407226242294,0.6827045859671396,0.7756223329625813
2017-12-01,0.7400373160456806,0.6835242544068246,0.7756623601587721
2017-12-04,0.7390754889457248,0.6830856607021732,0.7750846726281897
2017-12-05,0.7407570581118947,0.6826415799154488,0.7752244730922447
2017-12-06,0.739587608002989,0.6828508770872433,0.7759309808629571
2017-12-07,0.7379562588671947,0.6830258599270556,0.7755982531252723
2017-12-08,0.7375050673962984,0.6826828528523388,0.7761630113947932
2017-12-11,0.7366344447020026,0.6832733843051398,0.7754605851659574
2017-12-13,0.736471367305307,0.682710821606325,0.7753383892682881
2017-12-14,0.7372541669354499,0.6820191847674358,0.7758473451681421
2017-12-15,0.7392878362334356,0.6820722001314198,0.7759857443143963
2017-12-18,0.738299497960574,0.6820478431714979,0.7757906567358434
2017-12-19,0.7389331185188195,0.6820809748184761,0.775849291417395
2017-12-20,0.739111652077397,0.6816147205820693,0.7753771347690392
2017-12-21,0.7406239299289843,0.6809843896515461,0.7757617205092184
2017-12-22,0.7393022494686625,0.6814295549655728,0.7763004569491647
2017-12-26,0.7388053723081822,0.6816847035644286,0.776637033166857
2017-12-27,0.7401353042677357,0.6816844800491153,0.7763770307905061
2017-12-28,0.7375193451213572,0.6816363960203796,0.7767975975228555
2017-12-29,0.7360173339269507,0.680535289338059,0.7769268367252374
2018-01-02,0.7373457242873566,0.6808251925922102,0.7770535182772706
2018-01-03,0.738018354801536,0.6799312612951455,0.777323350121019
2018-01-04,0.7395346703718372,0.6803780319697633,0.7776555084248737
2018-01-05,0.7405024206456281,0.6804668294808679,0.7774039852674257
2018-01-08,0.7405250621913815,0.680510148098672,0.7779693653658141
2018-01-09,0.740517068695833,0.6805151725928013,0.7774067877947558
2018-01-10,0.7394884110135181,0.680159511416172,0.7772968259247514
2018-01-11,0.7385133236828144,0.6801276019584004,0.7770898806367376
2018-01-12,0.7395299318752455,0.6794601012596853,0.7770710378328504
2018-01-15,0.7388719754277129,0.6792380744151582,0.7772608261862086
2018-01-16,0.7388559451255666,0.6799740044491502,0.7771032323939547
2018-01-17,0.7390232405208534,0.6794588214771718,0.7774897467276235
2018-01-18,0.7385281475220546,0.6791063088063469,0.7769509107720493
2018-01-19,0.7389838610239913,0.6792701317483043,0.7773789792057321
2018-01-22,0.7359490953606259,0.6788850924214019,0.7775585944414396
2018-01-23,0.7348526388190759,0.6792585034176835,0.7768827243913372
2018-01-24,0.7353535701449267,0.6787295040091588,0.7774680498654775
2018-01-25,0.7346550311117722,0.67864880908069,0.7772085712896554
2018-01-26,0.7344594813336616,0.6785961230187437,0.7771517915348599
2018-01-29,0.7350870840896526,0.678579782979509,0.7772673566180999
2018-01-30,0.7345778074827601,0.6783785547624096,0.7772370117041356
2018-01-31,0.7346043337403051,0.6778313774811168,0.7776314331670205
2018-02-01,0.7351296732555104,0.6783528884114235,0.7778722090236828
2018-02-02,0.7327975526434072,0.6781987666576522,0.777844447920007
2018-02-06,0.7304166584042999,0.6781851653162453,0.7778365339861559
2018-02-07,0.7299458745776533,0.6780927329676459,0.7775103388714727
2018-02-08,0.7272440947064328,0.6778406857596894,0.7769647360972713
2018-02-09,0.7291099714909789,0.6778110312750032,0.777586918063685
2018-02-12,0.7281261339117904,0.6779306319465919,0.778106747056425
2018-02-13,0.7296503505790062,0.6775895156576204,0.7780134951191936
2018-02-14,0.7292957520400186,0.6777673275928374,0.7779216119698636
2018-02-15,0.7291492009553426,0.6779083723310654,0.7772427080372595
2018-02-16,0.7284830727189935,0.6780431093646581,0.7770429902850312
2018-02-19,0.7292969542759473,0.6775243228127057,0.7774127110907263
2018-02-20,0.7293305030363858,0.6777062473700015,0.7779031708313758
2018-02-21,0.7315358185352903,0.6772610828131984,0.7779743338305374
2018-02-22,0.7313766743761991,0.6771179171311015,0.7784029328973716
2018-02-23,0.7311972857483987,0.6773976818395671,0.7776603055513317
2018-02-26,0.7296868869775671,0.6774147342103262,0.7777640247819306
2018-02-27,0.729015354230192,0.6770847258304439,0.7777259445940182
2018-02-28,0.7303665388244462,0.6771525264503394,0.7780543993187521
2018-03-01,0.7303366103886053,0.6766258524118862,0.7781409344048601
2018-03-02,0.7300010780863608,0.6766490201152341,0.7784390927134514
2018-03-05,0.730493022233964,0.6756408721420477,0.7786441919648016
2018-03-06,0.7302002570512509,0.6758724701780473,0.7787606527530849
2018-03-07,0.731342420765374,0.6760462846289226,0.7787695192306794
2018-03-08,0.7305028371160797,0.6757509182126933,0.7793969827457865
2018-03-09,0.7283382387834884,0.6759433194037644,0.7789796313778851
2018-03-12,0.7290169239461651,0.6760898912974918,0.7795007493308774
2018-03-13,0.7290046637602433,0.6764765927410811,0.7788337543515176
2018-03-14,0.7284992032145681,0.6764147923605273,0.7788485988065166
2018-03-15,0.7303331176617008,0.6759683714479908,0.7792945322075964
2018-03-16,0.7291591375580716,0.675107533941721,0.779063071840376
2018-03-20,0.7291438931919784,0.6758069517057096,0.7791484694537834
2018-03-21,0.7269092940593651,0.6749953638761398,0.7787758834308002
2018-03-22,0.7270033640348729,0.6756336062925385,0.778728473386203
2018-03-23,0.7251536599328238,0.675441792378686,0.7791313880046581
2018-03-26,0.7230848382098714,0.6759843655833574,0.77908088107738
2018-03-27,0.7253437242533627,0.6756073303868066,0.779505185515552
2018-03-28,0.7243274818778836,0.6747797683098958,0.7797989484583405
2018-04-02,0.723136296452652,0.6746405374021407,0.7796777710646047
2018-04-03,0.7216175944713319,0.6744487036632454,0.7802411129657277
2018-04-04,0.7207546305619591,0.675356024927433,0.7803502747965113
2018-04-05,0.7210694942541481,0.6749371489304379,0.7796903321131462
2018-04-06,0.7203853366791513,0.674701213341887,0.7796586484609972
2018-04-09,0.7185391869997304,0.6746737559068324,0.7792218972100767
2018-04-10,0.7192093996769434,0.6752288292143257,0.7793831507607843
2018-04-11,0.7178987726896873,0.6750042787882692,0.7796737444493551
2018-04-12,0.7190621271464392,0.6742816666115322,0.7798088122990134
2018-04-13,0.7190657477236755,0.6744917761965148,0.7802598034533212
2018-04-16,0.7194003470478159,0.6746872067364468,0.7806042494426904
2018-04-17,0.7202759052408554,0.6743685170149446,0.7803607557028736
2018-04-18,0.7192586122851685,0.6744067371243836,0.7797554047434307
2018-04-19,0.7202669736380204,0.6743628500981663,0.7798859882643916
2018-04-20,0.7199164518516823,0.6737262537396309,0.7793830540004842
2018-04-23,0.7224571177264313,0.6736242902031219,0.7802889523559202
2018-04-24,0.7222327907782093,0.6739909756169351,0.7804849800246635
2018-04-25,0.721229076139965,0.6739279779420873,0.7811656868754794
2018-04-26,0.7212186105688865,0.6741374119391377,0.7811711389624248
2018-04-27,0.7202101792391477,0.674418115045344,0.7813970339897844
2018-04-30,0.7200424589857652,0.6740965941625451,0.7810888038920979
2018-05-02,0.7197090728908773,0.6742748361727479,0.7806676309273345
2018-05-03,0.7208883660300432,0.6738811579793903,0.7805810455089908
2018-05-04,0.7193148259917502,0.6735226604257698,0.7812611554078176
2018-05-07,0.7191815343752005,0.6740138836574788,0.7809961139441571
2018-05-08,0.7187895404087664,0.6739764234812171,0.7808433686626742
2018-05-09,0.7184606861775736,0.6747646631382498,0.781277943748781
2018-05-10,0.7167558464812721,0.6743250472412952,0.7809088464864821
2018-05-11,0.7175926161649968,0.6737055081287214,0.781265926003691
2018-05-14,0.7186380531094979,0.6740474920124865,0.7815826038237252
2018-05-15,0.7158947557954849,0.6740149963982797,0.781330742544221
2018-05-16,0.7172708886408019,0.6744116147591184,0.7809740465395197
2018-05-17,0.7167122546843174,0.6741412804721003,0.7813250650046613
2018-05-18,0.7195098184771671,0.6738540048099361,0.7813488479754657
2018-05-21,0.7206798038758846,0.6739358152363008,0.7814681385300631
2018-05-22,0.718290708169488,0.6741075645752774,0.7815980349070034
2018-05-23,0.7186555676079681,0.673929981357767,0.7821481674738077
2018-05-24,0.7188491347105593,0.6735166140908214,0.78168005577659
2018-05-25,0.7183193759812496,0.6737030805162868,0.7816652228456066
2018-05-28,0.7174695978223579,0.6733094114410365,0.7821107845257351
2018-05-29,0.7169218865388814,0.6735346373530268,0.7827238371411458
2018-05-30,0.7163946221250304,0.6736076461029599,0.7830054386233878
2018-05-31,0.7170596501051443,0.6726670175784295,0.7830946018537791
2018-06-01,0.7167244988842545,0.6726569922790818,0.782561160212462
2018-06-04,0.7170880552496479,0.6726603424320361,0.7823001502324002
2018-06-05,0.7200453961384069,0.6732602414365452,0.7833377252400329
2018-06-06,0.7217579131646086,0.6733145184758599,0.782846055916681
2018-06-07,0.7234513632826749,0.6733909783753086,0.7829704237108795
2018-06-08,0.7244895002915709,0.6730766927933369,0.7828215716202892
2018-06-11,0.7224757862464779,0.673352767412568,0.783542277730649
2018-06-12,0.7206225227488914,0.6732033796426006,0.7825226413112197
2018-06-13,0.7223298877142118,0.6727190465370334,0.7826501511635796
2018-06-14,0.7237951247405094,0.6726680834997903,0.7825401645651677
2018-06-15,0.7236362589936323,0.6733236203242547,0.782703924324742
2018-06-18,0.7229045356637327,0.6726111263671241,0.7827939576521726
2018-06-19,0.7222519567901744,0.6727973192854969,0.7826026162556333
2018-06-20,0.7215944312122485,0.6725375653036098,0.7829013913447216
2018-06-21,0.7215950137955489,0.6729744476670131,0.7825133643715481
2018-06-22,0.7214370320423514,0.6729840869704846,0.7821196184743663
2018-06-25,0.722412609868128,0.6722894313525054,0.7830126130986831
2018-06-26,0.7210227103874571,0.671579009876963,0.7818220145989472
2018-06-27,0.7246612933856543,0.6718485897619391,0.782027139911734
2018-06-28,0.7238272481333269,0.6713042896512554,0.7824384662045595
2018-06-29,0.7226370077325575,0.6710201352939223,0.7820206445230058
2018-07-02,0.7224727810798464,0.671722730815837,0.7816731019946505
2018-07-03,0.7228341850370501,0.6720262626958162,0.7816691886082464
2018-07-04,0.7241625606980032,0.6720216018642914,0.7821334303143945
2018-07-05,0.7221422355131948,0.6713543579465143,0.7821131226734055
2018-07-06,0.7210406176321265,0.6718927031074493,0.7817958175091753
2018-07-09,0.7247970127265664,0.6721296247411981,0.7825965553172851
2018-07-10,0.7232685736127369,0.6720604657589739,0.7819434549776232
2018-07-11,0.7251480001001507,0.6714976255617539,0.7822881619567854
2018-07-12,0.7225607055252002,0.6716840925275022,0.7825836962443273
2018-07-13,0.7213932301091915,0.6713825186758761,0.782517976649267
2018-07-16,0.721557920701355,0.6712631633272821,0.7824328447433112
2018-07-17,0.7215323582993365,0.672169151594843,0.7826383627179822
2018-07-18,0.7218881520986787,0.6717204811334708,0.7833070890571634
2018-07-19,0.721881954417209,0.6722450738065379,0.7830615823515573
2018-07-20,0.7222409120118468,0.6709990151079674,0.7828592437832962
2018-07-23,0.7223994164938609,0.6717205902736324,0.7831318342031143
2018-07-24,0.7230418928927098,0.6712431513038164,0.782640682940041
2018-07-25,0.7240751368902812,0.670675840965659,0.7835424204046546
2018-07-26,0.7227243122120331,0.6703702008513972,0.7827027847231584
2018-07-27,0.7244614942741264,0.6704075295915548,0.7821886183581006
2018-07-30,0.7278027198441244,0.6702474401661072,0.7823513848262286
2018-07-31,0.7252145997368081,0.6699606129474829,0.7827076045484781
2018-08-01,0.7270933281080483,0.6701937251953112,0.7824592077706216
2018-08-02,0.7266159470617254,0.6703729380716675,0.7827658142409281
2018-08-03,0.7277456601061862,0.67047947681718,0.782985799208453
2018-08-06,0.727281326131691,0.6702218004243887,0.7830250211963765
2018-08-07,0.726606270303677,0.6702166647252713,0.7830827099878431
2018-08-08,0.7230986826138645,0.6693371653329186,0.7839021697655757
2018-08-09,0.7240338644885904,0.6690646366450995,0.7837634123742728
2018-08-10,0.7216183689898363,0.6695130276926321,0.7837759471250934
2018-08-13,0.721904236003936,0.6686740666775229,0.7832365725142033
2018-08-14,0.7229695484980141,0.6688919965717001,0.7835528756307454
2018-08-15,0.7236859851806627,0.6687443037153261,0.783416466670845
2018-08-16,0.7233616586431266,0.669490331598413,0.7838318584819761
2018-08-17,0.7215774894883513,0.6693889677348835,0.7833382691259175
2018-08-20,0.7224183411804423,0.6695895981471268,0.7836866936510157
2018-08-21,0.7214122051254246,0.6691783439615994,0.7840787064551407
2018-08-22,0.7212089036127658,0.669704770973028,0.7844544022960991
2018-08-23,0.7194795880460895,0.6695331748296177,0.7842398358161335
2018-08-24,0.7200352679697588,0.669332587777826,0.7843194122126349
2018-08-27,0.7185268337227119,0.6689178067364464,0.7845254454277578
2018-08-28,0.7194472760818998,0.6681045344619165,0.7848339672553252
2018-08-29,0.7185014268384236,0.6679587421859173,0.7849192243829904
2018-08-30,0.7184285451526398,0.6678533686161096,0.7845800866769872
2018-08-31,0.7201829561933487,0.6680762729861018,0.784338831608809
2018-09-03,0.7200217895825216,0.6680872116821791,0.7843263549719596
2018-09-04,0.7202011163109763,0.6682734303245053,0.7847199755677187
2018-09-05,0.7198445371335341,0.6685896574407875,0.785030453608292
2018-09-06,0.7201852015812233,0.667943512885873,0.7848828776654367
2018-09-07,0.7200787111089908,0.6679414549060617,0.7844857557186008
2018-09-10,0.721833345511249,0.6678908869728875,0.7841554440371473
2018-09-11,0.7230132780874673,0.667766933129956,0.7844132864762924
2018-09-12,0.7245196971786879,0.6668764136185227,0.7846075816829482
2018-09-13,0.7240226511299889,0.6667276517354908,0.7845897666811311
2018-09-14,0.7231788326178872,0.6670700574508109,0.7849997945097075
2018-09-17,0.7259007033188737,0.6664364304111842,0.7847975380893981
2018-09-18,0.7256625038835443,0.6663461396193612,0.7846986978250112
2018-09-19,0.7266631082238363,0.6666603568440145,0.7848263688284718
2018-09-20,0.7273347270620226,0.6665250169082769,0.7848076588028948
2018-09-21,0.7297403545710354,0.6665798707711372,0.7845911413766516
2018-09-24,0.7302559249617263,0.6659810593114275,0.7846340926461158
2018-09-25,0.7292686145448861,0.6666425876385956,0.7845752793917474
2018-09-26,0.7285852456620415,0.6657546656239098,0.7850698527877594
2018-09-27,0.7254013584364497,0.6667570576528101,0.7846219274972224
2018-09-28,0.7279317424140082,0.6668271170303238,0.7842964703235649
2018-10-01,0.7285845668151327,0.6667238095036889,0.7847948286293566
2018-10-02,0.7299504328737316,0.6662348586384317,0.7849339471331825
2018-10-03,0.7297772410831225,0.6661231467990592,0.7849884539417284
2018-10-04,0.7272347862473869,0.6650946046721039,0.785560143908008
2018-10-05,0.7264039556177768,0.6647873409553433,0.7856395511756864
2018-10-08,0.727910586299015,0.6649498196367059,0.7861486995053074
2018-10-09,0.7263823798175048,0.6646345639327784,0.7851139242791266
2018-10-10,0.72604427099764,0.6647238968016388,0.7857073489928272
2018-10-11,0.7252269223646489,0.664781089069512,0.7855514953617163
2018-10-12,0.7245249539011752,0.6643010994920654,0.7852145737709316
2018-10-15,0.7245384497834293,0.6646607762109693,0.786251141434215
2018-10-16,0.7253960768846023,0.6636167500293888,0.7857074928752119
2018-10-17,0.7246413538001083,0.6636561793853755,0.786313148607511
2018-10-18,0.7239965455049452,0.6632275733490954,0.7856514999240368
2018-10-19,0.7262023017397672,0.6625554237256056,0.7855318906574452
2018-10-22,0.7294364644332036,0.6626857656398768,0.7865463865515326
2018-10-23,0.7280660875667496,0.6629669473356518,0.7872905292414304
2018-10-24,0.7255368523360594,0.6629306836960586,0.7869126612588448
2018-10-25,0.7267341757810636,0.6630889764653761,0.7856360953622623
2018-10-26,0.7290791541633675,0.6625220098868396,0.7859756366840319
2018-10-29,0.7251839251143211,0.6632707214921121,0.7859572246407278
2018-10-30,0.722422524552279,0.6633341498956474,0.7856845448462478
2018-10-31,0.7214134279746625,0.6631348488169334,0.7858740387782419
2018-11-01,0.7205790254578964,0.6631468656079116,0.7862834786126625
2018-11-05,0.7175205489370836,0.6631707965958209,0.7857207726859776
2018-11-06,0.7166317684912561,0.6629520598505726,0.7861284386393619
2018-11-07,0.7159762470878146,0.6629603876072186,0.785590939667002
2018-11-08,0.7148084050912702,0.662856289668915,0.7855661056375699
2018-11-09,0.7138197346073623,0.6632881563935041,0.7862305541082252
2018-11-12,0.7146674377569698,0.6632284133553388,0.7853740472844853
2018-11-13,0.7116891913190853,0.6631840863900574,0.7857753909291175
2018-11-14,0.7106104448724541,0.6636012463649592,0.7856522362669531
2018-11-15,0.7090106730928091,0.6636615001489526,0.7860735293380399
2018-11-16,0.7070836181524679,0.6640496897928208,0.786105166174308
2018-11-20,0.7070898604189251,0.6641270829049867,0.7859825021129309
2018-11-21,0.7063860260587478,0.6639031366041114,0.7862719879215113
2018-11-22,0.7048517193945854,0.664962077743303,0.7862531020173846
2018-11-23,0.7044997006578883,0.6632657842074307,0.7864322642222572
2018-11-26,0.7050361309139233,0.663370541199979,0.7866164425826613
2018-11-27,0.7035005501273445,0.6643531776872075,0.786444281693494
2018-11-28,0.7044091471635384,0.6636630906959387,0.7870992639783715
2018-11-29,0.70293250920646,0.663641385896498,0.7875696052966339
2018-11-30,0.7026374949199945,0.6632658760942879,0.7872626977140854
2018-12-03,0.701948877932236,0.6629488496112171,0.7870066055071929
2018-12-04,0.7001713835249428,0.6625660248854197,0.7878663400392264
2018-12-05,0.7020824790279485,0.662447627223182,0.7874414318245259
2018-12-06,0.700862022921145,0.6635878540231811,0.7876824244467774
2018-12-07,0.7013347770448932,0.6626668905847093,0.7879861197825895
2018-12-10,0.7016414908844872,0.6630200024264448,0.7878581883148466
2018-12-11,0.7017523054417103,0.6631342135876346,0.7881328500506816
2018-12-13,0.7006758941682694,0.6632060952931149,0.7889126280407462
2018-12-14,0.6987578874036264,0.6628902520295306,0.7887375519124049
2018-12-17,0.6981775874154911,0.6634079182078838,0.7888026244432532
2018-12-18,0.7010105562626575,0.6631282411727221,0.7888054025870458
2018-12-19,0.7012951969566263,0.6629602923230048,0.7884391926490147
2018-12-20,0.7010044786164972,0.6629917686430802,0.788411551653255
2018-12-21,0.6988505996526364,0.66362181120634,0.7886162413554143
2018-12-24,0.69886041203769,0.6641264715149175,0.7881924598251913
2018-12-26,0.7037280690711327,0.6635894590068279,0.788403520376487
2018-12-27,0.7028718259833572,0.6640055650733011,0.7886416706903825
2018-12-28,0.7033951375285874,0.66411780619365,0.788152444256351
2018-12-31,0.7031948918344156,0.6636302143687016,0.788761293076892
2019-01-02,0.699961655773826,0.6634282181960164,0.7881531790142918
2019-01-03,0.699069595413728,0.6634289209119079,0.789282770542653
2019-01-04,0.6979399389213432,0.6631222298601438,0.7888081450897695
2019-01-07,0.6964633470712664,0.6634384050001408,0.7886802230943291
2019-01-08,0.6954209873282311,0.6637972269062937,0.7882355602115357
2019-01-09,0.6948375191624293,0.6628517543087741,0.7883674273773256
2019-01-10,0.696923300013186,0.6638190505342706,0.7881765177114624
2019-01-11,0.6965627243002003,0.6635274510257312,0.7889805894076737
2019-01-14,0.6991195146558895,0.6632095430650844,0.7887974694138367
2019-01-15,0.6968647911520994,0.6634367019867586,0.7885593252422146
2019-01-16,0.6982880587547293,0.6631107781068529,0.788891410962049
2019-01-17,0.6975542692045108,0.6622772108571497,0.7889263690408905
2019-01-18,0.6999956244212583,0.6630172461185788,0.7891002309941656
2019-01-21,0.7023585100033464,0.6631091769958017,0.7891651880049355
2019-01-22,0.7051018240890633,0.663410624101146,0.7885686248683305
2019-01-23,0.7014641007271178,0.6632069647319189,0.7886321331403315
2019-01-24,0.7017899758358831,0.6627050853045316,0.7897443824816506
2019-01-25,0.7029943840432422,0.662704579418947,0.7892584414398849
2019-01-28,0.7006867741683668,0.6630123536005101,0.7886711029847865
2019-01-29,0.7004911587236181,0.6623932613522479,0.7883217085876444
2019-01-30,0.7005964241623422,0.662988209256054,0.7889716309879049
2019-01-31,0.6973550408651332,0.6623468465015699,0.7883680027928428
2019-02-01,0.7001199107494188,0.6628699625771386,0.7882705912825609
2019-02-05,0.6983962928256784,0.6621682051495968,0.7889043122753417
2019-02-06,0.6993246504368743,0.6619238958252176,0.7892745241882148
2019-02-07,0.6990249586413904,0.6615550154107455,0.7889780994759396
2019-02-08,0.6990322482527713,0.6620576585266412,0.7893876798065143
2019-02-11,0.6987464568622519,0.6626472300162654,0.7891171669181565
2019-02-12,0.7005283869041299,0.6620451721752598,0.7905438799637458
2019-02-13,0.7029335603275112,0.6623442737252947,0.79098180473844
2019-02-14,0.702237816334823,0.6624969851010247,0.790534894898703
2019-02-15,0.7006649346189819,0.6625808094804775,0.7903999606784083
2019-02-18,0.7013848683422348,0.6622453291681841,0.7903360641228264
2019-02-19,0.7033197766315034,0.6620624175349014,0.7909896591062906
2019-02-20,0.7019246633658662,0.661866673986035,0.790851513213273
2019-02-21,0.7025946042837546,0.6618456356445606,0.7907222887820118
2019-02-22,0.7031540903817105,0.6617305387472179,0.7904326089089786
2019-02-25,0.7042666449248736,0.6622049929487912,0.7906879261773019
2019-02-26,0.7042530000928157,0.6616566985229756,0.789976933729007
2019-02-27,0.7029104116565561,0.6613654988578882,0.7898730220521208
2019-02-28,0.703783983379108,0.6612539320451728,0.7908825453896458
2019-03-01,0.7037845310064786,0.6615039061167187,0.7904801618824648
2019-03-04,0.7030185772224433,0.6619666066108802,0.7902989659598283
2019-03-05,0.7038686004949879,0.6616363460056605,0.7895313578284563
2019-03-06,0.7038684701406632,0.6608012999587112,0.7898472396790748
2019-03-07,0.7004802259132776,0.6615788979226515,0.7897481332390469
2019-03-08,0.6988922404424995,0.6615770305575229,0.7897229029684509
2019-03-11,0.6984975058275382,0.6616441341843966,0.7891122190114972
2019-03-12,0.6981335673743325,0.6617257484151213,0.7897904742596578
2019-03-13,0.700239919706364,0.6622552631323437,0.7900397320669591
2019-03-14,0.702682225598774,0.6620770233191108,0.7901903706495692
2019-03-15,0.7011012306672818,0.662205164579321,0.790534414577063
2019-03-19,0.7003993300112024,0.6620763743301397,0.7905201156991591
2019-03-20,0.6999079465199348,0.6618708842545206,0.7902774625732583
2019-03-21,0.7015933261202075,0.6612100954092685,0.7909522656842168
2019-03-22,0.6989319561235123,0.661176765960482,0.7909177197630253
2019-03-25,0.69853574365579,0.6615867257929307,0.7912321876047527
2019-03-26,0.6964515691427398,0.6616918853979712,0.7914620150753954
2019-03-27,0.6976929393921223,0.6614289807938822,0.7912466249337491
2019-03-28,0.6978556612994605,0.6611233517674177,0.7902429847670537
2019-03-29,0.6965571128101067,0.6615900065887874,0.7907760424867271
2019-04-01,0.6973945802889788,0.6622637686045226,0.7914822090008234
2019-04-02,0.6970870394851555,0.6609381226423208,0.7913716183348798
2019-04-03,0.6969223385569389,0.6619288480537417,0.7902409029636963
2019-04-04,0.6958872504004252,0.6613141935410773,0.7905530173901925
2019-04-05,0.6985731841056191,0.6616893697151099,0.7911939936727691
2019-04-08,0.6991141850046453,0.6614858710877846,0.7913106029179559
2019-04-09,0.7008664654064491,0.661338606143309,0.7914332174936011
2019-04-10,0.7020980342456584,0.660915498298611,0.7911912167640118
2019-04-11,0.7021127337035259,0.660328170557728,0.7917104449657377
2019-04-12,0.7035435012874908,0.6603913594915557,0.7918081390431262
2019-04-15,0.7022570370552971,0.6604314530761449,0.7919876115717894
2019-04-16,0.6996825008275203,0.6603433417770008,0.7928998357053151
2019-04-17,0.6998021197431443,0.6597725705945283,0.7923322989345262
2019-04-22,0.7010521846906466,0.6602425364172939,0.7931148763478918
2019-04-23,0.7032232712471205,0.6605953115028256,0.7928839602724065
2019-04-24,0.7020956961587634,0.6604640144959125,0.792270513706505
2019-04-25,0.7034381468284249,0.6603234521950004,0.7916839665664688
2019-04-26,0.7088520690141985,0.659763708543128,0.7924022901717801
2019-04-29,0.7075785949123129,0.6594704980965698,0.7925172006584493
2019-04-30,0.7086276423957762,0.6597462032820105,0.7932606326634242
2019-05-02,0.7122538993202578,0.6587348379387858,0.7930878455148879
2019-05-03,0.7163242988638666,0.659012920819902,0.7931472152490298
2019-05-06,0.715773054370767,0.6583489318613931,0.7930972698088207
2019-05-07,0.7163255079668859,0.6584247555636137,0.7925292892763742
2019-05-08,0.7192769653554949,0.6582007759779367,0.7933808246571485
2019-05-09,0.7189801707092043,0.6582811719330912,0.7930487280654767
2019-05-10,0.7216497197510882,0.6583416424582865,0.7929357885524658
2019-05-13,0.7208286237042545,0.6584519789422445,0.7927008824592184
2019-05-14,0.7205568364942031,0.6581491820785323,0.7924732283772246
2019-05-15,0.7203061408857453,0.6582240208971939,0.7922947224878245
2019-05-16,0.7230326232151615,0.6585147825712528,0.7923531599824365
2019-05-17,0.7221754489311367,0.6588517526334798,0.7925550341883835
2019-05-20,0.723223759383837,0.6581856485058386,0.7930577903850954
2019-05-21,0.7233849394257049,0.6584075872100907,0.7924303373408813
2019-05-22,0.7238046842673949,0.6589531337221324,0.7916824487174918
2019-05-23,0.7261496040840691,0.6589343607750681,0.7928547850928853
2019-05-24,0.7280136718025543,0.6586899112414234,0.7927259151569983
2019-05-27,0.7300549246530016,0.6588578376367802,0.7932892117781758
2019-05-28,0.7316009651062947,0.6582445736560422,0.7930388397748432
2019-05-29,0.7322688349154509,0.6581798460141866,0.7928062083254973
2019-05-30,0.7312492687102662,0.6589505288041042,0.7922569189930126
2019-05-31,0.7304078963281924,0.6589290142041689,0.7921232733942231
2019-06-03,0.7293721679245353,0.6586011490650566,0.7932298075904725
2019-06-04,0.7305533090790901,0.6579696278486187,0.7925577203445813
2019-06-05,0.7272130594318903,0.6585683067237905,0.7926585432673217
2019-06-06,0.7280967518221233,0.6577209591596559,0.7926424804726719
2019-06-07,0.7302708058641745,0.6581157170308111,0.7919530025938893
2019-06-10,0.727942533875777,0.6588153809102284,0.7925884590534317
2019-06-11,0.7292590439252575,0.659102330657533,0.7921930775255103
2019-06-12,0.7310906325726193,0.658626305230145,0.7921256073740016
2019-06-13,0.7320979488589948,0.6583970886043179,0.7919460977661472
2019-06-14,0.732785541857081,0.6584237772993188,0.7913181502670215
2019-06-17,0.7332729290264565,0.6581277438183089,0.7911246725824764
2019-06-18,0.7337712648555867,0.6592167071288266,0.7914629192972131
2019-06-19,0.7335527789255173,0.658891316248877,0.7915682190664457
2019-06-20,0.732169469215998,0.6595088886060336,0.7917988904059332
2019-06-21,0.7338596801215566,0.6590926095429506,0.7922817636870992
2019-06-24,0.7338406775010876,0.6584199108719263,0.7923873269900001
2019-06-25,0.7330217711320037,0.6595348646025065,0.7921271520448309
2019-06-26,0.7330381457854996,0.6587851140388692,0.7919336806020886
2019-06-27,0.7328951162325159,0.6593791335471352,0.7928190793055389
2019-06-28,0.732750778719376,0.6585996748454435,0.7934816104515798
2019-07-01,0.7337714875239524,0.6590485741466311,0.7935583488467349
2019-07-02,0.7339541360307847,0.6589310713210772,0.7934674673409823
2019-07-03,0.7309030384565451,0.6586961766866049,0.7932677319741267
2019-07-04,0.7322737342039156,0.6590791866542348,0.792551993928382
2019-07-05,0.7317319199726632,0.6587775073442219,0.792530691386982
2019-07-08,0.7312589209461878,0.6594109048640223,0.7927565361809783
2019-07-09,0.7315933676611622,0.6596421128558025,0.7929332369764661
2019-07-10,0.7305662224705374,0.6591402572828307,0.7928591250455855
2019-07-11,0.73140286732651,0.6589995875559175,0.7930727117260717
2019-07-12,0.7303857819103087,0.6591085863844166,0.7930480970089895
2019-07-15,0.7314169777861517,0.6587222701789283,0.7926407898521503
2019-07-16,0.7319068080164612,0.6590340526128994,0.7930344703149865
2019-07-17,0.7316934433695312,0.6593809019290479,0.7931100176825445
2019-07-18,0.7308489769884448,0.6594308320568196,0.7933346766566743
2019-07-19,0.729473014844864,0.6596684297910339,0.7935510146528497
2019-07-22,0.7288131667281335,0.6588239478109461,0.7930552175704931
2019-07-23,0.7293278586426668,0.6587657691151614,0.7929259071914233
2019-07-24,0.7294825964463145,0.6587857188694829,0.7928063859021292
2019-07-25,0.7301826509370546,0.6589571640184496,0.7930651073943237
2019-07-26,0.7299749850030978,0.6585500529985319,0.7935013673199651
2019-07-29,0.7316744829099333,0.6585117846166478,0.793233291377156
2019-07-30,0.7306915446601349,0.6583466950210409,0.7935929422933905
2019-07-31,0.7296912610714983,0.658150718710883,0.7935263643564497
2019-08-01,0.7307680946463816,0.6582386969857139,0.7933954984661687
2019-08-02,0.729159084776719,0.6586050798823984,0.7935647071829677
2019-08-05,0.726164295775667,0.6584830589560796,0.7930338794217676
2019-08-06,0.7275768940261322,0.6583532012763781,0.7931791463094282
2019-08-07,0.7294224391324362,0.6574233483365323,0.793123558821793
2019-08-08,0.7289379052118551,0.6575247423121414,0.7936484769178731
2019-08-09,0.7291021214623502,0.6582074795007149,0.7934083527163233
2019-08-12,0.7279606614252581,0.6575905917177961,0.794222633556101
2019-08-13,0.7278982949982441,0.6574312387743855,0.794636467016243
2019-08-14,0.7283703847888132,0.6577093225069044,0.7950241486034332
2019-08-15,0.7273629774937185,0.6567359339106349,0.7944471687308595
2019-08-16,0.7257816244151156,0.6572010798169459,0.7947570799372172
2019-08-19,0.7241004462900482,0.6566970407601148,0.7945978454742355
2019-08-20,0.7225099690676802,0.6562019442200383,0.7949574547847268
2019-08-21,0.7235409409047089,0.6555451902230817,0.7947903180808505
2019-08-22,0.7234893782585012,0.6562588651958243,0.7947765343414531
2019-08-23,0.722496032865107,0.6560063799657873,0.7944717930252049
2019-08-26,0.7223599909170854,0.6558684679710186,0.7938579168492778
2019-08-27,0.7227333827112398,0.6551398392246631,0.7944463840703686
2019-08-28,0.7241041249827278,0.6555692046881569,0.7939900061681229
2019-08-29,0.7208712867425282,0.6554351157516983,0.795112288601354
2019-08-30,0.7186560268913437,0.6553743806753547,0.7948655317498481
2019-09-02,0.7174201898143069,0.6552099679755341,0.7945035431055835
2019-09-03,0.71762401787449,0.6550468941413156,0.7946680234936083
2019-09-04,0.7174330552952761,0.6548130012155837,0.7945784643061237
2019-09-05,0.7163893595709334,0.6551632789677007,0.7948225296897329
2019-09-06,0.7176966715970119,0.6557994120847778,0.7940217376418424
2019-09-09,0.7197093274005103,0.6550720543213264,0.794663310019026
2019-09-10,0.7190215504837245,0.6543698307163899,0.7942580923179587
2019-09-11,0.7210943191800567,0.6545748967494023,0.7942914842007832
2019-09-12,0.7188641193489558,0.655456303288798,0.7944595812752299
2019-09-13,0.719681237416217,0.655130667438159,0.7942203659590352
2019-09-17,0.7186775121215396,0.6547558802612132,0.7942592190353422
2019-09-18,0.7176706577162545,0.6546766069099273,0.7943726588779622
2019-09-19,0.7179725559766942,0.6549715147725546,0.7947593698765186
2019-09-20,0.7188740601214038,0.6540225635586213,0.7948939037335003
2019-09-23,0.7178232035853795,0.6539442694784833,0.7951418560309501
2019-09-24,0.7175060927693471,0.654002668532723,0.7946519299101454
2019-09-25,0.7173149980913232,0.6538602346592428,0.7953678717848871
2019-09-26,0.7193547976327213,0.6540910560220893,0.7950499294745467
2019-09-27,0.7195340659404528,0.6541482730580428,0.7956144980186106
2019-09-30,0.7205114439932994,0.6537944991713515,0.7953291616731375
2019-10-01,0.7196067346597028,0.6546887680624374,0.7953194783614063
2019-10-02,0.7192755308085653,0.6544699719706922,0.7957158056443605
2019-10-03,0.7186296160438377,0.6537565902254888,0.7955241013006559
2019-10-04,0.7164465759008415,0.6541265845419455,0.7957805106793829
2019-10-07,0.7146513347579053,0.6541613428259233,0.7951896466411986
2019-10-08,0.7153320185701846,0.6544504625224444,0.7960142767349997
2019-10-09,0.7167402955370337,0.6543384295895008,0.7956433327297455
2019-10-10,0.7163986953555413,0.6542195608822483,0.7957244917014987
2019-10-11,0.715264590686361,0.6541781316158133,0.7958861085651434
2019-10-14,0.7148781756316559,0.6555332634416315,0.7960195493278406
2019-10-15,0.7148786171984012,0.6540822285574902,0.7969187180840045
2019-10-16,0.7157586327078255,0.6538569704245275,0.7964168967145533
2019-10-17,0.7146886289433033,0.6544906449975243,0.7966767699063053
2019-10-18,0.7124372969313797,0.6544563613771067,0.7961430722131694
2019-10-21,0.7124780680791293,0.6546727043142713,0.7957272331169278
2019-10-22,0.7133165625331922,0.6542648978380358,0.7957489173618257
2019-10-23,0.7142122386923275,0.6548753469702436,0.7955339340213805
2019-10-24,0.7155709159676151,0.654172198634553,0.7957222353475035
2019-10-25,0.7157293110030828,0.6544113518443126,0.7948971382239511
2019-10-28,0.7108582635265088,0.6545263694684867,0.7955197978529824
2019-10-29,0.7115925442840253,0.6534922186568461,0.7957891551556138
2019-10-30,0.7150140662647028,0.6549176817036261,0.795743450283917
2019-10-31,0.7143327055195785,0.654567388471886,0.7957868208177873
2019-11-01,0.7144596915039463,0.6545744205755138,0.7959048991920362
2019-11-04,0.7156429401338191,0.6548297403285395,0.7959485291454552
2019-11-05,0.7173312958973799,0.6546896265892014,0.7961569679572216
2019-11-06,0.7148985966522925,0.6543448320632157,0.795471705477828
2019-11-07,0.7135280702995532,0.6538957310372329,0.7966467305118499
2019-11-08,0.7144259083223021,0.6527126229261057,0.7962723327491913
2019-11-11,0.712851316086484,0.6530463292635038,0.7966078484861103
2019-11-12,0.7124469359698268,0.6533379863433117,0.796069510797648
2019-11-13,0.7125906346848675,0.6535072788983147,0.7962933309897915
2019-11-14,0.7119659127850781,0.653512652294423,0.7961323821795097
2019-11-15,0.710724284421799,0.6534032358099332,0.7962567558841728
2019-11-19,0.7108508479130548,0.6532201014768692,0.7958752297751125
2019-11-20,0.7136973107317964,0.6536063239318467,0.7955604081792913
2019-11-21,0.7134111856911493,0.6541147911975163,0.7957068716426374
2019-11-22,0.7138367552233456,0.6538897874617946,0.7953167265521139
2019-11-25,0.7148787353943454,0.6540403795927104,0.7953389343710084
2019-11-26,0.7121481952215432,0.6533868292175424,0.7961969548150526
2019-11-27,0.7100843426655735,0.6534889560753699,0.7965376418014438
2019-11-28,0.7124015201039101,0.6523842770249042,0.7959253179712554
2019-11-29,0.7129213597798835,0.6531115582649765,0.7957473527800782
2019-12-02,0.709791790895067,0.6531088326403129,0.7949115943195341
2019-12-03,0.7105674356684082,0.6525425765313355,0.7951411643224701
2019-12-04,0.7098381777353658,0.6526582942261407,0.795223115612773
2019-12-05,0.7095297098178633,0.652010933243885,0.7944287792706133
2019-12-06,0.7104303886454852,0.6524858994691521,0.7954200631816426
2019-12-09,0.712457729873767,0.6535380576169737,0.7950688434375465
2019-12-10,0.7079256617688423,0.6534973285164853,0.7954922059864566
2019-12-11,0.7087607132397638,0.6531935894174511,0.795950756897601
2019-12-13,0.7098911171895038,0.6532188877299007,0.7966319450351792
2019-12-16,0.7081514402657548,0.6526131027086643,0.7969890231119817
2019-12-17,0.709640839349799,0.6514904151337723,0.7962006242068388
2019-12-18,0.7070503218190827,0.6516629004766814,0.7970078423503858
2019-12-19,0.7075787546267704,0.6518420216159266,0.7970757608753349
2019-12-20,0.7080559722395722,0.652185968200882,0.7972202612429093
2019-12-23,0.7097882482530331,0.6518390691280679,0.7972082185149382
2019-12-24,0.7099699603021358,0.6526128291090983,0.7977957792451663
2019-12-26,0.7092373899089705,0.652246494397644,0.7973473653246405
2019-12-27,0.7092267883526644,0.6524482240339483,0.7976701200743513
2019-12-30,0.7105064678543559,0.6529511256423085,0.7982173568203657
2019-12-31,0.7071934233690456,0.6528500924923222,0.798561332454792
2020-01-02,0.7042610902388231,0.6522977160232409,0.7983487116580802
2020-01-03,0.7039284562591854,0.6523081892922744,0.7983806986809441
2020-01-06,0.7042863198250072,0.6518025021058131,0.7974836687604072
2020-01-07,0.7046419846330255,0.6523475205700638,0.7977428192844734
2020-01-08,0.7027236841602486,0.6524285012329177,0.7976511379457046
2020-01-09,0.7031242542878785,0.6517944588267437,0.797878204091315
2020-01-10,0.7033720551834907,0.6512791086304691,0.7986744570769257
2020-01-13,0.7039864486986506,0.6504837781302144,0.79932345916077
2020-01-14,0.7053862100755566,0.6509857389265986,0.7990488955245517
2020-01-15,0.7036558952192236,0.6509595123148172,0.7990898442031689
2020-01-16,0.7029535476998996,0.6504529780972695,0.7976529056108709
2020-01-17,0.704375071756469,0.6508789272651292,0.7978157631650292
2020-01-20,0.7066574581676837,0.6506072588673789,0.7979818564930585
2020-01-21,0.7066269524967214,0.6505413465649248,0.7983102399571631
2020-01-22,0.7052464750246387,0.6500217264375928,0.7985108026230762
2020-01-23,0.7047155837888848,0.6506163771364034,0.7996839166691426
2020-01-24,0.7043928927706222,0.6494235415765274,0.7996584044850685
2020-01-27,0.7007228271631808,0.6503521130069401,0.7997419424776958
2020-01-28,0.6995826602685418,0.6492391201269705,0.7997894519580481
2020-01-29,0.6989275439348397,0.6494298928042773,0.7995951269342504
2020-01-30,0.7008995873844979,0.6489968342604682,0.7991161148748096
2020-01-31,0.7008046900822014,0.649202219626617,0.7991575693178017
2020-02-04,0.7003523322953459,0.6495196253596884,0.7995259571759338
2020-02-05,0.7025920236124371,0.6490265475959759,0.799192578667904
2020-02-06,0.7021059254122993,0.6488447998336505,0.7990321327349014
2020-02-07,0.7032998611444755,0.6484266104479142,0.7990489751401841
2020-02-10,0.7068056457175301,0.6491670660545441,0.7991503887642931
2020-02-11,0.7036877110526082,0.6489864203096632,0.7992022062173848
2020-02-12,0.7036562898300444,0.6494556210113743,0.7992470480101876
2020-02-13,0.703128768598407,0.6493900236265285,0.799517230412469
2020-02-14,0.7038076504034585,0.6502630150253604,0.7991435147746582
2020-02-17,0.7052351288105988,0.6501689930636235,0.7991227241561314
2020-02-18,0.7056736211500461,0.6495823109222119,0.7990647642708872
2020-02-19,0.705240411718728,0.648918585576965,0.7990831633974783
2020-02-20,0.7057598596123745,0.6485470756304127,0.7996117765599907
2020-02-21,0.7106743411049665,0.6494172847925254,0.799181110031858
2020-02-24,0.7106632163488451,0.6492991307408265,0.7996349130634649
2020-02-25,0.7089287180715393,0.6495826280757555,0.798981869552402
2020-02-26,0.7092791590942573,0.6500596512165975,0.7990781413278194
2020-02-27,0.7097762277967108,0.6490684015501661,0.7987024604819901
2020-02-28,0.7116464042160955,0.6484840792251134,0.7988790149662094
2020-03-02,0.711910614641925,0.6490409849719571,0.7990240717721875
2020-03-03,0.7099594501093882,0.6485927735287764,0.7991094166068812
2020-03-04,0.7062057361115496,0.6485276509512308,0.7991611012922745
2020-03-05,0.7073476889223057,0.6486135836079903,0.7984295675418631
2020-03-06,0.7058177055817922,0.6485462069724227,0.7988803254891647
2020-03-09,0.7032488797540717,0.648179339305913,0.7983987551074676
2020-03-10,0.6990143961690232,0.6477832015160393,0.798637058390803
2020-03-11,0.6967892448767998,0.6479038949424133,0.799024899013057
2020-03-12,0.6956360653204827,0.6476514579351035,0.7985510294544029
2020-03-13,0.6940373179873743,0.6479889083559364,0.7994036154628116
2020-03-17,0.6936869154019709,0.6476669892799123,0.7992332251926322
2020-03-18,0.6902645703688576,0.6476287615049605,0.7986081719937546
2020-03-19,0.6899315546378508,0.6475351323893762,0.7986433877132983
2020-03-20,0.6890437936410643,0.6478288988341822,0.7978454053946202
2020-03-23,0.6869120924827681,0.6479861078658327,0.798068368532479
2020-03-24,0.6836227418970112,0.6479415171890324,0.7988230047768555
2020-03-25,0.678612644255402,0.6471458529452223,0.7988804978031521
2020-03-26,0.6808516520039294,0.6469137884980432,0.799458289135914
2020-03-27,0.6799106019595137,0.6461978697072244,0.7990917441390402
2020-03-30,0.67988370661331,0.6466470863465429,0.8001181971861003
2020-03-31,0.6775623419922001,0.6463449159377228,0.7999757400492197
2020-04-01,0.6755150710571294,0.6466739368801254,0.7995831119142848
2020-04-02,0.675472599460815,0.646385699125437,0.8001090858827685
2020-04-03,0.6762141124262553,0.6461610020157399,0.7989636201257603
2020-04-06,0.6764019425805694,0.6452371031615183,0.7993194368571978
2020-04-07,0.677303617203604,0.6450254415797803,0.7993293110046472
2020-04-08,0.6770336409164741,0.6451438864015795,0.7993023265079193
2020-04-13,0.676588473892031,0.645141411390278,0.7993496329524723
2020-04-14,0.6773834258819726,0.6448858825531287,0.7997585029673618
2020-04-15,0.6776002938157163,0.6448204748721017,0.7995102256787462
2020-04-16,0.6779298616441686,0.6449915545668659,0.7985559895542454
2020-04-17,0.6738519450530629,0.6442180797328222,0.7990258585928426
2020-04-20,0.6741863428078766,0.6448257464802661,0.7985293293526549
2020-04-21,0.6750923370840405,0.644236118810823,0.7988340364350439
2020-04-22,0.6734466139117667,0.6442147833376053,0.7981948223581071
2020-04-23,0.6752529713621903,0.6440442385226437,0.7989745151841577
2020-04-24,0.6735851246349842,0.6440123312269257,0.7989928092414019
2020-04-27,0.6754917127564324,0.6437580398098662,0.7997722415691644
2020-04-28,0.6709611996853825,0.6449820956323736,0.7987165195425087
2020-04-29,0.6684201578166938,0.6456448493386108,0.7987297971257249
2020-04-30,0.666947567216896,0.6450040796990198,0.7995590865615192
2020-05-04,0.6673283844293713,0.6449646161012719,0.7996140374116252
2020-05-05,0.6665963075114487,0.6452777229730726,0.8001628222117086
2020-05-06,0.666349994469765,0.6453656918509233,0.8000946446386116
2020-05-07,0.6680384871306233,0.6453064829063391,0.8001529929502054
2020-05-08,0.6686020202100554,0.6453217727369132,0.8006457166049266
2020-05-11,0.6700715170871938,0.6456754394367262,0.7990875439289885
2020-05-12,0.6709699981323191,0.6459152461441021,0.7993454998086423
2020-05-13,0.6702252315305529,0.6454556564385804,0.7996575550693552
2020-05-14,0.6700227625588253,0.645359894420509,0.7997585347480902
2020-05-15,0.6688539912230139,0.6454908620320203,0.7992436236767035
2020-05-18,0.6665220055576836,0.6451415200724608,0.7994973198673598
2020-05-19,0.6656186329935039,0.6439219158087176,0.7998886127679317
2020-05-20,0.6656627712509181,0.6447902127487364,0.799838049682778
2020-05-21,0.6647046626573194,0.6443310439873922,0.7991773055966855
2020-05-22,0.6670976700963157,0.6439123447005919,0.7994412905452828
2020-05-25,0.6666803513282356,0.6443053148110177,0.7992863912522014
2020-05-26,0.6668549094331953,0.6435731879327253,0.7994781054895153
2020-05-27,0.6650624144275673,0.6438895228081674,0.7999776546140436
2020-05-28,0.6630940756692062,0.6429065212476873,0.7989845501352086
2020-05-29,0.66379248641717,0.6432022582548882,0.7995127276867493
2020-06-01,0.6650421132525609,0.6434670446404341,0.7994007466591231
2020-06-02,0.6645480530274624,0.643516568093899,0.7988742580950242
2020-06-03,0.664781688155666,0.6439204630463276,0.8002200897898539
2020-06-04,0.6658873195729283,0.6445011573121129,0.7995241454827583
2020-06-05,0.6644234714031879,0.6443873665761446,0.8002905340357628
2020-06-08,0.6643033562055968,0.6446508334710997,0.8007285947844578
2020-06-09,0.6643709985460449,0.6438778338751027,0.7998991027743433
2020-06-10,0.6634705745462798,0.6436698941990432,0.7998374226779926
2020-06-11,0.6605067722539193,0.6438953371180515,0.8002426387692828
2020-06-12,0.661391638296044,0.6436061831102934,0.8002111453546974
2020-06-15,0.6622603689474601,0.6434039283247054,0.8007817928740532
2020-06-16,0.6623817902751623,0.6437070637604336,0.8012404262732938
2020-06-17,0.6643313887553364,0.643070333474314,0.8016064297757942
2020-06-18,0.6669391550528537,0.6425879914726778,0.8013468804471299
2020-06-19,0.6659694708124089,0.6428254159953524,0.801004958647363
2020-06-22,0.6649781659778129,0.642742955496965,0.8013547700016238
2020-06-23,0.663332480292357,0.6429349500143482,0.8007439155535755
2020-06-24,0.6676327743070045,0.642601038885699,0.8006186311285766
2020-06-25,0.6662479885957006,0.6436203166314719,0.8003817386768547
2020-06-26,0.6654463823093193,0.6431190210879874,0.7999651687267558
2020-06-29,0.6669720228033463,0.642310195115695,0.8001136460287157
2020-06-30,0.6686857349976935,0.6428346424476521,0.7998076098757566
2020-07-01,0.6669992034468093,0.6424268302866739,0.7999821904942335
2020-07-02,0.6677560523776477,0.6426002173956459,0.7998310581846173
2020-07-03,0.6671746624031681,0.6421080238966648,0.8002213119304935
2020-07-06,0.6661539398718267,0.6417637505510375,0.7998398358489274
2020-07-07,0.6661518555660132,0.641932536684509,0.7998061387041038
2020-07-08,0.6649388085128969,0.6421281575957808,0.8002987644364508
2020-07-09,0.6656482862334049,0.6419793626123301,0.8000737409271271
2020-07-10,0.667098191391802,0.6425913803533999,0.7996997960381271
2020-07-13,0.66617188105287,0.6424995350860733,0.799875745276301
2020-07-14,0.6649059263271865,0.642440016748009,0.7996819074020781
2020-07-15,0.667177243914587,0.6427118717706901,0.8004623648548858
2020-07-16,0.6666219593064946,0.6425412045608258,0.7998846517589591
2020-07-17,0.6650224682155232,0.6426900024023162,0.7990771164356808
2020-07-20,0.6685538887720162,0.642368761476586,0.7995066353453792
2020-07-21,0.6705637377158614,0.6425078912377462,0.7998685503253894
2020-07-22,0.6701464920749522,0.6425325465011456,0.8001115591200522
2020-07-23,0.6709175947571879,0.6428119373555045,0.8003311384406322
2020-07-24,0.6714565912898367,0.6424929857873233,0.8007825191935669
2020-07-27,0.6722361996169282,0.6425690034551904,0.7999523622341945
2020-07-28,0.6756510967034383,0.6420650067704845,0.8001205350676551
2020-07-29,0.6756714113222425,0.6407791495507423,0.7997816295854459
2020-07-30,0.6753181474911303,0.6417441789987687,0.8001708875832214
2020-07-31,0.6768110914995222,0.6418272001460029,0.8007697214638698
2020-08-03,0.6801473138235687,0.6425472151529185,0.800541728924423
2020-08-04,0.6825324773805771,0.6427431069800775,0.8005257502561692
2020-08-05,0.6820246361931692,0.6420109455759395,0.7999101002267389
2020-08-06,0.6822660563847102,0.6425064220493731,0.7998645907932728
2020-08-07,0.6799872532122903,0.6418293083434344,0.7996637194533052
2020-08-10,0.6800082393752959,0.6419945000835389,0.7992837202189556
2020-08-11,0.68224101133478,0.6418339258425464,0.7993792263750418
2020-08-12,0.6803048980175357,0.6413080633856879,0.7995468564483948
2020-08-13,0.6808662557222819,0.6432548993959,0.7988432984233552
2020-08-14,0.6830775961308081,0.6418715663983448,0.7996584342072126
2020-08-17,0.6849674611674799,0.6421971339470237,0.7991559861912058
2020-08-18,0.6838580318965112,0.6420256142697691,0.7991662895153501
2020-08-19,0.6867065597746054,0.6415106651813908,0.7996276066719444
2020-08-20,0.6855348117756005,0.6420912666757578,0.7983193316950381
2020-08-21,0.6839811510400953,0.6424810858950646,0.7986619932097094
2020-08-24,0.6832628699331638,0.6414393991296691,0.7986528008425394
2020-08-25,0.684672799694555,0.6417012871155574,0.7996368226820176
2020-08-26,0.683584042293977,0.6409938172360364,0.7990833929727242
2020-08-27,0.6869454238507043,0.642238295057723,0.7996949467437569
2020-08-28,0.6903548474950542,0.6414440415752148,0.7991348632711611
2020-08-31,0.6902567879635312,0.64117895033351,0.7992923594027954
2020-09-01,0.6943102891983446,0.6410279002820176,0.7999284060296407
2020-09-02,0.6971707492611184,0.6409720827276716,0.7997175210385911
2020-09-03,0.6940184687800407,0.6414616025748106,0.7998728900506558
2020-09-04,0.6967724626022109,0.6412109363439988,0.7995541863915018
2020-09-07,0.6990425126638102,0.6409161421378661,0.7995235544316439
2020-09-08,0.6989261059170342,0.6412053962982811,0.8000226560980032
2020-09-09,0.6988646236798781,0.6414391279937091,0.7998897084690633
2020-09-10,0.6984867939875165,0.6408846031801203,0.7997845280046952
2020-09-11,0.7016021623970294,0.6414600242494878,0.7988300184625621
2020-09-14,0.7043167546329547,0.6412024209509084,0.7990031763682364
2020-09-15,0.702725397333361,0.6406946615926669,0.7990983931813146
2020-09-17,0.7040955701406029,0.6402421334053751,0.7988935190651745
2020-09-18,0.7034557980671533,0.6404680748225148,0.7981383624903926
2020-09-21,0.7008187353114017,0.6408662552467329,0.7983420351730202
2020-09-22,0.7034187432400953,0.6410306731100031,0.7989984616824168
2020-09-23,0.704494209149227,0.6407125208106345,0.798693006689467
2020-09-24,0.7066065254509264,0.6407764964562599,0.7980089378833964
2020-09-25,0.7094246464060113,0.6401291900930581,0.7990009275278706
2020-09-28,0.7068982348573739,0.6403743160275658,0.7991936568761117
2020-09-29,0.707393238719797,0.6399025398544493,0.7996193242232849
2020-09-30,0.706667957845714,0.6394564850776384,0.7992075494387421
2020-10-01,0.7051566178402301,0.6400506358020117,0.7991004736930113
2020-10-02,0.7043926660603457,0.639383937621718,0.799103214794303
2020-10-05,0.704229974287055,0.6395840266619878,0.7992469705835861
2020-10-06,0.7047950868922007,0.6396010264284551,0.7984809512514666
2020-10-07,0.703942717475486,0.6399444392037705,0.7988824569318118
2020-10-08,0.7030258620775909,0.6401842358611723,0.7995706639206304
2020-10-09,0.6973706451212172,0.6403635751346947,0.7991742327752663
2020-10-12,0.6973478146839295,0.6399491609248611,0.7991776257846924
2020-10-13,0.6973985647258778,0.6399061746912732,0.7997736401147466
2020-10-14,0.6962881207592145,0.6397770626123713,0.7990043212512784
2020-10-15,0.6994511073485383,0.6396834034579789,0.7995486014027962
2020-10-16,0.7031302123739787,0.6397725311958691,0.8000951729771858
2020-10-19,0.6999502453899168,0.6393856112543489,0.7997240804176476
2020-10-20,0.698778225416443,0.639031425778233,0.8006484156217267
2020-10-21,0.7001886580656724,0.6389596394174274,0.8003579480365771
2020-10-22,0.6995570373978818,0.6398497845841432,0.7996684017287956
2020-10-23,0.7021863455976751,0.6392425099580754,0.7990706486606544
2020-10-26,0.7009705484478156,0.6393513049729802,0.7986369716501275
2020-10-27,0.7008185934340259,0.6396962052392186,0.799564867390223
2020-10-28,0.6968764494592683,0.6406700292322973,0.8000809597838651
2020-10-29,0.7000439115750723,0.640235675975794,0.8009617414751129
2020-10-30,0.6960975114819642,0.640160189340721,0.8005115857143139
2020-11-03,0.6957696284180752,0.6399649788947731,0.8003989909161231
2020-11-04,0.699589570474761,0.6399566448582537,0.7999508756794425
2020-11-05,0.7024766989610698,0.6394045130451854,0.79929178819862
2020-11-06,0.702319965816631,0.6397201092429237,0.8002228869602945
2020-11-09,0.6993557320302826,0.6393505111780801,0.8000672018388366
2020-11-10,0.698729554871848,0.6399788631001488,0.800494130627823
2020-11-11,0.6985751465992939,0.6402447316251559,0.8007450229676425
2020-11-12,0.7013949739242813,0.6398754082333065,0.8004824125452147
2020-11-13,0.7013896267898052,0.639192973659545,0.7993987140870056
2020-11-17,0.7001977567714267,0.6394937411097279,0.8007452769542
2020-11-18,0.6986326565369038,0.6399410577096671,0.8006623693717588
2020-11-19,0.6961261474895566,0.6404771035489234,0.8007277757328897
2020-11-20,0.6974960282566406,0.6408197755994616,0.8010566705354623
2020-11-23,0.6993636772899207,0.640298259267807,0.8008832610930793
2020-11-24,0.6979920136088309,0.6404889550485726,0.8011972944954924
2020-11-25,0.6996024146889512,0.6399676143369155,0.8010090135276072
2020-11-26,0.7028331369890845,0.6399052335135367,0.8004506072963387
2020-11-27,0.70318625461834,0.6407708951863142,0.801556602836896
2020-11-30,0.7039268607914272,0.6394438825073032,0.8013520700690966
2020-12-01,0.7075272562656707,0.6394701666642898,0.8020658128269665
2020-12-02,0.7081739821703575,0.6388835916632214,0.8021879574117928
2020-12-03,0.7062944482202732,0.6389602255929119,0.8015614199391328
2020-12-04,0.7068376004833768,0.6384845290783951,0.8004300489358045
2020-12-07,0.7073460224256098,0.6395105096751537,0.8009587847551993
2020-12-08,0.7085711239921415,0.6392606904085734,0.8002467065732883
2020-12-09,0.7083927853349534,0.6388691023574278,0.8004557284776868
2020-12-10,0.7071419371170853,0.6399983773234146,0.8014831529116181
2020-12-11,0.7094527072687185,0.6401178680043575,0.8008100260983855
2020-12-14,0.7099203283134203,0.6393467449113132,0.800081663109873
2020-12-15,0.7097531195151514,0.638240564144472,0.800268359521615
2020-12-16,0.7108692003766393,0.6391193951018731,0.7997056637566806
2020-12-17,0.7094851384384497,0.6390954844330466,0.8003199753992432
2020-12-18,0.7094668270494726,0.6389750829287653,0.799985077565838
2020-12-21,0.7077249975644926,0.6383723876125024,0.799675593398751
2020-12-22,0.7078802822619477,0.6377217794549191,0.8001419184912542
2020-12-23,0.7070179453808776,0.6379798924976894,0.8001473406680123
2020-12-24,0.7052982397238869,0.6377511064597887,0.8003834006116535
2020-12-28,0.7042495484640843,0.6377740748598147,0.8006097311929424
2020-12-29,0.7038440314185075,0.6378657245560748,0.8009376181617807
2020-12-30,0.7022251305254936,0.6378949595668686,0.801203551417117
2020-12-31,0.701876632520184,0.6383932422275715,0.8011959078913522
2021-01-04,0.701115792615865,0.6375743483802694,0.800816200615649
2021-01-05,0.7015858300552679,0.637330257944895,0.8002319186759083
2021-01-06,0.7014526557056711,0.6376136274352586,0.8007467134147951
2021-01-07,0.7015144712853094,0.6369559700951136,0.8003502545862318
2021-01-08,0.7043954791947916,0.6369637848088908,0.8001378173955788
2021-01-11,0.7049122700119133,0.6372101493326379,0.8007447426108861
2021-01-12,0.7031084961971333,0.6371572811079026,0.8008483741764807
2021-01-13,0.7030342519650592,0.6372528685889994,0.8018402136393321
2021-01-14,0.7004161900530503,0.635957421894268,0.800963252986896
2021-01-15,0.6977846701094516,0.6359475100284914,0.8013410553536792
2021-01-18,0.6978749911855723,0.6369384278872728,0.8007430065843111
2021-01-19,0.697013346973499,0.6359992845628147,0.8018689960136359
2021-01-20,0.6989970711374649,0.6355816861433036,0.8015883446387739
2021-01-21,0.6998816611465728,0.6355455015500633,0.8018869195571219
2021-01-22,0.6992709665658934,0.6363658173124381,0.8013267857927877
2021-01-25,0.6979809314395338,0.6360977890133529,0.801178602385911
2021-01-26,0.6980355837459543,0.6358966100481499,0.8012468989772391
2021-01-27,0.6974561405563859,0.6358689124349193,0.80123034631475
2021-01-28,0.69780538955364,0.6354744786295321,0.8007622143573804
2021-01-29,0.69550479205105,0.6357051308695121,0.8003977385295743
2021-02-02,0.6928577722878859,0.6353619920467225,0.8013525600078096
2021-02-03,0.6953230447329525,0.635163769286382,0.8005464465002229
2021-02-04,0.6969059305793865,0.6353839621371332,0.8005947811153332
2021-02-05,0.6972792332990342,0.6359910855959132,0.8011029922163777
2021-02-08,0.6960469511744256,0.6361352047602522,0.8008719226647497
2021-02-09,0.6976378771385612,0.636382764041721,0.800960904039281
2021-02-10,0.6972605443567939,0.635988493803067,0.8007868299780494
2021-02-11,0.6918846148664736,0.6362707771135832,0.8001730347483749
2021-02-12,0.6922719056191333,0.6361572091759679,0.7998736384746574
2021-02-15,0.694656475073424,0.6363107027735524,0.8003602330158136
2021-02-16,0.6951367964007401,0.636456899705413,0.8010447983733908
2021-02-17,0.6953388140490615,0.6378224696772624,0.8008588133223774
2021-02-18,0.6960405665093782,0.636943944040239,0.8014067437737459
2021-02-19,0.6963998702901467,0.6370234876088358,0.8018137786869027
2021-02-22,0.6970330705324099,0.6365161774287798,0.802607695016883
2021-02-23,0.6984610874683923,0.6365317943257036,0.8019578667301064
2021-02-24,0.6993699864577932,0.6368930357342688,0.8024859583378153
2021-02-25,0.7003925144817817,0.6368359602821861,0.8022334389358007
2021-02-26,0.7010407292637739,0.6363947485406848,0.8021264372943313
2021-03-01,0.7017886991535297,0.636746090181075,0.8021973168962626
2021-03-02,0.7034688815636497,0.6363431081593156,0.8013149052801114
2021-03-03,0.7019539303088065,0.6360704276679275,0.8010963528416707
2021-03-04,0.7017819389271919,0.637134670609716,0.8011266631394157
2021-03-05,0.7006857623922141,0.6361533355825691,0.8015582021257537
2021-03-08,0.7022388292671473,0.6364256035073745,0.801838823654073
2021-03-09,0.7023734470088295,0.6365363432665287,0.8020212695413922
2021-03-10,0.7043317415203654,0.6357498006696018,0.8017820697060175
2021-03-11,0.7058791773330686,0.6355911634654391,0.8020691472657473
2021-03-12,0.7068878279597757,0.6360038732401391,0.8016427675026511
2021-03-16,0.7049171993099873,0.6363477282529366,0.8020553372305903
2021-03-17,0.7056631338333097,0.6356638124722974,0.8024139730852575
2021-03-18,0.7046484743025496,0.6355174476774518,0.801542843362754
2021-03-19,0.7045334143366752,0.6353615781877828,0.8012975005644409
2021-03-22,0.7043738194635729,0.6367162190550955,0.8015664350771673
2021-03-23,0.7036421046026989,0.6362576192640783,0.8015065452270744
2021-03-24,0.7039669326514761,0.6365871663116023,0.8016654953409326
2021-03-25,0.7055881963166436,0.6364158106179894,0.8018276660351257
2021-03-26,0.7061106864864892,0.6362578474927143,0.8016716375334298
2021-03-29,0.7084359653548361,0.635752489338019,0.8017946430964026
2021-03-30,0.7070423437153057,0.6358073722135397,0.8019153080568742
2021-03-31,0.7059949687878495,0.6363332996767157,0.8025755042652292
2021-04-05,0.7034997117115671,0.636368890770342,0.8017622200093983
2021-04-06,0.7072558147395602,0.6363483522928065,0.8017632541517642
2021-04-07,0.7119128064833781,0.6360169535103027,0.802020854835809
2021-04-08,0.7099697495284879,0.6365113747015892,0.8016910876847605
2021-04-09,0.7083945860639308,0.6364565805581428,0.802994680499913
2021-04-12,0.7080006018891325,0.6356338542313796,0.8027226687603333
2021-04-13,0.707883217373559,0.635676500785098,0.8027296026173818
2021-04-14,0.7102952733922259,0.6359962345988714,0.8022988901860184
2021-04-15,0.7135767481217512,0.6366340209588639,0.8021359071924684
2021-04-16,0.7102428002812862,0.6369225711347696,0.803194008496018
2021-04-19,0.7097140505265179,0.6369662795331866,0.8032550658719181
2021-04-20,0.7097382506398906,0.6360084676364115,0.8035141345497655
2021-04-21,0.710948201615156,0.6353779739816083,0.8034716155264527
2021-04-22,0.7112860481782503,0.6355427741922524,0.803187137594617
2021-04-23,0.7126420973814309,0.6350457701434069,0.8029799255397914
2021-04-26,0.7126383614180769,0.6353501177094992,0.8031753730176334
2021-04-27,0.7140267115933767,0.6351982830626854,0.8031778989417124
2021-04-28,0.7136742501663527,0.6357235856534297,0.8033220866921059
2021-04-29,0.7147648218202961,0.6359631937884486,0.8026343945255636
2021-04-30,0.7151832517779398,0.6358455941479423,0.802670405423545
2021-05-03,0.7157259394522834,0.6360752672101067,0.8017681454960958
2021-05-04,0.7129357998453659,0.6358691982462091,0.8031234982904987
2021-05-05,0.7147285868294091,0.6361392949542795,0.8034752504240842
2021-05-06,0.7160991571637151,0.6360103326162758,0.8034221210543345
2021-05-07,0.7148910834366078,0.6353557920299684,0.803441479608361
2021-05-10,0.7142497241234785,0.6350448045250903,0.8027941647261287
2021-05-11,0.7143149622340844,0.6359518421575858,0.8030745674298775
2021-05-12,0.7172401201000858,0.6357110760088621,0.8030748932302106
2021-05-13,0.7163632822896152,0.635677172893216,0.8038205589361191
2021-05-14,0.7151153069871287,0.6364037577451878,0.8036729528627199
2021-05-17,0.715257472179947,0.6363103543840869,0.8033414954901041
2021-05-18,0.7145527640658864,0.6360931585628107,0.8033775274718123
2021-05-19,0.7157573027762079,0.6361454888799248,0.8033867283717776
2021-05-20,0.7154902242282877,0.6360076707977687,0.8038788912798291
2021-05-21,0.7147330891519789,0.634897952559815,0.8043444193588891
2021-05-24,0.7177779888102949,0.6349655679198659,0.8040129999608862
2021-05-25,0.7159440143967359,0.634461357949296,0.8034879864824851
2021-05-26,0.7163156624855852,0.634447151191903,0.8039060114285068
2021-05-27,0.7162108974981962,0.6347048998600182,0.803715148841319
2021-05-28,0.7177658244908187,0.6348351400215365,0.8035110530872339
2021-05-31,0.7169018924699573,0.6344618095417172,0.8040717502289798
2021-06-01,0.7151822497585926,0.6345107985503347,0.8038502593907205
2021-06-02,0.7154967027717757,0.6347938139138843,0.803678416180828
2021-06-03,0.713893625538041,0.6347155846571347,0.8043646625594909
2021-06-04,0.7152709381572024,0.6348943024482037,0.8033393979698653
2021-06-07,0.7116873283335453,0.6346910535682379,0.8035026406225596
2021-06-08,0.7112053876079947,0.6339250161300635,0.803744369524525
2021-06-09,0.7115399227437369,0.6337412992908942,0.8044705619900056
2021-06-10,0.7112252380116523,0.6343363733435172,0.8051391482153994
2021-06-11,0.7120017671155243,0.6335300212080106,0.8043753404274737
2021-06-14,0.7103730147708706,0.6344368986608834,0.8039359384823517
2021-06-15,0.7129250852007959,0.634291087841026,0.8037299496203643
2021-06-16,0.7124857510744039,0.6343580358999809,0.8043196781847869
2021-06-17,0.7162834905549706,0.6339561503880976,0.8036564653589415
2021-06-18,0.7162327851833437,0.6345469899507644,0.8034684246637843
2021-06-21,0.7163271849151538,0.6340729368687595,0.8036591619255588
2021-06-22,0.7172301653010074,0.6336189535109787,0.8042318505712692
2021-06-23,0.7172881150740418,0.6337834478461382,0.8046824818166664
2021-06-24,0.7146154721942444,0.6342883518704311,0.8046926822886357
2021-06-25,0.7140548046248721,0.6348167661607119,0.8038502072205128
2021-06-28,0.715155860815804,0.6344811189638164,0.8038070825326259
2021-06-29,0.7161903471345703,0.6346684689452229,0.8041199576404859
2021-06-30,0.7174265961408188,0.6345947137415444,0.803939399497715
2021-07-01,0.7172706139444771,0.6340702943346956,0.8034014046202358
2021-07-02,0.7173899568917731,0.6337579236227886,0.804033235210569
2021-07-05,0.7169892046265147,0.6331103507440258,0.8048313170003388
2021-07-06,0.7180460084451754,0.6339277160950696,0.8047774920457037
2021-07-07,0.7183271604580989,0.6348164911544508,0.8047779999512417
2021-07-08,0.7174913618404463,0.6344449128982006,0.8048878330390975
2021-07-09,0.716215492559311,0.6340350057553895,0.8044401461387819
2021-07-12,0.7165315500847564,0.6344646306190791,0.8035584615294442
2021-07-13,0.7135698788043929,0.6341880742706666,0.802876660708197
2021-07-14,0.714622781437748,0.6349764657889654,0.8043305015943274
2021-07-15,0.7153124299781802,0.6345806718792442,0.8047618149284547
2021-07-16,0.7146695185954807,0.634673994277516,0.8054108623487372
2021-07-19,0.7142997292545185,0.634230076467547,0.8052762242607522
2021-07-20,0.7151475580505654,0.6323603080619463,0.8053138229708807
2021-07-21,0.716505573646042,0.6334310117703909,0.8052230485714233
2021-07-22,0.7179956812153332,0.6334247239685515,0.8062673333569831
2021-07-23,0.7194809152270699,0.6336048654097929,0.8062794771081627
2021-07-26,0.720295458021207,0.634039140904589,0.8063094194458837
2021-07-27,0.7190744437271224,0.6340564513488585,0.8051288778902762
2021-07-28,0.7187190646187761,0.633383292870808,0.805141531229816
2021-07-29,0.7199935639486414,0.6338035614360008,0.8045197466116779
2021-07-30,0.7202826552547796,0.6331819475802305,0.8047883339740803
2021-08-02,0.7217596255112473,0.6332830451908821,0.8046918814367352
2021-08-03,0.7234338835789864,0.6327084060561888,0.8049420925647076
2021-08-04,0.7219438192073261,0.6321995515908916,0.8050333196808583
2021-08-05,0.7216920643336937,0.6324542670610661,0.8047282344247066
2021-08-06,0.7218605969300398,0.6329743617595524,0.8050309811912999
2021-08-09,0.7191204451626731,0.6323196277797148,0.8045698239489897
2021-08-10,0.7207873067154374,0.6327540486793215,0.8051503760502933
2021-08-11,0.7207731951453277,0.63190349162251,0.805314514134777
2021-08-12,0.719419093815249,0.6322493206396049,0.805895591028361
2021-08-13,0.7214597897819425,0.632682205500736,0.8054966226667564
2021-08-16,0.722186142111953,0.6333327157835318,0.8056932679664887
2021-08-17,0.7235340982426494,0.6325461847987525,0.8059533200292088
2021-08-18,0.7243894320889377,0.632905752367061,0.8052207014389124
2021-08-19,0.7211970078403818,0.6343238124722643,0.8051785467443897
2021-08-20,0.7242266058083398,0.634445891724783,0.8058527474811866
2021-08-23,0.7247695272475316,0.633074321649327,0.8061856829320724
2021-08-24,0.7232626852076368,0.6322631932097159,0.8053525970443247
2021-08-25,0.7254876859264031,0.6328189610419291,0.806023149845685
2021-08-26,0.7224070663114928,0.6316213140209985,0.8057621313473089
2021-08-27,0.7218769295590226,0.6326286613193287,0.8060451896872146
2021-08-30,0.7218916402038662,0.6330401575940506,0.8061243298087971
2021-08-31,0.7212369975304763,0.6334220573894463,0.8058968396688502
2021-09-01,0.7200753238833082,0.6342280894408542,0.8061890776448902
2021-09-02,0.7234920455476415,0.6319378070771712,0.8059482915265992
2021-09-03,0.7232723135355869,0.6318089017054342,0.8055783450850532
2021-09-06,0.7254428650921055,0.6324360500188247,0.8054027572078888
2021-09-07,0.7266681236409276,0.6330277469450282,0.8055914630264583
2021-09-08,0.7256089669983554,0.633119883545998,0.8061180658144914
2021-09-09,0.7259277718198747,0.633532000904787,0.8061242045662488
2021-09-10,0.7270285928592178,0.6330004116606399,0.8065326640485098
2021-09-13,0.7270487949220765,0.6328384898646344,0.806233606651372
2021-09-14,0.7255070623152773,0.6327579202984023,0.8065731209296274
2021-09-15,0.7268385631575801,0.6330426219852843,0.8070786193903225
2021-09-17,0.7246140966812077,0.6342512847731624,0.8060206538715163
2021-09-20,0.724432163558183,0.633017118242562,0.8062445846281634
2021-09-21,0.7266428322807843,0.6333541143402287,0.806528434693756
2021-09-22,0.726848314635755,0.6327280757767995,0.8064742308640378
2021-09-23,0.7263311366512937,0.6330622525344766,0.8074227363389257
2021-09-24,0.7271702805186308,0.6328293213837142,0.8068613543534336
2021-09-27,0.7266631939059894,0.6332262757004683,0.8065361003978317
2021-09-28,0.7271903883055212,0.6327921009500439,0.8070586070720639
2021-09-29,0.7258764099640443,0.6326000171772656,0.807062410364913
2021-09-30,0.7255301812593715,0.63281097737012,0.8071239581245087
2021-10-01,0.7261612161907929,0.6327345968010575,0.8070572759861734
2021-10-04,0.7246848282336428,0.6325820223720146,0.8070974833583433
2021-10-05,0.7236291669220786,0.6325077811625165,0.8072034785557092
2021-10-06,0.7245106767707734,0.6326534397595713,0.8068577586815038
2021-10-07,0.7251479935487497,0.6327640860057978,0.8059855678529164
2021-10-08,0.7254672485188736,0.6321367396691141,0.806660935206534
2021-10-11,0.7237667069012229,0.6311434877497892,0.8067143119209366
2021-10-12,0.7257715804509871,0.6312928478981432,0.8068097756193157
2021-10-13,0.7244542472369532,0.6314572114586325,0.8061834397099702
2021-10-14,0.7241383087320643,0.6313459639504072,0.8066710875157773
2021-10-15,0.724128680853116,0.6309851531084908,0.8051644711610892
2021-10-18,0.7256762408712338,0.6305668468112726,0.8045999786183842
2021-10-19,0.7246441493518391,0.6314687000394543,0.8043272734497853
2021-10-20,0.72368919425952,0.6303047080951383,0.8042583974032049
2021-10-21,0.7248726392628375,0.6298375710495,0.8047308939005082
2021-10-22,0.7221067392753877,0.6302923092833939,0.8047423215019183
2021-10-25,0.7197048624644005,0.6305168276156667,0.8049406098238846
2021-10-26,0.7231918423455342,0.6302095492068993,0.8048992844117824
2021-10-27,0.7231316310669731,0.6297234661914296,0.8041214532268597
2021-10-28,0.7241775321580974,0.6303051726669122,0.8050098029093915
2021-10-29,0.7226739143240029,0.6303319631301236,0.804744526448842
2021-11-01,0.7204161342647857,0.630927116458684,0.8044096532228429
2021-11-03,0.7241532903720144,0.6303322175674109,0.8041683730652168
2021-11-04,0.7231047447881295,0.6308746548943756,0.8043765226859909
2021-11-05,0.7234357135900064,0.6296918738416053,0.8041921179426567
2021-11-08,0.7247270778612618,0.62986744141271,0.8050124548909222
2021-11-09,0.7227114387788108,0.6297131372677388,0.8049505838290867
2021-11-10,0.7234001588336614,0.6301372596125961,0.8043788898956015
2021-11-11,0.7227237649616357,0.6286248015530995,0.8059688547415778
2021-11-12,0.7246240651509426,0.6287203096580062,0.8058755121973984
2021-11-16,0.725292908172035,0.629474271043573,0.8054788407433423
2021-11-17,0.7258360386739608,0.6285821956394043,0.8053315615864556
2021-11-18,0.7268515491336454,0.6294299375223591,0.805390583866357
2021-11-19,0.7272465540904716,0.6291395980039959,0.8052771500266622
2021-11-22,0.7272574546862891,0.6297845252092388,0.8050593729114384
2021-11-23,0.7257062085305359,0.6293577943775349,0.8054332430489385
2021-11-24,0.7260770185581501,0.6282343258201031,0.8051116973858682
2021-11-25,0.72980236563894,0.6281270643266343,0.8046969648108071
2021-11-26,0.7284782239592174,0.6288207008394505,0.804053151067604
2021-11-29,0.7292967471342694,0.6287343310255157,0.8048467912531247
2021-11-30,0.7267575509029435,0.6283421946625402,0.8047072343513377
2021-12-01,0.7260615559024926,0.6283158976567262,0.8051989631088166
2021-12-02,0.7255459814905262,0.6286734871917,0.8059847152975205
2021-12-03,0.7252279226995114,0.6294241768027756,0.80502255470084
2021-12-06,0.7262395602269718,0.6285826129861112,0.8052196510026919
2021-12-07,0.7248845787455399,0.6282266217039626,0.8050153571981696
2021-12-08,0.7268745912480422,0.629540155929513,0.8053713265244822
2021-12-09,0.7263232614202603,0.6289599845664193,0.8057971528691203
2021-12-10,0.7266866964737682,0.6283492915322608,0.8051331909179967
2021-12-13,0.7281843488378049,0.6281913268133119,0.8052281875865572
2021-12-14,0.7282043266716273,0.6282733877214803,0.8063914499414473
2021-12-15,0.728399067738239,0.6276785607030361,0.8056407655713446
2021-12-16,0.7284068981372805,0.6283215140741796,0.8066216985430451
2021-12-17,0.7258917114173934,0.6283560408783877,0.8059930122834734
2021-12-20,0.7270892887677829,0.6286818117340599,0.8062839109751547
2021-12-21,0.7250824914040301,0.6284718115990676,0.8072998794585663
2021-12-22,0.7238893271825548,0.6277894949112157,0.8063210688099421
2021-12-23,0.7206536556077519,0.62763274888434,0.8060212533129435
2021-12-24,0.7218212183229381,0.6272852428507419,0.8065316963432715
2021-12-27,0.7207792978862944,0.6273173310799073,0.8061597707663896
2021-12-28,0.7213258168563946,0.6265670867423329,0.806411935482174
2021-12-29,0.7197901882928297,0.6272477205673391,0.8062534504076725
2021-12-30,0.7183849193362754,0.6270963085749336,0.8061979683254632
2021-12-31,0.7216624130096703,0.6267328575254002,0.8053078096391443
2022-01-03,0.7217011132011414,0.6269320047467628,0.8064216410124597
2022-01-04,0.7235653416050615,0.6273470591538941,0.806901553872155
2022-01-05,0.7261164445173958,0.6271786291686731,0.8070358321734544
2022-01-06,0.7296799172874903,0.6261861510607521,0.8066869721611079
2022-01-07,0.730690110283198,0.6264364071793244,0.8061756311290899
2022-01-10,0.729021574460707,0.6270286775659368,0.8052234550699158
2022-01-11,0.7298435050734657,0.6263140913939155,0.8060957065869628
2022-01-12,0.7288261442020999,0.6267619268458059,0.804801126068213
2022-01-13,0.7310109774930831,0.6262405656831601,0.8061483601351092
2022-01-14,0.731196594038961,0.6251602094831741,0.8051884587971551
2022-01-17,0.7301535947113972,0.6249722383944554,0.8057008157004165
2022-01-18,0.7289752442536042,0.6250611664142026,0.8057696755908101
2022-01-19,0.7300111393298624,0.6247346551585905,0.8057555046217414
2022-01-20,0.729691279430629,0.6247488962365608,0.8058404795669427
2022-01-21,0.7273336802308267,0.6249334079078845,0.8058890365578683
2022-01-24,0.7254624675698436,0.6254215692439186,0.8062596772998554
2022-01-25,0.7252950516505291,0.6243989028930128,0.8060278148770926
2022-01-26,0.7261291996067586,0.6245227780576881,0.8058560319713491
2022-01-27,0.727642384056346,0.6243234888562628,0.8068580186281376
2022-01-28,0.7260981837491803,0.6245197627509124,0.8064492885321909
2022-01-31,0.7244156480228813,0.6245239664755731,0.806409369395466
2022-02-01,0.7266069491986835,0.624841975042395,0.8069304089402551
2022-02-02,0.7263020765501215,0.624637245308927,0.8063627500906291
2022-02-03,0.7257500614026268,0.6241927694052909,0.8070430452352649
2022-02-04,0.7242495155241967,0.6237507067166267,0.8072453552290337
2022-02-08,0.7267802692794473,0.6248093113966265,0.8079629656617549
2022-02-09,0.7282850418188276,0.6240915656571889,0.8072060901128494
2022-02-10,0.7280892532487947,0.6245448200986636,0.807174186024522
2022-02-11,0.7287426695942455,0.6251084038262203,0.8075267796558022
2022-02-14,0.7276918684116379,0.6243483102625454,0.8078095687089049
2022-02-15,0.7278858160745569,0.6242963117003032,0.8073938842539554
2022-02-16,0.7275137955960178,0.6242272450624418,0.8080481519054148
2022-02-17,0.7278955399752868,0.6243407563544033,0.8076914955966221
2022-02-18,0.7279293569113268,0.6238823442199873,0.8075208996230809
2022-02-21,0.7267040889480271,0.625170883500697,0.8076524326464817
2022-02-22,0.72617143337994,0.6252915750894746,0.8073581702852444
2022-02-23,0.7253736984129017,0.6247816146536401,0.8070173667058607
2022-02-24,0.7261821390964595,0.6254963827978035,0.8068385732484017
2022-02-25,0.7236279502797272,0.6253450755221748,0.8077868103531205
2022-02-28,0.7224768406398665,0.6254642434529357,0.8076462749318849
2022-03-01,0.7207081865566263,0.6261360498983272,0.8068999973914628
2022-03-02,0.7204709042484845,0.6255597671394629,0.8074592529243398
2022-03-03,0.7198094449917427,0.6261956528615162,0.8073866657878835
2022-03-04,0.7198053779128641,0.625746778503711,0.8077099811259973
2022-03-07,0.7194657766239451,0.6256014534305188,0.8072792633030224
2022-03-08,0.7205272408308524,0.6259122227957524,0.8073324068536442
2022-03-09,0.7179010573927902,0.6252233618988585,0.8074410036783419
2022-03-10,0.7188025618350603,0.6253718889540552,0.8077275066441121
2022-03-11,0.7178150473284083,0.6252723315370825,0.8076145475891989
2022-03-14,0.7217498802672148,0.6256009896886392,0.8074992447921591
2022-03-15,0.7195717330825996,0.6256124505281111,0.8075149495415352
2022-03-16,0.7193903386718603,0.6250933309867416,0.8069279469889726
2022-03-17,0.7216633756543457,0.6251433658613413,0.8070038895978153
2022-03-18,0.7232049118516628,0.6248404684446424,0.8066515639787879
2022-03-22,0.720465983531944,0.6258377825150497,0.8070000692863937
2022-03-23,0.7197547754292464,0.625339457696306,0.8067807448575868
2022-03-24,0.7190533713997441,0.6256526042773441,0.8073877404307178
2022-03-25,0.720280582918277,0.6256138367487005,0.8071332184445178
2022-03-28,0.7204578422150085,0.6253176379737152,0.8070244773191618
2022-03-29,0.7224707719398986,0.6249827299961325,0.8071476461993196
2022-03-30,0.7216326498677291,0.6246889114129425,0.8076774843918982
2022-03-31,0.7199505450635258,0.6253442325366186,0.8071661076034482
2022-04-01,0.7185446006208052,0.6249010262488284,0.807896388495383
2022-04-04,0.7170340049296137,0.6251262211764965,0.8076139697091709
2022-04-05,0.7175583280357584,0.6251400210380137,0.8081166711261747
2022-04-06,0.718922641761855,0.625919194790737,0.8080179240188429
2022-04-07,0.7193790151201389,0.6258234467125663,0.8085905892297935
2022-04-08,0.7202021930037739,0.6250720907030028,0.8080901403572038
2022-04-11,0.7199267074830881,0.625632026354916,0.8089540905235784
2022-04-12,0.7197526393161855,0.6253561489871906,0.8090614653038968
2022-04-13,0.717870775938247,0.6243842059644099,0.8085100819137089
2022-04-18,0.7175334246931833,0.6251942867954987,0.8085991419439293
2022-04-19,0.7174281268243918,0.6241484213685127,0.8092656139844627
2022-04-20,0.7165460062457929,0.624665737249141,0.8088504657656893
2022-04-21,0.7154939950140214,0.6246571819644765,0.8087758873941486
2022-04-22,0.7142868697334999,0.625325780638375,0.8083829969612768
2022-04-25,0.7138911952187171,0.6251540665366789,0.8091492356192973
2022-04-26,0.7159424413740879,0.6248156490004878,0.8088621447325025
2022-04-27,0.7150753478911204,0.6250233512091384,0.8094936042103185
2022-04-28,0.7155871056900233,0.6250993454340559,0.8086792223986632
2022-04-29,0.7138209672876212,0.6246582660189646,0.809267729722947
2022-05-02,0.7139957137763641,0.6249567299428984,0.8091209471132923
2022-05-03,0.713482807971123,0.6240930706124879,0.8084746151799512
2022-05-04,0.7122473608351851,0.6241109012193501,0.8077058446390792
2022-05-05,0.7114497691549068,0.6240616577540179,0.8082897441056667
2022-05-06,0.7109360327783574,0.6242917661553752,0.8089509583320634
2022-05-09,0.7105602913573253,0.6238073946532691,0.8090168480052697
2022-05-10,0.7103501221580641,0.6242526037073665,0.808829807473183
2022-05-11,0.7117193821185553,0.623749731520285,0.8091289969142376
2022-05-12,0.7125844213805126,0.6240166143104738,0.8093556698116864
2022-05-13,0.7113448262931672,0.6241601024207303,0.8094633279609268
2022-05-16,0.709327729084689,0.6236366034541061,0.8094580521303669
2022-05-17,0.7070708803468333,0.6230712882423323,0.8095316366180961
2022-05-18,0.7057879721917403,0.6232628594022944,0.8102952029148158
2022-05-19,0.7052464419979649,0.6228053557312199,0.8107460189632865
2022-05-20,0.7066088891910063,0.6219888759296919,0.8099070686070676
2022-05-23,0.7048369853034476,0.6219868587454862,0.8104971145018013
2022-05-24,0.70368177765787,0.6223045709204831,0.8095751402421061
2022-05-25,0.7031499453933078,0.6224275267956496,0.8103838688115662
2022-05-26,0.7047274057334624,0.622023066235828,0.810328897243088
2022-05-27,0.7048080834870913,0.6216986875954782,0.8096548864717694
2022-05-30,0.7049357237305243,0.6219169976432057,0.8108616764571769
2022-05-31,0.7067429019307027,0.62205476009907,0.8099828202257549
2022-06-01,0.7057926241585664,0.6222946508674666,0.8105071302088563
2022-06-02,0.706122178796023,0.621722043309127,0.8099504351733092
2022-06-03,0.7078304187491478,0.6213709597049004,0.8104156585350292
2022-06-06,0.7083688587653353,0.6202039454178975,0.810324518359902
2022-06-07,0.7086045978194442,0.6204588818438183,0.8106393650891224
2022-06-08,0.7096291131506406,0.6203022134059442,0.8107631456312538
2022-06-09,0.710199067975926,0.6197660507692867,0.8104703793282296
2022-06-10,0.7088348290683134,0.6198519461508399,0.8105645600756507
2022-06-13,0.7113127530992278,0.6208189028894355,0.8105022794159188
2022-06-14,0.7121046847824971,0.6206218809799628,0.8104197018794387
2022-06-15,0.7106683926313454,0.6192222921124149,0.8100008557486438
2022-06-16,0.7099948259863591,0.6196770959941482,0.8100967320276469
2022-06-17,0.7090154881671344,0.6194717223805712,0.8104168503398157
2022-06-20,0.7092422001299866,0.6197219469098281,0.8102525014114909
2022-06-21,0.7115727093837442,0.6197790279775098,0.8094791395175834
2022-06-22,0.7119124495952454,0.6193394133731462,0.8104589586200316
2022-06-23,0.7132714065320703,0.6196517737546733,0.8110361402247345
2022-06-24,0.7117196195134233,0.6194127593404478,0.8104231417571294
2022-06-27,0.7114065494877052,0.6197371536057005,0.8092085878320265
2022-06-28,0.7112201138917302,0.6197262269848174,0.809831696461992
2022-06-29,0.7107995197508014,0.6188767129115578,0.8099896022173748
2022-06-30,0.709570737263008,0.6187103141644467,0.810028474501829
2022-07-01,0.7078084142293289,0.6187136464218729,0.8102569853708587
2022-07-04,0.708552227901525,0.6195230066331621,0.8098812835992637
2022-07-05,0.7089662815971154,0.6189638573794711,0.8101432516169235
2022-07-06,0.7100909982191054,0.6191323871613426,0.8093364509242909
2022-07-07,0.7087765583205239,0.6184300059807322,0.8093478258630884
2022-07-08,0.7091253065049234,0.6184198729381479,0.8097902989227967
2022-07-11,0.7108800371731514,0.6188015242944722,0.8093856895181972
2022-07-12,0.7091960582266498,0.6186214902675561,0.8104909064286473
2022-07-13,0.7102951599254181,0.618359226813474,0.8090382275717494
2022-07-14,0.7128457949042815,0.6184426243400065,0.8098542048544707
2022-07-15,0.716524488355762,0.6185331812290485,0.8100560589855559
2022-07-18,0.7142550721314943,0.617870383933281,0.8103623744336728
2022-07-19,0.7141299800704194,0.6185591225211128,0.8110837994663311
2022-07-20,0.7138879306699344,0.6177131137729837,0.8110922347271667
2022-07-21,0.7142324256242555,0.6181301260856048,0.8108809411287492
2022-07-22,0.7154852185451966,0.6185906035328094,0.8102319238838307
2022-07-25,0.7170568208284973,0.6189996475086295,0.8105385515757815
2022-07-26,0.7164994355298421,0.6194518745589136,0.8104925620314949
2022-07-27,0.7179064382767595,0.6187570393743257,0.8106202502273724
2022-07-28,0.7161607051356477,0.6181266136793857,0.8103467418137634
2022-07-29,0.7156602705115516,0.6183818215602285,0.8099854664835
2022-08-01,0.7139477587265677,0.6184303101293145,0.8101171285622778
2022-08-02,0.7131938757378415,0.6183592524071991,0.8103054840920484
2022-08-03,0.7128119417557778,0.6181429217999084,0.810717171318332
2022-08-04,0.7157072288012444,0.6188747626864108,0.81096169036166
2022-08-05,0.717442657049804,0.6185925561861287,0.8109269231502857
2022-08-08,0.7162573129312921,0.6183545169900286,0.8111931945082526
2022-08-09,0.7162776027446958,0.6188965837228968,0.8107448076432704
2022-08-10,0.7156481367892175,0.6192806481220817,0.8108904525401807
2022-08-11,0.7148178262316706,0.6194603759820784,0.8111459705507789
2022-08-12,0.7172718766112136,0.6184419545807552,0.812320653779786
2022-08-15,0.7203058740678249,0.6177671800022249,0.8111829002474022
2022-08-16,0.7182627840949769,0.6181319609619182,0.8114734467444746
2022-08-17,0.7196555351940443,0.6181782153117905,0.8112322081080743
2022-08-18,0.7203150866769644,0.618608585259552,0.8108593114378748
2022-08-19,0.7186588676044602,0.6191905520555878,0.8114857030019127
2022-08-22,0.7194371878991341,0.6191860173927681,0.8110914258443882
2022-08-23,0.7189172699055669,0.6192048104382687,0.8110092039862014
2022-08-24,0.7204588233900937,0.6191903076050896,0.8112094483979616
2022-08-25,0.7213915209516769,0.6184543998063463,0.8113882329018104
2022-08-26,0.7217691437947796,0.6178319467837295,0.8113892907853649
2022-08-29,0.7213457216041277,0.6184728350066603,0.8111720418632697
2022-08-30,0.7193108906654241,0.6188795006124423,0.8113308848043443
2022-08-31,0.7160188028133547,0.6196727808736958,0.810990458487141
2022-09-01,0.7177310398406557,0.6197296469517314,0.8116091625787073
2022-09-02,0.7170269146766957,0.6197931156027332,0.8116499361038169
2022-09-05,0.7168543967448703,0.6195456848998169,0.8113292226140384
2022-09-06,0.7163175488068613,0.6191909210887284,0.8116324918842958
2022-09-07,0.7194064111191193,0.6191596618838636,0.8114324867236702
2022-09-08,0.7197081501177738,0.6193330432337775,0.8117953153546058
2022-09-09,0.7181922815033722,0.619182032083056,0.8112026363555517
2022-09-12,0.7170447295501688,0.6190095593684046,0.811216915592111
2022-09-13,0.7159429625472504,0.6199227805914193,0.8117254678593901
2022-09-14,0.7175948514448878,0.620355827129295,0.8112415778380266
2022-09-15,0.7203774583417215,0.6199748367745634,0.8110438338480279
2022-09-19,0.7213767044743714,0.6202042224921044,0.8113608785045445
2022-09-20,0.7191962370263463,0.6196730571688499,0.8113366926648226
2022-09-21,0.7212436585830142,0.6193206722287737,0.8113372563655912
2022-09-22,0.7188088959325476,0.6192001361380425,0.811199366056647
2022-09-23,0.7188380183555572,0.6187720767802924,0.8116229676758766
2022-09-26,0.7156167816338174,0.6199913701793563,0.8112039541035017
2022-09-27,0.7166991349663832,0.6188718790934599,0.8112249421286951
2022-09-28,0.7156566559030961,0.6186127395178516,0.8107359982348361
2022-09-29,0.7162541222712062,0.6183992539115017,0.8109215914186673
2022-09-30,0.7167549442389041,0.6184253149473125,0.811838358532329
2022-10-03,0.7174345092360626,0.6189275695612377,0.810785814363039
2022-10-04,0.7173794832163815,0.6186894124591488,0.8104876032523096
2022-10-05,0.7171159983848868,0.6184407962853241,0.8104423699414756
2022-10-06,0.7164994594500714,0.618186100587254,0.810884281924764
2022-10-07,0.71703825737958,0.6182539157447476,0.8114442372242839
2022-10-10,0.7153427461751456,0.6198360829260129,0.8114671551812237
2022-10-11,0.7150853642906034,0.6189405077917032,0.8117445211351615
2022-10-12,0.7157758846524975,0.61948958103578,0.8118441209809121
2022-10-13,0.7142324058638051,0.6198435910134634,0.8110515926273755
2022-10-14,0.7148583997981359,0.6190618732376323,0.8116434537941157
2022-10-17,0.7148134672812094,0.6197839199421296,0.8112577904180186
2022-10-18,0.7146029944684139,0.6185804601177628,0.8112359770593482
2022-10-19,0.7158152278490987,0.6191398995228802,0.8113702517796526
2022-10-20,0.7162256118177907,0.6189793407502259,0.811124908467403
2022-10-21,0.7181440944139734,0.6190569053965675,0.8113405897688815
2022-10-24,0.7211087340528295,0.619986229075516,0.8108475733833462
2022-10-25,0.7200134822150641,0.6188523944850088,0.8107014056731339
2022-10-26,0.718546542619856,0.6179846232640446,0.8108275164825403
2022-10-27,0.7168057244503846,0.6174483706102697,0.8106643045543661
2022-10-28,0.7200166293909441,0.6174761969808478,0.8109688746501088
2022-10-31,0.7188430970575248,0.6171565727296431,0.8109116014670014
2022-11-01,0.716638401975299,0.6173059001279457,0.8113467544078785
2022-11-03,0.7165545082212649,0.6169455176686113,0.8119159614279937
2022-11-04,0.717796684277399,0.6169037263770688,0.8121378502017575
2022-11-07,0.7184780659264504,0.616654254463461,0.811196774606432
2022-11-08,0.718641847610024,0.6155316603354112,0.8118725297882275
2022-11-09,0.719104233082212,0.6160425922828113,0.8125385710982354
2022-11-10,0.719386846876159,0.6164218578752061,0.8126013051071295
2022-11-11,0.7171625110276271,0.6171260067509575,0.8126320735899297
2022-11-14,0.7163536639284205,0.6171717957971254,0.8128165629615174
2022-11-15,0.7165726090770296,0.6164605865044878,0.8132862348900367
2022-11-16,0.7165597651184591,0.617382603158826,0.8131044764638743
2022-11-17,0.7179194497381696,0.6167617527400449,0.8132874632285382
2022-11-18,0.7173782588051791,0.616548380741602,0.8130104699716423
2022-11-22,0.7182583940163353,0.6166866431850122,0.8128069675495588
2022-11-23,0.7174141990539579,0.616438107374213,0.81142773051891
2022-11-24,0.7179656773009079,0.6171443117902355,0.8120238007948749
2022-11-25,0.716236426692858,0.6162473581539604,0.811712983424145
2022-11-28,0.7170985812663381,0.6172310581383429,0.8113352195909318
2022-11-29,0.7173994973533601,0.6163842592916169,0.8107772714414727
2022-11-30,0.7172054547704708,0.6168710950717614,0.8110822761851308
2022-12-01,0.7187644060313872,0.6169436458301728,0.8109295923789942
2022-12-02,0.7172024863176328,0.616759661820221,0.8116255585294585
2022-12-05,0.7144545146289507,0.616689363871757,0.8118005162169301
2022-12-06,0.7180357186951595,0.6161532007879514,0.8113066188246428
2022-12-07,0.7166541294219018,0.6156313972393955,0.8112631704918888
2022-12-08,0.7179931662810913,0.6158247025366425,0.8119103656291443
2022-12-09,0.7195828356892876,0.6162260568081692,0.8123019813467381
2022-12-13,0.7176574757594357,0.6168663034358187,0.8118500537250246
2022-12-14,0.7185434199345505,0.6167134690650756,0.8114776285892727
2022-12-15,0.7186052513978729,0.6170588313309462,0.81088052739613
2022-12-16,0.7197119379794544,0.6166828686513344,0.8111167918243866
2022-12-19,0.7185719693639301,0.617540572589638,0.8108905619465181
2022-12-20,0.7180385099123313,0.6172912299995481,0.810987049426632
2022-12-21,0.7195313792044904,0.61751914196338,0.811069154792491
2022-12-22,0.7187469224818936,0.6171877860352477,0.8115638890542279
2022-12-23,0.7197639552210046,0.6165721527630784,0.8117581132183711
2022-12-26,0.7156327109237202,0.6165323990220614,0.8113631406546883
2022-12-27,0.7169338720888452,0.6165532034473791,0.8124779269127578
2022-12-28,0.7167128938858767,0.6168468852846675,0.8114918111261518
2022-12-29,0.7181149363059278,0.6175543739618993,0.8115997521075637
2022-12-30,0.7161855142162448,0.6172679244405403,0.8117770304024314
2023-01-02,0.7144278364159589,0.6170625558416295,0.8114577411256488
2023-01-03,0.7157839303396814,0.6178130143995513,0.8113811544949964
2023-01-04,0.7163776996090582,0.6168419063156325,0.8118880794684084
2023-01-05,0.7150043192706251,0.6163244547239088,0.8126834422297895
2023-01-06,0.7142981966165968,0.6160792357884098,0.8125472658756839
2023-01-09,0.7140172235240364,0.6171634744657238,0.8120881677353042
2023-01-10,0.7127182124726756,0.615937891481615,0.8115361158435099
2023-01-11,0.713869077898888,0.6164436429348253,0.8113752039826241
2023-01-12,0.7135489009131866,0.6159995854240575,0.8116650740610037
2023-01-13,0.7108597152865083,0.615810422403348,0.8117042606707883
2023-01-16,0.7105050406049865,0.6165345024535439,0.8124404208836309
2023-01-17,0.7115744116630834,0.6170911272103451,0.8119853232174165
2023-01-18,0.7121101139541804,0.6167827028899996,0.8123586532433831
2023-01-19,0.7110987657919525,0.6170064729295317,0.8120273386456885
2023-01-20,0.7092460896456074,0.6168371105257212,0.8134020150172646
2023-01-23,0.708915487780242,0.6162620098709619,0.8124013945746461
2023-01-24,0.7076331995487211,0.6161139805038393,0.8136007239821241
2023-01-25,0.706641841874376,0.6166124939455789,0.8138728881116849
2023-01-26,0.7078614843884011,0.6156973061859616,0.8130457301868418
2023-01-27,0.7088668131182034,0.6156518692573908,0.8128050275164342
2023-01-30,0.7053758625414103,0.6152777056888596,0.81321534094233
2023-01-31,0.7058775832708324,0.6151338747063639,0.8132359025671985
2023-02-01,0.7048379811400977,0.6152896832712861,0.8134395075620718
2023-02-02,0.704440435918642,0.6154603545785584,0.8139832963209808
2023-02-03,0.7042243915744106,0.6160079294251847,0.8129607997370166
2023-02-07,0.7031419138614157,0.6156157093029467,0.8131956683554267
2023-02-08,0.7011933619368445,0.6148284793243163,0.8129383021377792
2023-02-09,0.7034963553161194,0.614746427896823,0.8126583622162933
2023-02-10,0.705676546344288,0.6157552237367891,0.8122100205784589
2023-02-13,0.7063914207866361,0.6153074425427509,0.8131911394539718
2023-02-14,0.7063383126197502,0.6159100003214093,0.8126776756102648
2023-02-15,0.7054894169410891,0.6155839459600232,0.8126767716737893
2023-02-16,0.7078563404326789,0.6159464643956407,0.8123988986602061
2023-02-17,0.7058744081293169,0.6155303567284278,0.8125924391858314
2023-02-20,0.7068376350709092,0.615244128426022,0.8130696073553698
2023-02-21,0.7069786458016777,0.6148608760643285,0.8127004462292672
2023-02-22,0.7083777375613616,0.614686043957982,0.8119781095615787
2023-02-23,0.7073136884567726,0.6143991208579871,0.8122887083580963
2023-02-24,0.7079589490213978,0.6146257286449185,0.8129165501027399
2023-02-27,0.7065105687464661,0.6143076338777497,0.8130695458885631
2023-02-28,0.7084054357746871,0.6153225616051428,0.8131495800859024
2023-03-01,0.7088251823342443,0.614993581775023,0.8123794302478302
2023-03-02,0.7089959141372014,0.615974821673251,0.8123757030922512
2023-03-03,0.7081753987043423,0.6154708608627623,0.8131594739304191
2023-03-06,0.7109129372907125,0.6158870198317248,0.8136809355352338
2023-03-07,0.710981964130041,0.6156685440988288,0.8129423097521444
2023-03-08,0.7077722889249847,0.6156113569933249,0.811819942695437
2023-03-09,0.7072069597901792,0.6154504048802688,0.8133520484516167
2023-03-10,0.7094520966310811,0.6157823617149074,0.8122740620598282
2023-03-13,0.7085116364650408,0.6155552236755925,0.8118807499602818
2023-03-14,0.7072458581167324,0.6155888923204748,0.8128970123089085
2023-03-15,0.7067915249219956,0.6158440713499747,0.8128770851576806
2023-03-16,0.7077410636629322,0.6149001620661899,0.8133024255645164
2023-03-17,0.7099688368884305,0.614920590365191,0.8127205729774207
2023-03-21,0.7101230393944831,0.6144305376406436,0.8132058634345761
2023-03-22,0.7097648305662496,0.6144381847250415,0.8135525179947831
2023-03-23,0.7099821066586735,0.6147719911386113,0.814042043693948
2023-03-24,0.7103656471159273,0.6142705875505899,0.8142035571901028
2023-03-27,0.7126285730071547,0.614259338524551,0.8138257701920558
2023-03-28,0.7120825199082885,0.6141980401358905,0.8139953423088724
2023-03-29,0.7104719273590044,0.614421667628029,0.8143028574658245
2023-03-30,0.7113380905880614,0.6132308482942108,0.8144262331826513
2023-03-31,0.7122422059218667,0.6145233658573487,0.8144868009187846
2023-04-03,0.7133190843450128,0.6137441590837903,0.8142766802391138
2023-04-04,0.7134647401315677,0.6128634886931913,0.8137589724215899
2023-04-05,0.709967596534443,0.6130146038680541,0.8141473596082431
2023-04-10,0.7113515289430435,0.6128273624448823,0.8148847596093897
2023-04-11,0.7110458275685032,0.6118372110587516,0.814872768341651
2023-04-12,0.7115280052807305,0.6131994457408831,0.8150585282300438
2023-04-13,0.7106847945181046,0.6133178920293764,0.8151212699330149
2023-04-14,0.7115695192333696,0.6134951385273378,0.814906156411874
2023-04-17,0.7115386945367461,0.6131767416009596,0.8145731183966911
2023-04-18,0.7114310809603602,0.6128589283673005,0.8144038964279842
2023-04-19,0.709669028355713,0.6129093669106689,0.8145312147078001
2023-04-20,0.7110635303175769,0.6135943286526678,0.8152105301112521
2023-04-21,0.7111059040474587,0.6138460507733317,0.8152588512391538
2023-04-24,0.7101222522988155,0.6132179063438025,0.8153743462172399
2023-04-25,0.710634211812893,0.6139984529317218,0.8160053189084086
2023-04-26,0.7130190499635789,0.6139899042406657,0.815352877542848
2023-04-27,0.7120768129604703,0.6136749201295757,0.8152407724846231
2023-04-28,0.710032577070181,0.6135521355534094,0.8157620712595214
2023-05-02,0.7119463239061352,0.6140966859586617,0.8149067135791609
2023-05-03,0.7120081077489757,0.6132167342111847,0.8147975912360284
2023-05-04,0.71160167221849,0.6127053148683683,0.814926221283333
2023-05-05,0.7099506193861043,0.6128876108004724,0.8164440855429661
2023-05-08,0.71181643865179,0.6135867120687415,0.8154831481390187
2023-05-09,0.7114245271889226,0.6132001900109678,0.8162362657036657
2023-05-10,0.71155406958201,0.6134531271700273,0.8159905501393452
2023-05-11,0.7121004113029958,0.6124057811286103,0.8161777621245137
2023-05-12,0.7097825478168195,0.6128011100396002,0.8168108701437666
2023-05-15,0.7078765437542529,0.6138570773176679,0.816186144306522
2023-05-16,0.7067655374570662,0.6129998342247126,0.8169660385530325
2023-05-17,0.7075231352664348,0.6132060661014447,0.816919586985503
2023-05-18,0.7091088056179311,0.6130424146166259,0.8166178792591643
2023-05-19,0.7088267858733172,0.6132299997316041,0.816268294362292
2023-05-22,0.7068641418384226,0.6133862447971887,0.8166395152759187
2023-05-23,0.7065597224476803,0.6128822335181849,0.8163034898611391
2023-05-24,0.7074692701935417,0.6120772113647923,0.8167709464260478
2023-05-25,0.7074694416961881,0.6123560065525118,0.8165679284946642
2023-05-26,0.7060297517918956,0.6117755335087569,0.8172385563968804
2023-05-29,0.7055447473543028,0.6131735901405397,0.8170851903139318
2023-05-30,0.706967190599002,0.6124539229860065,0.817296547396931
2023-05-31,0.7076159242613169,0.6119161115585761,0.8175174327758141
2023-06-01,0.707288076499938,0.6109737620605181,0.8168151200975212
2023-06-02,0.7083648889032839,0.6106483718551431,0.8163803944023806
2023-06-05,0.7083329123243784,0.6106474015495276,0.8156812179144645
2023-06-06,0.7080062103314044,0.6105688233298232,0.8156341206463517
2023-06-07,0.7085684803070008,0.6103589733696434,0.8162321739883468
2023-06-08,0.7109897064984755,0.610340513423652,0.8162249211405518
2023-06-09,0.7103090494173884,0.6109348823914382,0.8166643535068366
2023-06-12,0.7096493432919787,0.611145731169288,0.8165927284838117
2023-06-13,0.708105294560119,0.6111029450262739,0.8166954123219579
2023-06-14,0.7085011973977742,0.6110495168336774,0.8173224910849198
2023-06-15,0.7074387840931955,0.6105167200525029,0.8179356562935189
2023-06-16,0.7085882635336777,0.6110957744249754,0.8172016563617149
2023-06-19,0.708276739710719,0.6109859624382163,0.8169646118702117
2023-06-20,0.708097230010207,0.6115890846638343,0.81755384718729
2023-06-21,0.7118928413709893,0.6110152733765812,0.8176322615596183
2023-06-22,0.7106552243675796,0.6121763754480931,0.8171063890290564
2023-06-23,0.7127714675938441,0.6129734577563551,0.81592447233579
2023-06-26,0.7132854842795306,0.6117729029436106,0.8160792867834048
2023-06-27,0.7106345364277941,0.6123918586610384,0.8165953845077818
2023-06-28,0.7128501681640312,0.612351839832682,0.8169081630835672
2023-06-29,0.711500203954202,0.6116843358928248,0.8179311856819741
2023-06-30,0.7135542985481219,0.6123397373271039,0.8176327218056573
2023-07-03,0.7124832974889599,0.6114168253105406,0.8175045780931017
2023-07-04,0.710164385264096,0.6117432536037521,0.8182589108454827
2023-07-05,0.7091327561439468,0.6125189183913402,0.8176387974941818
2023-07-06,0.7089496957441315,0.6118575520452748,0.8171824355116298
2023-07-07,0.7086559439988396,0.6126797977888921,0.8173112522285509
2023-07-10,0.7088127212711379,0.6127237167484664,0.8171365541308001
2023-07-11,0.7090305002606677,0.612547951056494,0.8172316942325
2023-07-12,0.7063735874829471,0.6122644687799168,0.8160715428797928
2023-07-13,0.7079786108402937,0.6123324468658847,0.8172218284671648
2023-07-14,0.7060480052767515,0.6114593068882862,0.8174295701949765
2023-07-17,0.7061748450320097,0.6115828493966515,0.8178953342417228
2023-07-18,0.7073824149308797,0.6116111400737095,0.8182451814846524
2023-07-19,0.7065144229835072,0.6110234070408282,0.818192804507433
2023-07-20,0.7075940266330817,0.6116000354669366,0.8177888008662444
2023-07-21,0.7067923570776912,0.6112827094199451,0.8181546398001794
2023-07-24,0.706264180142311,0.6113251880035118,0.817998119590924
2023-07-25,0.7075121654144868,0.6114991563861849,0.8176578113972388
2023-07-26,0.708041720538329,0.611503044394488,0.8175079276996136
2023-07-27,0.7085769199624734,0.6118110648632333,0.8165557961696647
2023-07-28,0.7088539008737819,0.6109854031571906,0.8172627788507049
2023-07-31,0.7099516483846313,0.6108415364629151,0.8165661744388802
2023-08-01,0.7094731306022498,0.6106577742850559,0.8171109955199353
2023-08-02,0.7078829281223677,0.6097992727945095,0.8169729068425302
2023-08-03,0.7079631786671634,0.610421210819417,0.8161780385654361
2023-08-04,0.7056800343618274,0.6110330113967466,0.8163193537393624
2023-08-07,0.7063153986012081,0.6098625532267005,0.8167191769428549
2023-08-08,0.7071648768981477,0.6095732348865925,0.815973057623334
2023-08-09,0.7086790653488868,0.6093323529886632,0.8164642523626516
2023-08-10,0.7084126941399441,0.6081679987162842,0.8162057499185388
2023-08-11,0.7078342629141073,0.609138837680939,0.8157960970962665
2023-08-14,0.7108486581216984,0.6094286385502224,0.8164187211894122
2023-08-15,0.711814570538211,0.6089485859903921,0.8159455222411505
2023-08-16,0.7097243346337632,0.6095756820299743,0.8168420595777269
2023-08-17,0.7094197391379949,0.6101233670982343,0.8161831709698393
2023-08-18,0.708567326011426,0.6097637553115149,0.8166888057077257
2023-08-21,0.705453656559411,0.6101986609290659,0.816226843002018
2023-08-22,0.7054289815663699,0.6098412867335761,0.8177504541844003
2023-08-23,0.7056141209690798,0.6088430182905354,0.8173266323678564
2023-08-24,0.7095249082046029,0.6090707132288631,0.8183193007894919
2023-08-25,0.7087123860813929,0.6096150047353751,0.8177436896756374
2023-08-28,0.7082026203880999,0.6092722080298365,0.816810844756104
2023-08-29,0.7053461096163599,0.6092660533132112,0.8172676692329651
2023-08-30,0.7068893581704324,0.6092739949145223,0.8170254123504247
2023-08-31,0.7069424252888472,0.6090450651457382,0.8167800965723422
2023-09-01,0.7061998852997724,0.6092557871571821,0.8160807677047113
2023-09-04,0.7066076405514152,0.6095062378085269,0.8194833046929658
2023-09-05,0.7080825183649746,0.6094311566795841,0.8188702612523732
2023-09-06,0.7068826518639891,0.6086089217066767,0.8178011188265237
2023-09-07,0.7075230365272313,0.6096313393188947,0.8177882702301037
2023-09-08,0.7067350871356765,0.609291611161364,0.8172811095568173
2023-09-11,0.708524198092064,0.6090823215678866,0.8173953031233805
2023-09-12,0.7072121755913005,0.6086854228616186,0.8177411638638901
2023-09-13,0.7078455450819781,0.6085068976149834,0.818240283913521
2023-09-14,0.7087496885436527,0.6080626418423802,0.8180487092486965
2023-09-15,0.7108842482868006,0.6088182622627284,0.8181539723230444
2023-09-18,0.7109180814528168,0.6087841555915745,0.8188331233560704
2023-09-19,0.711617472184981,0.6086060147356039,0.8189050713919412
2023-09-20,0.7086221848477715,0.6076636998965209,0.8180801246143511
2023-09-21,0.7099854006938596,0.6072835128670728,0.8182350273570496
2023-09-22,0.7090003838304857,0.6078582673762786,0.8166375449959001
2023-09-25,0.7103649774035921,0.6079256336765936,0.8168300320433554
2023-09-26,0.7105684823448075,0.6074104595915416,0.8171635191226202
2023-09-27,0.7126119840420143,0.6073251204202829,0.8182500189344247
2023-09-28,0.711748121269893,0.6055298167780424,0.8170529903869337
2023-09-29,0.7106889707122654,0.6065770956637215,0.8178894695846699
2023-10-02,0.7121778116972961,0.6057450926340474,0.8169039203871328
2023-10-03,0.7130475147903468,0.6060678534650709,0.8171400235804479
2023-10-04,0.7138944672432394,0.6065352479264143,0.8176828568436826
2023-10-05,0.7132940215564673,0.606648239887404,0.8170032735903681
2023-10-06,0.7128992467114889,0.6064139190414479,0.817254484301178
2023-10-09,0.7142352018513604,0.6058461465261007,0.81726253309006
2023-10-10,0.711738415109638,0.6059134869124764,0.8173717799088074
2023-10-11,0.711348938984654,0.6051777905613126,0.8170317864603134
2023-10-12,0.7115832589902366,0.6058642368068098,0.8171592530005911
2023-10-13,0.7117896559793612,0.6059233776317738,0.8166669143618706
2023-10-16,0.7114457792522545,0.6057483536444745,0.8171467304064268
2023-10-17,0.7104720494387309,0.6051656094619436,0.8175147792084559
2023-10-18,0.7129871840189994,0.6052138176898494,0.8167378980598904
2023-10-19,0.7129881987050009,0.6057184256021432,0.8163794072675706
2023-10-20,0.7127542021068038,0.604882651667281,0.8167733395682945
2023-10-23,0.7138750517500378,0.6062919470451646,0.8166525979583978
2023-10-24,0.7141332077461949,0.6061840051861969,0.8166019151375302
2023-10-25,0.7143181809464196,0.6060388455402745,0.816821020497337
2023-10-26,0.7145332419254418,0.6067260153896635,0.8171092941472116
2023-10-27,0.7129130833540457,0.6055084064657673,0.8173077980631315
2023-10-30,0.7122259541747485,0.6059831638561657,0.817432659766681
2023-10-31,0.7134444414247898,0.60641725455292,0.8173273938684595
2023-11-01,0.7102943986584895,0.606377942477921,0.8168063222615326
2023-11-03,0.7091001889980677,0.6061427544922582,0.8164863266980599
2023-11-06,0.7089714488062584,0.6065772949450742,0.8169469623377751
2023-11-07,0.7097619280634545,0.6067107961893728,0.8168440259008373
2023-11-08,0.707665442086568,0.6063619127616213,0.8167867702367279
2023-11-09,0.7076243640762323,0.6062653444078918,0.8175693463890054
2023-11-10,0.7070808168029451,0.6061980621077423,0.8176094301066141
2023-11-13,0.709045345537546,0.6069420159957876,0.8178969729945971
2023-11-14,0.7061463491950274,0.606426128605288,0.8180304955253739
2023-11-15,0.7051646151880027,0.6071071817258814,0.8178137897772639
2023-11-16,0.7052556659688077,0.6061472937495087,0.8176253161706731
2023-11-17,0.7049351907734863,0.6062538173574761,0.8171532214529588
2023-11-21,0.7037953397798578,0.6063133280557422,0.8167099879042886
2023-11-22,0.7032399908347355,0.6057974222663934,0.8170317069634088
2023-11-23,0.7038129410056201,0.6058425607010784,0.8182953789744536
2023-11-24,0.7062620665563837,0.6060742901849216,0.8174881362478577
2023-11-27,0.7066748337568746,0.6058215097008023,0.8176370902839002
2023-11-28,0.7066027709692122,0.6052191306829536,0.8186262579753387
2023-11-29,0.7086135685444714,0.6063264494078364,0.8185265022182702
2023-11-30,0.7070713410123012,0.6058818233789879,0.8178639236578367
2023-12-01,0.710334377426484,0.6056737665996307,0.818629770957855
2023-12-04,0.709468247580782,0.6056595832724481,0.8181052690789518
2023-12-05,0.7099148909790118,0.6052554527533175,0.817451700125206
2023-12-06,0.7110107118997637,0.6053480406131985,0.8177147944828124
2023-12-07,0.7123388291178663,0.6056421576408135,0.817539223990379
2023-12-08,0.7110235436168972,0.6056576262137527,0.8177110499617419
2023-12-11,0.7124667215326307,0.6053949730541394,0.8179709427133964
2023-12-13,0.7123504815405277,0.6056882137396684,0.8183586126847925
2023-12-14,0.7096676404525288,0.6055700090792153,0.8181776456899881
2023-12-15,0.7094601606319578,0.6058201399144458,0.8176761197444367
2023-12-18,0.7107194611071479,0.6052270544499683,0.8181826102935235
2023-12-19,0.7098513955201673,0.6054150093146922,0.8188053214658908
2023-12-20,0.7099633330924339,0.6059057143753278,0.8187420155209013
2023-12-21,0.7114335548963321,0.6064253953849483,0.8189942564131518
2023-12-22,0.7112416153534338,0.6070340653200189,0.8193175918412785
2023-12-26,0.7110774141620079,0.6055453165925163,0.8189672665450135
2023-12-27,0.7134606865293602,0.6060075879312176,0.8188297332489931
2023-12-28,0.7147516478231197,0.6065486269724222,0.8191738760028275
2023-12-29,0.7149516227583431,0.6063797375119233,0.8180320925094307
2024-01-02,0.713890675215546,0.6068051718192037,0.8189576312431435
2024-01-03,0.7123252104059836,0.6062265436387134,0.8186905243258281
2024-01-04,0.7126520035143085,0.6069088041070521,0.8183980887862575
2024-01-05,0.7124833038749432,0.6067194634132553,0.818404884194822
2024-01-08,0.7114714559099096,0.6059777207265861,0.8189525509615154
2024-01-09,0.7097764168040347,0.6061264167677957,0.8189306455847374
2024-01-10,0.7093789431233714,0.6070140566448184,0.8186195027696012
2024-01-11,0.7109532780818357,0.6063348126501562,0.8191129370930074
2024-01-12,0.7098735643214634,0.6064970772213005,0.8182469333046605
2024-01-15,0.7114293039582132,0.6071869537607281,0.8177439902756749
2024-01-16,0.7091759923198956,0.6075951742564327,0.817097498479334
2024-01-17,0.708426769869748,0.6080079076250806,0.8190041545357805
2024-01-18,0.7082906563304467,0.6064483964349573,0.8177163743599755
2024-01-19,0.7045836928574548,0.6063121040298427,0.8184896251762016
2024-01-22,0.7068141969149231,0.6069692792743521,0.8190687225115044
2024-01-23,0.7059536907782736,0.6056484974133145,0.8187538211618468
2024-01-24,0.7070260402622863,0.6066475567164861,0.8196165680287533
2024-01-25,0.7079083776497102,0.6055584027475026,0.8199356576937537
2024-01-26,0.70723306071029,0.6055602221571035,0.8196322256215537
2024-01-29,0.7071061705176395,0.6063941389452753,0.8202697846036058
2024-01-30,0.7064232912098869,0.6059749353928778,0.8196623470179801
2024-01-31,0.7063818396193025,0.6060954443228985,0.8191090413373417
2024-02-01,0.7058939934573564,0.6052234309022066,0.8211251041927988
2024-02-02,0.7046635791165319,0.6050596051606137,0.8196839289526783
2024-02-06,0.7053547968627679,0.605125635871141,0.8202537273820824
2024-02-07,0.7045458555366183,0.6063252734704017,0.8192434054611316
2024-02-08,0.703480315811473,0.6058856048623412,0.8200611140476834
2024-02-09,0.703876378469202,0.6053272951907708,0.8185490751170776
2024-02-12,0.7040476129046624,0.6051363397163628,0.81985171722018
2024-02-13,0.7036252193138868,0.6045912169907081,0.8199697652165078
2024-02-14,0.7064061794415372,0.6051830694932421,0.8194583674979313
2024-02-15,0.7055587074928253,0.6045134019465687,0.8194191231927787
2024-02-16,0.7080067472944002,0.6051110263728194,0.8200431200007688
2024-02-19,0.7085650370043092,0.6046513220281898,0.8198844168968895
2024-02-20,0.7107906420649318,0.6043388422928985,0.8194865892358145
2024-02-21,0.7096067781379006,0.6053286169713751,0.8202961519303203
2024-02-22,0.710129235213868,0.6045434885592492,0.8199919530370591
2024-02-23,0.711186116124238,0.6036286921219512,0.8204964043544289
2024-02-26,0.7124322945853778,0.6037072441245992,0.8202971555689437
2024-02-27,0.712228023755697,0.6039246898426093,0.8208579545537353
2024-02-28,0.7118694316621651,0.6032193727924726,0.8206827744964993
2024-02-29,0.7110406371481303,0.6042210599962845,0.8210224369002082
2024-03-01,0.7127557047624857,0.6031726689511755,0.8218089543127488
2024-03-04,0.7120514455137855,0.6037409097840638,0.8215590830548969
2024-03-05,0.7110419012185932,0.6045272096376021,0.8204076290419021
2024-03-06,0.7136341048641599,0.6043859408846501,0.8213245685984847
2024-03-07,0.7134308715753281,0.6046653919679542,0.8216991139942014
2024-03-08,0.713735713349816,0.6032684927517387,0.822077563019711
2024-03-11,0.7121722032018156,0.6050517127858175,0.8208326826857134
2024-03-12,0.7116427024087326,0.604333537644789,0.8209800605738141
2024-03-13,0.7090115968939892,0.6046263909416103,0.8209714275537389
2024-03-14,0.709481234998766,0.6029319642340202,0.8220045241081112
2024-03-15,0.7075096082700614,0.6030339166182906,0.8222587007077709
2024-03-19,0.7090982287444046,0.6023193794090183,0.8206991933851073
2024-03-20,0.7072129392015362,0.6032472130711805,0.8215399888418848
2024-03-21,0.7072015413823297,0.6032427552271927,0.8217675058732588
2024-03-22,0.7068505344344037,0.6035947297132139,0.8222970505342954
2024-03-25,0.7076715783916588,0.6033776111791019,0.8214443207088475
2024-03-26,0.7116504605668411,0.6037866949610978,0.8224368073082678
2024-03-27,0.7114839234377001,0.6036171486672544,0.8226759159702419
2024-04-01,0.7114045942095439,0.6038990453213811,0.8220212690056131
2024-04-02,0.711909003667208,0.6040317878592874,0.8223916783085171
2024-04-03,0.7122309194253245,0.6046437045332689,0.8234201465412334
2024-04-04,0.7117369048876262,0.6040757078408251,0.8234735182794698
2024-04-05,0.7108703147216788,0.604025663737149,0.8234436657440419
2024-04-08,0.713438271597922,0.6043169157152805,0.8234451192972969
2024-04-09,0.7141482795738705,0.6039072459922985,0.8228386476443746
2024-04-10,0.714346587214135,0.60429953525554,0.8235755528142154
2024-04-11,0.7141539545179011,0.60431182090521,0.8238542055940263
2024-04-12,0.715715247201722,0.603268806281058,0.822907658376087
2024-04-15,0.7136395371648343,0.6038130489010854,0.8232948897934714
2024-04-16,0.7127572983159574,0.6044719236764547,0.8232699872416235
2024-04-17,0.7139574010503897,0.6047289699410763,0.8229945071731473
2024-04-18,0.7127612781866722,0.6045801582735648,0.8226514718673336
2024-04-19,0.7143605132129176,0.6044266098132908,0.8217855357851058
2024-04-22,0.7149276081387209,0.6050073439148385,0.8213165761199955
2024-04-23,0.7171577147870568,0.6039552664052651,0.8210053466822277
2024-04-24,0.71465443344141,0.6045337145434435,0.821724598312196
2024-04-25,0.7133494317198337,0.6031199327139012,0.8220874959061387
2024-04-26,0.7133027475849382,0.603111932522825,0.8224249743082676
2024-04-29,0.7132431733687872,0.6038305998358693,0.8219431236636828
2024-04-30,0.7119732741710293,0.6027541139872488,0.8224515817107074
2024-05-02,0.7112428310539729,0.6024577756470441,0.8224410668970822
2024-05-03,0.7117645818661849,0.6033308644804518,0.8216032747668963
2024-05-06,0.712945730310755,0.602343921620062,0.8220319612875803
2024-05-07,0.7122763925820231,0.6028765267408349,0.8214032095712848
2024-05-08,0.7121682071902956,0.6033393266900031,0.8214879017914906
2024-05-09,0.7116290383600948,0.603258888076669,0.8212543494189968
2024-05-10,0.711126449462382,0.6030870012720027,0.8217630431482668
2024-05-13,0.7100047464865183,0.6030346177796142,0.8217907934790014
2024-05-14,0.7105423712043416,0.6033214233945865,0.8218347567279468
2024-05-15,0.7103595082685116,0.6026365568463625,0.8222330192171935
2024-05-16,0.7108976923834049,0.6029642038565459,0.8221979402662932
2024-05-17,0.7109370741973526,0.6022350227262587,0.8222340409448
2024-05-20,0.7093065282693676,0.6028067636730378,0.8221106244836953
2024-05-21,0.7094588469005817,0.6028420119007967,0.8227587908348719
2024-05-22,0.7085074757308252,0.6034656294488463,0.8229411074992371
2024-05-23,0.7076909897379763,0.6027485500561436,0.8227901861374479
2024-05-24,0.7080561967138032,0.6027452187675332,0.8227835007618745
2024-05-27,0.7088617748341919,0.6015017500319874,0.8226460651667042
2024-05-28,0.7089218139775043,0.6015534012565795,0.822452071820449
2024-05-29,0.7075656508784339,0.6013377343809636,0.822790785037894
2024-05-30,0.7080370318844939,0.6021693468540642,0.8231361096067195
2024-05-31,0.7084169414251735,0.6027455605003006,0.8224745427475981
2024-06-03,0.7042280529233211,0.6023767330843783,0.8231510262653173
2024-06-04,0.7042063569948271,0.6025605693427895,0.8228182501475437
2024-06-05,0.703773135398869,0.601882638755594,0.8230469642526278
2024-06-06,0.704681228133702,0.6025770009941467,0.822581186057263
2024-06-07,0.7010995201186938,0.6027563295283761,0.8223284222401378
2024-06-10,0.7049547054593784,0.6026916585999271,0.8226578987210993
2024-06-11,0.7034368898250499,0.6024782558057886,0.8224321245132127
2024-06-12,0.7043211810339695,0.6013641802666129,0.8217001439044793
2024-06-13,0.7019985586499609,0.6021934578905442,0.8221744232819017
2024-06-14,0.7042665664298272,0.6024379565548664,0.8226958370913099
2024-06-17,0.7059738626370136,0.6025662650804523,0.8229662758342652
2024-06-18,0.7037738923052661,0.6023858046533018,0.823829133789012
2024-06-19,0.7060712052716626,0.6019819875450584,0.8228184370272758
2024-06-20,0.7035967654165942,0.6023853905781387,0.8232619310778008
2024-06-21,0.7043391383832609,0.602958008433292,0.8240052396346967
2024-06-24,0.7038917531333121,0.6017069409286184,0.8241278575235842
2024-06-25,0.705702711637911,0.6020682608655684,0.8239596274755877
2024-06-26,0.7093878502887877,0.6023999680863716,0.823790766914124
2024-06-27,0.7101346111235827,0.6013634365276356,0.8235797554761071
2024-06-28,0.7127423012563037,0.601550133749076,0.8232454292731204
2024-07-01,0.7112131763565019,0.6019863665305033,0.8238056917926049
2024-07-02,0.710881589333435,0.6020810391788319,0.8232111905835432
2024-07-03,0.7103250991660455,0.601738882514753,0.8232665248036217
2024-07-04,0.7093254786420263,0.6021458398796795,0.8231474901240453
2024-07-05,0.7100333224571058,0.6018100080434774,0.8240103584819413
2024-07-08,0.7086150888181821,0.6021311430576741,0.8225688270171322
2024-07-09,0.707039779909619,0.6015826667973692,0.8235285431982428
2024-07-10,0.705075425733143,0.6015233918729376,0.8230240831963488
2024-07-11,0.7038570626467788,0.6010248895447186,0.8223795765406141
2024-07-12,0.7051274696214206,0.6018100477013035,0.8227210771327363
2024-07-15,0.7040851024998619,0.6021729019593497,0.8227253874123333
2024-07-16,0.7042918053676691,0.6019542746735775,0.8223335533280588
2024-07-17,0.7046375258269062,0.6003956655864443,0.8227034415229081
2024-07-18,0.7065937460697511,0.601329076338951,0.823237463900997
2024-07-19,0.7067667413488292,0.6015683763132423,0.8233471156552722
2024-07-22,0.7070487255712588,0.6018349175548638,0.8231067919711271
2024-07-23,0.7059925383979984,0.6015091510290438,0.8236352631167169
2024-07-24,0.7075335895825411,0.6021820372185553,0.8240543630627835
2024-07-25,0.7070265027935831,0.6016181577092196,0.8236075162135285
2024-07-26,0.7054800990020283,0.6016918547523424,0.8237150488983929
2024-07-29,0.7082203919972379,0.6012613030986936,0.8238809052128919
2024-07-30,0.7079923420273617,0.6015756617017702,0.823557461697447
2024-07-31,0.7048709626896814,0.601843190974736,0.8232234149048586
2024-08-01,0.705531433129727,0.6027960983083758,0.8225906982127722
2024-08-02,0.7062931425054945,0.6019475285629976,0.8230788493811466
2024-08-05,0.7057098485015327,0.602103187067442,0.8230335739942995
2024-08-06,0.7037744824786863,0.6014335463083714,0.8229035044290484
2024-08-07,0.7048916048574873,0.6017816265131304,0.8233198196061985
2024-08-08,0.7036353850901473,0.6004364760124027,0.8222689444655924
2024-08-09,0.7041714131043303,0.6006061253205408,0.8223408919773525
2024-08-12,0.7033137740124717,0.6014770536353046,0.8232759812076366
2024-08-13,0.7003806382720363,0.6014171504956835,0.8228713577834862
2024-08-14,0.6992908043842212,0.6012537521797557,0.823467113683772
2024-08-15,0.7004116390601354,0.6009391722333506,0.8230220973480676
2024-08-16,0.6986916200355776,0.6002413079770128,0.8236049223975241
2024-08-19,0.6984103917423433,0.6003346312100571,0.8231813564373962
2024-08-20,0.6981107954613842,0.6006247168089478,0.8231629993814613
2024-08-21,0.6981013584659201,0.6006833510755386,0.8241966787727991
2024-08-22,0.6993112897014977,0.6001528214364888,0.8239750948026271
2024-08-23,0.6978944661817629,0.5997724426211047,0.8233778701729864
2024-08-26,0.6990346512026934,0.6008355562506865,0.823304635268699
2024-08-27,0.7000516119478482,0.600542829981964,0.8235362368346001
2024-08-28,0.7001604111854117,0.6006175912774503,0.8232389963729942
2024-08-29,0.6977850625675731,0.5998981012600731,0.8228789614913472
2024-08-30,0.6974814373311671,0.5995837225243156,0.8233676630022836
2024-09-02,0.6978692592066759,0.6003980735364534,0.8229961200543969
2024-09-03,0.696590323846568,0.6016226838672925,0.8225901561567375
2024-09-04,0.6989247945081735,0.6003028296738572,0.8228161801506417
2024-09-05,0.6968432398305523,0.5999785836626417,0.8226745477057382
2024-09-06,0.6963129791753632,0.6003295426955962,0.8231491354216092
2024-09-09,0.6990958676085065,0.5996193371540897,0.8234874966120004
2024-09-10,0.7014397272334094,0.6006267258295748,0.8232868750828831
2024-09-11,0.7013156598715289,0.6006923569625954,0.8227074324484133
2024-09-12,0.7006419904650699,0.600485723826028,0.8227874810740908
2024-09-13,0.7019723785108976,0.599823210780751,0.8235540181576657
2024-09-17,0.7005937545450787,0.6003365044122372,0.8237222511989665
2024-09-18,0.7018776974595253,0.5995749758140279,0.8236189142805649
2024-09-19,0.7030446425775475,0.6000681556806396,0.8239049773391205
2024-09-20,0.7009722807294847,0.6002013659442273,0.823577665487361
2024-09-23,0.698461554765654,0.5998923346361015,0.8243547918263883
2024-09-24,0.6961852955628756,0.6001165085274218,0.8234014736256624
2024-09-25,0.6972978879746199,0.5996874548816836,0.824430240735285
2024-09-26,0.6966162099631418,0.5996972777335305,0.8242359485696937
2024-09-27,0.6982427245305448,0.5999590331540365,0.8241230633414531
2024-09-30,0.699097579890447,0.6002870386342628,0.8236089722513882
2024-10-02,0.6999795560122214,0.5997079282370115,0.8234508479948875
2024-10-03,0.6989306812958707,0.5987432973106643,0.8233087140921376
2024-10-04,0.6961287676393505,0.5992149582068026,0.8235289712301296
2024-10-07,0.6965038156582765,0.5989304793094925,0.823536573693468
2024-10-08,0.6982882376474155,0.5990920043580424,0.8234506978284757
2024-10-09,0.696233330326314,0.5996027757889615,0.8234768209465541
2024-10-10,0.7002173647560386,0.6000934280127711,0.8237595094800885
2024-10-11,0.6997805987525534,0.5997038002638331,0.8240725590835855
2024-10-14,0.6997618132477559,0.5999722930422295,0.8239175006439056
2024-10-15,0.7003142452252088,0.6001363743619109,0.8238288096326358
2024-10-16,0.7019146629784402,0.5998719262476431,0.8238067211334461
2024-10-17,0.7040339238940156,0.5996207602742271,0.8235082396938449
2024-10-18,0.7045503361647054,0.5997167518488978,0.8240277052126949
2024-10-21,0.705046690802538,0.5993074477134483,0.8235969050055638
2024-10-22,0.705963425548711,0.6007077796639915,0.8238759714699703
2024-10-23,0.7050916768698692,0.6013832306162104,0.8242631180459746
2024-10-24,0.7064950377227186,0.6010634767387605,0.8239536075481482
2024-10-25,0.7038572116589241,0.6018830201235497,0.8241508150621357
2024-10-28,0.7054558867628954,0.601326580635653,0.8233785613022958
2024-10-29,0.7073339792212989,0.6008068228492185,0.82373915173333
2024-10-30,0.7058606504301391,0.5999521884546426,0.824506353643567
2024-10-31,0.7070811401177867,0.600105152714469,0.8237191793571099
2024-11-01,0.7043053657705026,0.5996719443260984,0.8237824489609136
2024-11-04,0.7050060367595828,0.600536241955922,0.8235307982057156
2024-11-05,0.7052839746500352,0.5997211762969223,0.8233724357901798
2024-11-06,0.7047332797025707,0.5998344796725354,0.8233483089317588
2024-11-07,0.7059474869088055,0.5986806539060484,0.8229321734577025
2024-11-08,0.7034468999229572,0.6007252682807322,0.8233291125353415
2024-11-11,0.7076254788833465,0.5995663678607863,0.8233468816880952
2024-11-12,0.708629854404329,0.5993178513516615,0.8238053749340668
2024-11-13,0.7077797333735104,0.5994264788004977,0.8231822832898754
2024-11-14,0.7066573611172634,0.6004941794890759,0.8227680144842068
2024-11-15,0.7094538747718824,0.5993816776409644,0.8232156272514826
2024-11-19,0.7066332570239833,0.5992555994211547,0.8237466437939033
2024-11-20,0.708756936823288,0.5986925722690893,0.8239752920931853
2024-11-21,0.7104942224370704,0.5984387829773717,0.8230389031786962
2024-11-22,0.712425583715155,0.5989417246058863,0.8226704333331178
2024-11-25,0.7167168678290264,0.5985913073686228,0.8232790655017436
2024-11-26,0.7170927759929575,0.5995615197550485,0.8243164570864993
2024-11-27,0.7178310532281114,0.5984005422760378,0.8249930498208915
2024-11-28,0.715717456117388,0.599149273239201,0.8243449803079465
2024-11-29,0.7140716676431306,0.6002131785849139,0.8238885863759433
2024-12-02,0.7155722043240267,0.5995942026329305,0.8243510981064709
2024-12-03,0.7146798245093134,0.599367417417883,0.82412458743891
2024-12-04,0.7147529080256374,0.5995655684930866,0.8245552635953884
2024-12-05,0.715098120123771,0.5985648125058624,0.824128101298907
2024-12-06,0.715667186161419,0.5971857436320006,0.8239473330141063
2024-12-09,0.7142127094691167,0.5975036491970344,0.82391495483283
2024-12-10,0.715481443850111,0.597319901644835,0.8242620139706809
2024-12-11,0.71511065308838,0.5983710509639335,0.8246721763897641
2024-12-13,0.7163775696862662,0.5975208247999431,0.8239690636098781
2024-12-16,0.7151831086177134,0.5976380214970302,0.822980079163429
2024-12-17,0.7157271265096563,0.5966838044311337,0.8240100214712565
2024-12-18,0.7144610889042157,0.5972275540916061,0.8243403516470925
2024-12-19,0.7152480403408092,0.5962402665202008,0.824217084912081
2024-12-20,0.7157208775932024,0.5967025880129757,0.8238630143471489
2024-12-23,0.714642501623957,0.5959358038824305,0.823812296194208
2024-12-24,0.7172544107462926,0.5941224382895237,0.8247326191857484
2024-12-26,0.7169116411710452,0.5949096684871024,0.824369902888833
2024-12-27,0.7163874358842057,0.5949162635985538,0.8240662038397225
2024-12-30,0.7192149448669805,0.5954166261820228,0.8250294669113469
2024-12-31,0.7174908546610078,0.5950383977649666,0.8251271393562455
2025-01-02,0.7194307174136924,0.5954497359851851,0.8252664659451596
2025-01-03,0.7186922391035813,0.5944610389821888,0.825331921647953
2025-01-06,0.7196963744815309,0.5947948125830286,0.8251339819736012
2025-01-07,0.7187431228879624,0.595644894134478,0.8249463847070394
2025-01-08,0.718120069643598,0.5962720169557434,0.8251941413493582
2025-01-09,0.7179193933802375,0.595630800849786,0.8245681452240661
2025-01-10,0.7186039438519747,0.5967837719896939,0.825075841501033
2025-01-13,0.7187834690524139,0.5957940613211826,0.8250952735136394
2025-01-14,0.7195059703053118,0.5966246324476778,0.8243080017240074
2025-01-15,0.7201166234648334,0.5966283720118223,0.8248195161690574
2025-01-16,0.7218711169768519,0.5957960661224928,0.8249455770431503
2025-01-17,0.7218870017895747,0.5969498652564154,0.8244579182870904
2025-01-20,0.7185223369332665,0.5959224854135392,0.8262730142853222
2025-01-21,0.7176212291815851,0.5962030662749774,0.8260128340755407
2025-01-22,0.7173004286861129,0.5955399910856022,0.8269369179613247
2025-01-23,0.7183836800656471,0.5953988021387245,0.8271766449549478
2025-01-24,0.7211067517171241,0.5955178373700443,0.8265607629515602
2025-01-27,0.7192200969859178,0.5948993860571307,0.826793034023112
2025-01-28,0.7190573963746415,0.5947627631158201,0.8265455852515325
2025-01-29,0.7205625329487718,0.5948348553117748,0.8261882707657922
2025-01-30,0.7199392227647284,0.595358236537741,0.826006630569373
2025-01-31,0.7197042272442066,0.595423002382807,0.8259787131514669
2025-02-04,0.7182283620105404,0.5945095039368472,0.8259123859489037
2025-02-05,0.7187157812079727,0.5943068306703426,0.8253872932981245
2025-02-06,0.7214045300127422,0.5953719460672976,0.8251048520497885
2025-02-07,0.7206037761483072,0.5948801643715416,0.8251947798558124
2025-02-10,0.7221478071965881,0.5947747655596921,0.8257590353335441
2025-02-11,0.7205883000773423,0.5946484424845373,0.8255729680728767
2025-02-12,0.7204023376145895,0.5944776352498654,0.8258539573681524
2025-02-13,0.7219261520573789,0.5943814497766525,0.8257147152161981
2025-02-14,0.7212665510651926,0.5954267576946204,0.8252214806286539
2025-02-17,0.7220593151104202,0.5949015477619831,0.8249022883511432
2025-02-18,0.7219159791545239,0.5947210521406899,0.8248448103928053
2025-02-19,0.7200419459700341,0.5952766825229383,0.8253420294068492
2025-02-20,0.720939161781846,0.5960470303553067,0.8253494735382054
2025-02-21,0.7185141891641991,0.5948351772698446,0.8248036865480565
2025-02-24,0.7203751332766573,0.5954362011112196,0.8246534768841897
2025-02-25,0.7206712107061494,0.5957348618129097,0.824465643118705
2025-02-26,0.7222045301160253,0.5956430314717622,0.8253261665130253
2025-02-27,0.7222164011235158,0.5958886279475765,0.8250819729136343
2025-02-28,0.7235997874236555,0.5959694681534348,0.8244944128462423
2025-03-03,0.7216105436525949,0.5963798569559613,0.8251672628258213
2025-03-04,0.722086605113204,0.5957284024906259,0.8262758311146263
2025-03-05,0.7226391852255866,0.59596180870092,0.8259083893500018
2025-03-06,0.724508260316336,0.5960583708169697,0.8259955197441916
2025-03-07,0.7258440057525026,0.5964744783383181,0.8254463740419968
2025-03-10,0.7241890176673875,0.59601320828642,0.8255943177147307
2025-03-11,0.7255686975839065,0.5961741022155896,0.8251924256818173
2025-03-12,0.7247633944862272,0.5954619101658426,0.8248966385976984
2025-03-13,0.7265967555736207,0.5954502767268242,0.8258394616962015
2025-03-14,0.7265784889306575,0.5960397463893533,0.8253738925235145
2025-03-18,0.7245068101820011,0.5959350974049553,0.8247024303434818
2025-03-19,0.7251284405171007,0.5963286271572616,0.8254090271406656
2025-03-20,0.7259266546133248,0.5951922266462121,0.8264368983612032
2025-03-21,0.726100576496041,0.5951288339086628,0.8271383294978438
2025-03-24,0.7261401537806246,0.5956335170585132,0.8257245740043591
2025-03-25,0.7266343414193049,0.5961276921306841,0.8246976331140162
2025-03-26,0.7271448034570756,0.5956234995909272,0.8248428568941407
2025-03-27,0.7272996422040516,0.5956845376492517,0.8253202120714834
2025-03-28,0.7281492385200045,0.5946988533638244,0.8251518770537779
2025-03-31,0.7283056145948728,0.5940474194525208,0.8242072858297047
2025-04-01,0.7285768784041636,0.5950679267514261,0.824499751365903
2025-04-02,0.7286456030164385,0.5952436517932322,0.8246478528922552
2025-04-03,0.7272221659062063,0.5946525232461363,0.8250423081847129
2025-04-04,0.7240619616929315,0.5951303154257617,0.825094742286312
2025-04-07,0.7233768653503296,0.5939228307138834,0.8247418247912273
2025-04-08,0.7264643802503835,0.5944155987935463,0.8240461543359223
2025-04-09,0.7225773713542706,0.5948451336908569,0.8245116722090681
2025-04-10,0.7207402703674104,0.5957178048780473,0.8253502128493921
2025-04-11,0.7184635332203765,0.5957871177106198,0.8254852679252688
2025-04-14,0.7189757899608771,0.5961169599513512,0.8261673464613871
2025-04-15,0.7205188871668057,0.5962946447761368,0.825438586440468
2025-04-16,0.7187576577054686,0.5974962794731925,0.8252740312120629
2025-04-21,0.7189038782267826,0.5962871877420326,0.8259832629697603
2025-04-22,0.7172504561026576,0.5966475945511761,0.8256757787603977
2025-04-23,0.7147844452394532,0.5961016383815497,0.8259314915821258
2025-04-24,0.7136387637481841,0.5959710911363814,0.8260310458947311
2025-04-25,0.7138040374114095,0.5958691280782884,0.8256596947178663
2025-04-28,0.712958203746683,0.5961388508116795,0.8253496044480912
2025-04-29,0.711294199090741,0.5966635306043135,0.8245860798271214
2025-04-30,0.7125026749435216,0.5970053251941863,0.8247970090853741
2025-05-02,0.7115290298774669,0.5959245930003501,0.8246599433529722
2025-05-05,0.7127305005126944,0.5952755476763365,0.8244798508317087
2025-05-06,0.710807491513049,0.5963967597499278,0.8244343189949005
2025-05-07,0.7094809392061723,0.5970650534281619,0.8253308910713069
2025-05-08,0.7076825649388805,0.597163368996567,0.8255440750048424
2025-05-09,0.7076592373846609,0.59722537952244,0.8255412011825697
2025-05-12,0.7074134891662051,0.5965914980444295,0.8251821446276348
2025-05-13,0.7071632699865567,0.5969730664187307,0.8248903260740321
2025-05-14,0.70855655222611,0.596242196226561,0.8254107856559315
2025-05-15,0.7068565977528013,0.5960404387107151,0.8244444787623442
2025-05-16,0.7062134847376162,0.5957859263622741,0.8249878173519392
2025-05-19,0.7081299558360113,0.5962198702430371,0.8241372788610657
2025-05-20,0.708113721566089,0.5956654780309902,0.823757221288289
2025-05-21,0.7064315564074026,0.5965352720320068,0.8241103088394242
2025-05-22,0.7058707711344249,0.5971672084954929,0.823022465299423
2025-05-23,0.7065439740530639,0.5973196636163224,0.8245611915758551
2025-05-26,0.7053938489735376,0.5965682550415536,0.8236197119713807
2025-05-27,0.7059617066116818,0.5961181246929805,0.8241505915641637
2025-05-28,0.7054816192597043,0.596594698788807,0.8242282813054007
2025-05-29,0.7072291926455865,0.5961303925858505,0.8249206863051464
2025-05-30,0.7045795718190293,0.5965811121460293,0.8254708280536593
2025-06-02,0.7066716257189363,0.5964750419521057,0.8246703833094239
2025-06-03,0.7056273567904187,0.5962056715936456,0.8245201947678236
2025-06-04,0.7078679586132768,0.5963386108662169,0.8259898088535859
2025-06-05,0.7102988951252445,0.5958595994110778,0.8252046358764614
2025-06-06,0.7106426202667743,0.5950772514006967,0.825576437668246
2025-06-09,0.7099356533112268,0.5952242901626837,0.8254711192637589
2025-06-10,0.7089314215691541,0.5956786015051333,0.8244322800848297
2025-06-11,0.7115309440468757,0.5964337648073076,0.8245589915882549
2025-06-12,0.7136107555150821,0.5964212483507702,0.8248730165883085
2025-06-13,0.7135688085905644,0.5960340351022101,0.82468931903706
2025-06-16,0.7147118196052247,0.5958389364411086,0.8243928970178089
2025-06-17,0.7131915460612106,0.5954539793346834,0.8242593833223331
2025-06-18,0.7132542026929583,0.5963600428941268,0.8247694214078767
2025-06-19,0.7135809649944787,0.5960115464090596,0.8247719922289815
2025-06-20,0.713549775239412,0.5965759502034607,0.8251786063174371
2025-06-23,0.7112915691982443,0.5959004316806732,0.8253085972143069
2025-06-24,0.7087235165678372,0.5956903389131022,0.8249580968910423
2025-06-25,0.7113117792404248,0.5959578409824007,0.8252886463431917
2025-06-26,0.7111361277950816,0.5948121970553469,0.8248477386989339
2025-06-27,0.7122932615986058,0.5946256581571298,0.8255556687748005
2025-06-30,0.7106034766070257,0.5949717324362527,0.8252230615733933
2025-07-01,0.7111604806921288,0.5954567917378597,0.8252020746987693
2025-07-02,0.7121281408398857,0.5956626011243961,0.8246881873186783
2025-07-03,0.7107637170522506,0.5950339203210345,0.8248432114858655
2025-07-04,0.7129665643738562,0.5949887876459574,0.8242317727879281
2025-07-07,0.7126993387041456,0.5957934832222028,0.8250540545686029
2025-07-08,0.7140639718411986,0.5956299666043382,0.8241555089984489
2025-07-09,0.7125650322120679,0.5953167700520381,0.8254798729239005
2025-07-10,0.7142282207891232,0.5951830731492849,0.8253518759420081
2025-07-11,0.7125086049629482,0.5949547497043316,0.8248670251147783
2025-07-14,0.7123555562573168,0.595374997596398,0.8240552630273978
2025-07-15,0.7127998577298446,0.595047028480095,0.824307429649494
2025-07-16,0.7128872700438333,0.5942819262469775,0.8239512716382111
2025-07-17,0.7107943188564733,0.5939171551306557,0.8235565798433275
2025-07-18,0.7097847347586398,0.5939225931154188,0.8229210248438715
2025-07-21,0.710178833662254,0.5943314623166102,0.8225086329870493
2025-07-22,0.7070223041022184,0.5947612012985701,0.8229423070414477
2025-07-23,0.7096059832553028,0.5943805312459168,0.8226801546895228
2025-07-24,0.7103224692540631,0.5947519889651137,0.8232609176419678
2025-07-25,0.714607817851718,0.5946667016277967,0.823440271520045
2025-07-28,0.7158054574304928,0.5953086900413671,0.8235070258673204
2025-07-29,0.7164574879838013,0.5945940637239646,0.8244652394632074
2025-07-30,0.7168119729904134,0.5945811248801194,0.8241946879059371
2025-07-31,0.7135400997912854,0.5949073620804218,0.8237810697423702
2025-08-01,0.7130410044924343,0.5945880948864272,0.8244904458301044
2025-08-04,0.7149728078989157,0.5941701116461181,0.823689083661493
2025-08-05,0.7153283904505404,0.595378291899188,0.8234930797211425
2025-08-06,0.7151314233970538,0.5946370964757968,0.8229817179207042
2025-08-07,0.7125305688316117,0.5941823450213721,0.824078057587617
2025-08-08,0.7130634220217473,0.5947759230915746,0.8239922543396075
2025-08-11,0.7135445387262526,0.5938106564428139,0.8239342148732431
2025-08-12,0.7147684165565802,0.5938409966665553,0.8256135609109199
2025-08-13,0.7134181811865733,0.5939396924055209,0.8253497119815673
2025-08-14,0.7141402293927107,0.593195576517582,0.8250290707036383
2025-08-15,0.7144749961788386,0.5935938809044029,0.824966521196384
2025-08-18,0.7168623372004521,0.593374480422588,0.8247219112845261
2025-08-19,0.715794597046072,0.593428201894683,0.8257453934511825
2025-08-20,0.7173757715124439,0.5929360019439529,0.8256801043499303
2025-08-21,0.7189134033885913,0.592550339669064,0.826429851452302
2025-08-22,0.7158136607035751,0.5926054233233918,0.8266211498321884
2025-08-25,0.7146237973822469,0.5925528388778507,0.8266246350472093
2025-08-26,0.7152760329820449,0.5924342599505494,0.8260352460526303
2025-08-27,0.7157907178896428,0.5916723002623315,0.8265087999906449
2025-08-28,0.7159400403448712,0.5926154436649173,0.8266192244896577
2025-08-29,0.7181608609966807,0.5919538682311163,0.8269353028805478
2025-09-01,0.719684004317206,0.5919088504629787,0.8276677954880963
2025-09-02,0.7195210789456314,0.59173792048671,0.8269916252443653
2025-09-03,0.7191691828436015,0.5918849220363683,0.8282815763465347
2025-09-04,0.7190290022716148,0.5920355417386747,0.8272490848869017
2025-09-05,0.7212566622340816,0.5918260807536382,0.8280059641458283
2025-09-08,0.7190541227628745,0.5918789451488691,0.8276864456895939
2025-09-09,0.7171222013509962,0.5926710382418124,0.827999770752159
2025-09-10,0.7184873754964253,0.5929922622021899,0.8275277875935346
2025-09-11,0.7169342470598963,0.5924468339824459,0.8274713273036144
2025-09-12,0.7191975506253275,0.5924087649687061,0.828617599326666
2025-09-15,0.719706506324251,0.5925751122517715,0.827857267371081
2025-09-17,0.7174174223267586,0.592459302643731,0.8277977684927424
2025-09-18,0.7179339332947773,0.5926690583695496,0.8277738623144795
2025-09-19,0.718962024074791,0.5927248241420701,0.8264610572041358
2025-09-22,0.7183059722494668,0.5930429503280286,0.8275070558143075
2025-09-23,0.717948507285398,0.592788240614874,0.8271325198482926
2025-09-24,0.7158572334532909,0.5930727547222853,0.8267933690995893
2025-09-25,0.7205251564334487,0.591830206401569,0.8271509898085536
2025-09-26,0.7213735664665601,0.591848050679986,0.8279410511673985
2025-09-29,0.7214011215600167,0.5922318071433745,0.8273708776056266
2025-09-30,0.7223644639395282,0.5916419064563627,0.8276177378006927
2025-10-01,0.7209928060690088,0.591929053988144,0.8275925747679389
2025-10-02,0.7214554923027909,0.5914830140267439,0.8278414099590449
2025-10-03,0.7230998775776023,0.5909029368892126,0.8282385764270982
2025-10-06,0.7223205046503053,0.5921418023570351,0.8277551823818441
2025-10-07,0.7210125309868569,0.5909262567729099,0.8276740254316773
2025-10-08,0.7214727289007848,0.5909910612916709,0.8279566686394463
2025-10-09,0.7220076334865325,0.5913823562821935,0.827938222315511
2025-10-10,0.723728960964235,0.59122834150507,0.8283946272030662
2025-10-13,0.7263077950216489,0.5928296778255321,0.8293316095702682
2025-10-14,0.7254596662835539,0.5919512256250088,0.8297259314743632
2025-10-15,0.7263403061994395,0.5916683486518532,0.8290080315090184
2025-10-16,0.7263343143106835,0.5914321477754763,0.8292125555380538
2025-10-17,0.7247817922689598,0.5910402338212567,0.8298298452472648
2025-10-20,0.7235829489514688,0.5909448030622344,0.8286189992947792
2025-10-21,0.7215234576334957,0.5919551898542742,0.8291061296928081
2025-10-22,0.7232500461825564,0.5909115377815367,0.829016383867224
2025-10-23,0.7252081781337594,0.5896417869931802,0.8288553323750255
2025-10-24,0.7258797545943265,0.5896965532660486,0.8288524383398589
2025-10-27,0.7272448011721878,0.5892788561745836,0.8289536770110257
2025-10-28,0.7242049427419497,0.5884621436802946,0.8286980134437089
2025-10-29,0.7251778697393869,0.5884536198799906,0.8297376111594776
2025-10-30,0.7236494026721432,0.5887795305509748,0.8286977514530449
2025-10-31,0.7248179622898014,0.5905768187363024,0.8281542960713199
2025-11-03,0.7220928723034564,0.589750033505895,0.8292096572254058
2025-11-04,0.719697988887657,0.59035095139462,0.8290397287461312
2025-11-05,0.7198323916596123,0.5913658498857434,0.82908867189023
2025-11-06,0.7181747866220022,0.5905582339948788,0.8299304587889765
2025-11-07,0.7190521613559732,0.5908962541794209,0.829607033306123
2025-11-10,0.720429375723806,0.5906033540089064,0.8293663534055725
2025-11-11,0.7188441842697667,0.5903354547201735,0.8299590087360651
2025-11-12,0.7180474258168547,0.5912772228954206,0.8298068490395883
2025-11-13,0.7173542998821368,0.5923871676841639,0.8293805620837488
2025-11-14,0.7183738242113109,0.5924506695820421,0.829065762836335
2025-11-18,0.7185163487374187,0.5920195396035272,0.8294287602042946
2025-11-19,0.7169820117633025,0.5929856915291326,0.8296989622813183
2025-11-20,0.7174788820689442,0.5923219687070478,0.8302364896008075
2025-11-21,0.7188292791862447,0.591672542658528,0.8296364804081913
2025-11-24,0.7188147009212937,0.5932466337290465,0.8292528106589893
2025-11-25,0.7178956689204027,0.5922985290745972,0.8289250256148128
2025-11-26,0.7184161445531267,0.5906417455805049,0.8280369798402086
2025-11-27,0.7167205707054047,0.5922262990875062,0.8286457401465757
2025-11-28,0.7172230930243902,0.5921332953565341,0.8286628216049744
2025-12-01,0.7189518525627863,0.5915230969065228,0.8287995809117983
2025-12-02,0.7187207827842939,0.5911240961439057,0.8282506915455577
2025-12-03,0.7169844358783297,0.5919800723538127,0.8277251855514741
2025-12-04,0.7175026304284837,0.5910675359416848,0.8283885341404414
2025-12-05,0.714749346277371,0.5911415828364661,0.8282767027924952
2025-12-08,0.716263986359999,0.5916590628161092,0.8292580421191499
2025-12-09,0.7171166271058437,0.5906941355852652,0.8295095588377912
2025-12-10,0.7166617540033183,0.5915250226734319,0.8284573844435795
2025-12-11,0.7148729735002163,0.5912770340873233,0.8294249799490988
2025-12-15,0.7142461108756815,0.5904127862367239,0.8286666651842963
2025-12-16,0.7128801359141058,0.590718298359379,0.829614706826562
2025-12-17,0.7127278190729083,0.5917410921839206,0.8293524973335644
2025-12-18,0.712314898801987,0.5912790034772417,0.8290111174515231
2025-12-19,0.7137539609905944,0.5913508525490683,0.8285298284826511
2025-12-22,0.7133582606116259,0.5913301602607086,0.8294961217228917
2025-12-23,0.7104234537908576,0.5921066058513774,0.8285657791343398
2025-12-24,0.7112336224238699,0.5920029450284302,0.8288606373722573
2025-12-26,0.7107956756448267,0.5920829987384558,0.8302945842259297
2025-12-29,0.7094651319326494,0.592008916793868,0.8282393502506167
2025-12-30,0.7081562565722227,0.5906347163025742,0.8288823175774931
2025-12-31,0.7088751590643373,0.5913064867283608,0.8290639914983551
