Date,NTL,CI_low,CI_high
2017-04-18,1.1704155046912659,1.1704155046912659,1.1704155046912659
2017-04-19,1.1707251856163123,1.1687598206336005,1.1720998070167172
2017-04-20,1.1705643216187789,1.167957806347133,1.1729030898846793
2017-04-21,1.170378836857672,1.1672561322416481,1.1735770306083555
2017-04-24,1.1699487256978591,1.1668674347488974,1.1742818950081646
2017-04-25,1.169698945528179,1.1664035762446558,1.1745441674386654
2017-04-26,1.168763330839647,1.1661300651487196,1.175083278016897
2017-04-27,1.170588263110442,1.1656939308145189,1.175566885945679
2017-04-28,1.170233134833962,1.1654181604962348,1.1759510893924268
2017-05-02,1.1701555903479335,1.1647895649783244,1.1763829000832768
2017-05-03,1.170639050377045,1.164201044169887,1.176621812786077
2017-05-04,1.1700583001691063,1.1639899011590094,1.17705479385386
2017-05-05,1.169161194757636,1.163471119445883,1.1773882292961244
2017-05-08,1.171331863453693,1.1630765690986344,1.1782156089144311
2017-05-09,1.1717765453771687,1.1631220005703482,1.1783670095344825
2017-05-10,1.172477315752786,1.1626473512686597,1.1785622077194322
2017-05-11,1.174264130570582,1.162222620404421,1.178714255543666
2017-05-12,1.1736435084612755,1.1617728152277746,1.1790134804131929
2017-05-15,1.1742040016593343,1.1616174168922933,1.179160250785413
2017-05-16,1.174128459295415,1.1611594451175633,1.1793278232016822
2017-05-17,1.1718088014323649,1.160969945131285,1.1795029840089168
2017-05-18,1.170625782228898,1.1606548101832712,1.179697551613487
2017-05-19,1.170970230811343,1.1602985106604993,1.1801345353323853
2017-05-22,1.1710560728705104,1.1598711537877384,1.180643846749117
2017-05-23,1.1740698755004422,1.1597067427186942,1.1809660919926745
2017-05-24,1.1743598367019923,1.159299068104578,1.181361220516648
2017-05-25,1.174544023648718,1.159205417059193,1.1816877613333319
2017-05-26,1.1751949320515833,1.1591868688231108,1.1820459929211524
2017-05-29,1.1751831784032045,1.1589587020914287,1.1822486366946847
2017-05-30,1.1749765936550673,1.1587033328663205,1.1822641756618477
2017-05-31,1.1747441117253135,1.1583429586892269,1.182593790569728
2017-06-01,1.1745722839245765,1.1581045737749947,1.1825092664598487
2017-06-02,1.1747891781274484,1.1578818795407444,1.182783277072219
2017-06-05,1.174299990808089,1.1576875080904039,1.1829864699508172
2017-06-06,1.1742674738990593,1.1572958175912917,1.1831938448498607
2017-06-07,1.1748793920336391,1.1572115718306952,1.1837194285245536
2017-06-08,1.1776106915908064,1.15711788590028,1.1838753396558606
2017-06-09,1.176888869173254,1.1566847090334111,1.1841919936606053
2017-06-12,1.1769638897349883,1.1564151480523948,1.1846931479035876
2017-06-13,1.1783629243692875,1.156329438561181,1.185036994621463
2017-06-14,1.177688886276585,1.1560200579506272,1.185089521398144
2017-06-15,1.1779418857644597,1.1556270632002712,1.1852173210450194
2017-06-16,1.1784249457052611,1.1555721951454405,1.1853875514194827
2017-06-19,1.1777518279591317,1.1554031364253792,1.185492931735291
2017-06-20,1.1775593259687163,1.1552613731020647,1.185645873291466
2017-06-21,1.1797663477316913,1.1553046427891112,1.1854774296488189
2017-06-22,1.1797705658037416,1.1551132119168448,1.1856269060766513
2017-06-23,1.1799118460146185,1.1550888611294774,1.1859467035689357
2017-06-26,1.180043718642585,1.1549319009051713,1.1863211661543325
2017-06-27,1.1798357031522495,1.154570072680487,1.186558395535335
2017-06-28,1.1781594871554257,1.1543958214255647,1.1867200790188415
2017-06-29,1.17810925072497,1.154489903277144,1.1872030928374688
2017-06-30,1.1781566712671547,1.1543157530970631,1.1873436901908392
2017-07-03,1.1777327813440563,1.1541882329598152,1.1873803768669156
2017-07-04,1.1777776688315922,1.1535597724268118,1.1871040397542667
2017-07-05,1.1798935182387171,1.1535649403275487,1.1870778490266873
2017-07-06,1.1791549160507793,1.153031378537857,1.1870708360467461
2017-07-07,1.1790510159669223,1.1528856067931523,1.1871065851392784
2017-07-10,1.1797221444661439,1.1525154894207954,1.187347396170628
2017-07-11,1.180873996629671,1.1526176641283805,1.1874382543954904
2017-07-12,1.1792473607626845,1.152429234979858,1.1878104390525275
2017-07-13,1.179357875825696,1.1523286358558074,1.1877959954989101
2017-07-14,1.179945209802702,1.1517046404259346,1.1879353672511532
2017-07-17,1.1803475474067924,1.1517412857275364,1.1882560908867026
2017-07-18,1.1800867484955664,1.1518123099660114,1.188773865324001
2017-07-19,1.1815684963695712,1.151373824806061,1.1887125212648224
2017-07-20,1.1803726156833747,1.1511388349935938,1.188785064091357
2017-07-21,1.1816684380126448,1.1512938406722004,1.1886999505378408
2017-07-24,1.1828568887890352,1.1512499901483955,1.1887780383730489
2017-07-25,1.1840124571661552,1.1505139063930752,1.1885762718161403
2017-07-26,1.1845796335878709,1.1504582182636525,1.189207745268963
2017-07-27,1.1846203189655435,1.1501386559896523,1.1893129693816105
2017-07-28,1.1847225391153064,1.1500359283435544,1.1897186107266693
2017-07-31,1.1851919909030024,1.1496638173918639,1.189424490379748
2017-08-01,1.1848484655692884,1.149837423462451,1.1895659560941076
2017-08-02,1.185234607655717,1.1496754982724477,1.189896890101626
2017-08-03,1.1856246268538617,1.1494695067461191,1.1895901053526006
2017-08-04,1.1860450298114673,1.1495888470416087,1.189731803809951
2017-08-07,1.1857109700970117,1.1492109447359529,1.1897510048821358
2017-08-08,1.1860001066321992,1.1492445776112095,1.189395220732443
2017-08-09,1.1861193247085984,1.1491084133361429,1.1895379327039401
2017-08-10,1.184527507997066,1.1490839649878724,1.1898841843161638
2017-08-11,1.1836306523125113,1.1488964262311248,1.1900525054594042
2017-08-14,1.1824616902470344,1.1487520070279351,1.1900062384747687
2017-08-15,1.1821229018812411,1.1489204828276873,1.1901203584032864
2017-08-16,1.1817265725399098,1.1487054038074356,1.1905022255011706
2017-08-17,1.182233793804696,1.1485889051666422,1.1903978594292184
2017-08-18,1.182016720488089,1.1486313645298116,1.1907871241025512
2017-08-21,1.1831303907392592,1.1485005354237494,1.190799493736526
2017-08-22,1.182397636586479,1.1485429977192045,1.191080258082062
2017-08-23,1.1819545972385128,1.1482524218552967,1.191301051624973
2017-08-24,1.181435352351333,1.148322991327481,1.1911821896159704
2017-08-25,1.1815099773041229,1.1486557510572546,1.191106624563797
2017-08-28,1.1816329764117315,1.1483921843124858,1.190760525097678
2017-08-29,1.182031016873914,1.1481680920643738,1.1905709754913343
2017-08-30,1.1815035190450902,1.1482431663165213,1.1907163395084277
2017-08-31,1.1811347754051014,1.1484573128055187,1.191185935667537
2017-09-01,1.1816938748557584,1.148045795732372,1.191022885296833
2017-09-04,1.18208208742965,1.1473948315078109,1.1914272135949855
2017-09-05,1.181350490573957,1.1470416585856604,1.1915354006600185
2017-09-06,1.1809107872976143,1.1469889879472672,1.191925110787301
2017-09-07,1.181134926010231,1.1468540985229405,1.191972008001301
2017-09-08,1.1810048226433443,1.1465741766204187,1.192223148738848
2017-09-11,1.180571468783203,1.1462071650658059,1.1920142234248707
2017-09-12,1.1812285630421278,1.1455906452536089,1.1921618404443366
2017-09-13,1.1811973571520964,1.1454689428688973,1.192377959172228
2017-09-14,1.1811025178480175,1.1455961610571077,1.1921730870586091
2017-09-15,1.1812939397471232,1.1455551267872004,1.1921814673436517
2017-09-18,1.1821436826814011,1.1454605160874975,1.1924011552011011
2017-09-19,1.1824606704746183,1.1455714727052866,1.1922997016622534
2017-09-20,1.1831235985554087,1.1454144452569497,1.1922573117147959
2017-09-21,1.1831202493262567,1.1453014894046862,1.1921161031316116
2017-09-22,1.182943530595818,1.1447835984852286,1.1921073554635102
2017-09-25,1.1829454309085528,1.1446676317744693,1.1924311623346522
2017-09-26,1.1841443666319658,1.1448918541394895,1.1926652817513341
2017-09-27,1.182798687781768,1.14442416993715,1.1929802398684235
2017-09-28,1.1833668909137796,1.1441423629934229,1.1927984251419486
2017-09-29,1.1828293630600806,1.1439556523711472,1.1928857082870012
2017-10-02,1.1829022506669649,1.143921128747655,1.1928691118029808
2017-10-03,1.183253186492314,1.144088929679646,1.193174283835173
2017-10-04,1.1835065555025182,1.143964734968499,1.1929285393751916
2017-10-05,1.1828514288043122,1.143838118453128,1.1931235039348551
2017-10-06,1.1833754216271186,1.1440734531019858,1.1928300070243332
2017-10-09,1.1843114464700895,1.1439054661718973,1.1934577101446129
2017-10-10,1.1846439223660552,1.1438127828559295,1.1935327270453617
2017-10-11,1.1847906610597014,1.1436394768572113,1.1937975911166872
2017-10-12,1.1833922938013188,1.1436780466621133,1.1935902413507546
2017-10-13,1.184337705879572,1.1434380302591678,1.1938645206879295
2017-10-16,1.1841750071610049,1.1436086806641554,1.194284388438384
2017-10-17,1.1827001628228653,1.1433771430791024,1.1943267646291416
2017-10-18,1.1826517373185448,1.1430253306988396,1.1947330165891576
2017-10-19,1.1820478277869437,1.142969706688396,1.1948525437375626
2017-10-20,1.1820756740876899,1.142564549697094,1.1946098338741942
2017-10-23,1.1823064641620402,1.1427248579780012,1.1949375074227067
2017-10-24,1.1812772418834085,1.1429137832189813,1.1947497764282564
2017-10-25,1.1803922331600631,1.142177186006114,1.194779702685377
2017-10-26,1.1806318607518025,1.1424606442167842,1.1949429049351485
2017-10-27,1.1802376594688886,1.1421174237713365,1.1945925552823768
2017-10-30,1.1809806558261398,1.1420260963804447,1.1950336683849776
2017-10-31,1.181374809251898,1.142177709001687,1.1947130438729092
2017-11-01,1.1807834408943418,1.1415501359068236,1.1949738684539202
2017-11-03,1.1809450066930278,1.1417390568813113,1.195324904942448
2017-11-06,1.1794871751535783,1.141407735114751,1.1955288026795452
2017-11-07,1.1797867207520332,1.1412082202921328,1.1957313329755341
2017-11-08,1.1798932662471784,1.1410688710211718,1.195828073794446
2017-11-09,1.1811677495473059,1.1407307263598077,1.195757781207452
2017-11-10,1.1795289198467955,1.1405139484680493,1.1957494372900073
2017-11-13,1.179877521570154,1.1404184170123184,1.1959410775158563
2017-11-14,1.1802806631604619,1.1404867472341542,1.1963758425266602
2017-11-15,1.1798626342328986,1.140576115863542,1.1959668644915709
2017-11-16,1.1793866457397677,1.1402340757273743,1.1957297954959507
2017-11-17,1.1796081228712336,1.1404963107581165,1.1959044729205452
2017-11-21,1.179412660572362,1.140426710921399,1.1961718659387954
2017-11-22,1.1798241950263626,1.1402114265994643,1.196380917913234
2017-11-23,1.1800783931436223,1.1403855885172922,1.1966681156818453
2017-11-24,1.1811912971915195,1.1403558137911058,1.1966999930133735
2017-11-27,1.1834200308354068,1.1404525509103405,1.197054084352615
2017-11-28,1.1848571674410826,1.140388112618798,1.1973318890484623
2017-11-29,1.1855686652565647,1.1401831997970848,1.1974082830509634
2017-11-30,1.1873835873054635,1.13994743540807,1.1972890394804012
2017-12-01,1.1881710947597055,1.1395698766761662,1.1976507956661
2017-12-04,1.1886690973421972,1.1398600099698295,1.1978322480964327
2017-12-05,1.188544247004112,1.13943816504469,1.1975022729015985
2017-12-06,1.18965076623407,1.1394768223919258,1.1978003610391357
2017-12-07,1.189771339124484,1.1392768606928552,1.1977110067742236
2017-12-08,1.1883432282101087,1.1392708855518872,1.1973740809249873
2017-12-11,1.1878926251333597,1.139144653314369,1.1978619176587806
2017-12-13,1.1875594122335396,1.1388259831637955,1.1978829886303943
2017-12-14,1.188618796722774,1.1387188557715555,1.1978948698026672
2017-12-15,1.1884313740777268,1.1387903497872969,1.1979049201178071
2017-12-18,1.1876719404149154,1.1384476690455871,1.1980769982686286
2017-12-19,1.1882292559826013,1.138851307753176,1.1981887378278964
2017-12-20,1.1883147885258822,1.1387187716855627,1.1984361284206133
2017-12-21,1.1890447523982366,1.1388287398661674,1.1985625669977773
2017-12-22,1.1888481213109208,1.1390273668638662,1.198291105909806
2017-12-26,1.1881123316426447,1.138539923041089,1.198427223503461
2017-12-27,1.188261422412218,1.1384603566734477,1.1980564335006159
2017-12-28,1.188246941995994,1.1378875943121216,1.198285131634779
2017-12-29,1.187623447926552,1.1382232952921862,1.1986833746563654
2018-01-02,1.1867281289383314,1.1385383066541948,1.198894308573173
2018-01-03,1.1867367435322802,1.1382270403248085,1.199015498243516
2018-01-04,1.1859678579919681,1.1384630710058083,1.199040991108186
2018-01-05,1.1857893842176481,1.1378845991769222,1.19913503119237
2018-01-08,1.1858614202928286,1.1379523928890383,1.1989961941418907
2018-01-09,1.186229330239854,1.137658635497255,1.1992722013036097
2018-01-10,1.1841388198834109,1.13743886336531,1.1988354749737813
2018-01-11,1.1846709289118011,1.1372737093624548,1.19988616179164
2018-01-12,1.1838682323451875,1.1374777375161278,1.200063733465051
2018-01-15,1.1829660920550586,1.1372137814008947,1.1995973586001505
2018-01-16,1.1824921992858943,1.1371333078200636,1.1996862396273735
2018-01-17,1.1816706458830202,1.1368719566909686,1.199902933090842
2018-01-18,1.1817417540695023,1.1365332625590567,1.199904959202004
2018-01-19,1.1825569161303129,1.1360235526464635,1.1997532680701475
2018-01-22,1.183074114349284,1.135994583004452,1.1997518663199982
2018-01-23,1.1827310374433655,1.135892657412944,1.1997704189229321
2018-01-24,1.1829996173979263,1.1358912276054416,1.1999640196122316
2018-01-25,1.1838315669160382,1.135780923062536,1.200054075553589
2018-01-26,1.1840067137566026,1.1359941004698035,1.2002726609376704
2018-01-29,1.1847580635704995,1.1354252998441874,1.2003020905897759
2018-01-30,1.1837783392849168,1.1351591566436994,1.2004561722464067
2018-01-31,1.1839383396339767,1.134996597324714,1.200239794690846
2018-02-01,1.1832898438951074,1.1350347655169053,1.200308640072361
2018-02-02,1.1824778372778966,1.1351044333910012,1.2002501195834012
2018-02-06,1.180696274992885,1.1349374988861596,1.2004959153683548
2018-02-07,1.181606772650754,1.1351328630162856,1.2003200453026137
2018-02-08,1.179068123876286,1.1347558963956086,1.200289244148928
2018-02-09,1.1801530344066904,1.1348556514052315,1.2006463742114644
2018-02-12,1.1804338676035406,1.1346115275103914,1.2002390933799632
2018-02-13,1.18068803996888,1.1344138700420958,1.2002630539949835
2018-02-14,1.180781628664638,1.1340702378208702,1.200497333502977
2018-02-15,1.1811097003132307,1.1342174868815416,1.2004648652997838
2018-02-16,1.1837354335298176,1.1340845822256436,1.2007284716099311
2018-02-19,1.183841169114441,1.1341094140859136,1.2007365460817616
2018-02-20,1.1846037085774468,1.1337079794968974,1.2011401926708545
2018-02-21,1.1857644923907313,1.1334018370608179,1.2011279765872407
2018-02-22,1.1852679501400316,1.1336776216681181,1.2013546383599516
2018-02-23,1.1850760475137336,1.1334670801078865,1.2018601924879484
2018-02-26,1.185514773858329,1.1332353486928701,1.201628731841913
2018-02-27,1.1849615999073178,1.133268976127706,1.2015105263052055
2018-02-28,1.1874060806639366,1.133890256053655,1.2018703552083785
2018-03-01,1.1873160084080419,1.1333951921994125,1.2017950766086918
2018-03-02,1.1885025788091725,1.1334906601786312,1.2019470668449495
2018-03-05,1.1903842254871475,1.1334881122028304,1.202231069709904
2018-03-06,1.1909068444765527,1.133184272145692,1.201870959502318
2018-03-07,1.1916687142983906,1.1326753314861735,1.2025298578760826
2018-03-08,1.1919847568387554,1.132561336972123,1.2021310339887346
2018-03-09,1.1914411793503796,1.132253246101639,1.2022092099999775
2018-03-12,1.1926108831776148,1.1320858488230474,1.2022226754438337
2018-03-13,1.1928503377990147,1.1322376871766715,1.2024107627688045
2018-03-14,1.192544128127541,1.1323260612981572,1.2025410678484143
2018-03-15,1.1934306258601235,1.1323078168719805,1.2028176384812905
2018-03-16,1.1949719191747383,1.1319888514135907,1.2028030252147361
2018-03-20,1.1939027004259284,1.1318560578121548,1.2032741080977505
2018-03-21,1.1924426849908447,1.1318994794163442,1.2032059082571296
2018-03-22,1.192012118907642,1.132019298993434,1.203103213587738
2018-03-23,1.1909589190135395,1.1325748634460624,1.2031099479389853
2018-03-26,1.1916615299417281,1.132336030162336,1.2027435415928298
2018-03-27,1.1926284042439705,1.1321828939428833,1.2028481298357423
2018-03-28,1.1922430310758518,1.131631535715257,1.2033233962890748
2018-04-02,1.192992513259696,1.1317671760685846,1.2032778979029781
2018-04-03,1.1916945188675656,1.1310942494317149,1.2031689534100682
2018-04-04,1.1908702406959226,1.1310816417718834,1.2032911449294563
2018-04-05,1.1904991680715098,1.1311671826049077,1.2035440704107847
2018-04-06,1.1901896560470764,1.131515739984715,1.203649066788652
2018-04-09,1.189631706309248,1.1315050376523863,1.2035331200464086
2018-04-10,1.189436751112556,1.1306620887150638,1.2034855218913167
2018-04-11,1.1894774442131915,1.130524203046162,1.2034571173215205
2018-04-12,1.1916604739730037,1.1302728174087746,1.2030950434251486
2018-04-13,1.1924345924637878,1.1302380015409217,1.2032134401951222
2018-04-16,1.1918466888336192,1.130632534784516,1.2034769909728333
2018-04-17,1.1947728005118325,1.1308008806669156,1.2032628571755417
2018-04-18,1.1955014272314326,1.130468347307212,1.2030575236702783
2018-04-19,1.197860883008543,1.13038674697105,1.2034640818756215
2018-04-20,1.202235795032374,1.1300542265035902,1.2034507399169496
2018-04-23,1.2034294359675402,1.130059670568415,1.2034232141282708
2018-04-24,1.2043188011121235,1.1295530276333294,1.203902187490876
2018-04-25,1.2048659368079653,1.129425883261116,1.2034109493285776
2018-04-26,1.2039636410313133,1.1297182684577374,1.2037824706344789
2018-04-27,1.2031131889704458,1.1298819054795621,1.2039029251443114
2018-04-30,1.2028553971891296,1.1299427445044619,1.2040261517935908
2018-05-02,1.201560066507282,1.1290723935434184,1.2043505144444444
2018-05-03,1.2011205893817076,1.1290217430817964,1.2042074054842558
2018-05-04,1.2007106444857691,1.1293874771761998,1.2042031711252752
2018-05-07,1.199685340624806,1.1293139512494796,1.2043844298929829
2018-05-08,1.1989378257416838,1.1297792227351608,1.2046802784139328
2018-05-09,1.1983294862203069,1.1295486985210885,1.2045964214639138
2018-05-10,1.196343961183692,1.1296456671718316,1.2045143346786835
2018-05-11,1.1968810212306256,1.1289133469183432,1.2048935796471072
2018-05-14,1.197067778584854,1.1287130837005068,1.204966614161351
2018-05-15,1.1967562742242617,1.1288335448846447,1.2046884681392132
2018-05-16,1.1958554897714002,1.1287550170034413,1.2049656507567226
2018-05-17,1.19399201091483,1.128621664693005,1.2053424409349462
2018-05-18,1.194253214093272,1.1286565052713466,1.205454829637919
2018-05-21,1.1948620949739368,1.1283754823993946,1.205439993447764
2018-05-22,1.1948517222461295,1.1279418229886606,1.20544168636162
2018-05-23,1.1949968781027016,1.1279873188752414,1.206232836212014
2018-05-24,1.195157110452009,1.1285573823566086,1.2062304377588724
2018-05-25,1.1969880117457394,1.1280242085853514,1.2060723237486368
2018-05-28,1.1964717365894144,1.1278229888670295,1.2062589310529004
2018-05-29,1.1956931287972419,1.1280772191702375,1.206131633517207
2018-05-30,1.1954623792327197,1.1278954749585959,1.2061065696916002
2018-05-31,1.1961994719638778,1.1280212318752267,1.206236948802496
2018-06-01,1.196199761181082,1.12797982791099,1.2063035838121838
2018-06-04,1.1963207366636617,1.1280301104408115,1.206066987869465
2018-06-05,1.1963948540034275,1.1279001104234248,1.2059033360606857
2018-06-06,1.1970529046203064,1.1278091211594947,1.2055636803956888
2018-06-07,1.1984251421037488,1.1275741273083946,1.2059602602160537
2018-06-08,1.1974208194035543,1.1276087958025511,1.2058082778285188
2018-06-11,1.197410185426662,1.127906943784619,1.2059028751461534
2018-06-12,1.1973658162827423,1.1276963493329575,1.205778796076022
2018-06-13,1.1979397449308984,1.127884526203634,1.205581276304505
2018-06-14,1.1977527062094535,1.12822985717614,1.2057464633235746
2018-06-15,1.1977849319608154,1.1278085851049884,1.205658623956745
2018-06-18,1.200021228144295,1.1274434169303726,1.2055105548177918
2018-06-19,1.2006742077018124,1.127342438872866,1.2055984916442348
2018-06-20,1.1993899407282458,1.1275108817122208,1.2058348865187167
2018-06-21,1.198890584464647,1.1276442218390557,1.206258972794811
2018-06-22,1.199901883485339,1.1274437198245155,1.206492662516326
2018-06-25,1.2004981240952628,1.1274948392002975,1.206723538286074
2018-06-26,1.2012020831935222,1.127454983230298,1.2063711569818791
2018-06-27,1.2012190848738038,1.1274676019835108,1.2061402796369844
2018-06-28,1.2002728629091153,1.1272293005505953,1.2062376861609634
2018-06-29,1.1988733734333485,1.127219530096508,1.2063445533307833
2018-07-02,1.2006425453984066,1.1269965165516986,1.2067013241515339
2018-07-03,1.2026964590297826,1.1268296397639013,1.206356545169824
2018-07-04,1.2037795159503981,1.1270575000508072,1.2066789697735787
2018-07-05,1.2025127355390675,1.1266025402587807,1.2066519021003839
2018-07-06,1.203368550262983,1.1267283381677213,1.2065437090687163
2018-07-09,1.202982848001012,1.1264264622470057,1.2066225652910454
2018-07-10,1.2037318935438837,1.12640814822294,1.2064256068380244
2018-07-11,1.2039254015390337,1.1262970970430504,1.2065736992368696
2018-07-12,1.203193583483537,1.126252296205408,1.2069270806459231
2018-07-13,1.2039007859947939,1.126637226704215,1.2071022590447078
2018-07-16,1.2048811833984217,1.1262083496538957,1.207046997295381
2018-07-17,1.2056458560723622,1.1260180127861361,1.2073071194893783
2018-07-18,1.2064765952254661,1.126608519656448,1.2074448580634836
2018-07-19,1.2073981637700146,1.1265320308097626,1.2074673661262691
2018-07-20,1.2071413565204743,1.126806303267905,1.2076766224902875
2018-07-23,1.208512280841473,1.126793102414898,1.208182460788052
2018-07-24,1.2077785496744922,1.1267427614703405,1.2082554519581217
2018-07-25,1.2081329973859116,1.1261993544164388,1.2082221716868753
2018-07-26,1.2090502113167654,1.1262455930415987,1.2079560873142021
2018-07-27,1.2086830277479421,1.1258597882972463,1.2081991269968377
2018-07-30,1.2097457334762458,1.125472304164737,1.2085875935899668
2018-07-31,1.2098104278499775,1.1260100205344015,1.2089447715637955
2018-08-01,1.2100538896890034,1.1260175330759084,1.2087284943851786
2018-08-02,1.2097264114862352,1.125548360106131,1.2090088953434417
2018-08-03,1.2091134940637853,1.1251273560331814,1.2088813855859044
2018-08-06,1.210300687510719,1.125330585662299,1.2093464617698362
2018-08-07,1.2099670378365985,1.1249655018259521,1.2091265799966087
2018-08-08,1.2094478445012267,1.124926715942693,1.2090475728931525
2018-08-09,1.2085077648721017,1.124793484794949,1.2092813184708286
2018-08-10,1.2065832673028176,1.1247096595449233,1.2091382532657668
2018-08-13,1.2055691885218862,1.1249612064158483,1.2092594360588045
2018-08-14,1.2044513502196796,1.124600348879344,1.209268308985952
2018-08-15,1.2029697621298034,1.1240485262542381,1.2088602160285196
2018-08-16,1.2034683142520002,1.1240811127405441,1.2091429208194544
2018-08-17,1.2036134427037173,1.1238226336134465,1.209266703699817
2018-08-20,1.2028036327860514,1.1240527705792154,1.2091017686931624
2018-08-21,1.2028203878600767,1.1240961956736535,1.2096710547157388
2018-08-22,1.2026004568720885,1.1244655680634335,1.2095588125004022
2018-08-23,1.2035886776572997,1.1244437432464527,1.209770846067734
2018-08-24,1.2028862015624615,1.1245360466084864,1.2097182424675368
2018-08-27,1.202203786425954,1.1245748386249732,1.2097663659217779
2018-08-28,1.200740084786956,1.124318463229366,1.2094933925634426
2018-08-29,1.2010634190168705,1.1241019606269673,1.2099482359285991
2018-08-30,1.1995485160257766,1.1241998699864588,1.2097976886547817
2018-08-31,1.1995501511949054,1.1244570509325083,1.2094512329421496
2018-09-03,1.199663399745872,1.1245224466798174,1.2096906671022156
2018-09-04,1.1988557806977047,1.1241442874552277,1.2099120498409026
2018-09-05,1.1985145739935452,1.124146611719206,1.2098706794061265
2018-09-06,1.1991110313498405,1.1242863553711968,1.2099002566958201
2018-09-07,1.1998457563011609,1.1238281904720093,1.2099235257501675
2018-09-10,1.2002341184106062,1.1236901816172387,1.2100818292632185
2018-09-11,1.1999510436633252,1.1236740762916804,1.2101957907669398
2018-09-12,1.1999816200948672,1.1233420859874563,1.2096568499616218
2018-09-13,1.1993453539360779,1.1229625021264018,1.2101516612092318
2018-09-14,1.1995368989266495,1.1233635956819965,1.2101382896716673
2018-09-17,1.2012633335091931,1.1234085404691816,1.210156291918791
2018-09-18,1.200805662153881,1.1229840582606954,1.2103192504987073
2018-09-19,1.1998425497874738,1.1228537303883668,1.210314490715819
2018-09-20,1.1998874519460427,1.1230136988722017,1.2109318494714125
2018-09-21,1.2000243814994604,1.1230182935172246,1.2106821165757176
2018-09-24,1.2002551813387257,1.1232097248040698,1.21054522571549
2018-09-25,1.20104382375135,1.122997931461041,1.2105418462568052
2018-09-26,1.2016099037969723,1.1231007020692922,1.210665210239198
2018-09-27,1.2013992012630124,1.1234668115132835,1.210603223264768
2018-09-28,1.2009937539460989,1.1232573435040913,1.2116488061057302
2018-10-01,1.2013776817872017,1.123399007668689,1.2114028001981076
2018-10-02,1.2018740534010803,1.1227388345363412,1.2111780821884521
2018-10-03,1.2022986360388932,1.12280952266845,1.2111025595489824
2018-10-04,1.2018368262267192,1.1227910339756493,1.2110151022398215
2018-10-05,1.2023684888513366,1.1225801983048929,1.2112653517997694
2018-10-08,1.2016319391218784,1.1221350993189219,1.2115825912981821
2018-10-09,1.2029609777556307,1.122385693229557,1.2116385208621059
2018-10-10,1.2019586003006042,1.1224790977527048,1.2116679885483834
2018-10-11,1.2010720079212287,1.1218860417895145,1.2117384990655156
2018-10-12,1.2017080174937482,1.1217848877812544,1.2117619565923332
2018-10-15,1.2021818853384205,1.122127791365737,1.2123611276280897
2018-10-16,1.2019879558532314,1.1215438827704909,1.2129643197573925
2018-10-17,1.2030088430722832,1.1214159802636379,1.2126973249917792
2018-10-18,1.2015960797871328,1.121360004043859,1.2129640014409633
2018-10-19,1.2019256570485848,1.1218289254311746,1.2128829937321544
2018-10-22,1.2010803825851462,1.1213079428508197,1.2125135060090673
2018-10-23,1.1997529237082052,1.1213490790128327,1.2127744264600564
2018-10-24,1.1981289466501603,1.1216073897888745,1.2130638478075106
2018-10-25,1.1980467902418388,1.1210670261518871,1.2133228037011803
2018-10-26,1.1982705235875446,1.1210277989095487,1.2135409894202043
2018-10-29,1.194020233297914,1.1212580361076963,1.2136745619646296
2018-10-30,1.1947108148427,1.1214057438439624,1.2131097684169372
2018-10-31,1.1938032339043467,1.1210917371930529,1.21311633178664
2018-11-01,1.19001157449993,1.12105995365719,1.2133154331610736
2018-11-05,1.1866061565377999,1.1207577013802685,1.2136254573443361
2018-11-06,1.1861773454918827,1.1212635245056102,1.2136277143616132
2018-11-07,1.1867696056372712,1.1208833815585495,1.2137138948902284
2018-11-08,1.181986646626859,1.1213711795363495,1.2138786708389082
2018-11-09,1.1815487441929677,1.1214110130266806,1.2136487925180341
2018-11-12,1.1805656843967405,1.1211442414475523,1.2137684670502116
2018-11-13,1.1785564646172173,1.1210090084132904,1.2137866706170333
2018-11-14,1.178393301103878,1.1212604581717458,1.2134055782747144
2018-11-15,1.178683081135218,1.121188310304072,1.2132348317267987
2018-11-16,1.1764466772873838,1.121228195314878,1.2130289699408379
2018-11-20,1.1752282819428082,1.12107416659904,1.2128417468630623
2018-11-21,1.1758205325222355,1.1210468079702536,1.2124012941888782
2018-11-22,1.1750661146209036,1.120647886527524,1.2132496959319874
2018-11-23,1.1745332982736154,1.1209523878531893,1.2128573995037584
2018-11-26,1.1726897877345237,1.120662230971434,1.2130016709968314
2018-11-27,1.1724203767384456,1.1205609612093506,1.2128514886411421
2018-11-28,1.169689347671116,1.120068342508251,1.2137646243881592
2018-11-29,1.1690828733127536,1.1197419906845476,1.2136469947604955
2018-11-30,1.169137129519773,1.1199664625238124,1.2135894522475996
2018-12-03,1.1689408400963603,1.1199535428134963,1.2131180795883756
2018-12-04,1.169286232606967,1.1202293082268662,1.2132830128970244
2018-12-05,1.1684528717914748,1.119650999483559,1.2137908874540673
2018-12-06,1.1689255819215651,1.119530888163708,1.2140429109803268
2018-12-07,1.1694039584086198,1.1190116469902456,1.2141163111912863
2018-12-10,1.1688623267928466,1.119228656812065,1.2136281586252646
2018-12-11,1.1676946003080713,1.1196011622133057,1.2139709010433228
2018-12-13,1.1681882180358658,1.119167905059194,1.213541298126241
2018-12-14,1.1676302128851102,1.1190553102822132,1.2137889558462758
2018-12-17,1.1677196496887539,1.118760749426165,1.2143977696598847
2018-12-18,1.1669744971674936,1.11878537711831,1.214292537835623
2018-12-19,1.1669373405492405,1.1181010958040662,1.2142486487950368
2018-12-20,1.1663590247218079,1.1186150611308567,1.214171594647426
2018-12-21,1.1657267921377414,1.1183737672831287,1.214542840933038
2018-12-24,1.164854076602955,1.1184966695641494,1.2148663750165811
2018-12-26,1.1650824187049036,1.1182854210067292,1.2146001977492513
2018-12-27,1.1653337350565685,1.1183311083634764,1.2145637624333374
2018-12-28,1.1652304676254033,1.1180521788299436,1.2143123540348573
2018-12-31,1.1647644270877031,1.1183502017008358,1.2145327663589442
2019-01-02,1.1620656720001359,1.1184549411492555,1.2148100158832895
2019-01-03,1.1613239388731953,1.1180829366419436,1.2146402603336992
2019-01-04,1.1609313553320333,1.1184470123653187,1.2149536260961966
2019-01-07,1.160101664688671,1.1181663765383272,1.2149549133270272
2019-01-08,1.1592345792348042,1.1180242265909293,1.2150923854533973
2019-01-09,1.1593143185936245,1.1184171948068082,1.214717835114641
2019-01-10,1.1598189505681133,1.1180195416476886,1.2146068618931705
2019-01-11,1.1602502879829844,1.1182850208131707,1.2144727266003637
2019-01-14,1.159771204001372,1.118289160147916,1.214631814750681
2019-01-15,1.1599086729633963,1.1178039847036558,1.2148198325127744
2019-01-16,1.1610020983773934,1.1177545096818053,1.2152366738913336
2019-01-17,1.1614473021485876,1.1174907034511834,1.2150049579572464
2019-01-18,1.1612533396740046,1.1171337882694423,1.2149384207700948
2019-01-21,1.1616375690033731,1.117803103457081,1.215033141281057
2019-01-22,1.1619996804014259,1.1171703281539123,1.2146884073613229
2019-01-23,1.1620904909343535,1.1173471125213892,1.2147418881073828
2019-01-24,1.1628687613191269,1.118065701604878,1.2149248221129432
2019-01-25,1.162792306038268,1.1175319639696035,1.2147890543731947
2019-01-28,1.163073961444591,1.1173606876737046,1.2150951283484437
2019-01-29,1.1631836732516463,1.117638913293223,1.2151709306348084
2019-01-30,1.1625727088147202,1.1176348650318488,1.215219254712989
2019-01-31,1.1621320247068123,1.1175257309202853,1.2152473939862025
2019-02-01,1.1622859777479366,1.1174872039571313,1.2148441522646856
2019-02-05,1.1614612834267188,1.1174343262067377,1.2152742878227711
2019-02-06,1.1612659825079579,1.1175476978507142,1.2149857235911306
2019-02-07,1.1609034251575934,1.1177978385488818,1.215373108817011
2019-02-08,1.1588020263194645,1.1175384625979294,1.215117573908851
2019-02-11,1.1595633128162464,1.1178720442979364,1.2146798536593777
2019-02-12,1.1597488559037052,1.1174125617329143,1.2148602210882518
2019-02-13,1.1585896240411921,1.1171241377110412,1.2147892579846873
2019-02-14,1.1590880210609564,1.1175277561008279,1.2148090039075765
2019-02-15,1.1588900766070735,1.1178297213370862,1.2145488863791107
2019-02-18,1.1588634949514032,1.1178673587762402,1.2151057671734387
2019-02-19,1.159316963416803,1.117759898324871,1.2155483057915661
2019-02-20,1.1589861183970274,1.1175769551755752,1.2151948948130822
2019-02-21,1.1588907478251467,1.1172602376940697,1.2156181582059733
2019-02-22,1.159217774157879,1.1170630731261508,1.2149468002858799
2019-02-25,1.1583014931626576,1.1169014402978197,1.214959779384533
2019-02-26,1.1589301585968959,1.1169737797708794,1.2147774294738214
2019-02-27,1.1592251860724683,1.1166538347147483,1.2147358490694153
2019-02-28,1.158997816921887,1.1167555000725684,1.2154600099674582
2019-03-01,1.158798731498045,1.1163737316391262,1.2150010855218871
2019-03-04,1.1584950881293246,1.1165504979802452,1.215035464511976
2019-03-05,1.1581324381583566,1.1164651501908514,1.2151719758788753
2019-03-06,1.1575814498332475,1.1168618203268457,1.2151198777956598
2019-03-07,1.1559261009676458,1.117122232617497,1.2159968142567399
2019-03-08,1.1552687344481434,1.1169267883823106,1.215996367113219
2019-03-11,1.1554382807025247,1.1167374063334545,1.2160392535740607
2019-03-12,1.1550601873393818,1.1169895837678425,1.2167879699821387
2019-03-13,1.1553311140217115,1.1171613658294866,1.2167896481562472
2019-03-14,1.155429940487676,1.1169214449923042,1.2168059782617389
2019-03-15,1.1553227265641604,1.1166030140115428,1.2169457161419814
2019-03-19,1.1550740638263624,1.116349882015379,1.2172199406534099
2019-03-20,1.1538869797299187,1.1165455036331198,1.2178344125250664
2019-03-21,1.1536893905491794,1.1167483207009474,1.217932145719787
2019-03-22,1.1516627684039131,1.1165038779521,1.2177879749502962
2019-03-25,1.1521090932423956,1.1166730186272575,1.2177931976870993
2019-03-26,1.152511224827625,1.1159444423132714,1.2178173122441747
2019-03-27,1.1526419494919413,1.1167361240635587,1.2182045651396165
2019-03-28,1.154296627455917,1.1161051379733373,1.217732559284473
2019-03-29,1.1536171604257963,1.1160071526891742,1.2175805458982978
2019-04-01,1.153056475557206,1.1153760120354417,1.2176336429498882
2019-04-02,1.153504479261682,1.1162229618440542,1.217886412326617
2019-04-03,1.1537013906126725,1.1163342905129556,1.2180181851905638
2019-04-04,1.1537042090936518,1.1161539755380263,1.217684415302678
2019-04-05,1.1525460130180154,1.116205568046183,1.2179493177899703
2019-04-08,1.1527807953146232,1.115974190184948,1.2175860676199761
2019-04-09,1.153382135921446,1.115687332012049,1.2178826182375038
2019-04-10,1.1535257270370747,1.1161356382360608,1.2176816761061322
2019-04-11,1.1529830911945382,1.1158333847913824,1.2175452673601896
2019-04-12,1.1539023138906879,1.1163379429523188,1.2175152645495644
2019-04-15,1.1542770139895,1.116269034438719,1.2173243441541932
2019-04-16,1.1542891026416444,1.1160478878794065,1.2173565999623084
2019-04-17,1.153401761771808,1.1154545339349744,1.217322047317249
2019-04-22,1.1527880830610167,1.1156894241028599,1.2175025370638262
2019-04-23,1.152706173724612,1.115525913163805,1.2181620107534825
2019-04-24,1.1555075559327306,1.1153212729008,1.2183049806150752
2019-04-25,1.1557899057796224,1.1151162800435688,1.2183367994521654
2019-04-26,1.1556148467064373,1.1155467166021684,1.218359055896201
2019-04-29,1.1550102171020338,1.1146919500059753,1.2181232317076085
2019-04-30,1.1548830817520166,1.1152142882463412,1.2181757749201436
2019-05-02,1.1548114785281602,1.1149901632848194,1.2179227813867388
2019-05-03,1.1555946715951324,1.11485459403583,1.2175939535281264
2019-05-06,1.1556176274915182,1.1147094213167839,1.2176204243025845
2019-05-07,1.1547453263420522,1.1146915155872568,1.2176147863368318
2019-05-08,1.1548240605999693,1.1151155514202644,1.2174644469071956
2019-05-09,1.1560501689609646,1.1152173948499349,1.2175811679466106
2019-05-10,1.1558380708557965,1.1151463607433352,1.2178304556067348
2019-05-13,1.1556201400779298,1.114941300584256,1.2181546303027697
2019-05-14,1.1553357915649587,1.1143696843241626,1.2175561883437445
2019-05-15,1.1558251274202813,1.114614064785281,1.2183292877313971
2019-05-16,1.1558666004267748,1.1143985102259684,1.2186316130408952
2019-05-17,1.1554900260252137,1.1144182959263658,1.218488539418464
2019-05-20,1.1566322324553342,1.1142298980555398,1.2189017475266117
2019-05-21,1.1568945924249825,1.1138909220332684,1.2191872492837272
2019-05-22,1.1579704725446232,1.1143713230143253,1.2190496410183715
2019-05-23,1.157296075630432,1.1142322571185386,1.2191423171674736
2019-05-24,1.1585606654378326,1.1138016009199991,1.219377638317202
2019-05-27,1.1584684197968567,1.1142955386866986,1.2194828466260224
2019-05-28,1.1580826414531407,1.1144027708235815,1.219326538851596
2019-05-29,1.1581969139563628,1.1145441833112806,1.2194514534546432
2019-05-30,1.156995293483932,1.1144795554285098,1.2194726751646456
2019-05-31,1.1562454770209512,1.1143903226304352,1.2199262473013022
2019-06-03,1.1561630468886088,1.1141824517131909,1.2201608703170812
2019-06-04,1.1562627329582298,1.1140256031065765,1.2204998713973876
2019-06-05,1.155706248687071,1.113803311677327,1.220360438174304
2019-06-06,1.154934420556484,1.1136527845230397,1.2206685640824777
2019-06-07,1.1550875699356784,1.1132186145043073,1.220406541881681
2019-06-10,1.1559647821218628,1.1130979967237993,1.220750328158593
2019-06-11,1.1568208042782582,1.1134179150974708,1.2205912354866442
2019-06-12,1.156756991810505,1.1128520195616354,1.2206529731729079
2019-06-13,1.1562934429691114,1.1133428132353318,1.2203978924085637
2019-06-14,1.156265705141632,1.113494684141336,1.2209931791310524
2019-06-17,1.1559675084547976,1.1136029044772044,1.2207892141387342
2019-06-18,1.1553350054698155,1.1135989523941408,1.2209884952539045
2019-06-19,1.1561297698694188,1.1134075385604527,1.2203378830796199
2019-06-20,1.1559797198728865,1.113332755948037,1.2206523130815632
2019-06-21,1.1563638815920023,1.112576982899182,1.2202502405878104
2019-06-24,1.1565593828960399,1.1124364266427067,1.2205127551681505
2019-06-25,1.1570449679636006,1.112424255448456,1.2205214493186063
2019-06-26,1.1573518479477065,1.112696716849061,1.2202398950329223
2019-06-27,1.1565490000260659,1.1125962446531328,1.2198989816899737
2019-06-28,1.156291687086182,1.1125240257756963,1.2199169759203456
2019-07-01,1.1566313706842262,1.1124169135855129,1.2199984060774072
2019-07-02,1.1570785513609494,1.1117725884190088,1.2198365933281454
2019-07-03,1.1580278064386234,1.1118728306014671,1.220253242389218
2019-07-04,1.1576411838393477,1.1120255470209324,1.2202089927648039
2019-07-05,1.1571929713714235,1.1118950701684331,1.220481777224787
2019-07-08,1.157421087458932,1.1119558761474895,1.2206748810267214
2019-07-09,1.1564936666974996,1.112304208884788,1.2207321636884791
2019-07-10,1.1564040824343955,1.1119928984750844,1.2208691182856768
2019-07-11,1.1566266656299702,1.1115025982688767,1.2209950207410711
2019-07-12,1.1564373826841217,1.1118015264580077,1.2203840757821494
2019-07-15,1.1587760681649393,1.111717269324294,1.220407722079461
2019-07-16,1.158141690777013,1.1119052882366234,1.2196822614294645
2019-07-17,1.1596440521542901,1.1119952985130213,1.2203767145004525
2019-07-18,1.1585704712156841,1.1122655346147516,1.2205442821768726
2019-07-19,1.1593831461820967,1.112115932182884,1.2204988410307067
2019-07-22,1.1580360891452897,1.1121247632892066,1.2210379248459777
2019-07-23,1.1582526162016713,1.1122867634376503,1.2208341714351791
2019-07-24,1.1578791889195956,1.112363512137523,1.220590478569926
2019-07-25,1.1576883765126096,1.1123390284318555,1.2203820539593835
2019-07-26,1.157538150131388,1.1122962440828112,1.220345744751787
2019-07-29,1.1576749606708656,1.1124828860039786,1.2206467389477489
2019-07-30,1.1572190828984703,1.1123832570255878,1.2209560095986158
2019-07-31,1.1576115645476013,1.1121244208975056,1.2209578538420727
2019-08-01,1.1581787650855013,1.1120089617270352,1.2202624728242395
2019-08-02,1.159116643249675,1.11208150059098,1.220109727551238
2019-08-05,1.1594643352227176,1.1121394301607603,1.2201196143494297
2019-08-06,1.1599617421529558,1.1123100984780172,1.2207314298890086
2019-08-07,1.1579416194962648,1.11167637529525,1.2217929617161563
2019-08-08,1.1585535195101615,1.1113063907146437,1.2219844915604159
2019-08-09,1.1589606766405234,1.1120355201007648,1.2210719148971318
2019-08-12,1.1567260001615522,1.1115710319930348,1.2212996568746843
2019-08-13,1.1561714225369286,1.1116317321106326,1.2210269105367735
2019-08-14,1.154728089123611,1.1109986690931504,1.2217119632378666
2019-08-15,1.1561769734990224,1.1113009909931515,1.2214124667379707
2019-08-16,1.1550940314616498,1.1114218410602494,1.2215004835052063
2019-08-19,1.1548832123908757,1.1110302986034872,1.2211293756830575
2019-08-20,1.155282154329639,1.1113962897778962,1.2211294503254684
2019-08-21,1.155926834757158,1.1120178529291567,1.2210245509453572
2019-08-22,1.1558692057227629,1.11176142244266,1.2206906939825857
2019-08-23,1.1560285973101811,1.1117473941073535,1.2206756189088217
2019-08-26,1.1568035394111371,1.1116010574761324,1.2206094200745086
2019-08-27,1.1561016382761642,1.1117130152651278,1.2207256715276922
2019-08-28,1.1559520339965315,1.111748073014383,1.2208364122169186
2019-08-29,1.152630100887057,1.1112944175141093,1.220609469803326
2019-08-30,1.1506031040029228,1.1111357589524296,1.220171422829762
2019-09-02,1.1524242564500338,1.110988958720838,1.2207768091642963
2019-09-03,1.1523289804378265,1.1108513475190422,1.2208491041871024
2019-09-04,1.1530405032554625,1.1106152573882415,1.2210987675926626
2019-09-05,1.1525327877652858,1.1106240056921026,1.221046983444563
2019-09-06,1.1529963621875965,1.1108255659358546,1.221440446123518
2019-09-09,1.1533466304754838,1.110358517488911,1.2207916071727483
2019-09-10,1.1530819271958723,1.1098157862522213,1.2211570674842325
2019-09-11,1.153118635870144,1.1103284477490853,1.2214316412814084
2019-09-12,1.1527946305663819,1.1100878841818684,1.221309284644959
2019-09-13,1.1522091837319923,1.11002220670709,1.2218245358878375
2019-09-17,1.1525438174103566,1.109680015451282,1.2218130944304377
2019-09-18,1.1524005945322586,1.1092535894634823,1.2215455443097258
2019-09-19,1.153065350623544,1.1095778144737547,1.2213151768561543
2019-09-20,1.1516336165004946,1.1097571196683624,1.2215905532401568
2019-09-23,1.1524899419987331,1.109574920851689,1.2219041343261159
2019-09-24,1.1515444954479823,1.109430114564309,1.221756243133133
2019-09-25,1.1517963634585886,1.1093342817905103,1.221953897468727
2019-09-26,1.15190593687936,1.1092728833611196,1.2220230069254947
2019-09-27,1.1517623669761765,1.1092586271377307,1.2220799659762405
2019-09-30,1.152147465832059,1.1091608208770156,1.2226122218396644
2019-10-01,1.1515010652371342,1.1091075474386403,1.2225883507232207
2019-10-02,1.150025392554212,1.1089061278335561,1.2223008580964856
2019-10-03,1.150488116683123,1.1090109663620142,1.2225924947917766
2019-10-04,1.1499418457910826,1.1083433542114174,1.2226108299657938
2019-10-07,1.1495546977809394,1.1083655265112484,1.2221504503344274
2019-10-08,1.151255994214781,1.107884459869233,1.2220629528764322
2019-10-09,1.151139680910683,1.1077499565916855,1.222411221737636
2019-10-10,1.151166121042145,1.1078291916241454,1.2223416502621873
2019-10-11,1.1513516773170376,1.1078119290895756,1.222277194109794
2019-10-14,1.150875791798894,1.10808862689337,1.2222879256133865
2019-10-15,1.1511931647616,1.1080164481961525,1.2221704182287072
2019-10-16,1.1522652332532415,1.1084047786266387,1.2222537369122655
2019-10-17,1.1523588901564954,1.1081085847699732,1.2223015844174094
2019-10-18,1.1532610618256434,1.1078206984348615,1.2219425897768608
2019-10-21,1.1539158755929801,1.1073427099146715,1.22217723581572
2019-10-22,1.1541732022477846,1.1070516121632414,1.222877800081972
2019-10-23,1.1547120541207103,1.107047979201541,1.2227791955854503
2019-10-24,1.155897369247186,1.1068897267185258,1.2230323917056598
2019-10-25,1.1569324231920264,1.1063149802601795,1.2228908513501067
2019-10-28,1.1553592564250663,1.1059912138488885,1.2233357009810166
2019-10-29,1.1555073923962313,1.1065752616725444,1.2229649542392953
2019-10-30,1.1565838732640303,1.1064203883207795,1.2229599141544114
2019-10-31,1.1569833339057656,1.1067084455133607,1.2230555163735652
2019-11-01,1.1553405373534897,1.106916154082944,1.2228223173250592
2019-11-04,1.1555851259034622,1.1073818626342682,1.2227839938592733
2019-11-05,1.1557487677450875,1.1070191747887255,1.2226552801618085
2019-11-06,1.155850865908125,1.1068050494578405,1.2222137641634807
2019-11-07,1.1543304087757793,1.1075127957718627,1.2224210134061586
2019-11-08,1.1524014781857095,1.1072558448324419,1.2223336264766869
2019-11-11,1.1533078323305836,1.1069934383320017,1.2224877695180225
2019-11-12,1.152685250968905,1.1066848346214966,1.2223460947060965
2019-11-13,1.152967541933498,1.1062986967428208,1.2227004727541007
2019-11-14,1.1523799850482324,1.1065653319319226,1.2230464346867012
2019-11-15,1.1522663574609897,1.106589499676929,1.222863880592368
2019-11-19,1.1516653344247942,1.1061018371325477,1.2225505343482301
2019-11-20,1.1514057193947682,1.1064206722084189,1.2227205188588692
2019-11-21,1.1500913161383575,1.1065803619218353,1.223363838686323
2019-11-22,1.150150809640261,1.107681678536516,1.2234925053788146
2019-11-25,1.1507413573049108,1.107351226122551,1.2232407228050288
2019-11-26,1.1500201984126162,1.1068440798324148,1.2231834694351602
2019-11-27,1.149463585112468,1.106682362680091,1.2228174806628092
2019-11-28,1.149055922653939,1.1064371654355534,1.2228225843909846
2019-11-29,1.1484352220543514,1.1066344471455436,1.2225307560441723
2019-12-02,1.1478939337629992,1.1063322769936237,1.2226771035105466
2019-12-03,1.1486449395270528,1.106554998285552,1.2228006505030107
2019-12-04,1.1495629547909658,1.1064854150622188,1.2226380885785326
2019-12-05,1.1500478575352293,1.1070419210010225,1.2228882688818248
2019-12-06,1.1494754781184553,1.1064599828252923,1.223101434084968
2019-12-09,1.1527257378221525,1.1060759574921486,1.2230305085656061
2019-12-10,1.151577090489126,1.1061370087824176,1.2231805786294283
2019-12-11,1.1502445199874614,1.1065574702184875,1.2230585046178388
2019-12-13,1.1493118784600105,1.1063652666006907,1.2227628126326204
2019-12-16,1.1496005319778642,1.1065008519202177,1.222365511847043
2019-12-17,1.1501291155969626,1.1060374055089768,1.222286744878373
2019-12-18,1.1487551797189253,1.106118879955694,1.2225008769965275
2019-12-19,1.1486187570006954,1.1064629487365296,1.222694000549426
2019-12-20,1.1484279343645887,1.106260614369377,1.2232870397139102
2019-12-23,1.1478477275789047,1.1059253965387803,1.222772951706853
2019-12-24,1.1476597375750788,1.1054035725109488,1.2230208124548592
2019-12-26,1.1480988179378944,1.1055966661056713,1.2230315530842124
2019-12-27,1.1475587075915772,1.1054834714878614,1.2231697536552386
2019-12-30,1.148087451616143,1.1061862060270786,1.223615364015966
2019-12-31,1.1478019189188078,1.1059101093099437,1.2237224238901063
2020-01-02,1.14636480636471,1.1056126340202737,1.2233273345598117
2020-01-03,1.1458155469991964,1.1056272016239554,1.2237044496506462
2020-01-06,1.1458139238921234,1.1055860040261318,1.2238530216796695
2020-01-07,1.1450222921324131,1.1059511143520675,1.2249638843834103
2020-01-08,1.1439099356771918,1.1055790647842292,1.2253005038420735
2020-01-09,1.1444890912910648,1.1057569035012214,1.2248681267904857
2020-01-10,1.144387119147863,1.105852358961417,1.2256471906726691
2020-01-13,1.1437250016209466,1.106182073519504,1.2259692842682053
2020-01-14,1.1441597496806453,1.1060938404903495,1.2260245331006603
2020-01-15,1.1447853721953676,1.1061152367175227,1.225959509064616
2020-01-16,1.1433941397813554,1.1061249574304466,1.2256123002652461
2020-01-17,1.144065437700299,1.1061719206440708,1.2257861950155535
2020-01-20,1.1454275825419464,1.106115145275902,1.226034034885887
2020-01-21,1.146450922924915,1.1057347144790406,1.226812051726495
2020-01-22,1.148459448228625,1.1058674068561076,1.2263190672302864
2020-01-23,1.1485461384802766,1.1059097741076092,1.2259141189072382
2020-01-24,1.1477236538343953,1.1058094831073497,1.2258606338417586
2020-01-27,1.145692264847313,1.1059045725095213,1.2262139403572963
2020-01-28,1.1455724438716914,1.105680412086002,1.2263741625107694
2020-01-29,1.1466618127560069,1.1055008244534839,1.2263128744595246
2020-01-30,1.146603164383948,1.1052883280349628,1.2262537754996834
2020-01-31,1.1463206886272883,1.1053771774964065,1.2260095329936243
2020-02-04,1.146938626727962,1.1055662560251456,1.2261155730818853
2020-02-05,1.1465923526718365,1.1052696833510451,1.2257956044265894
2020-02-06,1.1465536457748922,1.1051795827300437,1.2259160684951311
2020-02-07,1.148227518978199,1.1049342648026232,1.2256856625451447
2020-02-10,1.1477405374752512,1.105368868506563,1.2254349439564136
2020-02-11,1.1466851791975499,1.105202675110645,1.2254442509987187
2020-02-12,1.14719968623648,1.1049542675070754,1.2259725854379917
2020-02-13,1.146595427138196,1.1051779175158887,1.225929482562616
2020-02-14,1.146969553893584,1.104826543743716,1.2259480259623923
2020-02-17,1.1469954183116562,1.104885901792134,1.225832638187254
2020-02-18,1.1476578972030522,1.105213010929869,1.2260153369220168
2020-02-19,1.1480297483083188,1.1049980695919723,1.225919347608034
2020-02-20,1.1481324374179838,1.1047187444437296,1.2258386431275612
2020-02-21,1.1500187660481185,1.104469966429689,1.226065234071865
2020-02-24,1.149224219264467,1.1046731450431266,1.2260286122053035
2020-02-25,1.1486494209052776,1.1043388742622968,1.2265139419436888
2020-02-26,1.1493399696881308,1.10394952623263,1.2258809817363472
2020-02-27,1.1464023436188164,1.1043132540951472,1.2262727255207397
2020-02-28,1.1469775962905309,1.1042716526280907,1.22589663572228
2020-03-02,1.1460023141617977,1.1043720118180158,1.2263855366558885
2020-03-03,1.1455718043985061,1.1047922051199872,1.2263933511026672
2020-03-04,1.1437793552710123,1.1050838256466173,1.2265301809599816
2020-03-05,1.1417382460978955,1.1047898197625956,1.2264807921750707
2020-03-06,1.139352668683548,1.1045570398635995,1.227017919096883
2020-03-09,1.1345559517121333,1.104826695682364,1.226947938684487
2020-03-10,1.132767626874518,1.1049886321255502,1.22641514220232
2020-03-11,1.1306612488900516,1.1045535229813286,1.226342781187899
2020-03-12,1.1272464320581776,1.1043284844130068,1.2266373228650336
2020-03-13,1.1252420688081997,1.1042902093745437,1.2264893658317007
2020-03-17,1.1246907541653808,1.104164406897624,1.2268756236164424
2020-03-18,1.1220683421215931,1.1042289333799988,1.2267451915816616
2020-03-19,1.1226318343274668,1.1046165382552515,1.2267155230355318
2020-03-20,1.1237260162177123,1.1040093187754503,1.2266193353636505
2020-03-23,1.1219352748977365,1.1038247404767259,1.2267893719000327
2020-03-24,1.119425884158543,1.1037740889859626,1.2266203404349287
2020-03-25,1.118860658667574,1.1033260143481456,1.2270759800987177
2020-03-26,1.1202447246131686,1.102911338639852,1.2265218843054428
2020-03-27,1.1159696764040734,1.103185534553728,1.2264551879645458
2020-03-30,1.118265451868756,1.1030210400221143,1.2262144301044404
2020-03-31,1.1166948116090014,1.1032444628590725,1.22611434040317
2020-04-01,1.1150770974690642,1.1030467494039728,1.226809406365455
2020-04-02,1.1164443717515211,1.1030508094589804,1.2267354071943026
2020-04-03,1.1162806677117265,1.1031175508127409,1.2268481949884802
2020-04-06,1.1138223210088383,1.1028463008934113,1.2269903578813428
2020-04-07,1.114149359578806,1.1025730994906668,1.2270079962011398
2020-04-08,1.1191085640989031,1.1027417826231674,1.2272029018442918
2020-04-13,1.1192199310993347,1.1023863793592397,1.2270877511217952
2020-04-14,1.1194334391071323,1.1017844262322534,1.2274381835054127
2020-04-15,1.1221985049461842,1.101938289520401,1.227530288232355
2020-04-16,1.1250418452346231,1.1019778054747165,1.2267740545435202
2020-04-17,1.123379792527749,1.101640551838384,1.226393142352877
2020-04-20,1.1234332026342977,1.1015377903291736,1.2267833711731575
2020-04-21,1.1272496960902056,1.101833599338062,1.22664486336701
2020-04-22,1.12788740024675,1.1019175564731756,1.227298617915367
2020-04-23,1.129029494808317,1.1010319344227597,1.2277257946898696
2020-04-24,1.1300683912267875,1.1018961433948358,1.2271383115185326
2020-04-27,1.1305279603929614,1.10131934545189,1.2275132025603708
2020-04-28,1.1301057316921155,1.101898689417377,1.227908295507215
2020-04-29,1.1292377356795729,1.1019667960053834,1.2281132717079877
2020-04-30,1.1293247918611242,1.1017426120524811,1.2281082991270025
2020-05-04,1.129074670296663,1.1017545881692317,1.227649953340646
2020-05-05,1.1282652327955744,1.1019374037919503,1.2274227408129608
2020-05-06,1.1284417103947884,1.101791525096451,1.2275556222229922
2020-05-07,1.1307309717022982,1.1019605993050654,1.2271333901335244
2020-05-08,1.1286174480175575,1.1018418844983346,1.2270419645881274
2020-05-11,1.1305429416055375,1.1012722551919294,1.2273526106061734
2020-05-12,1.1309087461243077,1.1013845519549734,1.227398069648685
2020-05-13,1.1285467763750043,1.1008783442154149,1.2274350606165725
2020-05-14,1.128542248363722,1.1012532873388947,1.2269409264814974
2020-05-15,1.1283583884296235,1.101224088550001,1.227181494367463
2020-05-18,1.125863334601095,1.1011736076148975,1.2269354191136064
2020-05-19,1.1234872300380234,1.101152072625564,1.2272391022946285
2020-05-20,1.123894204809899,1.1008500373448162,1.2268986819771703
2020-05-21,1.1247992303280703,1.1008644625479371,1.2270814509055448
2020-05-22,1.1260879744776755,1.1011927421645453,1.2273305517151507
2020-05-25,1.126629570278314,1.1010038796505,1.2279080353177991
2020-05-26,1.1258538168952459,1.10047022978787,1.2277298856913188
2020-05-27,1.125276777960672,1.1008170063768734,1.2276281407750524
2020-05-28,1.1250273158631598,1.100311699780041,1.2279272906469476
2020-05-29,1.1254939392138512,1.0999448197046189,1.2279273824811052
2020-06-01,1.1270765071581634,1.099973077432971,1.228221275299487
2020-06-02,1.1253960615951226,1.0998600630144546,1.2285904384835153
2020-06-03,1.1231083309768082,1.0996157932486124,1.2281824406966801
2020-06-04,1.1241980016699327,1.0994699971407071,1.2288528637292953
2020-06-05,1.1214953255320612,1.0994969173577074,1.2290208351015859
2020-06-08,1.1189645957473808,1.1000141229956555,1.2282860410530902
2020-06-09,1.1174104834163556,1.1004259750405627,1.228356459065908
2020-06-10,1.1183142177370766,1.100586654671544,1.22785403208012
2020-06-11,1.1143602018462402,1.1011777862820964,1.2284630836622552
2020-06-12,1.1137373248874645,1.101119235027581,1.2281578526660066
2020-06-15,1.1143420393429246,1.1008414063369498,1.2280810491365082
2020-06-16,1.1145595481661053,1.100296103104578,1.2278110421220312
2020-06-17,1.1140534616187705,1.100353789248846,1.2279050350273675
2020-06-18,1.1136297757798188,1.1003269615780924,1.227539432027032
2020-06-19,1.1133188486350019,1.1003057411631134,1.2275155685947623
2020-06-22,1.1124914755648485,1.1000801300851983,1.2277560169744657
2020-06-23,1.1128383391390249,1.1000331011037103,1.2273738026070578
2020-06-24,1.1116263176101475,1.1000567285689442,1.2275691885631634
2020-06-25,1.1111076921448533,1.0998703413677218,1.227564498013759
2020-06-26,1.1100583848084475,1.099791082874357,1.22735742749571
2020-06-29,1.1092192795382816,1.098957694494899,1.2276279828400487
2020-06-30,1.1096412329892313,1.0998441440282507,1.2277391083893026
2020-07-01,1.109312623105759,1.0991113415452147,1.228271767028036
2020-07-02,1.10918845489015,1.099260679207515,1.2282329207989626
2020-07-03,1.1089892557230419,1.0995932125535004,1.227904742491791
2020-07-06,1.1084918525920453,1.0987707219370304,1.2277353085270546
2020-07-07,1.1087038298919791,1.0989253377524548,1.227424145198763
2020-07-08,1.1088966478897646,1.0987589834028046,1.2275409087330198
2020-07-09,1.1077036320404445,1.0985115578881488,1.2278808665390828
2020-07-10,1.1067308337706765,1.0989800657835183,1.2277538188681916
2020-07-13,1.1081157506424892,1.0983873586963264,1.2273399841876624
2020-07-14,1.1090832214365427,1.0984572957286258,1.2273036437502445
2020-07-15,1.108980655432201,1.0979884387904786,1.2275529686111772
2020-07-16,1.1106132937234199,1.0981297468484883,1.2276400454358216
2020-07-17,1.110308542988809,1.0979929733157834,1.228522420899645
2020-07-20,1.1108491700134533,1.098296171861728,1.2285711491842635
2020-07-21,1.1124068102310685,1.098131192267524,1.2284166488841306
2020-07-22,1.110850940571146,1.0986737833122315,1.2287186560425325
2020-07-23,1.1108319225627181,1.0985698455682928,1.2286957815821138
2020-07-24,1.11050013619105,1.0987786745483712,1.228997721175598
2020-07-27,1.1101045922263593,1.0987895641273664,1.2291044493913936
2020-07-28,1.1118813799857825,1.0985885524676042,1.2291716553317953
2020-07-29,1.1120030325307886,1.0984502978604136,1.2290715719046568
2020-07-30,1.111694243563547,1.0982852286369496,1.2289666764014786
2020-07-31,1.1120442488774582,1.0984208610300428,1.2290184753818698
2020-08-03,1.1121005495435419,1.0982923645025322,1.2292669145066635
2020-08-04,1.1136710236205358,1.0983561242374842,1.2292677250929194
2020-08-05,1.112803720272109,1.0987236396439057,1.2292864914046453
2020-08-06,1.1130252194534431,1.0982688517220136,1.2289630968437353
2020-08-07,1.1133879636946298,1.0987252593171795,1.2293226489164617
2020-08-10,1.113546014582508,1.0991230282879858,1.229144570908257
2020-08-11,1.1119858443576776,1.0985135468214682,1.2287152380268416
2020-08-12,1.112994100342801,1.0984963163367414,1.2290733789081818
2020-08-13,1.1131396098523614,1.0983183615954923,1.2292128587627786
2020-08-14,1.1122801518707055,1.0978689777021837,1.2291168029312536
2020-08-17,1.11298427238949,1.098356519133926,1.228531550071916
2020-08-18,1.1133005119263581,1.0981083914253598,1.2290652098952013
2020-08-19,1.1139040638670346,1.0980684482591547,1.229087134634032
2020-08-20,1.1142002107879136,1.097974268196498,1.229252044413739
2020-08-21,1.1129334888182532,1.098259919462237,1.2292594584987466
2020-08-24,1.1144580599152913,1.0983336684436031,1.2297850042079927
2020-08-25,1.1145029393629096,1.0983214894975568,1.2296775857900732
2020-08-26,1.114790014680035,1.0979535482077711,1.2298345669437383
2020-08-27,1.1146558812912781,1.0979590188682993,1.2295951415737798
2020-08-28,1.1139760426369403,1.0974160309051035,1.2299813360658136
2020-08-31,1.1114284253429418,1.0975829938919863,1.2302852382051244
2020-09-01,1.1095403563771153,1.0973291544028159,1.2300229995482068
2020-09-02,1.1080579016990262,1.0973335001208342,1.229931647587535
2020-09-03,1.1068513776287414,1.0969415026545872,1.2296646335887134
2020-09-04,1.1066853411791415,1.0973020742427513,1.229523289730293
2020-09-07,1.1061159234746072,1.0975794113092965,1.2289696929788538
2020-09-08,1.1060698156160589,1.0980913676004984,1.2296167441351902
2020-09-09,1.1076192476604039,1.0985774082593254,1.2295363577337395
2020-09-10,1.1080014013087176,1.098288303449181,1.2284178624353876
2020-09-11,1.1071126406192957,1.0980367172095247,1.228591256453997
2020-09-14,1.1073469455600011,1.0982458440595835,1.2289908578899786
2020-09-15,1.107796284155392,1.0979677651396236,1.2291273574583814
2020-09-17,1.108051351373123,1.0983082266032387,1.229250884476881
2020-09-18,1.1075570767252536,1.098304561969573,1.2289464573618085
2020-09-21,1.1064491697844903,1.097481491966941,1.2288251333518307
2020-09-22,1.107054745349702,1.097674593031285,1.2294037495146142
2020-09-23,1.1072958520846417,1.0972566665602346,1.228999884628615
2020-09-24,1.1071352543484716,1.0972703212529649,1.228917567925502
2020-09-25,1.107255991000647,1.097547868790746,1.2292657119766082
2020-09-28,1.104836208323902,1.0972154381404697,1.2295613404553603
2020-09-29,1.104562412509196,1.0971258656443585,1.2291292410531018
2020-09-30,1.1038964017484507,1.0974573639505227,1.229105388236969
2020-10-01,1.1033339236578816,1.097486038273876,1.2289245035499095
2020-10-02,1.103193619145486,1.0976478880675935,1.2285629434993448
2020-10-05,1.1037131943175384,1.0974937429297875,1.2289826246940516
2020-10-06,1.1035413779449532,1.0977245915663558,1.2290280723793106
2020-10-07,1.102878522663005,1.0976507973222713,1.228836992319404
2020-10-08,1.1005512476426877,1.0976354053334043,1.2286939453523158
2020-10-09,1.100228917674088,1.0975982130614645,1.228840308945521
2020-10-12,1.099300441640033,1.0969958639614172,1.228750348216219
2020-10-13,1.099529475857539,1.0967181058015687,1.2286211344373215
2020-10-14,1.1001598133207078,1.0966437794739252,1.2294011924845638
2020-10-15,1.1004314458922753,1.0965137923807953,1.2291633715215307
2020-10-16,1.100362742681802,1.0962323105295646,1.2288775194213017
2020-10-19,1.100130058259306,1.0962610527602317,1.2293585537852252
2020-10-20,1.0998938204351647,1.0962151152947892,1.2291181386479153
2020-10-21,1.099976479193784,1.0966060000316467,1.2288747814582401
2020-10-22,1.0998743302799487,1.0967943752547455,1.2290953670228686
2020-10-23,1.100905868119968,1.0971829275282525,1.2290872295801016
2020-10-26,1.1006939547138455,1.0969597972825258,1.2285916363055787
2020-10-27,1.099500155779155,1.0967236690190305,1.2284535778934642
2020-10-28,1.097805415719584,1.096440435319264,1.2288128248414958
2020-10-29,1.0978304989990315,1.0966399740768336,1.2289956074600485
2020-10-30,1.0996654728579798,1.0961335488979445,1.228937305782783
2020-11-03,1.0997762971667193,1.0959800743853365,1.2288602727326092
2020-11-04,1.0989757212922844,1.0961615195591818,1.2294061515829942
2020-11-05,1.096368939088323,1.0959198525165041,1.2295446387100737
2020-11-06,1.097151141653115,1.0959722321457204,1.2291431644454556
2020-11-09,1.0962285391055409,1.0960487798941723,1.2299930111429251
2020-11-10,1.0967259785347603,1.0962959537646302,1.2294769934830185
2020-11-11,1.0964983564844832,1.0962184313900896,1.2298834904221942
2020-11-12,1.0965392639764115,1.0961324876084444,1.229615890968805
2020-11-13,1.0955841272967053,1.095444232316402,1.2300863967846876
2020-11-17,1.0946022500799546,1.0955984660529883,1.230269798431605
2020-11-18,1.0949455048943726,1.0950702197514086,1.2300193715479653
2020-11-19,1.0944402708601098,1.0947481897872202,1.230298974958656
2020-11-20,1.0949244388806838,1.095150140906491,1.2307803313463186
2020-11-23,1.0950278915984082,1.0951011908789583,1.2307897257191414
2020-11-24,1.094623778200789,1.0953274890457099,1.231287676179975
2020-11-25,1.0943534727401139,1.0950575451579023,1.2310737324128336
2020-11-26,1.0951519232212543,1.0950005090679786,1.2315642929394852
2020-11-27,1.0950132970326754,1.094896768588462,1.231607895445545
2020-11-30,1.095628969930659,1.094840053949631,1.231998492716983
2020-12-01,1.094911135252484,1.0952797421588343,1.2312603592236386
2020-12-02,1.0942501541178766,1.0957970722861063,1.2309250555444096
2020-12-03,1.0934083384615196,1.095736615361733,1.230560803101812
2020-12-04,1.0934990462850538,1.0958152393235725,1.2306076193948972
2020-12-07,1.0935542071108137,1.0950348728784844,1.2314051302181344
2020-12-08,1.0935233133167679,1.0947970492178285,1.2318834806698453
2020-12-09,1.0933701767435116,1.0956350211974648,1.2318885953941987
2020-12-10,1.092254467470912,1.0956380210311574,1.2321672662046927
2020-12-11,1.0934272497393678,1.0949480770741706,1.2322998492804287
2020-12-14,1.093427091184204,1.094328855252268,1.2320986734612336
2020-12-15,1.0934915554974645,1.0951400749072708,1.2318295946839983
2020-12-16,1.0931256707119903,1.0950146656020734,1.2323409413435902
2020-12-17,1.093596607770308,1.09448518473177,1.2324532687994103
2020-12-18,1.0934002279079802,1.0950443509963235,1.2324312511658084
2020-12-21,1.0942962258685032,1.0954061043297598,1.2330844140366284
2020-12-22,1.0941068547159019,1.0954273847528098,1.2328113027558565
2020-12-23,1.0919432756381735,1.0951209053504218,1.232798949325985
2020-12-24,1.093512929253089,1.095239448483443,1.2332785016489467
2020-12-28,1.0931297371455775,1.0948437431806095,1.2325210224366803
2020-12-29,1.0917726597998885,1.09439109174048,1.2325315513563664
2020-12-30,1.0916036526280197,1.0939546414638792,1.2321916908663755
2020-12-31,1.0917899907639383,1.094647021969698,1.2326182803878787
2021-01-04,1.0927996484993225,1.0944443011382041,1.2321847040405125
2021-01-05,1.0923019478125973,1.0941638825640052,1.2321769130981972
2021-01-06,1.091894064753061,1.0947475289999282,1.23151640070571
2021-01-07,1.091586023810954,1.094819078266841,1.2320409261904366
2021-01-08,1.0916135422868056,1.0946696105906966,1.2316163222792118
2021-01-11,1.091847878296487,1.094561639579429,1.232032357301941
2021-01-12,1.0908292040897751,1.0948662121891364,1.2322370686818254
2021-01-13,1.0917284876645803,1.094717990356038,1.232427176588085
2021-01-14,1.091426016108481,1.0939839363012915,1.2324325977212933
2021-01-15,1.0912677675309987,1.0935618653468198,1.2328245559837627
2021-01-18,1.0925183451487097,1.0941194036268267,1.2322562628861717
2021-01-19,1.0923983701046014,1.09392195395447,1.232898802056885
2021-01-20,1.0950109489995705,1.0940789063267036,1.232294882398557
2021-01-21,1.0948695196303275,1.0941235534017906,1.2313385729913777
2021-01-22,1.0961025992039999,1.0943651814934212,1.2320289379843083
2021-01-25,1.09618219288689,1.0940224529713662,1.232305902813574
2021-01-26,1.0967910982495925,1.0944375055559352,1.2329513941177592
2021-01-27,1.095802294140092,1.0942756390233106,1.2323586847735435
2021-01-28,1.095385192748752,1.0937122631096916,1.232898247360281
2021-01-29,1.0933951921343352,1.0937795894766456,1.2330954385667214
2021-02-02,1.0927686294650192,1.0937241848290855,1.2337494771333102
2021-02-03,1.093787320942546,1.0936366342980037,1.233178756530886
2021-02-04,1.0942293091161417,1.0938006513256555,1.233642815928092
2021-02-05,1.0966667193721416,1.0941684436638561,1.2331510626184805
2021-02-08,1.0987006252535712,1.0939274851773493,1.2333967108993686
2021-02-09,1.0979658714552365,1.0940085351835804,1.2331032106546873
2021-02-10,1.09911951984372,1.0937808270106282,1.2328883154436336
2021-02-11,1.0972017524073512,1.0940979621848212,1.2331552121339784
2021-02-12,1.0983855309651749,1.0933564416363546,1.233323456326672
2021-02-15,1.098473774489273,1.0929474526071952,1.232728641228184
2021-02-16,1.097550287851783,1.0929842354058854,1.233233340387625
2021-02-17,1.0976823877889408,1.0934479872679772,1.2332194193979338
2021-02-18,1.0967210597026364,1.0934798557807923,1.2330124389856725
2021-02-19,1.097256981230836,1.09378363160874,1.2326204383985921
2021-02-22,1.0971339060673901,1.0936903211357178,1.2329168248697504
2021-02-23,1.0969677493229697,1.093142941746425,1.2331918550068621
2021-02-24,1.0972650894243983,1.0936193606038787,1.2334898960486487
2021-02-25,1.0967009953179965,1.093395151178063,1.2337478762923202
2021-02-26,1.09712168413544,1.0933579694265032,1.2341687437826194
2021-03-01,1.0970441587386202,1.0937075895409742,1.233532725083009
2021-03-02,1.096803613029593,1.093452567313961,1.2331346004647883
2021-03-03,1.0971546873829727,1.093350372638786,1.23323209435622
2021-03-04,1.097433453136992,1.0933500591536407,1.2333379260566102
2021-03-05,1.0977661624860247,1.093347056261587,1.2332999419960984
2021-03-08,1.0980078452569175,1.0941075897611479,1.2341513720520922
2021-03-09,1.0983303891419234,1.0933884384996213,1.2336064125378212
2021-03-10,1.098384767042652,1.093471380785558,1.233922577948864
2021-03-11,1.0984735217789265,1.0939916872826845,1.2340231551928047
2021-03-12,1.099807245047595,1.093605209830817,1.233822725872015
2021-03-16,1.099871907750897,1.0940512117502417,1.233806726641358
2021-03-17,1.0997336999124716,1.0936834457411424,1.23305393978625
2021-03-18,1.0996338178223033,1.0938027561687562,1.2329815498391803
2021-03-19,1.1002195469944258,1.0936156877332603,1.2334780246374395
2021-03-22,1.1004726366279185,1.0933044636922709,1.2332939866810517
2021-03-23,1.0998694289847881,1.0935151196878827,1.233646501090639
2021-03-24,1.0992817208283863,1.0935330083203902,1.233616699234949
2021-03-25,1.098879623880825,1.093238099079603,1.2334463958192903
2021-03-26,1.0993754716219701,1.0929486111115154,1.232923372460899
2021-03-29,1.0991591188227972,1.0931866286610152,1.2330008785633069
2021-03-30,1.0995519113405752,1.0932793245955987,1.2339932863399312
2021-03-31,1.0986933309381826,1.09329470745967,1.2333364326465102
2021-04-05,1.0967647913475718,1.093261706847353,1.2326775401379404
2021-04-06,1.0967904750803836,1.0927213109934586,1.2327203678233176
2021-04-07,1.0964788485715982,1.0928870020185482,1.232824031120977
2021-04-08,1.0976435980296788,1.0930824600473625,1.2329508781490162
2021-04-09,1.0969764731713791,1.0922933133305497,1.2335727771844809
2021-04-12,1.0966408574312636,1.0922612811500607,1.2340647070299873
2021-04-13,1.0964541494892255,1.091811035898705,1.2344808737525466
2021-04-14,1.0965277347059816,1.091958513337949,1.2346222942309375
2021-04-15,1.0966231893690916,1.0918818588651262,1.234375174684211
2021-04-16,1.0969870727323787,1.0911136579010043,1.2344384510388484
2021-04-19,1.0971700242380917,1.091133787831934,1.2344349151786072
2021-04-20,1.097950476949094,1.0913839115339363,1.2344886619070503
2021-04-21,1.0987108224541242,1.0911720513308363,1.234265911428724
2021-04-22,1.0987256671417176,1.0913039098913164,1.2349302728399005
2021-04-23,1.0999137472420422,1.0916518178817918,1.2345531881409337
2021-04-26,1.099406991201437,1.0914047367797595,1.2349821435779376
2021-04-27,1.0995069764913779,1.0921682692188066,1.2342525154667638
2021-04-28,1.0998387282506306,1.0915977000542967,1.2343830719562894
2021-04-29,1.0996727258957049,1.0919637505806015,1.2344613404115872
2021-04-30,1.0983431566839668,1.0922265882149524,1.2356912574658405
2021-05-03,1.0989958668979583,1.0919547192557841,1.2352513082464467
2021-05-04,1.0993342057718336,1.0916797701038252,1.2352680679532477
2021-05-05,1.0987847608663652,1.0915826177419372,1.234938485913937
2021-05-06,1.0997741188295238,1.0914922049740396,1.2349534914219773
2021-05-07,1.100364964159219,1.0912605447756265,1.2346803376806863
2021-05-10,1.1001964022676662,1.0916685574401364,1.2349164987145913
2021-05-11,1.10046173834068,1.0922236296525467,1.2352023376885444
2021-05-12,1.1001264259937684,1.0914205143825664,1.2350509730594053
2021-05-13,1.0996279619197844,1.0922806012927189,1.2351075956095576
2021-05-14,1.0997250050135516,1.0915103552657393,1.2353572665974877
2021-05-17,1.0992996805961772,1.091903287365358,1.235822153613367
2021-05-18,1.100120018403313,1.091568062049696,1.2360160529042403
2021-05-19,1.0997407001625024,1.0910426407713116,1.2361461915677863
2021-05-20,1.100571792647817,1.090777713050156,1.2360431362775284
2021-05-21,1.1008489044963796,1.09054979675888,1.2357876659781937
2021-05-24,1.1023715696007235,1.0904463912865316,1.2360063578973703
2021-05-25,1.1015384200510427,1.0909601969294742,1.2354150485759803
2021-05-26,1.101072948819188,1.0907183929792985,1.2353021876686956
2021-05-27,1.1014531546249808,1.0910507680975081,1.2347772976835454
2021-05-28,1.1016227269080077,1.090795742330874,1.2351730550529336
2021-05-31,1.100975357989272,1.091297585940586,1.234766961353727
2021-06-01,1.1012187307075618,1.0910268044207874,1.2353163869858756
2021-06-02,1.1014471362695704,1.090970765776015,1.2346349560258123
2021-06-03,1.1012693048003328,1.0905526833498695,1.2346993613052586
2021-06-04,1.1013794429273873,1.0902356334873309,1.2347052964521061
2021-06-07,1.1002719960245104,1.08977938749493,1.2350467381949637
2021-06-08,1.1008999580177856,1.0895438260074326,1.2349327232026066
2021-06-09,1.1015979851511934,1.089599762756144,1.2346778187692267
2021-06-10,1.101719512613725,1.089592899252166,1.2348386375775684
2021-06-11,1.1016979339888269,1.0895441093663707,1.2344293233235821
2021-06-14,1.1026510630583495,1.0894602189508604,1.2349363081924256
2021-06-15,1.1026282970891281,1.0900474523039188,1.2354600037295136
2021-06-16,1.1024919767001529,1.0895031876466663,1.2349484843114868
2021-06-17,1.1019810852401608,1.089546652910282,1.2353390680695227
2021-06-18,1.1023027539139731,1.0891238268359333,1.2350799510458232
2021-06-21,1.102126007165713,1.089161431397515,1.2355889976212997
2021-06-22,1.101763682564844,1.089196944146296,1.2360094108379953
2021-06-23,1.1023705654861522,1.0895820904403477,1.2350692840213457
2021-06-24,1.1022486345711995,1.0890150943660095,1.2347073049806339
2021-06-25,1.1014106173075942,1.088672282955301,1.2345136040221059
2021-06-28,1.10045012503093,1.0887745241819409,1.2345182744923622
2021-06-29,1.1003485961021002,1.0894221515868343,1.2354387395231492
2021-06-30,1.1000342707574096,1.0892744022671952,1.2353093167124385
2021-07-01,1.101384366178742,1.089378946243478,1.2353506971267678
2021-07-02,1.1036881511731491,1.0897784028085697,1.2362899678374737
2021-07-05,1.1043792034389526,1.0903336795379504,1.235550778905797
2021-07-06,1.104194710404603,1.0904783925043509,1.2362239354695588
2021-07-07,1.1040351256687881,1.0894333069837645,1.2367919075708684
2021-07-08,1.1043795814321287,1.0896368839910828,1.2361937600465518
2021-07-09,1.1051856520118226,1.0897593784359665,1.2365670238410273
2021-07-12,1.105729096141258,1.0898615488511614,1.2357612141244052
2021-07-13,1.105049559576018,1.089781884512599,1.2364039696463522
2021-07-14,1.1045800148260492,1.0898870319750462,1.2359740507007229
2021-07-15,1.104058211810778,1.0900195774008943,1.236560657214524
2021-07-16,1.104661260303849,1.08885106370623,1.2366432794653626
2021-07-19,1.102543704609204,1.088939250445455,1.2364634192100745
2021-07-20,1.1028695199231904,1.088691000421566,1.2366511358738368
2021-07-21,1.1027098260555663,1.0885965850101924,1.2362579118278598
2021-07-22,1.1029864512538108,1.089230174232087,1.2366021994755043
2021-07-23,1.102818088304885,1.08934121400194,1.2366183871161984
2021-07-26,1.1021949421790262,1.0895432351653924,1.2364332170079992
2021-07-27,1.1025752596858012,1.089372315981968,1.236322789426726
2021-07-28,1.1022491955579623,1.0891124560838374,1.236114541724482
2021-07-29,1.1040480657603824,1.0890683423314818,1.2356837556621856
2021-07-30,1.1048194325472638,1.0885982730632007,1.2355652309771679
2021-08-02,1.104712653180282,1.088920248347243,1.2357140267029305
2021-08-03,1.107448044786676,1.0888522669317235,1.2355874399785773
2021-08-04,1.1057279135966127,1.0889979664681482,1.2363060911673867
2021-08-05,1.1062561404249285,1.0892298432683694,1.2365385273268734
2021-08-06,1.105353063486981,1.089085443962414,1.2369804850386261
2021-08-09,1.1061231300583716,1.0889503002483303,1.2369452406200703
2021-08-10,1.1081664837045597,1.0884771183818192,1.2364195506630116
2021-08-11,1.11074405999932,1.0882558022833837,1.2370118401395869
2021-08-12,1.1145215569918425,1.0882366471195644,1.2366186301408746
2021-08-13,1.1152702484033392,1.0876323080036718,1.2370839358327905
2021-08-16,1.1176089982558735,1.0873606227836434,1.2370339821456888
2021-08-17,1.1208627842615497,1.0870633573677402,1.2368352448351787
2021-08-18,1.1232190571549068,1.0875049469040503,1.2365098841521234
2021-08-19,1.1213916616955641,1.0872613219492624,1.2369094623140082
2021-08-20,1.124378387385983,1.087264463859625,1.237335128450439
2021-08-23,1.1238502689831187,1.0873095399407173,1.2375475284040514
2021-08-24,1.1233157004495498,1.0869073307310342,1.2373258239822986
2021-08-25,1.1261803752416635,1.0871243563216513,1.236557250292933
2021-08-26,1.127882237099153,1.0868203803392682,1.2362636703079486
2021-08-27,1.1291384474805732,1.0864700033826216,1.236429717828542
2021-08-30,1.1283517726280157,1.0859906695244959,1.2373839576954566
2021-08-31,1.1319467215808778,1.0864645601270184,1.2374497194535166
2021-09-01,1.1303749714799283,1.0868204413680866,1.2368970066786469
2021-09-02,1.1300645747082867,1.0859330988260836,1.2375656328666484
2021-09-03,1.1309492784145523,1.0863604858524467,1.2369631006825639
2021-09-06,1.1306872800787864,1.0858008350618045,1.2372169184309219
2021-09-07,1.130897559881795,1.0859809646616403,1.2374775133463967
2021-09-08,1.1320415725157842,1.0865080772369649,1.2370291414028012
2021-09-09,1.130940038390633,1.0860542163553335,1.2371457184671422
2021-09-10,1.1305563926490185,1.0859130434570632,1.2375923963980333
2021-09-13,1.129775066330952,1.0860920345505265,1.2370881993373994
2021-09-14,1.129641363404336,1.0862507100651717,1.2370908042171394
2021-09-15,1.1304828785296168,1.0863949002939504,1.237319034925609
2021-09-17,1.1302733835339758,1.085939501644013,1.2371239352749126
2021-09-20,1.1304396377144703,1.0855240623060345,1.2363879015089392
2021-09-21,1.13120735567579,1.0850920662662484,1.236591866459035
2021-09-22,1.1312404416271082,1.084771349619139,1.2369969954482267
2021-09-23,1.130815209153503,1.0847996986305373,1.237045619502376
2021-09-24,1.1298602564869065,1.0850975242229848,1.23752879455499
2021-09-27,1.130080188836924,1.0855509574886675,1.2379533746933273
2021-09-28,1.129963708866338,1.0850837234496067,1.2377424486614368
2021-09-29,1.1306975874785952,1.0844819940492303,1.2375551849241382
2021-09-30,1.1328432923398384,1.0850755123760236,1.2375191923975308
2021-10-01,1.1327786865805063,1.0847445222410976,1.2375531508709456
2021-10-04,1.1321287339364483,1.0846746571996615,1.2366690290037992
2021-10-05,1.1319423281652727,1.0846780459505805,1.2374976270446714
2021-10-06,1.131945316415533,1.0840493242803997,1.2372082953037453
2021-10-07,1.1313571274239569,1.0838775324619283,1.2360657462190674
2021-10-08,1.1313257886837018,1.0834929766283412,1.2365961463803161
2021-10-11,1.1306419425487546,1.0834053834346367,1.2366488272687135
2021-10-12,1.1302766941619518,1.0828931573265794,1.2367478133039393
2021-10-13,1.132536074960088,1.0830650460777902,1.2365337399869742
2021-10-14,1.1329361291018574,1.0838593697323073,1.2366475109309365
2021-10-15,1.132173851069044,1.083539386137351,1.2372321658375696
2021-10-18,1.1350575826783789,1.0834337056953682,1.2371856399149523
2021-10-19,1.137595925377718,1.0841298619333062,1.2376979437209783
2021-10-20,1.137840695877605,1.0843980092836165,1.2378606000987273
2021-10-21,1.1386286510933232,1.0843717474091754,1.2376158319598292
2021-10-22,1.1389983655901244,1.08424460747948,1.2371951909680352
2021-10-25,1.1382377545368867,1.0833264450211884,1.2377164307594712
2021-10-26,1.138801774500738,1.0830117121975114,1.2373022494372317
2021-10-27,1.1401238269292953,1.0828283523579871,1.237734600607817
2021-10-28,1.1400456538114363,1.0831250484574675,1.2375721084475408
2021-10-29,1.1399204441618396,1.0830090110821922,1.2374175695378806
2021-11-01,1.1404390219159262,1.0826735695334653,1.237648762023918
2021-11-03,1.1420285966301635,1.082994860560876,1.237293494591318
2021-11-04,1.14393076850421,1.0826360050243422,1.2374466096869867
2021-11-05,1.1433230760747042,1.0825495988325926,1.2372003137974619
2021-11-08,1.1454417615914023,1.0821499479368635,1.2370919753403153
2021-11-09,1.1482230873647203,1.0816026310769744,1.238000428056261
2021-11-10,1.14905714606253,1.0821585761627348,1.2377258509405384
2021-11-11,1.1505839643351017,1.0816625036184428,1.237763403183657
2021-11-12,1.1541641006775352,1.0828175485441949,1.2371352806275595
2021-11-16,1.155266298344703,1.0833959405508204,1.2378485337636127
2021-11-17,1.155231762894699,1.0833964571778023,1.237481999805543
2021-11-18,1.1561889421547065,1.082999339976095,1.2369254142358257
2021-11-19,1.1562319127925893,1.0826797356869737,1.2373363240853477
2021-11-22,1.1581560781913949,1.0831762067191952,1.2375071506901503
2021-11-23,1.1599063323595784,1.0831794544245583,1.2375706684469543
2021-11-24,1.159822130794842,1.0830264184275324,1.2373069242412764
2021-11-25,1.1591859770557549,1.083340402663214,1.2369856055179231
2021-11-26,1.1586854320428952,1.0834272786434862,1.2367852237195245
2021-11-29,1.1584611297385496,1.0840505682930788,1.2369394549064217
2021-11-30,1.159201908820811,1.0841208411376821,1.237314362586691
2021-12-01,1.1597794627095455,1.0836349845197244,1.237012077091601
2021-12-02,1.1576496375024155,1.0834335551467575,1.237069275837965
2021-12-03,1.1575144185499773,1.0831715350868756,1.2375227512382003
2021-12-06,1.157120036079648,1.0830280810058563,1.2375449022620413
2021-12-07,1.1566366327814581,1.0825140810854694,1.2373260951816418
2021-12-08,1.1565914469660479,1.0815258126122174,1.2373363108058772
2021-12-09,1.1565514038557236,1.0813482229031008,1.2375816317089057
2021-12-10,1.1566549210774042,1.0816633443754375,1.237372840456842
2021-12-13,1.1572698077472878,1.0816415527891872,1.237628766002186
2021-12-14,1.1583869594638265,1.0818274640816263,1.2374595088148868
2021-12-15,1.1586578925119413,1.0816615216341512,1.2373874934784912
2021-12-16,1.1586520628154187,1.0819047640483814,1.2370870737701751
2021-12-17,1.1584788275631435,1.081666135606642,1.23709759203489
2021-12-20,1.156526043765022,1.0818859906599012,1.237440084226546
2021-12-21,1.1561291128434317,1.0824452993786189,1.2372997544565525
2021-12-22,1.1557408819634798,1.0822991336041166,1.237177722657803
2021-12-23,1.155248233382517,1.0821452054089349,1.237061936599752
2021-12-24,1.155694591933194,1.082473004296863,1.236608220538165
2021-12-27,1.1553435258793996,1.0819553322968052,1.2366389360950614
2021-12-28,1.1561472598912166,1.0819386219341833,1.237418142428479
2021-12-29,1.1554603116470268,1.0823151693024373,1.237105527078414
2021-12-30,1.1543376993919867,1.0822183280774842,1.2371618109395224
2021-12-31,1.1544189877866662,1.0821200169916783,1.2372824142081706
2022-01-03,1.1555653658505736,1.0814567347634858,1.2372895616400903
2022-01-04,1.1546835498254735,1.0811533919369782,1.2376172873382352
2022-01-05,1.1541430966400783,1.0811019477141033,1.2378136739569578
2022-01-06,1.1546213564929697,1.0802971310229657,1.2380567065734451
2022-01-07,1.1557019577229468,1.0798897157671912,1.2368086037858579
2022-01-10,1.1559490945698134,1.0795036752474627,1.2372686893847153
2022-01-11,1.1547250080064566,1.0795605317339885,1.2375522222848727
2022-01-12,1.1540924858324126,1.0795812143166361,1.2375033254573173
2022-01-13,1.1547099423918712,1.0800962578231135,1.2375825757751941
2022-01-14,1.155770517111521,1.080058754417108,1.2378363270344956
2022-01-17,1.1556741232615781,1.079887542933068,1.238119809475052
2022-01-18,1.155609704799575,1.0799781649870306,1.2380253812261566
2022-01-19,1.1553242490393465,1.080629687520923,1.2381565720512402
2022-01-20,1.1550441662223832,1.0804622494249665,1.238347425378174
2022-01-21,1.1541597001936728,1.0811687780939663,1.238562872701407
2022-01-24,1.153046440754104,1.0816443455238087,1.2387368065529003
2022-01-25,1.1543533209617263,1.0815876063227954,1.2385349753689534
2022-01-26,1.1543836970036734,1.0814220012713551,1.2380888013647187
2022-01-27,1.155695068325736,1.0812169227658104,1.2381723963033728
2022-01-28,1.157413574083944,1.0808788513548908,1.2384323099014651
2022-01-31,1.1556504885525876,1.0810886847316974,1.2381887542304457
2022-02-01,1.1552246508389201,1.0810726458100328,1.2384495723945095
2022-02-02,1.1577818900371573,1.0810571446121422,1.2385231432416697
2022-02-03,1.1591669410541043,1.081397240775308,1.238838393928488
2022-02-04,1.1605588256577972,1.0812946807352928,1.2385682930749
2022-02-08,1.1621107546432754,1.0814307869674793,1.2388015140650794
2022-02-09,1.161572431432477,1.0814449061810376,1.2388152351368318
2022-02-10,1.161904219691129,1.0812881226987099,1.2391474081017195
2022-02-11,1.1623050290423207,1.0817313460377176,1.2395193770793107
2022-02-14,1.1610320236457545,1.0811151261745984,1.2401292114044047
2022-02-15,1.1598009547539134,1.0809303469331402,1.2399796251126096
2022-02-16,1.1597069181672452,1.0806735313360958,1.240392766924782
2022-02-17,1.1606019737912103,1.080693494986765,1.2403656437002595
2022-02-18,1.1609024046546637,1.0802939209042823,1.2404821720867674
2022-02-21,1.1608735779218906,1.0808425210593904,1.2409083076751455
2022-02-22,1.161768241995146,1.0811054817367178,1.2401758183250746
2022-02-23,1.1613048610081615,1.0811079318615195,1.2407423743119421
2022-02-24,1.1611368326250076,1.0809739666823523,1.2401953937691785
2022-02-25,1.159293968258751,1.0809765840703571,1.240494732790947
2022-02-28,1.1593910174860877,1.0812523138302046,1.2404677052305784
2022-03-01,1.1583349069047648,1.0809368457128088,1.241246464369417
2022-03-02,1.1600292341325016,1.0806685268465708,1.2409468958905705
2022-03-03,1.1603075951634152,1.0809881528616645,1.2402528191931639
2022-03-04,1.160084667972365,1.08036215218054,1.2413546989053907
2022-03-07,1.1593093916922275,1.081256188767732,1.2407977840299755
2022-03-08,1.1586853161259913,1.0815010010608952,1.2413975435641027
2022-03-09,1.1563080334918032,1.0819294911208783,1.241298734186552
2022-03-10,1.1562610232852655,1.0816346680509978,1.2416178299573364
2022-03-11,1.1575941951938205,1.0815891105415107,1.24151620120656
2022-03-14,1.1605465440530236,1.0811789438387338,1.241536151337391
2022-03-15,1.1610279829507868,1.0809392014089787,1.2408965750518524
2022-03-16,1.160226254777508,1.08141214017005,1.2412068587075245
2022-03-17,1.1605575621044453,1.0815433519383109,1.2407962997229398
2022-03-18,1.160158439479239,1.081398716600778,1.2405654154236667
2022-03-22,1.1602765618399224,1.0818045576381066,1.240911099735104
2022-03-23,1.1595817240925097,1.0814645259337619,1.240577694904163
2022-03-24,1.1596419222542003,1.0817473407039044,1.2401698940292112
2022-03-25,1.1592649405172089,1.0815333094762334,1.2405545742347703
2022-03-28,1.1587199183163843,1.0817895498739087,1.2397205787564884
2022-03-29,1.1586392308891653,1.0819104338483652,1.2397079775100388
2022-03-30,1.159123659222327,1.081816444363135,1.2404041651141178
2022-03-31,1.1590449651491637,1.0819645373776459,1.2400554447827399
2022-04-01,1.1595121645016224,1.081533983377626,1.2396850546289768
2022-04-04,1.1620904568674355,1.0814665554480234,1.2395528201015356
2022-04-05,1.1625637769038637,1.0819827866075105,1.2396233385307334
2022-04-06,1.1624586139970603,1.0810288125386065,1.2392422022356262
2022-04-07,1.1624020705818636,1.0810007868355773,1.2400607032310018
2022-04-08,1.1620532421854652,1.081474111007232,1.239825590061153
2022-04-11,1.1647810790846014,1.0812829969591407,1.2397159717481345
2022-04-12,1.1628718358077774,1.0805534794113432,1.240465922557752
2022-04-13,1.1623899461756986,1.0809244851301163,1.241102015804407
2022-04-18,1.1628838939142783,1.0806630404730746,1.240325386543481
2022-04-19,1.1632046315004436,1.0798015767950078,1.2403134939645084
2022-04-20,1.1629689437159492,1.0802580063289744,1.2397731245976567
2022-04-21,1.1626944510654873,1.0799018768190372,1.239378747624156
2022-04-22,1.1635941713293656,1.0799047395737777,1.239344472974534
2022-04-25,1.1637330595318327,1.0796173958095894,1.239607006466498
2022-04-26,1.1642191689990369,1.0802163540570808,1.2397998720189272
2022-04-27,1.1643796651616667,1.0800492419756889,1.2399780789255033
2022-04-28,1.1646379466379073,1.0799185255297001,1.2397134644917758
2022-04-29,1.1651758406324204,1.0803567311617233,1.2398486712643686
2022-05-02,1.1645201324521641,1.0799262959184013,1.2400129126244983
2022-05-03,1.1636907931535223,1.079892382401403,1.2392243670200624
2022-05-04,1.164881501302375,1.0793822546378375,1.2396074154020946
2022-05-05,1.1630282940419998,1.079374977219462,1.240140118176409
2022-05-06,1.1637240862120566,1.0795101671104212,1.2394209513323278
2022-05-09,1.1645536652689557,1.0797878870381605,1.2403334138627866
2022-05-10,1.1653837496935306,1.0799801697198654,1.2403473668604261
2022-05-11,1.165604360243068,1.0802928517264625,1.2400318552928413
2022-05-12,1.1654866045650734,1.0804652270214379,1.24002735079855
2022-05-13,1.164216626629764,1.080461141071066,1.2396890597435342
2022-05-16,1.1630639144246668,1.080119364753039,1.2395583077833088
2022-05-17,1.1634701905597216,1.0802304400334592,1.2400524177335133
2022-05-18,1.1607058893588142,1.0800850370236976,1.2398466117284392
2022-05-19,1.1596391364188496,1.080281267006273,1.2391021016646921
2022-05-20,1.1596168406076046,1.0805462209037526,1.239309185442436
2022-05-23,1.161315905650278,1.0800899274606608,1.2396673872296822
2022-05-24,1.1606238995425453,1.0798859322313412,1.2401343850666025
2022-05-25,1.1610334941659464,1.079846735058542,1.239835961049186
2022-05-26,1.161528724363655,1.0799452628440958,1.2395827007345321
2022-05-27,1.1618995939592593,1.0798852861948345,1.2389174283175208
2022-05-30,1.1643036603566828,1.0803363246917765,1.2392126597270592
2022-05-31,1.1660532156018357,1.079934306760141,1.2390307790588395
2022-06-01,1.1661326770191824,1.0803242898628003,1.2394060725742326
2022-06-02,1.167344678374317,1.0802308247557306,1.239321996493264
2022-06-03,1.1679853963549645,1.0802888928040455,1.2393571586575358
2022-06-06,1.1686538921783218,1.0804755939187167,1.2395388808198289
2022-06-07,1.1696767225374773,1.080436108186875,1.2395256514910566
2022-06-08,1.1681053435325148,1.0804149030493817,1.239403526560476
2022-06-09,1.1676063434921937,1.0804641722790205,1.2391831277284397
2022-06-10,1.1660360842429598,1.0802694095355532,1.2391117333038586
2022-06-13,1.1651273258937296,1.0802671029061763,1.2395107260649056
2022-06-14,1.1655943225039191,1.0798106439698612,1.2397037594862863
2022-06-15,1.1668185459638154,1.0795806744689884,1.2393182636784925
2022-06-16,1.165208308441332,1.0804902359870365,1.239755540602
2022-06-17,1.1645542894686027,1.0801951885979564,1.2400125529210158
2022-06-20,1.1646806216067531,1.0799063732237224,1.2397337439556393
2022-06-21,1.1644473147000824,1.079896816832446,1.2396872849863352
2022-06-22,1.1640019051516481,1.0801453161380088,1.2400310742915082
2022-06-23,1.1634611871808378,1.0798543001604561,1.240939593670897
2022-06-24,1.1622395116300832,1.0802951811009855,1.241035309621473
2022-06-27,1.161622129089232,1.079847705044559,1.2409062695872273
2022-06-28,1.1621623926032647,1.0796616172660582,1.241454202361299
2022-06-29,1.162042267352652,1.0791407301540092,1.2411687655287111
2022-06-30,1.161913300635545,1.079029551875296,1.2415843557970334
2022-07-01,1.1620297846843204,1.0791678651210082,1.2420132859460604
2022-07-04,1.163644096656085,1.0792099536793711,1.2417404605258768
2022-07-05,1.1647709712794307,1.07923968094207,1.2415734862690975
2022-07-06,1.1642133433909765,1.0797941365783308,1.241529523080282
2022-07-07,1.1647526093256373,1.079546231574932,1.2418325658717497
2022-07-08,1.1647212680927057,1.0793537686961685,1.2419335691209201
2022-07-11,1.1644979907724857,1.078963705971885,1.2419196896227045
2022-07-12,1.1647548842528708,1.0790455351130481,1.2417291290956436
2022-07-13,1.1643438594223623,1.0791619397559367,1.242000258567112
2022-07-14,1.1660073475509023,1.078586475472098,1.2422765317443774
2022-07-15,1.165222363483421,1.0788438846257569,1.2421721973800794
2022-07-18,1.164796059982858,1.079235303544547,1.2421698035938304
2022-07-19,1.1652931184785746,1.0786121513914135,1.2413952481208743
2022-07-20,1.165158276274145,1.0780967484720765,1.2416649950306424
2022-07-21,1.1664442109846853,1.0783133799404292,1.2412506958498755
2022-07-22,1.1662315966593422,1.0786982358034753,1.2420803188897316
2022-07-25,1.1669666589142063,1.0779705710398044,1.2414346833598051
2022-07-26,1.1665879167233082,1.0785674005743537,1.2411856952351277
2022-07-27,1.165995623384303,1.0788307237696597,1.2412004005883621
2022-07-28,1.164219764273659,1.0785986886269527,1.2413339960793945
2022-07-29,1.1659942764784526,1.0791349026769588,1.241277931514957
2022-08-01,1.1656438548949244,1.0791021576785496,1.2412506544767525
2022-08-02,1.167034694557991,1.0785239382462404,1.2411651695004722
2022-08-03,1.1677137756770055,1.0779667794182717,1.2411906823974346
2022-08-04,1.1683454335612977,1.0777571167034912,1.2410119651922007
2022-08-05,1.1683339563439337,1.077563135183583,1.2412394266640552
2022-08-08,1.1684466253902084,1.0773822097313084,1.2415511182931236
2022-08-09,1.1676119787146564,1.0776187706773388,1.241240739817656
2022-08-10,1.1679739613882372,1.0767303129550734,1.2409295579808763
2022-08-11,1.1664368375264826,1.0769950067430523,1.2408849803786561
2022-08-12,1.1664144484625865,1.077040946259646,1.2409255774697419
2022-08-15,1.1678753075555974,1.0766751572499396,1.2410382809184082
2022-08-16,1.1682407527093892,1.0768376533959698,1.2412240523832436
2022-08-17,1.1680773673770184,1.077259266478558,1.241156395115593
2022-08-18,1.1686549077454007,1.0774422691059762,1.241241280377162
2022-08-19,1.1687399746059088,1.077186847451117,1.2419342468699885
2022-08-22,1.1686357075078915,1.077028201432806,1.2415704534039953
2022-08-23,1.1680653640180505,1.0766723470860315,1.2408170770432316
2022-08-24,1.167439653508563,1.077497895101018,1.240932748364904
2022-08-25,1.1660038161623327,1.0770199311009403,1.2408479193535584
2022-08-26,1.1662734974671298,1.0775314087222605,1.240328144962336
2022-08-29,1.1635409797804572,1.0766104339606417,1.2399961184169772
2022-08-30,1.164097616158055,1.0768358209467843,1.2404738913773952
2022-08-31,1.1635069635789126,1.0769025408985975,1.2404305720680229
2022-09-01,1.1625618525131005,1.0770043575205326,1.2408938750318752
2022-09-02,1.1619329670617775,1.076677619838375,1.2408410658727702
2022-09-05,1.16171220511976,1.0767307687228067,1.240721679198286
2022-09-06,1.1621150637134725,1.077176849955902,1.240956270268691
2022-09-07,1.1625736469476835,1.0765685792667867,1.240871713622783
2022-09-08,1.1618906314169604,1.0762738307274005,1.2416040438121938
2022-09-09,1.1609610393226621,1.0759506226816797,1.2411718809592673
2022-09-12,1.1597491086767475,1.075593250386846,1.2414357514602206
2022-09-13,1.15783431059633,1.076160441843838,1.2412641457112707
2022-09-14,1.1583476651207338,1.075703620037881,1.2410173981044526
2022-09-15,1.1595831595422559,1.0754482317700402,1.2413358387342155
2022-09-19,1.1603439648520137,1.0754064327356045,1.2406784853175832
2022-09-20,1.1597021973019823,1.0758316936641996,1.2400495604505228
2022-09-21,1.1599304470174687,1.0752658342976595,1.2405085276819388
2022-09-22,1.1590787834769756,1.0754437489055029,1.2413042427187257
2022-09-23,1.1574865573160544,1.0751178602558533,1.2413966080518406
2022-09-26,1.1554837943136014,1.075219211022311,1.241575361902656
2022-09-27,1.1552077034473869,1.074935736807646,1.2417240152300855
2022-09-28,1.1555247877919976,1.075075114429067,1.2419525435951404
2022-09-29,1.1551896048120658,1.074831145073147,1.2420575825969842
2022-09-30,1.1546350409220365,1.074941687320689,1.2420942842338851
2022-10-03,1.1535980442001155,1.07476707638982,1.241675570941854
2022-10-04,1.1529778027584032,1.0748950484401367,1.2415023758540038
2022-10-05,1.1528056613637452,1.0748663842785968,1.2419387709461653
2022-10-06,1.1538188215200957,1.0751658059140639,1.2419510683946227
2022-10-07,1.1539034372538868,1.075140274561458,1.2423229192511538
2022-10-10,1.1543156971438473,1.074843546885158,1.242301639719772
2022-10-11,1.1544043706643097,1.0750434714576818,1.242607911007394
2022-10-12,1.155440030159064,1.0750452194430866,1.2423254959800067
2022-10-13,1.1558760888576307,1.0755875835930995,1.2423661554628833
2022-10-14,1.155542401955035,1.075254728743713,1.242664969023089
2022-10-17,1.1542219470012658,1.0751739712293629,1.2422495446082986
2022-10-18,1.15350169244184,1.0748651499034232,1.242138574473449
2022-10-19,1.1537527900801134,1.0749366181963762,1.2420023465775705
2022-10-20,1.1541298673758238,1.0746175375521243,1.2426685579717032
2022-10-21,1.154684303427671,1.0745287519210631,1.2430596220707233
2022-10-24,1.1549766788615121,1.0748088620202758,1.243693171571174
2022-10-25,1.1537288579484088,1.0749557564412464,1.2437541237360048
2022-10-26,1.1529612232015984,1.0746846881110823,1.2433780797052425
2022-10-27,1.1543416854528679,1.075290257074128,1.2432282110333681
2022-10-28,1.1561168055113082,1.075513613625712,1.2426133161797273
2022-10-31,1.1541017352362555,1.0752172591169613,1.2428957244404326
2022-11-01,1.1535650586763904,1.0751374666980882,1.2428884406117735
2022-11-03,1.1533787485051923,1.0750654980904362,1.2429699780218417
2022-11-04,1.1536419316492255,1.074724297468338,1.2432913388903877
2022-11-07,1.153604290083398,1.0742838477569068,1.2432984945829202
2022-11-08,1.1535045082890434,1.0743990044947782,1.2431830002271596
2022-11-09,1.1537271187410152,1.0751782510788082,1.2430815100283532
2022-11-10,1.1527208507032753,1.074940364529984,1.2428136451538216
2022-11-11,1.1508275220272848,1.0746376522416514,1.2433064200382455
2022-11-14,1.150070543131592,1.0744071606867973,1.243962672359271
2022-11-15,1.1501171426330596,1.0741982533012968,1.244181762630239
2022-11-16,1.1502194270494164,1.0742430614586929,1.2445612425969024
2022-11-17,1.1507951072019746,1.0738497670028948,1.2438776595845769
2022-11-18,1.151758054921182,1.0745128717802477,1.2440284192732636
2022-11-22,1.1522056209127554,1.0749432165224804,1.2443555759972496
2022-11-23,1.1523805030563252,1.0747389828440115,1.2445521993049875
2022-11-24,1.1524129739363356,1.0745028806369206,1.2443169393319646
2022-11-25,1.1517247241152806,1.0745024008825856,1.244044140180128
2022-11-28,1.1516454912771312,1.0743391612253603,1.2445499682650365
2022-11-29,1.150658063433982,1.074987952496628,1.2449029706801609
2022-11-30,1.1490945662162484,1.074693081532919,1.2445260220295038
2022-12-01,1.1482602725948703,1.0745220279679604,1.244619773404212
2022-12-02,1.1480042956743168,1.0746432390986043,1.2449801647698673
2022-12-05,1.1471860254308357,1.0740196310896335,1.2450883708818707
2022-12-06,1.147784917969842,1.0744028268600958,1.2449505945918904
2022-12-07,1.1481401119708992,1.0743120164655757,1.2446331248722047
2022-12-08,1.1477865576205484,1.0743362788321456,1.244320342460709
2022-12-09,1.147129991699462,1.0740403401260097,1.2445418203283594
2022-12-13,1.1475845216116907,1.0738570758474872,1.2444569992674852
2022-12-14,1.1497896348425964,1.073627319545231,1.2445180272968812
2022-12-15,1.1490299309412337,1.0732838593574843,1.2447983601233021
2022-12-16,1.1499026761274171,1.0734408280361276,1.2442832032361684
2022-12-19,1.150525356453988,1.0731848187192274,1.2438126516028152
2022-12-20,1.1533549806995798,1.0734475469538498,1.2439237432885655
2022-12-21,1.1535615810420552,1.073220562805555,1.2442146564493617
2022-12-22,1.1539569541791805,1.0724917277138872,1.243701599458191
2022-12-23,1.1532075514405022,1.0727383259870247,1.2449843704686496
2022-12-26,1.1526904025601985,1.0723885442723464,1.2446258464384476
2022-12-27,1.1529524988494617,1.0723089025124193,1.2444564954787447
2022-12-28,1.1514275489981618,1.0724084346653995,1.2444653289557561
2022-12-29,1.1515743880211406,1.072322467238334,1.2444852724116486
2022-12-30,1.1506789725383018,1.0720375823535764,1.2445006462539365
2023-01-02,1.1501091089049094,1.0717286990279962,1.244444111743017
2023-01-03,1.1498849614050204,1.0716770014316048,1.2444097497724669
2023-01-04,1.1483155814526906,1.0717222430996047,1.243951256012133
2023-01-05,1.1476442646336444,1.0714242432850278,1.2438643293117697
2023-01-06,1.1461397956370512,1.071337113032802,1.244223312383943
2023-01-09,1.1459895577120427,1.0710176407670677,1.2441791083141696
2023-01-10,1.1461401431014846,1.071028848561981,1.2438690747221486
2023-01-11,1.1454533009020194,1.0707192270013552,1.2442863107320665
2023-01-12,1.1450156792257593,1.070877910793966,1.2443577794117489
2023-01-13,1.145614256047108,1.0708144539361697,1.2445587802727025
2023-01-16,1.1452112949808593,1.0707182071194035,1.244318243380729
2023-01-17,1.145217187144929,1.0708364856926358,1.2446829875323477
2023-01-18,1.144981515015058,1.0706624778523088,1.2445906547308407
2023-01-19,1.1448901996658785,1.0708786562213044,1.2442011326066968
2023-01-20,1.1457130814534962,1.070895071369294,1.2443351989554448
2023-01-23,1.1461211786080607,1.070887369770151,1.2444060105920116
2023-01-24,1.1465327496794273,1.070669935288848,1.2447709304847998
2023-01-25,1.1469004140606323,1.0708353789336182,1.244614218722362
2023-01-26,1.1465537257331824,1.0708262920466187,1.244927679047121
2023-01-27,1.1469078027839634,1.0706144684604995,1.2439338002911418
2023-01-30,1.1467267456335497,1.0703609591151082,1.2440154264995196
2023-01-31,1.1466032534948392,1.070749989358775,1.2442143900985194
2023-02-01,1.1456171764377192,1.0713751102395395,1.2444287989779892
2023-02-02,1.145623720209532,1.0706293027777607,1.2442266596925218
2023-02-03,1.1456998773884473,1.0702329944270008,1.2451384074598761
2023-02-07,1.145201967300265,1.0706143252157982,1.2441370651928014
2023-02-08,1.1448036473972667,1.0700113293477787,1.2442347012827704
2023-02-09,1.145231366834359,1.0700384998417247,1.2447311674798125
2023-02-10,1.1450761940116814,1.0704585958987307,1.2448591621715148
2023-02-13,1.1449838890665653,1.0701069020874125,1.2452656209923991
2023-02-14,1.1445099644914078,1.0712166150898765,1.245053284601698
2023-02-15,1.1435780666972586,1.071379134458705,1.2451726875964177
2023-02-16,1.1447291235223536,1.070909558555955,1.2450145853896364
2023-02-17,1.1445104540252156,1.0715386912100169,1.2447227884383723
2023-02-20,1.143907357926674,1.0711610351718686,1.2444203702173504
2023-02-21,1.1436498502836248,1.0710340428138054,1.245975943082971
2023-02-22,1.1438794415956268,1.0714494799485557,1.245575310115478
2023-02-23,1.1455772996164335,1.0714873195580477,1.2456358904004599
2023-02-24,1.1455841537468494,1.0707346497692651,1.2458219747623496
2023-02-27,1.1460106614402015,1.0710147018091218,1.2455080552717173
2023-02-28,1.1468594368596647,1.0710642856971668,1.2451485269932467
2023-03-01,1.1458472529535044,1.0714613422290677,1.2451337291090478
2023-03-02,1.145467841644535,1.0713120379199519,1.2454375050444673
2023-03-03,1.1442436540563798,1.0715521107186534,1.245905550139358
2023-03-06,1.143643145582014,1.0713156525263012,1.2455724126261638
2023-03-07,1.1420873702854037,1.0713792526130854,1.245063211771451
2023-03-08,1.1421529548611877,1.0712483908677128,1.2450651281911103
2023-03-09,1.1418697545764331,1.071640353298209,1.2452993665297138
2023-03-10,1.1416385313624127,1.0721008117974882,1.245365572018308
2023-03-13,1.1423676804495402,1.0722864209685024,1.2452582775602066
2023-03-14,1.142845266152582,1.072124880482199,1.2455500084662938
2023-03-15,1.1423024210010706,1.0719508959041821,1.2457138097094256
2023-03-16,1.1433449501838617,1.0719963504544265,1.2457642441454067
2023-03-17,1.1431276904663885,1.0722388476864135,1.245360309198274
2023-03-21,1.1438248260872188,1.0724502930682083,1.2456422711300643
2023-03-22,1.143632806239096,1.0730991166159738,1.2452560603439835
2023-03-23,1.1437659164177207,1.0722689153312188,1.2449944129103725
2023-03-24,1.1436702032268702,1.072263254138559,1.2450198637570773
2023-03-27,1.1424517809141308,1.0718353424365943,1.245721268916709
2023-03-28,1.1412761239488314,1.0719571246119177,1.2460024091192632
2023-03-29,1.14025114422365,1.0723587092604236,1.245225095078966
2023-03-30,1.1397534871463917,1.0720772980316844,1.2457079135442697
2023-03-31,1.1395923316652468,1.0719084367449916,1.2454208065042889
2023-04-03,1.1399821197789173,1.0715874257421463,1.2455230032028408
2023-04-04,1.1395155691339183,1.071878694037414,1.2453209229450144
2023-04-05,1.1377760833374215,1.0722213183340834,1.2461211523478701
2023-04-10,1.137067996459722,1.0719225226169855,1.246341388835154
2023-04-11,1.1366564512186144,1.071358867667662,1.2459551873020434
2023-04-12,1.1366010390311667,1.0712898576956544,1.245666201522707
2023-04-13,1.1361266604648448,1.0716993516344206,1.2456623994561342
2023-04-14,1.1354066018499742,1.0713817017345753,1.2458337594243687
2023-04-17,1.1347012173458975,1.0715525308220326,1.2459882095629784
2023-04-18,1.1336135595755301,1.0712391428433243,1.2454586408876924
2023-04-19,1.133528028340108,1.07153924571949,1.245491354996681
2023-04-20,1.1324929595795559,1.0715061280722111,1.2452388465856021
2023-04-21,1.1324737516677272,1.0713188405215117,1.2455149674769184
2023-04-24,1.1326617830607915,1.0717292307778217,1.2457674860976007
2023-04-25,1.132789091597281,1.0719525669355863,1.2455372064966237
2023-04-26,1.1322147149039712,1.0719056486287943,1.2455665202472848
2023-04-27,1.131633777111835,1.0726522223191035,1.2460885189709476
2023-04-28,1.1311319702338645,1.0723061229541924,1.2454354500316147
2023-05-02,1.1307193595006915,1.072317415867002,1.2455411257564097
2023-05-03,1.1318669238481287,1.0718010475420898,1.2451886529595395
2023-05-04,1.1318982721566153,1.071926321014777,1.2458679587631116
2023-05-05,1.1314131024841734,1.0719800170201526,1.2455369369889464
2023-05-08,1.1314232562565347,1.0719356236261592,1.2457405075179102
2023-05-09,1.1317062924466466,1.07225204321871,1.2452048669838522
2023-05-10,1.1318704563674409,1.0722295338025782,1.2454021574945653
2023-05-11,1.1305935436770496,1.0718148138411692,1.246165453645957
2023-05-12,1.1310986984884808,1.0716087570934683,1.247006102395037
2023-05-15,1.1307360375454902,1.0718697310352006,1.2467208100197367
2023-05-16,1.1302843331604129,1.0715408640265867,1.246239085661503
2023-05-17,1.1301075569986556,1.070691477233572,1.245831070454819
2023-05-18,1.1302281498935973,1.071305689278883,1.2462810915419171
2023-05-19,1.1296593015558158,1.0712034739104066,1.2469420968631628
2023-05-22,1.1276880115268888,1.0710741207732086,1.2457899765685025
2023-05-23,1.1269245961959338,1.0709648340390667,1.2458091677569378
2023-05-24,1.1271479578210943,1.0709093386287334,1.2465604909106307
2023-05-25,1.1280280559485727,1.0710788350042857,1.2464943919912086
2023-05-26,1.1284833257223117,1.0710393888281848,1.2463148996213942
2023-05-29,1.1296128381605954,1.0711128496216422,1.2462385975679848
2023-05-30,1.1299576865191658,1.0710103835492875,1.246278200071758
2023-05-31,1.1297526501377624,1.0712851218479298,1.2461471103917385
2023-06-01,1.1303946823486588,1.0714482640998315,1.2465977553369696
2023-06-02,1.1300999562820182,1.0708675908286716,1.2461339560199938
2023-06-05,1.130336369003139,1.0718116399108673,1.2461897990324586
2023-06-06,1.1290615342622512,1.0712581928895017,1.246870199492728
2023-06-07,1.1286021597859823,1.0709064420598473,1.246831654377318
2023-06-08,1.1281327186793586,1.070618665325783,1.2468523754986687
2023-06-09,1.1277835286841884,1.070781461210603,1.2466439201660975
2023-06-12,1.1276175722045305,1.0709735863855474,1.2464592125885456
2023-06-13,1.12643174563258,1.070141976506741,1.2468067085812864
2023-06-14,1.1257732274181989,1.0701425856077578,1.2465004663631007
2023-06-15,1.126225028351392,1.069999306834606,1.2460967140397405
2023-06-16,1.1267131299412523,1.069907003115156,1.2463417848039517
2023-06-19,1.127393417516791,1.0699944953685707,1.2465060007654583
2023-06-20,1.1275898354202656,1.0699719759329478,1.2463162253201727
2023-06-21,1.126887259621395,1.0695954913997097,1.246740541339119
2023-06-22,1.1266690703495867,1.0699765762460567,1.2462450429856566
2023-06-23,1.127359282107304,1.0700445579687663,1.2465220942953101
2023-06-26,1.1270058805639274,1.069282773853271,1.2468790048355216
2023-06-27,1.1260365635328298,1.0695785861403424,1.2473439537405047
2023-06-28,1.126447798281604,1.069688044631363,1.2476967769766687
2023-06-29,1.1279578653597822,1.0692915462564223,1.2476696570064691
2023-06-30,1.1287124267810447,1.0692067556609783,1.2474347060000883
2023-07-03,1.126586594459978,1.0700093551661085,1.2476104749416668
2023-07-04,1.1261604072401237,1.0701699807344323,1.2482452349179731
2023-07-05,1.1262060246761294,1.069617775245823,1.2482082435196094
2023-07-06,1.126350935628123,1.06963640267289,1.2484295651884334
2023-07-07,1.1266483653476647,1.0694607007495769,1.2482015379190587
2023-07-10,1.1268376304349033,1.0697393331417269,1.2488588423268916
2023-07-11,1.127257271434352,1.0694689924450123,1.2480696616998743
2023-07-12,1.1267638987183817,1.0689557278459074,1.2481342826505455
2023-07-13,1.1268333841367553,1.0685911053762844,1.2486412562335623
2023-07-14,1.126333203606314,1.069042415434186,1.2488437514539819
2023-07-17,1.125412261599525,1.0693450466425782,1.2496014173365084
2023-07-18,1.1251867704257696,1.0693880845532735,1.2494226956480936
2023-07-19,1.1258233300350415,1.069612436895832,1.2492773562798791
2023-07-20,1.1269322555083596,1.0695798612336573,1.2487884908864384
2023-07-21,1.1265708139092268,1.0696759589718652,1.2487294915137017
2023-07-24,1.12589206506695,1.0701997418632545,1.2491496305986687
2023-07-25,1.1253572337072533,1.0701899461283642,1.249081582875601
2023-07-26,1.125174588605096,1.0696834842841945,1.2494946675639607
2023-07-27,1.1250910418864846,1.069762870414175,1.2488080618644577
2023-07-28,1.1269779142997254,1.0694864403962783,1.248822408383201
2023-07-31,1.1277915408841903,1.0694231551687758,1.248632980408035
2023-08-01,1.1279849033890392,1.0690592055992039,1.2489541690973203
2023-08-02,1.1271474465724394,1.0692662492208103,1.2486513865507223
2023-08-03,1.1279664071690212,1.0688852024092117,1.2491264202259484
2023-08-04,1.1257284650569874,1.0690025338604972,1.2491900700223175
2023-08-07,1.1257490282952254,1.0685897823735686,1.2489481534920217
2023-08-08,1.125080296141615,1.0687068074467334,1.2485276285674862
2023-08-09,1.1270629209690632,1.0683897681248578,1.2486054253120027
2023-08-10,1.1282950525789135,1.0682818729908838,1.249093294039817
2023-08-11,1.129889526496062,1.068422499293905,1.2493203351678015
2023-08-14,1.1300692798580256,1.0683768820944664,1.2491921703813065
2023-08-15,1.1299196200217636,1.0684231239535509,1.2496012502510452
2023-08-16,1.1293308123123624,1.0677958851192955,1.249523775181223
2023-08-17,1.1280144044636813,1.0679613439335265,1.249612310357412
2023-08-18,1.1285803546594269,1.0683841984644213,1.249066451214094
2023-08-21,1.1283459782967369,1.067960911058048,1.249598337854895
2023-08-22,1.1289083082003788,1.0679107527231766,1.2495487251617123
2023-08-23,1.127742820677205,1.0674911113441456,1.2497363130049801
2023-08-24,1.1286531629080254,1.0672006495687711,1.2492392616273322
2023-08-25,1.1294759024656553,1.0675118628869558,1.2484417252986668
2023-08-28,1.1296530194738938,1.0678908420346551,1.247863047696277
2023-08-29,1.1280241565541798,1.067889537893318,1.2473030954265596
2023-08-30,1.1280832375437948,1.0673037153046427,1.2483378561601997
2023-08-31,1.1276606492279286,1.0671932164429025,1.247803235417087
2023-09-01,1.1289996805102096,1.0676583052879753,1.247809496286993
2023-09-04,1.1293121287350898,1.0671475145107958,1.2484034483939321
2023-09-05,1.1284283171379763,1.0665063015830982,1.2487508181572455
2023-09-06,1.1291357212842552,1.066847838752774,1.249259767897685
2023-09-07,1.1293980100751817,1.06672476266877,1.2492533776796453
2023-09-08,1.130005089821478,1.0668005433076466,1.2491047439875946
2023-09-11,1.1291234808326247,1.0671439445177164,1.2487479006863722
2023-09-12,1.129020951106609,1.06634837573865,1.2485993854726165
2023-09-13,1.128740385006775,1.066689979943908,1.248701444976917
2023-09-14,1.128333315575857,1.0660510148619062,1.2488555329518158
2023-09-15,1.12845366939322,1.0654454094024732,1.2489116217471221
2023-09-18,1.1288980147836252,1.0652999996519332,1.2490143348358822
2023-09-19,1.1291058236403966,1.0658831727182696,1.2488803038014926
2023-09-20,1.1292517867086767,1.0659793360332759,1.2494364691430073
2023-09-21,1.1283769399244952,1.0658477625491178,1.249390868504801
2023-09-22,1.1282041728983434,1.0663615662610195,1.24938563669419
2023-09-25,1.1279561960030802,1.0666968437321094,1.2501781933996827
2023-09-26,1.1266822209691332,1.066208221233906,1.2496944756211594
2023-09-27,1.1269137911068647,1.0664484557738771,1.249408343201584
2023-09-28,1.1280980276493446,1.067302586847827,1.2490968303260488
2023-09-29,1.1262806052993124,1.0672880132534424,1.2489340051372733
2023-10-02,1.126852936812696,1.067932595528843,1.2493649940534055
2023-10-03,1.126130944264384,1.067893596280447,1.247626020718139
2023-10-04,1.1268708430297951,1.0679605913970898,1.2492314840608085
2023-10-05,1.1276460269255963,1.067709617495955,1.248985220907503
2023-10-06,1.1265568501419587,1.0679886729796375,1.2494152082825813
2023-10-09,1.1265397347146284,1.0672761980236476,1.2490104313972021
2023-10-10,1.1241025208049347,1.0669439105054859,1.249199912749888
2023-10-11,1.1246619984150217,1.0666902926334336,1.249250076596352
2023-10-12,1.1240665139182526,1.0681683752692153,1.2487811707188143
2023-10-13,1.1256037335547096,1.0678006614887285,1.2493240259413692
2023-10-16,1.1254848151191337,1.0679464253319026,1.2490308249344477
2023-10-17,1.1274127939134022,1.0682532050469333,1.249995968484511
2023-10-18,1.1287253888748332,1.0679515522865004,1.2501798422729116
2023-10-19,1.1283229666379144,1.068250508802133,1.249180257578739
2023-10-20,1.1276479544934739,1.0686587692589562,1.2499388763082284
2023-10-23,1.1274363672724217,1.0687023793020947,1.2499467061358922
2023-10-24,1.1279216110231172,1.068542830437669,1.2491740989582627
2023-10-25,1.1270558859244182,1.0686676172633762,1.2487709064116792
2023-10-26,1.1287799034622672,1.0684954936186644,1.248729063859648
2023-10-27,1.129394077868067,1.0683560564533494,1.2496559221485548
2023-10-30,1.1290226239663654,1.068848220366793,1.249702574947911
2023-10-31,1.129875728110243,1.0683916384364565,1.2498531430767423
2023-11-01,1.129358636417656,1.068141712129553,1.249673194293194
2023-11-03,1.1268603263964125,1.0682306969185649,1.2497765306849882
2023-11-06,1.1259078175772437,1.0687876387499773,1.2494816220483995
2023-11-07,1.1251127792260203,1.068159828328394,1.2493252338860323
2023-11-08,1.1253869657160678,1.0684043875834885,1.2489287284476136
2023-11-09,1.125572860568235,1.0681305013068545,1.249455450346683
2023-11-10,1.12827430514311,1.0678458119798613,1.2493961314171067
2023-11-13,1.1283897214026168,1.06799164691203,1.2491731277080051
2023-11-14,1.1265647462634327,1.0673645094353978,1.24869797938917
2023-11-15,1.1256316102656172,1.0677334167088741,1.2485768145329397
2023-11-16,1.127702937016645,1.0675850709162014,1.2486359036178192
2023-11-17,1.1275891368200963,1.0673013696284714,1.2483745406707352
2023-11-21,1.1275604393463958,1.0677736252185277,1.2492945472506645
2023-11-22,1.1283182219255905,1.0677655768090581,1.2485919870050586
2023-11-23,1.1292198168820133,1.0679761751198358,1.2487367873114192
2023-11-24,1.1293429792304666,1.068388602412041,1.248617267212089
2023-11-27,1.1307323865286567,1.0686383528385996,1.2484831351736407
2023-11-28,1.1313992885851707,1.0684003151162424,1.2480207990542347
2023-11-29,1.1311326479837476,1.068321438257449,1.248176781115482
2023-11-30,1.1306620100827487,1.0671724866992225,1.2480657597604925
2023-12-01,1.132228710523389,1.0675442992587203,1.2485678174740598
2023-12-04,1.1322630895875707,1.0676372337736288,1.2487436680165054
2023-12-05,1.1326521389822481,1.067214354253033,1.2490705882305961
2023-12-06,1.1317515966853342,1.068080730189613,1.2490129687926654
2023-12-07,1.132262705756732,1.067461230326336,1.248847025333717
2023-12-08,1.1318645776168088,1.0669604116401201,1.2495059810079088
2023-12-11,1.1323292315748001,1.0670099497146988,1.2493276090547605
2023-12-13,1.1316536552280416,1.0666414369067652,1.2490573790912607
2023-12-14,1.128885885237,1.06637360753851,1.2485222614297316
2023-12-15,1.1293520745966772,1.06720382804454,1.2492709581136279
2023-12-18,1.1295255651470602,1.0669956407407186,1.2498178410642504
2023-12-19,1.1301579116971268,1.0667508031240054,1.2501716641469416
2023-12-20,1.1289935700534706,1.0667187181898683,1.2501073365642121
2023-12-21,1.1274720330262036,1.0668647850553552,1.2503760867457723
2023-12-22,1.1275136304583888,1.0669832657325993,1.2497199778007042
2023-12-26,1.1269895276180668,1.06610443633825,1.2498231249814067
2023-12-27,1.1270139515410176,1.0660627462938623,1.2502803478601379
2023-12-28,1.1271815945363304,1.0660387493240993,1.2503138459825447
2023-12-29,1.1271009229717823,1.0664067949653568,1.249843920700266
2024-01-02,1.12643253175559,1.0661823016174117,1.249876785094921
2024-01-03,1.1254118432830544,1.0667867539490008,1.2491907056688962
2024-01-04,1.12457831957474,1.0663669688175177,1.249551012196784
2024-01-05,1.1233635215721867,1.066311776380453,1.2496329913600126
2024-01-08,1.1231634990281902,1.0667860997714964,1.2491343703916409
2024-01-09,1.1211647096736412,1.0670849217352347,1.2496823331379565
2024-01-10,1.1207652735004228,1.0673082922202457,1.2495330448399344
2024-01-11,1.1209679258979126,1.0680106434212449,1.2497855139516902
2024-01-12,1.121142906479417,1.0677921174299425,1.250195779053269
2024-01-15,1.1210007306104286,1.0679312392786915,1.2501877419949838
2024-01-16,1.1201613938840485,1.0667095006524543,1.250203651613431
2024-01-17,1.11923760799103,1.067644634202929,1.250365981709186
2024-01-18,1.119715373251389,1.0677939782875194,1.2509602279215581
2024-01-19,1.118730997590686,1.0673371549240978,1.250956723999929
2024-01-22,1.1182138408541318,1.0670415700864873,1.2508767554544256
2024-01-23,1.1170685493654606,1.066506261638479,1.250758935180204
2024-01-24,1.1177487878978276,1.0666251097112756,1.2513269790095098
2024-01-25,1.1184111128606489,1.0658595901900725,1.251389440279545
2024-01-26,1.118213964071882,1.065700048968492,1.251477534291189
2024-01-29,1.117773489574139,1.065956631745096,1.2518079550665961
2024-01-30,1.1179628316793186,1.0659976570431153,1.251343852056709
2024-01-31,1.1189220364536734,1.0656669503213676,1.2520334263604629
2024-02-01,1.1196048720166594,1.064932974679313,1.2519703437340346
2024-02-02,1.1222182387541264,1.064852791617718,1.2521359878586023
2024-02-06,1.1223894045536777,1.0659136561854974,1.2513399160283039
2024-02-07,1.1238110029071584,1.0659564079500756,1.251652518130919
2024-02-08,1.1227074427176469,1.0660974926607174,1.2512409760195211
2024-02-09,1.1228734325968597,1.0657772238798349,1.2512857379904325
2024-02-12,1.1227613657742141,1.0660202861106676,1.2506549630900088
2024-02-13,1.122342609090024,1.064528736256224,1.2507543641590022
2024-02-14,1.1223021900106918,1.0662193959258734,1.250555740366145
2024-02-15,1.1220418707434332,1.066670298461094,1.2506913552831163
2024-02-16,1.123341711231812,1.0668746930999344,1.2509818091487626
2024-02-19,1.1254387263552421,1.066325414672146,1.2512006977549042
2024-02-20,1.1281317460196707,1.066177723478284,1.2507674628841172
2024-02-21,1.1286748381096579,1.0656186345170273,1.2509059807245884
2024-02-22,1.1284478498250776,1.0658043133011927,1.2511477019668706
2024-02-23,1.1291568390500455,1.0662829567109677,1.2511990043912937
2024-02-26,1.128393557116148,1.0657419916498456,1.2507831489493484
2024-02-27,1.1282711254410056,1.0656510610489651,1.250831835456458
2024-02-28,1.1277102009324522,1.0654951634526062,1.2505451321580643
2024-02-29,1.1291303842269784,1.0654309701740035,1.2510365792662956
2024-03-01,1.1319026984009226,1.0651060685271183,1.2510114767069014
2024-03-04,1.13213211433375,1.0648995753635908,1.2521795628846875
2024-03-05,1.132670741300592,1.0651603406556949,1.2513801949188612
2024-03-06,1.1329967745438771,1.065305040277061,1.251709368703305
2024-03-07,1.1326619349369496,1.0657839898918091,1.252006471770009
2024-03-08,1.1339751612712308,1.065509885424735,1.2512013168584306
2024-03-11,1.1341437833448058,1.065331814133276,1.2517880352118442
2024-03-12,1.1334411200075938,1.0654163841428617,1.2508448287966685
2024-03-13,1.1323088935047423,1.065269200866301,1.251259096876217
2024-03-14,1.1329027801864318,1.0654452582284706,1.2514934714515622
2024-03-15,1.1341435884209388,1.0652167841968103,1.2509606283710184
2024-03-19,1.1338818368769286,1.0659991181608282,1.25155666131601
2024-03-20,1.1320482712200974,1.065117854054761,1.250749344706384
2024-03-21,1.131996626378459,1.0638968658945074,1.2503289107587077
2024-03-22,1.131209603602633,1.0629741144230218,1.2508670005643927
2024-03-25,1.1326523536256552,1.0633614054946512,1.2503710647714623
2024-03-26,1.131652934965201,1.063700900523334,1.2496778386744387
2024-03-27,1.1321553418853414,1.0642865426490171,1.2513151409557821
2024-04-01,1.1319168309848235,1.063791587010541,1.2509076687212772
2024-04-02,1.132969072698475,1.0639492628969587,1.2504341028638766
2024-04-03,1.1328510951260988,1.0636676227858335,1.250888070825883
2024-04-04,1.1333773963724358,1.0635130378216648,1.2508049131067869
2024-04-05,1.1335830979788148,1.0634654551391132,1.2504898147173074
2024-04-08,1.132238599309861,1.0636135051348037,1.2505395060127846
2024-04-09,1.1313775489249518,1.0627483371293769,1.250432408796539
2024-04-10,1.130148326727452,1.061753396884994,1.2508482270934393
2024-04-11,1.13200363963959,1.0621181310979897,1.250809837932503
2024-04-12,1.13222553796189,1.0620260496500362,1.2503878263868093
2024-04-15,1.1320101093693555,1.0623553143308109,1.2506041774532628
2024-04-16,1.132041808806345,1.0624508528117218,1.250825241872012
2024-04-17,1.131663012262103,1.0622084737799697,1.2510085860951425
2024-04-18,1.1314318227684763,1.062518420245394,1.250565480058095
2024-04-19,1.1330500107088362,1.0618780927852636,1.2506871644213478
2024-04-22,1.1330373833781557,1.0624655396047242,1.2507826571529599
2024-04-23,1.1342599189604892,1.0622490132574895,1.2506447232156332
2024-04-24,1.1340741981825462,1.0624936412035424,1.250908126224377
2024-04-25,1.13442686197118,1.0619280829895752,1.250621902806741
2024-04-26,1.134548137010112,1.0626310251330753,1.251018273421886
2024-04-29,1.1350055846707476,1.0622195913351986,1.2507059255594102
2024-04-30,1.1337701742868487,1.0611475733985045,1.2510785616095956
2024-05-02,1.1329854829763466,1.0608298095995854,1.2504732132306864
2024-05-03,1.1317942991518273,1.060999734885831,1.2503513662050132
2024-05-06,1.1321809409013865,1.0607324296866874,1.2505858916228147
2024-05-07,1.1329359368619896,1.060591973972053,1.251108304456259
2024-05-08,1.1345188521212177,1.0603651542545582,1.2519969980138832
2024-05-09,1.134876097187308,1.060489764004635,1.251058884472253
2024-05-10,1.1358178846769384,1.0595035560189294,1.252124743886962
2024-05-13,1.1358481636686528,1.0596602416488163,1.2523826771420314
2024-05-14,1.1357648658090223,1.0598885028613987,1.2520935797323365
2024-05-15,1.136176192567202,1.0597276194414678,1.251994899416692
2024-05-16,1.1355791779203364,1.060061749081273,1.2510814015385603
2024-05-17,1.1352853909562788,1.0598184435150673,1.2517283134351798
2024-05-20,1.1362287583078294,1.0596797605607522,1.2513348129903819
2024-05-21,1.13388150794281,1.0597039489999729,1.2516143007721394
2024-05-22,1.1343619630881394,1.0596795578511986,1.2513481876164168
2024-05-23,1.1354673820731467,1.0594316391945853,1.25109786449344
2024-05-24,1.1341567264329457,1.059264406031144,1.2522813432000244
2024-05-27,1.1341871215087491,1.0594533637619619,1.2529632744427823
2024-05-28,1.1340988473261684,1.059920879761608,1.2522908864996412
2024-05-29,1.134164507544703,1.0607745766984402,1.252012950289999
2024-05-30,1.1334738992060964,1.0609222783811885,1.2529016070352392
2024-05-31,1.134957157164274,1.0610632931314594,1.2532743982694312
2024-06-03,1.1310132170949183,1.0606067380380952,1.2526492715007036
2024-06-04,1.129382760637593,1.0602570198841514,1.2522979921191546
2024-06-05,1.1292300799932904,1.060791554939314,1.251967941560923
2024-06-06,1.1299309193997396,1.0608279965244967,1.251699560336368
2024-06-07,1.1279422659115668,1.0608476004320528,1.2514294165020856
2024-06-10,1.1295198491415208,1.0597828817349746,1.2519479538860256
2024-06-11,1.129465003261722,1.0604192158809473,1.252022795585846
2024-06-12,1.1309822068534103,1.059990881039383,1.2529859459670303
2024-06-13,1.1305863756849388,1.0602858578480356,1.2523180522217727
2024-06-14,1.1325786566018807,1.0604459670556103,1.2524164682156615
2024-06-17,1.1332943364798178,1.0606630135899462,1.2525956412479837
2024-06-18,1.1304178015842254,1.0603419882912195,1.2524373483448499
2024-06-19,1.1305311884271196,1.0609112457840941,1.2521090233503882
2024-06-20,1.1300150627824936,1.0608603696799246,1.2520412518452653
2024-06-21,1.1294116936528216,1.0583963949863338,1.2526402432552124
2024-06-24,1.1301407846157383,1.058595208041173,1.2522122660075445
2024-06-25,1.1305995537945814,1.0589424246500674,1.2518284458833324
2024-06-26,1.1318727958193657,1.057986273293864,1.252062896732034
2024-06-27,1.1327089460956306,1.0585629083626356,1.2526874484855082
2024-06-28,1.1334039826356666,1.0579649097980806,1.2528901356751538
2024-07-01,1.1335031266545754,1.0578908940427234,1.252773506235642
2024-07-02,1.1316607652926727,1.0581393268811556,1.2532305205407213
2024-07-03,1.1305382468917127,1.0578962823517277,1.2534104708771676
2024-07-04,1.1309239277162326,1.0578010990680857,1.2532318019431148
2024-07-05,1.130472919419999,1.0574965397412528,1.2531518062430171
2024-07-08,1.128504195440015,1.0580046660159421,1.2539132438662943
2024-07-09,1.127225408450126,1.058194922266972,1.253503074559962
2024-07-10,1.1273753257501264,1.0582594005187158,1.2528801236704896
2024-07-11,1.1285364901462547,1.0578802963851874,1.2529322927713875
2024-07-12,1.1271149581108135,1.0582377321641863,1.2523336866733834
2024-07-15,1.1271206884333382,1.0577524405022376,1.2517281318088505
2024-07-16,1.1275390747111222,1.0579311829161764,1.2516249432069044
2024-07-17,1.1264931036269776,1.057715851476949,1.2509352803518385
2024-07-18,1.1258014201683275,1.057270319261977,1.2510503432560078
2024-07-19,1.1258769885725648,1.0572559378751307,1.2509518563251705
2024-07-22,1.1260934722721514,1.0568048880798528,1.2501049692709751
2024-07-23,1.1269575209503655,1.0574299546342905,1.2509392150930574
2024-07-24,1.127870373196555,1.0579153452227237,1.2505977597361948
2024-07-25,1.1272914727156176,1.0573474158639022,1.2506806177002714
2024-07-26,1.1275904350455423,1.057428909057031,1.2512913480223637
2024-07-29,1.1285032287206096,1.0572544546403058,1.2509418711147173
2024-07-30,1.128004855287067,1.0575879171029177,1.2512361460900128
2024-07-31,1.1259334192142152,1.0571512907003544,1.2518432584157697
2024-08-01,1.1244472918364872,1.0575361482770629,1.2521904788325333
2024-08-02,1.1234196320313663,1.05759647809192,1.2524133325259388
2024-08-05,1.1225920296376748,1.0575905257915565,1.2532264449846386
2024-08-06,1.1234742406600626,1.057715353690744,1.253362455417363
2024-08-07,1.1237543649411086,1.0583087738184036,1.2538699276933296
2024-08-08,1.1256916225897526,1.0580244581999094,1.2538340414943192
2024-08-09,1.126297077746068,1.0579262709520312,1.253233618650263
2024-08-12,1.1278075905741165,1.057929134771029,1.2541840880981454
2024-08-13,1.1258894591601674,1.0580445145202175,1.2537622977270215
2024-08-14,1.1258294869887915,1.0585021773403305,1.2523079262124266
2024-08-15,1.1259633244921552,1.0586939363130319,1.2529746747117965
2024-08-16,1.1265927011179238,1.0584156754933551,1.2531870856254614
2024-08-19,1.1262803197787377,1.058174491120423,1.253591040027876
2024-08-20,1.1265636017896545,1.0575831921411798,1.2536206496270967
2024-08-21,1.126312854407178,1.0576245567740208,1.2535094489623022
2024-08-22,1.1260518887785465,1.0570888266239495,1.2542252293007865
2024-08-23,1.1261388920020434,1.0565902557035638,1.2539911652707185
2024-08-26,1.12656267342165,1.0573456146287847,1.2533224925480788
2024-08-27,1.1264264437218032,1.0568814229473142,1.2536018494638452
2024-08-28,1.125725108353456,1.0567157604881305,1.254293734212786
2024-08-29,1.1255659732629415,1.056586114574056,1.2539101423726875
2024-08-30,1.1258362267770068,1.056876497299483,1.2533408255581242
2024-09-02,1.1269504139836333,1.056513279140092,1.2534029458669924
2024-09-03,1.1255988838872546,1.056346457700247,1.2537108648987705
2024-09-04,1.125643580591279,1.056449723331432,1.2539397315691572
2024-09-05,1.1259437269852786,1.0562058877058427,1.254459669506579
2024-09-06,1.1256527348209373,1.0566332812674972,1.254364047987581
2024-09-09,1.1276320334965664,1.056673842939162,1.2544028710507293
2024-09-10,1.1284891662283503,1.0570668021502079,1.253729158702825
2024-09-11,1.1286804190182502,1.0571446508816353,1.2537263696925998
2024-09-12,1.1278319109560286,1.0564630295334285,1.2537453785883472
2024-09-13,1.1283573672687786,1.0561804764912,1.2530669839531754
2024-09-17,1.1279655146096008,1.0561550990295632,1.2533125914919836
2024-09-18,1.128848982584135,1.055831603049065,1.2537884037860332
2024-09-19,1.1295772526120889,1.0555339472247744,1.2531421623382077
2024-09-20,1.1294614326542443,1.0559735237284547,1.2533045936048732
2024-09-23,1.1301305322821529,1.0554329746641862,1.2534367704317453
2024-09-24,1.127876964580808,1.055028128028272,1.2534333169984966
2024-09-25,1.1277642420918896,1.0542038118874202,1.2533644962506387
2024-09-26,1.126995014142199,1.0552193874222247,1.2532077389265377
2024-09-27,1.1265091356335581,1.0561163588895885,1.253221063366295
2024-09-30,1.1268084524970055,1.056058744539901,1.2531116351183103
2024-10-02,1.1284927548224568,1.0566966769545794,1.252986409724052
2024-10-03,1.1280726136681074,1.0566700829816553,1.2528628912190418
2024-10-04,1.1260361785443413,1.0561809397203896,1.2530628889682829
2024-10-07,1.1252137545245393,1.0563318478253991,1.2532647117031759
2024-10-08,1.1255808318133578,1.0552631361361593,1.253341952478037
2024-10-09,1.1255794493391014,1.054830444478833,1.2534646493818284
2024-10-10,1.1255128512087156,1.054711171636071,1.253945440345969
2024-10-11,1.1256929877046333,1.0552421439629454,1.2539950714909516
2024-10-14,1.1257279565230756,1.0547589079040744,1.2540446060265567
2024-10-15,1.1260993031291233,1.0550053788230307,1.2541508969329156
2024-10-16,1.1271156431729876,1.0549790730890378,1.2535420678141165
2024-10-17,1.1273228068211443,1.0552894395184944,1.2535781777306327
2024-10-18,1.1264663915836144,1.055590780994909,1.2532778802296294
2024-10-21,1.1268209016240736,1.0558918448673842,1.2532321017438661
2024-10-22,1.1269210203121525,1.0557222709222278,1.2531094452742813
2024-10-23,1.1279091203732572,1.0562317310572793,1.2534446598796303
2024-10-24,1.1276759068846616,1.0565971811158146,1.2533057244316037
2024-10-25,1.1283322326526863,1.0572553749314404,1.2532133605128122
2024-10-28,1.1280249837895149,1.0566311284213392,1.2539161645139256
2024-10-29,1.128489611513329,1.0563549290771594,1.2543196522139788
2024-10-30,1.1282990002933426,1.0567034849784547,1.2536039405277977
2024-10-31,1.129483146804024,1.0565242367691217,1.2537542651773592
2024-11-01,1.1302696106372223,1.0571634030667962,1.25384000882183
2024-11-04,1.1307285292438742,1.0569615954564384,1.2536831491436733
2024-11-05,1.1311084847721862,1.0560311459020768,1.2549514522848757
2024-11-06,1.1311733095544179,1.0565349514810345,1.2543332815910144
2024-11-07,1.1317513356471824,1.0566590759946988,1.2547558022928147
2024-11-08,1.131678516002432,1.0566267169342372,1.2545870915459059
2024-11-11,1.1326053725402845,1.0560168221585255,1.2535878738145405
2024-11-12,1.1325936178755212,1.056251376079604,1.2535260929397163
2024-11-13,1.132708083206164,1.0566572830158678,1.2535062652305715
2024-11-14,1.1325205327993775,1.0568594713618786,1.2534317237640917
2024-11-15,1.1329998201798002,1.056977350355772,1.2540643178687394
2024-11-19,1.1337213808883744,1.0566235036787617,1.2542344185357575
2024-11-20,1.1346043630550837,1.057126562402224,1.2544058464280534
2024-11-21,1.1350061566630978,1.0572548163571818,1.2541621564217174
2024-11-22,1.1352538405683033,1.0567461566109055,1.2544051294971634
2024-11-25,1.1367391367927857,1.0562809001441769,1.2538968165913005
2024-11-26,1.1371020185221574,1.0565951560413982,1.2545458278694992
2024-11-27,1.1377406773494794,1.0571815129162818,1.254598326930499
2024-11-28,1.1370871408719057,1.057136112613143,1.254107931829316
2024-11-29,1.138687451861721,1.056752055211132,1.2536900892231617
2024-12-02,1.1398179344944144,1.057151673568415,1.2535074077122237
2024-12-03,1.1400804654247922,1.0568034084790252,1.2532578630287687
2024-12-04,1.1399979385323118,1.0571872747109714,1.253241721203825
2024-12-05,1.141459079291994,1.056664184702017,1.2536299522349788
2024-12-06,1.1414578139819387,1.0567646266978719,1.2539560833912446
2024-12-09,1.1404839324483136,1.0570263857695126,1.2540287837330666
2024-12-10,1.1417472757950622,1.0570873249358217,1.2537058138568593
2024-12-11,1.142116915494772,1.0566704872528663,1.25332369885341
2024-12-13,1.1436122408789124,1.0563166420393912,1.253601974029031
2024-12-16,1.1441521468337088,1.056838169625628,1.2541217808034748
2024-12-17,1.1455400218559537,1.0564348951929863,1.253227436688875
2024-12-18,1.1452467781440097,1.0568546014642328,1.2536365271742906
2024-12-19,1.1450033871280982,1.0563498389210058,1.25356427178748
2024-12-20,1.1441218865049916,1.0562843162269162,1.2531653153169118
2024-12-23,1.144577402846424,1.05634224473161,1.253939501808123
2024-12-24,1.145231921515091,1.056182524940803,1.2542497005888764
2024-12-26,1.145578413744827,1.055292092331059,1.254243611991933
2024-12-27,1.145176226402299,1.0558391295644503,1.2551980752692218
2024-12-30,1.1446791775622371,1.056435728632479,1.2546585396513632
2024-12-31,1.1438414891119866,1.0551783897329792,1.2541256834877599
2025-01-02,1.1442519311583463,1.055577464857674,1.2546711557664922
2025-01-03,1.1429658014649533,1.0554032313809543,1.2541306761130544
2025-01-06,1.142738835438107,1.0552565389513986,1.254520102718215
2025-01-07,1.1413580227508577,1.0551907689018099,1.2542888232833365
2025-01-08,1.143486139649981,1.054650673213658,1.2544972997817914
2025-01-09,1.1452292914769602,1.0551415164260016,1.2546511673066336
2025-01-10,1.1443697861977884,1.0559060498808643,1.2545270232921584
2025-01-13,1.1456743469964024,1.0554802537826165,1.254230465841905
2025-01-14,1.145999989082754,1.0550225734556276,1.253912246502343
2025-01-15,1.1460033315874383,1.0560905728875727,1.2543283166300274
2025-01-16,1.1465738462819008,1.0561657688305428,1.2539357283991488
2025-01-17,1.1461509358622017,1.0557688714570255,1.2541482696634856
2025-01-20,1.1465423792038936,1.0558515046823145,1.254425382623709
2025-01-21,1.1470433325588327,1.0557976825624786,1.2543973805915283
2025-01-22,1.1457900122038691,1.0563339154688416,1.2544860159665323
2025-01-23,1.1454545241260137,1.056481138758454,1.2546738437365161
2025-01-24,1.1461378222383398,1.0563033146370224,1.2544887930552868
2025-01-27,1.146490983101312,1.0555009512488767,1.2546570471568983
2025-01-28,1.1471449335478052,1.056800594303548,1.2548277789826314
2025-01-29,1.1478040779821956,1.0563436875463896,1.2547676653785957
2025-01-30,1.148797871555381,1.0561427364806362,1.2548682431777975
2025-01-31,1.14728644625566,1.056087995959343,1.2545239672973905
2025-02-04,1.1465151305980728,1.0563508412418676,1.2542675617407835
2025-02-05,1.1469289327943883,1.056046393366397,1.254421078047977
2025-02-06,1.1480588605515394,1.0561122024703262,1.254606994910854
2025-02-07,1.1482392696371506,1.05581437493792,1.2542580273145691
2025-02-10,1.1492191648775698,1.0559991299544094,1.2545955994230908
2025-02-11,1.1481450797390587,1.0559165540151227,1.2543796477605595
2025-02-12,1.1478404928747177,1.0558331393733549,1.2543004480222546
2025-02-13,1.1478486288506804,1.0557752531462279,1.2544273245719368
2025-02-14,1.1481870201262738,1.0556286855093784,1.25429479176221
2025-02-17,1.1475805864079975,1.0550104730843253,1.2542429422553996
2025-02-18,1.1479310472828523,1.0543147526404768,1.2541441254061718
2025-02-19,1.1475723025081208,1.0550625245052632,1.2538615669350124
2025-02-20,1.1472042595211966,1.0558686219793725,1.2541527955296705
2025-02-21,1.1469949181502404,1.0556005356748615,1.2545489318582441
2025-02-24,1.1468291205751397,1.0558992555293663,1.254342951549707
2025-02-25,1.1454882131237787,1.0561885393901491,1.2544910755839027
2025-02-26,1.1447830414833924,1.055605784301122,1.2544327141280267
2025-02-27,1.143341904218271,1.0555422618906576,1.2543498552987993
2025-02-28,1.1447421935404776,1.0548122254975854,1.2543512450479666
2025-03-03,1.1454734889373306,1.053916752558728,1.254435445062279
2025-03-04,1.1449901946399461,1.0541415041162296,1.2543028479171032
2025-03-05,1.1462142260974524,1.0542981193636225,1.2543125601991039
2025-03-06,1.1463928441397664,1.0541233232567662,1.2545872098758468
2025-03-07,1.145866077918981,1.0541844587774907,1.2547033777859342
2025-03-10,1.144052227988946,1.0537075564515421,1.2543444989715717
2025-03-11,1.1459498181978949,1.0542300163690184,1.2542215205505458
2025-03-12,1.145955800397852,1.0547618015915476,1.2539622698253887
2025-03-13,1.1459071046412646,1.0547508993586627,1.253681888776252
2025-03-14,1.1456951785688152,1.0541163958099604,1.253901764109413
2025-03-18,1.1453963560009612,1.054111285498785,1.254373830210376
2025-03-19,1.1455732958468312,1.0540204864285188,1.254019318259373
2025-03-20,1.1460774771370046,1.0540181800638562,1.2548128359106672
2025-03-21,1.1477505113085253,1.053790952486347,1.2544863280084295
2025-03-24,1.1477991345082594,1.0541173211736454,1.2546323128437653
2025-03-25,1.1479836824931107,1.054011879817747,1.2533972400211266
2025-03-26,1.1479112828501932,1.0539790548124472,1.2532803188125141
2025-03-27,1.148718525233607,1.0538573920023095,1.2537177249039786
2025-03-28,1.1475472953909192,1.05384467074669,1.253628447947353
2025-03-31,1.147148480774603,1.0538786345260995,1.2540633564541024
2025-04-01,1.1474922269261907,1.0543528615267304,1.2537144833214862
2025-04-02,1.1474067111822888,1.0539553611001813,1.2536844810622954
2025-04-03,1.1459807278021417,1.0535565934092934,1.2540637488650188
2025-04-04,1.1424808479988533,1.0534180602432135,1.2542573482192994
2025-04-07,1.1419601511347244,1.0544002537901216,1.2546041686422058
2025-04-08,1.1421026416491324,1.0542510955900615,1.2550162223962344
2025-04-09,1.1383058494568405,1.054251812774795,1.2547721488337298
2025-04-10,1.1370804365007,1.0533150550848107,1.2547327173946898
2025-04-11,1.135631328978089,1.0530710157705265,1.2545747791457542
2025-04-14,1.1352770736620048,1.052672643939779,1.2545567853140194
2025-04-15,1.1371968060723505,1.0524664856400177,1.255153345361664
2025-04-16,1.1378153363982921,1.052914593453164,1.2548130069370165
2025-04-21,1.1381620060090554,1.052239582016982,1.2547135658978439
2025-04-22,1.137561488327398,1.0520855181080027,1.2550507918953364
2025-04-23,1.1361015857278023,1.0515768897002118,1.2550041148981803
2025-04-24,1.135539549721529,1.0511132032566812,1.2551400015910534
2025-04-25,1.1352316958817426,1.0513065361548843,1.2553501477983033
2025-04-28,1.1368422074900306,1.0510937642519653,1.2558731735549067
2025-04-29,1.1348022093755148,1.0520016040237938,1.2556126689097737
2025-04-30,1.134985089671089,1.0509999956926175,1.2553939740401956
2025-05-02,1.1353833082358529,1.050879854998995,1.2554771488752503
2025-05-05,1.1354034163963749,1.0511269530569545,1.2554302223421037
2025-05-06,1.1328120078943018,1.0507413610545082,1.2559038429314886
2025-05-07,1.1328052463000757,1.0507703456967585,1.2564502986561776
2025-05-08,1.131350142594518,1.0502312841014934,1.2566862805005024
2025-05-09,1.1311724901005789,1.0505950939430195,1.2567836941467643
2025-05-12,1.130263515794342,1.0502359399666887,1.2569213371832682
2025-05-13,1.1302965716736064,1.0505068570858558,1.256456501321215
2025-05-14,1.1310010310218872,1.050279493766823,1.256510478927095
2025-05-15,1.1310748240102546,1.0499864815317848,1.2563398696669965
2025-05-16,1.1311075067911,1.0500022039474555,1.2566124349028578
2025-05-19,1.130993044075415,1.049777961712276,1.2567158927176807
2025-05-20,1.1305861146344063,1.0503814736504906,1.2571834472556518
2025-05-21,1.1305151924913446,1.050203936045458,1.2567884794960238
2025-05-22,1.130552193237812,1.050495394261646,1.2574105982883554
2025-05-23,1.12917710375987,1.049725052729278,1.257193864570204
2025-05-26,1.129897947753251,1.0502354633983255,1.257396253650452
2025-05-27,1.132900033621113,1.049899121197956,1.2568847537863574
2025-05-28,1.1329531378146418,1.0495063393620314,1.2569048706578678
2025-05-29,1.1338796111267126,1.0499590291419318,1.2572054647582098
2025-05-30,1.1328755726063953,1.0499634149208537,1.256566911893593
2025-06-02,1.1347290328750796,1.0498544695783507,1.2566511971372782
2025-06-03,1.135965311722406,1.0502087245995855,1.2566148226043339
2025-06-04,1.1362522763084657,1.0502961160814954,1.257364871963691
2025-06-05,1.1367489704626088,1.050758489591898,1.256760727175776
2025-06-06,1.1369808861911257,1.0505064911714346,1.2564609786820178
2025-06-09,1.137033719370786,1.050227254140385,1.25644230932725
2025-06-10,1.136287841937211,1.0496516407763214,1.2565867018187968
2025-06-11,1.1363645618346343,1.049861760639662,1.2565385917544007
2025-06-12,1.1392118904392923,1.0504419868756107,1.2562744364000793
2025-06-13,1.1399175520153642,1.0506249513046697,1.2562155755271238
2025-06-16,1.140852725202334,1.050525256502526,1.256204899188277
2025-06-17,1.1398681817400171,1.0507693553795856,1.2562983112460537
2025-06-18,1.1426932700139716,1.0504036324623969,1.2562677312461417
2025-06-19,1.1423905103690006,1.0503300075455793,1.2568610569444756
2025-06-20,1.1425059068169756,1.0500509650019627,1.257354567640999
2025-06-23,1.143014117957343,1.0497993095316818,1.257136879685555
2025-06-24,1.1428176451507737,1.050113712513118,1.2580580101669194
2025-06-25,1.1438998750122955,1.0505357266798945,1.2575857920849192
2025-06-26,1.1443676650219257,1.0500419388142324,1.2579833244569352
2025-06-27,1.144784714552343,1.0502604130852755,1.2576848248379535
2025-06-30,1.1465347916863444,1.0502612934726934,1.2583106293943007
2025-07-01,1.1474317073746911,1.0511808011023036,1.25862282411521
2025-07-02,1.147544717613931,1.0516584601338759,1.2582823848694644
2025-07-03,1.147403583364773,1.0515364312833626,1.2577716917011026
2025-07-04,1.1477696303732567,1.0508453864532181,1.258036506782656
2025-07-07,1.1480691177277054,1.0515818996213493,1.2572359974024334
2025-07-08,1.1476784096119739,1.0515660790394725,1.257484212654917
2025-07-09,1.1481529942566644,1.051818891129328,1.2587635317965198
2025-07-10,1.14766494874185,1.0509176936676583,1.2588923089052384
2025-07-11,1.1476328249144685,1.0510000321406319,1.2589304354660624
2025-07-14,1.1478056793524458,1.0512524635536045,1.2591290249512292
2025-07-15,1.1493387169034817,1.0517968638948405,1.2586157061112018
2025-07-16,1.14908677703715,1.051140061530793,1.2582507624417079
2025-07-17,1.1492009741615197,1.0513098375589183,1.257282664812316
2025-07-18,1.1490987765758471,1.052028279582245,1.257576847399542
2025-07-21,1.1489096230141458,1.0518065826415994,1.2580024967220145
2025-07-22,1.1494098703189086,1.0510355311520834,1.2578888090946985
2025-07-23,1.1481150095251285,1.0507521486212505,1.258639767979344
2025-07-24,1.148204432005118,1.050892055039726,1.2590776963033876
2025-07-25,1.1474013544765713,1.0504330416880148,1.2588656608503468
2025-07-28,1.1478906289728028,1.050627455372521,1.258883425078047
2025-07-29,1.1474742696627604,1.0506634674824826,1.2588317912239013
2025-07-30,1.1480321914115192,1.0510041461911148,1.2587659543313328
2025-07-31,1.1485439320875284,1.0507180223876718,1.2589318079018728
2025-08-01,1.1484423754269644,1.0507275927082464,1.2589130859959683
2025-08-04,1.1483818303129008,1.0514269481600091,1.2586991491246573
2025-08-05,1.1481387063152908,1.0503070530758265,1.2587539006669786
2025-08-06,1.1492383171021563,1.0508758476430933,1.2595486958072193
2025-08-07,1.1477565043635616,1.050747277718849,1.259006117965932
2025-08-08,1.1474066469832538,1.0506249574221533,1.2591342359778777
2025-08-11,1.1474060476943462,1.0504009539387926,1.2587007083944952
2025-08-12,1.1469274895604473,1.0498355853989423,1.2583250723221182
2025-08-13,1.1468558444980967,1.0499830015113685,1.2589651771633845
2025-08-14,1.1469205590931508,1.0496595507991864,1.2586775362666252
2025-08-15,1.147048321737404,1.0501935290234043,1.258740540813769
2025-08-18,1.1470060378954887,1.0504236815719956,1.2589293495154754
2025-08-19,1.1473814403734774,1.050700130850186,1.259037220404635
2025-08-20,1.1485501910999003,1.0501417037325969,1.25878311545142
2025-08-21,1.1486683663731083,1.0495632200092708,1.2590342171640196
2025-08-22,1.146565760584972,1.0497123856832393,1.2586735030373917
2025-08-25,1.1463180479354478,1.0495173375516647,1.2586056071627192
2025-08-26,1.147847228538124,1.0499561635536594,1.258735348906536
2025-08-27,1.1474366169152501,1.0498478526877522,1.2586669063365734
2025-08-28,1.1473497276875972,1.0504195516997976,1.2584426381428755
2025-08-29,1.1469776270660892,1.0497940209431358,1.2586722156677315
2025-09-01,1.1480803662511132,1.0501438652098123,1.2584141146262742
2025-09-02,1.1479630976289859,1.0500985973063888,1.2588695102769167
2025-09-03,1.1480062243506723,1.0503461262643685,1.2588000813025266
2025-09-04,1.1477474029205235,1.050045657291558,1.2593751680879952
2025-09-05,1.1473640049443017,1.0501047186864934,1.258644459651475
2025-09-08,1.1475724796822566,1.050005218444312,1.2583314757741872
2025-09-09,1.1475434573530592,1.0500887091446998,1.2592386689090636
2025-09-10,1.1475903477607388,1.050470925999785,1.2594154882908668
2025-09-11,1.1471012200029822,1.050874886885252,1.259735831423043
2025-09-12,1.1492537953149278,1.0511474356400803,1.2592815899719552
2025-09-15,1.1496002036417368,1.0502204168243099,1.2586857380434782
2025-09-17,1.1495640889565721,1.0500352405207372,1.2592976584465043
2025-09-18,1.1503411286181295,1.0502875621484569,1.2590354046779282
2025-09-19,1.1511709076605672,1.0503468788296566,1.2589350481524453
2025-09-22,1.1501840651459276,1.0499453078343997,1.258214391603427
2025-09-23,1.14995660200882,1.0500231196648433,1.2581429042273893
2025-09-24,1.1491224700473088,1.050268440479098,1.257210369702825
2025-09-25,1.1514363011298112,1.049939313149182,1.2577178965367681
2025-09-26,1.1513640952932838,1.0497438242586288,1.2575668769867534
2025-09-29,1.1516218808548653,1.0499846247266524,1.2572115831820696
2025-09-30,1.1503539145652015,1.0502167361922494,1.2577678855413557
2025-10-01,1.1491156770610569,1.0503544733841832,1.2568700979654377
2025-10-02,1.1489284260180792,1.049800193208924,1.2572611580467086
2025-10-03,1.1493185773951935,1.0493659228836185,1.257219702626336
2025-10-06,1.1491277628453833,1.0496348733101541,1.2570733078001048
2025-10-07,1.1484818994059922,1.049884256205369,1.256637310085801
2025-10-08,1.148158987237389,1.0493218927150634,1.256913501092859
2025-10-09,1.1473537064688553,1.0494022016097548,1.2570837203110239
2025-10-10,1.1459791977771658,1.0498344562377688,1.257291569701469
2025-10-13,1.1464176539786726,1.048913802502286,1.2574682448901795
2025-10-14,1.1463511202146501,1.0506471426854929,1.256757992717797
2025-10-15,1.1465054837450814,1.0493529386378255,1.2559622579735266
2025-10-16,1.146637520509332,1.0493382664671584,1.2561564156888756
2025-10-17,1.1447982658506608,1.0493944231187369,1.2554858034826002
2025-10-20,1.1447658659690498,1.048973606818157,1.255906596526133
2025-10-21,1.1446596360477317,1.0496962369377973,1.255141192455201
2025-10-22,1.1441541248159666,1.0483282316534759,1.2552020776856097
2025-10-23,1.1458043564993707,1.0485518084228782,1.2555879309579634
2025-10-24,1.1452960981916864,1.0484840281779786,1.2553989837599664
2025-10-27,1.1450529504740328,1.0483297897964328,1.2557072678949148
2025-10-28,1.1448812388330813,1.0480053904258366,1.2555968748576127
2025-10-29,1.1443578827603265,1.0481889171827892,1.255499907857781
2025-10-30,1.1432462333070574,1.0489796497300123,1.2560429428222366
2025-10-31,1.1433702036671243,1.0490509545711137,1.2561279353996682
2025-11-03,1.1438133696946025,1.0488141818511814,1.2559221391614475
2025-11-04,1.1432981541168994,1.0497909460077586,1.2560515665704146
2025-11-05,1.146877493099089,1.0490361340753487,1.2558754021110679
2025-11-06,1.1488687635327446,1.048434353136991,1.2557526454137122
2025-11-07,1.1506054382070212,1.047820288182222,1.2555893265413365
2025-11-10,1.1494245336414635,1.0479686443536145,1.2563134521374024
2025-11-11,1.151108628662301,1.0484151832788915,1.2563642506386528
2025-11-12,1.1498705393225808,1.0485662149947768,1.2566288153825123
2025-11-13,1.1479582960916699,1.0487099126511312,1.2561903051001964
2025-11-14,1.1487082370809625,1.0489695153587286,1.2560662384324948
2025-11-18,1.1496844375662747,1.0494577614267986,1.2566781186937264
2025-11-19,1.1498700637199808,1.0488464253781111,1.256247135346169
2025-11-20,1.148897765295966,1.0486855395141716,1.2561339358043928
2025-11-21,1.1517827448383386,1.0485027108860243,1.2570499966463322
2025-11-24,1.1516610371057776,1.048548831311542,1.2566179334136836
2025-11-25,1.1512764565439153,1.0482447205672845,1.2564301496608978
2025-11-26,1.151109215058435,1.0481981527992972,1.2560964903084673
2025-11-27,1.149149741125816,1.04809600652677,1.2569680351119625
2025-11-28,1.1489375351820912,1.0487775575707738,1.2570589819894402
2025-12-01,1.1484245308656567,1.0484830019758564,1.2563410437856373
2025-12-02,1.1487268743379913,1.0486356623060469,1.2572141219806394
2025-12-03,1.148161635513729,1.0484285971427991,1.2571046606273681
2025-12-04,1.1487844767685664,1.0479639210959002,1.2567867405948219
2025-12-05,1.1507210280156865,1.0479246803379454,1.256285563584924
2025-12-08,1.1514694183898437,1.0475191552671907,1.2568416720884072
2025-12-09,1.151673931126492,1.0472965283487061,1.2566923158665304
2025-12-10,1.1523896685570227,1.0475376781897987,1.2570439969394787
2025-12-11,1.152246656491644,1.0475845002285717,1.2571156286866125
2025-12-15,1.151956839169784,1.0481707479635192,1.2565201073042034
2025-12-16,1.1523012645181436,1.0480061258989413,1.2567207462214287
2025-12-17,1.151679664413324,1.0478602582934522,1.2568800815519792
2025-12-18,1.1515524406188453,1.047997331560159,1.257364263599324
2025-12-19,1.1530203935935304,1.047654643060819,1.2572274763866254
2025-12-22,1.1530932476055453,1.0474391016551106,1.2572573655782668
2025-12-23,1.1532517637173438,1.047452080672546,1.2568791862040405
2025-12-24,1.1537431658252342,1.0474517851624587,1.2576596651365446
2025-12-26,1.1542519525205845,1.0474293520861044,1.2578503252385722
2025-12-29,1.1545785126275632,1.0477294785362639,1.2578921944901205
2025-12-30,1.1524395564990737,1.047738982390871,1.2577858971656575
2025-12-31,1.1521844364514937,1.0476923445356812,1.2581267560947054
