Date,NTL,CI_low,CI_high
2017-04-18,0.7354472623136353,0.7354472623136353,0.7354472623136353
2017-04-19,0.7353493499655611,0.7348693888351793,0.7360077565412596
2017-04-20,0.7350879598856737,0.73462864854194,0.7362677952199417
2017-04-21,0.7349394605061688,0.7343844491606774,0.7365205426340605
2017-04-24,0.7348539427931985,0.7341732980493735,0.7367398979607842
2017-04-25,0.734760621525701,0.7340825393757053,0.7368927231266746
2017-04-26,0.7347726073660469,0.7340281080241526,0.7370476940834582
2017-04-27,0.7354357893435909,0.7337723465199903,0.7371506775132666
2017-04-28,0.7353358996904519,0.7336287349939632,0.7373220105733668
2017-05-02,0.7354401780821661,0.7333499205167124,0.737504657385647
2017-05-03,0.7357088821390787,0.7332452016499511,0.7376647388730933
2017-05-04,0.7354783847126465,0.7330997328882287,0.7377832829161175
2017-05-05,0.7349740899691514,0.732985986891557,0.7378850923373993
2017-05-08,0.735085619346315,0.7329335283113912,0.7379696129369486
2017-05-09,0.73520122732803,0.7328956014256793,0.7380642749478501
2017-05-10,0.7355825344353174,0.7327334004865053,0.7382149601062107
2017-05-11,0.7360870405389164,0.7326787346112437,0.738300604078383
2017-05-12,0.7359049756406195,0.7325761688062224,0.7383952782372835
2017-05-15,0.7358868992169462,0.7324821030181126,0.7384966630057457
2017-05-16,0.7360510267345529,0.7324897164653305,0.7385831614496282
2017-05-17,0.7354929078485765,0.732421488312036,0.7386441575074256
2017-05-18,0.7348709247729802,0.7323350986365889,0.7387304997784688
2017-05-19,0.7345875920506835,0.7322415733295572,0.7387818076358841
2017-05-22,0.7343605558547177,0.7320829712838031,0.7388789072741127
2017-05-23,0.7349732716104849,0.731993090347511,0.7389506459082787
2017-05-24,0.7347383545202846,0.7318661431797162,0.7390114336362221
2017-05-25,0.7350501478781828,0.731652907391636,0.7391794447208976
2017-05-26,0.7352373018279871,0.7316902182017444,0.739266263000066
2017-05-29,0.7349751407925837,0.7316480925268847,0.7393293531165346
2017-05-30,0.7351078665351627,0.7315813032962029,0.7394193806033514
2017-05-31,0.7353556507092567,0.7315496995214892,0.739426563629445
2017-06-01,0.7354823300761062,0.7315590142948932,0.7395203722647837
2017-06-02,0.7353743644988553,0.7314922561015365,0.7396918853855668
2017-06-05,0.7349820917546326,0.7314715261078649,0.7398081788197945
2017-06-06,0.7346947105677982,0.7314052681077625,0.7398367124285783
2017-06-07,0.7347147832721469,0.7314358269166132,0.7399145231478728
2017-06-08,0.7354592995016398,0.7313510842579023,0.7399485380985008
2017-06-09,0.7355131863257544,0.7313235455124125,0.7401028545181167
2017-06-12,0.735450963732932,0.7312172535412284,0.7402569682584939
2017-06-13,0.7357876802529435,0.731060241588343,0.7400851525341825
2017-06-14,0.7354515185034726,0.7310495758867211,0.740189823297944
2017-06-15,0.735064461487288,0.7309833080504782,0.7403509175492718
2017-06-16,0.7348974259993222,0.7309567132700996,0.7404138211455034
2017-06-19,0.735000929018773,0.7309236821834664,0.740384436481461
2017-06-20,0.7350521803124171,0.730810881050926,0.7404481715711921
2017-06-21,0.7356075348029584,0.7307470924714689,0.7405124747186218
2017-06-22,0.7356060518404346,0.7307795842758096,0.740493586649958
2017-06-23,0.735442794522268,0.7307094512042822,0.7406237064235748
2017-06-26,0.7354441966282164,0.7307313117978951,0.74058933879226
2017-06-27,0.7352167571975027,0.7305848188432714,0.7406690597893623
2017-06-28,0.7351525635175372,0.7306023761904443,0.7406555672953763
2017-06-29,0.7353732750536167,0.7305242115782136,0.7408465039441942
2017-06-30,0.7349779647109251,0.7304617618743798,0.740850808329063
2017-07-03,0.7349284778410956,0.7304467049889407,0.7408188660760124
2017-07-04,0.7340906127786695,0.7304811944360843,0.7409500437560211
2017-07-05,0.7348780012028964,0.7304138630777576,0.7409758539838753
2017-07-06,0.7347851659093988,0.730320026619954,0.7408937694678288
2017-07-07,0.734568426503007,0.7303424263171713,0.7409507287223523
2017-07-10,0.7348490697373444,0.7302479327806544,0.7410544765530367
2017-07-11,0.7355199160532527,0.7302654181239551,0.7411973728171217
2017-07-12,0.7354577895404404,0.7300366571393744,0.7411807792336172
2017-07-13,0.7355150328267157,0.7299904783203697,0.7413039371525351
2017-07-14,0.7359651733028012,0.7300465690786985,0.74150757406581
2017-07-17,0.7356808407889313,0.729993977232459,0.7415666289104449
2017-07-18,0.7353329996887474,0.7297706143624424,0.7414997747083568
2017-07-19,0.7357751272020567,0.7297308222593644,0.7417011440390157
2017-07-20,0.7352779101269962,0.729705478388332,0.7417076163488161
2017-07-21,0.7354974072864269,0.7296715736392345,0.7417535423392154
2017-07-24,0.7351700362239344,0.7298030490064956,0.7417166449382261
2017-07-25,0.7350605699486334,0.7297651011243201,0.7415638119696314
2017-07-26,0.7353909480784554,0.7297345866602248,0.7417129305782763
2017-07-27,0.7353440820621278,0.7295958302191327,0.7418519200807571
2017-07-28,0.7353450949021941,0.729547888229805,0.7418822570625532
2017-07-31,0.7349646122046892,0.7294846862747821,0.7418429711862006
2017-08-01,0.7350105544781722,0.7293507331722179,0.7419680839133973
2017-08-02,0.7352852338111071,0.7293337421211535,0.7420703824798021
2017-08-03,0.7351697114249598,0.7292863439181086,0.7420480926207409
2017-08-04,0.7353899849337078,0.7292923308583127,0.7421310735550467
2017-08-07,0.7352700429957102,0.729226087662552,0.7421615078732273
2017-08-08,0.7355431933236173,0.7292025905045574,0.7422165056329263
2017-08-09,0.7358117644247315,0.7291208825188222,0.7421854938644868
2017-08-10,0.7355438255782083,0.7290554425188138,0.7422571136366276
2017-08-11,0.7356034366871101,0.7290956383836734,0.7421227125140034
2017-08-14,0.7351669231018463,0.7289973883954137,0.7422567603677608
2017-08-15,0.7349986273040648,0.7289487670586371,0.7423059196169723
2017-08-16,0.734878198222813,0.7289669485015432,0.7421961859522277
2017-08-17,0.734540563072145,0.7289550559990546,0.7423417952940097
2017-08-18,0.7345819485768443,0.7288897180690279,0.7423152474829358
2017-08-21,0.7348715393021211,0.7288358659282302,0.7423934644825109
2017-08-22,0.734986219424549,0.7289071481170104,0.7423996241491532
2017-08-23,0.7348818714151181,0.7287978725521478,0.7423200480118283
2017-08-24,0.7349323584071829,0.7287480551121278,0.7424009770831057
2017-08-25,0.7347132751077015,0.7286629389439012,0.7424512866539605
2017-08-28,0.7351092494507114,0.7287095117294149,0.7423864546075846
2017-08-29,0.7348750537353648,0.7285236138086413,0.7423352455204644
2017-08-30,0.7348119155213152,0.7285121981239134,0.7423893940804662
2017-08-31,0.7351912429968641,0.7285462539369901,0.7425144871853278
2017-09-01,0.7353589396160888,0.7284197581351034,0.7425290362590666
2017-09-04,0.7354134943452169,0.7283663900058194,0.7425905513699923
2017-09-05,0.7347434759065612,0.7284549665257966,0.7426720285777606
2017-09-06,0.7350785315295163,0.7285703935307292,0.7427631293702128
2017-09-07,0.7354161138960942,0.7284653838365294,0.7428370658733516
2017-09-08,0.7354752991429909,0.7284222199209526,0.7428806297988487
2017-09-11,0.7358141959003529,0.7283230046055139,0.7428863317664756
2017-09-12,0.7354251858310552,0.7282445449365925,0.7429520653092426
2017-09-13,0.7358228408764997,0.7283601197727352,0.7430173465283708
2017-09-14,0.7357541189410746,0.7282021987863461,0.7430628911263831
2017-09-15,0.7359754622593963,0.7280774652433064,0.743026661199779
2017-09-18,0.7363012998922699,0.7279691229247123,0.7430139903601672
2017-09-19,0.7363005640854879,0.7278703341309865,0.7430533375371763
2017-09-20,0.7361931858150721,0.7279612528072975,0.7431078451459017
2017-09-21,0.7364273492025543,0.7279207524325646,0.7430964046317159
2017-09-22,0.7368672606886397,0.7277832071878652,0.7432257543720056
2017-09-25,0.7369242419759631,0.7278517821293664,0.7433882555229302
2017-09-26,0.7370936560578224,0.7279629120760566,0.7434919730929336
2017-09-27,0.7369263844586157,0.7279302741085831,0.743559016147554
2017-09-28,0.7368114048859826,0.7278489646987438,0.7434231732677054
2017-09-29,0.7370923256478339,0.7277451664213231,0.7434220582025869
2017-10-02,0.7374798227822841,0.7276201442405754,0.7434364221806965
2017-10-03,0.7376434887526813,0.7276096116498693,0.7435496385498506
2017-10-04,0.7375300999192779,0.7276765857773418,0.7434857529108051
2017-10-05,0.7374749000093064,0.7276082137641309,0.743676934109694
2017-10-06,0.7377531914412636,0.7276668786900635,0.7436116243284647
2017-10-09,0.7376368899036152,0.7275626402914739,0.7436715271055925
2017-10-10,0.7375926236775582,0.7274755158161712,0.743627965335908
2017-10-11,0.7376434103098437,0.7275638831454536,0.7436653369273328
2017-10-12,0.7377555851998854,0.7275787147711038,0.7437246325915537
2017-10-13,0.7379194723705912,0.7275710696884448,0.7437132116367038
2017-10-16,0.7379777029124993,0.7274661062144354,0.7436981670445423
2017-10-17,0.7378654240041628,0.7272868323586229,0.7437800474022999
2017-10-18,0.738035808810863,0.7273067209432205,0.7437732913227183
2017-10-19,0.7383581521238669,0.7272753317309228,0.7437467249142712
2017-10-20,0.7382981183562269,0.7272852312953382,0.7438668830551992
2017-10-23,0.7380105078724184,0.7272963543308457,0.7438610777463914
2017-10-24,0.738017505726167,0.7271985056719049,0.7440111640281286
2017-10-25,0.737801416546819,0.7271937990546172,0.7439582988981579
2017-10-26,0.7379131639616796,0.7270373252001666,0.7439068510693161
2017-10-27,0.7377467526576426,0.7269783488090121,0.7440939198778934
2017-10-30,0.7381893815111926,0.7268577076710547,0.7441278826247848
2017-10-31,0.7382526669656487,0.7267834301271161,0.7441298606531043
2017-11-01,0.738532056541929,0.7267625996922555,0.7441608443071721
2017-11-03,0.7387544128642534,0.726868534889174,0.7442676573626835
2017-11-06,0.7385300819357341,0.7268319480253209,0.7442897327244903
2017-11-07,0.7387388343971741,0.7267582968074812,0.744434410834018
2017-11-08,0.7388508207719741,0.7266574202447361,0.7443116620357647
2017-11-09,0.7391230411058408,0.7266757812396002,0.7443042198101916
2017-11-10,0.7386160679427386,0.7265074614208623,0.7442389521800775
2017-11-13,0.7386165778956675,0.7265313256614526,0.7443100644992771
2017-11-14,0.7394007857931009,0.7265268808425387,0.7444291737450712
2017-11-15,0.7392377677206342,0.7265011556942325,0.7443593483102955
2017-11-16,0.7397902397670159,0.7264281886075322,0.7444790292235615
2017-11-17,0.7402796020806142,0.7264205336121204,0.7446663559768383
2017-11-21,0.7404545624361843,0.7265613186555308,0.7445705261252845
2017-11-22,0.740286740936254,0.7265720373601844,0.7445290952338626
2017-11-23,0.7402877623708001,0.7265053136699748,0.7446543801223408
2017-11-24,0.7406734630147502,0.7263596473591186,0.7446107756181537
2017-11-27,0.7410064113913785,0.7262582289021253,0.7446434267615774
2017-11-28,0.7412898739001672,0.7264317492822814,0.744772827276648
2017-11-29,0.7416175509434285,0.7265472621068843,0.7448177632586979
2017-11-30,0.7420018135611359,0.7265890618230069,0.7446447910946534
2017-12-01,0.7421596328315943,0.7264937584661414,0.7447303736023326
2017-12-04,0.7421032584713929,0.7265333387782471,0.7446394200217507
2017-12-05,0.7419388000463361,0.7263887715836165,0.7447976268936598
2017-12-06,0.7418232008897301,0.7264063215684337,0.7448075608898549
2017-12-07,0.7417234772569408,0.7263614386409668,0.7448750145630112
2017-12-08,0.7412219848532717,0.7264553871511984,0.7448114686879547
2017-12-11,0.7412174346725227,0.7264359348529962,0.744902795978619
2017-12-13,0.7413209128773905,0.726349968933446,0.7449378567917458
2017-12-14,0.7415997977194645,0.7264193518312049,0.745004982676043
2017-12-15,0.7419326556923187,0.7262077132607433,0.745069525427463
2017-12-18,0.7418819405224226,0.7262859704784507,0.7452446959734793
2017-12-19,0.7422755342589589,0.7261591241902424,0.745196079171117
2017-12-20,0.7423315355654125,0.7262197902843903,0.7449802991637886
2017-12-21,0.7426562073084684,0.726189757099046,0.7452003287417348
2017-12-22,0.7427637348106968,0.7260334383434522,0.7451684813383088
2017-12-26,0.7423137428687743,0.7261456269357379,0.7451180268950519
2017-12-27,0.7422516185580302,0.7261657371645178,0.7451455999399549
2017-12-28,0.7422511738163059,0.7261037511836901,0.7451326811361753
2017-12-29,0.7418694560704092,0.7261664104020118,0.7451257560328877
2018-01-02,0.7413277260670457,0.7259446262154133,0.7453738187423768
2018-01-03,0.7416623284611273,0.7259467448581992,0.745475695410026
2018-01-04,0.7415978658487115,0.7259147506230746,0.7451709210890555
2018-01-05,0.7418728622341366,0.7259600853451383,0.7454120099418061
2018-01-08,0.741718289538129,0.7257744148441047,0.7454832957387597
2018-01-09,0.7413396853069958,0.7257067943015659,0.745497860464831
2018-01-10,0.7408497252088839,0.7256136700077138,0.7454945873236718
2018-01-11,0.7413483293967402,0.725690108038223,0.7454765930139949
2018-01-12,0.7410758771520701,0.7255832219666039,0.7456528463751821
2018-01-15,0.7411917540267725,0.7255854985901165,0.7456056512985882
2018-01-16,0.7406950321153103,0.7255086088875388,0.7456423108191521
2018-01-17,0.7406515976023204,0.7256210524590188,0.7456817313214662
2018-01-18,0.7409838383270677,0.7257305224863739,0.7457008322016513
2018-01-19,0.7409829098959158,0.7255296800126819,0.7458577657540054
2018-01-22,0.7413053795180531,0.7256351125058258,0.7458555921511149
2018-01-23,0.7409833831456952,0.7256249449277276,0.745709347261763
2018-01-24,0.741377115425041,0.7255614954473343,0.745850506791711
2018-01-25,0.7418640900166255,0.7254510325784195,0.7457778993895928
2018-01-26,0.742306091200191,0.7254861472333717,0.745830346772062
2018-01-29,0.742638913618239,0.7254309675956345,0.7458849234909971
2018-01-30,0.7430163088748053,0.7254196065718345,0.7458919452015984
2018-01-31,0.7433456103898599,0.7254976926081462,0.74592002297717
2018-02-01,0.7436220647505,0.7255079070281997,0.7460210506305166
2018-02-02,0.743578113400447,0.7254245320850614,0.7460853733817936
2018-02-06,0.7430864675972368,0.7254114888397377,0.7461228009308969
2018-02-07,0.7433617636578368,0.7253924077559332,0.746137790205032
2018-02-08,0.7425847927054572,0.7253548190880579,0.7460697390943095
2018-02-09,0.7428577962367738,0.7254078079199946,0.7462107733747835
2018-02-12,0.7433619569106633,0.725234633169725,0.7461769272935157
2018-02-13,0.7431420261003888,0.7253081081226069,0.7460742005996854
2018-02-14,0.7426943306085311,0.7252314316577076,0.7460714282076961
2018-02-15,0.7430728007677745,0.7253405147970736,0.7462318570291463
2018-02-16,0.7439487483563225,0.7253013229779904,0.7462276579963812
2018-02-19,0.7441189669726146,0.725170261027929,0.7461629410008275
2018-02-20,0.7444411117221469,0.7250768104147346,0.7461192728030652
2018-02-21,0.7448226799800258,0.7251622206252691,0.7461920039683297
2018-02-22,0.7445559562919123,0.7250768103046711,0.7463114459979644
2018-02-23,0.74412110593615,0.7249949645125356,0.7463246450777236
2018-02-26,0.7442786541733944,0.7248588852955081,0.7464999020287726
2018-02-27,0.7441187676245996,0.7249038370488959,0.7464668506773194
2018-02-28,0.7448410674226729,0.7249388848330772,0.7464305191377005
2018-03-01,0.7449411380982066,0.7249141835515731,0.7465513752822805
2018-03-02,0.7448339388628727,0.7249170767863727,0.7466253003855678
2018-03-05,0.7454422955230007,0.7247220741401802,0.7466622031175668
2018-03-06,0.7454994306271523,0.7248703099232952,0.746564865971561
2018-03-07,0.7456097152223843,0.7247205734857278,0.7467111081382625
2018-03-08,0.7453948403890241,0.7245513639062929,0.7466709315663386
2018-03-09,0.7449567903060916,0.7244718162402433,0.7467770704983588
2018-03-12,0.7450650582534865,0.7244203907681371,0.7467286245617623
2018-03-13,0.7455002866823973,0.7244194666599749,0.7467393579119719
2018-03-14,0.7454955495060164,0.7244491632064453,0.7464720073107106
2018-03-15,0.7453259206555582,0.7244173235847414,0.7464232218643868
2018-03-16,0.7456642516804933,0.7243542449529848,0.7465417968661581
2018-03-20,0.7454427578352825,0.7243808820630346,0.7463462605156099
2018-03-21,0.745109667764556,0.7241494349168065,0.7465456011841924
2018-03-22,0.7452168710351392,0.724194657086449,0.7465211407469173
2018-03-23,0.744932627471109,0.7243122266087748,0.7466781438226242
2018-03-26,0.7448181762717271,0.7243856995126892,0.7468335080539938
2018-03-27,0.7448290398517023,0.7243571731954251,0.7468368834918527
2018-03-28,0.7446070890522004,0.7243516554617343,0.746883366272128
2018-04-02,0.7449385396739164,0.7242485935466453,0.7468989346635951
2018-04-03,0.7443381053982888,0.724322187410188,0.746715748223298
2018-04-04,0.74396188403082,0.7242654432792767,0.7468221141495106
2018-04-05,0.7442811457163158,0.724145738944654,0.7467176115156192
2018-04-06,0.7446159733738641,0.7241534450886948,0.7468396115427491
2018-04-09,0.7442703730726294,0.7241954759926499,0.7469059848965915
2018-04-10,0.7444297702674003,0.7240992612251721,0.7469415278231354
2018-04-11,0.744478420006303,0.7242627771570471,0.7469178645084041
2018-04-12,0.7447687814066066,0.7239902168324013,0.7470292076812918
2018-04-13,0.7449704634789156,0.723911855951539,0.7470455800797963
2018-04-16,0.7447576225761421,0.7240156540902982,0.7470061604413437
2018-04-17,0.7453594970499884,0.7239254338661352,0.7471044446804133
2018-04-18,0.7450413754788285,0.7240114401087565,0.7470803756314379
2018-04-19,0.7455891765595162,0.7238964640912199,0.7470874598159791
2018-04-20,0.7464194107785783,0.7240024038277397,0.7471299411898249
2018-04-23,0.7464721185377573,0.7239600360478169,0.7471250688327671
2018-04-24,0.7468034690345678,0.723972916307761,0.7474169863958826
2018-04-25,0.7469237197551675,0.723731656268937,0.7472124973536531
2018-04-26,0.7470924265471008,0.723791394035687,0.7471736643071087
2018-04-27,0.7469251461071097,0.7236966026359756,0.7472076253556292
2018-04-30,0.746817874947917,0.723519679272223,0.7473597375324433
2018-05-02,0.7464354919317107,0.7236979747714941,0.7473923752605097
2018-05-03,0.7460530176236466,0.7236654618829161,0.7473497248106078
2018-05-04,0.7459385064350873,0.7238960352806248,0.7474608725764604
2018-05-07,0.7457160776816338,0.7238909048382518,0.7476207671626334
2018-05-08,0.7455996841646803,0.7239726319930276,0.7475846545321992
2018-05-09,0.7453765978556006,0.7237497514829397,0.7475869810515438
2018-05-10,0.744875203859226,0.7237043157856692,0.7475837554235767
2018-05-11,0.7449906919288809,0.7236458448900259,0.7478290738438619
2018-05-14,0.745271673503059,0.7235463703478566,0.7477259073151187
2018-05-15,0.7453866680829466,0.7234357697747282,0.7478565634524302
2018-05-16,0.7453377683038998,0.7234712146267013,0.747839066379453
2018-05-17,0.7447190992322309,0.7236047540153471,0.7478304695864912
2018-05-18,0.7446542477863514,0.7234286147833343,0.7479113711493661
2018-05-21,0.7446608070648512,0.723375479261314,0.7479620395557273
2018-05-22,0.7447027116968572,0.7233866994134298,0.7480225287233636
2018-05-23,0.7448703901575762,0.7233185781128788,0.7478798226646123
2018-05-24,0.7444351012030503,0.7232398720859662,0.7479072115870185
2018-05-25,0.744932229165897,0.7231818709253515,0.747997228482734
2018-05-28,0.7447230515107905,0.7231545293575852,0.7477419111104586
2018-05-29,0.7443361860068131,0.723160061616649,0.7477139249263444
2018-05-30,0.7443298386332783,0.7229967321711669,0.74787518133936
2018-05-31,0.7440643818949518,0.7231045644069473,0.7480527639791655
2018-06-01,0.7437959585242555,0.7230106292427806,0.7479559428951393
2018-06-04,0.743742607099116,0.7230226533814041,0.7481774866342821
2018-06-05,0.743954661808548,0.7230453722042031,0.7483018033271559
2018-06-06,0.7437445074966045,0.7230227803578819,0.7483232465146004
2018-06-07,0.7439137058482115,0.7229816512916479,0.7483153015312456
2018-06-08,0.743703332221011,0.7230349536991653,0.7482851362383058
2018-06-11,0.7451240876839399,0.7230057301901787,0.7483494214408791
2018-06-12,0.7450598273954104,0.7230433483428965,0.7481006529589389
2018-06-13,0.7451757109254958,0.7229750493193047,0.7480579930470652
2018-06-14,0.7451703525901988,0.7230010059345783,0.7480056696234362
2018-06-15,0.7453915020560054,0.7231721135100977,0.7482268460081051
2018-06-18,0.7457813688514343,0.7231799557412989,0.7482282886235714
2018-06-19,0.745941989352942,0.7231125861639239,0.7483431840515379
2018-06-20,0.7462711040538633,0.7229743393380245,0.7481743314853901
2018-06-21,0.7457095753956582,0.7231061070722912,0.7482839355521674
2018-06-22,0.7460937015614745,0.7230307159002557,0.7482373787526143
2018-06-25,0.7464714763687549,0.7230525251021083,0.7483324224494554
2018-06-26,0.7464709671559417,0.7231529375018434,0.7483469679631854
2018-06-27,0.7463055196379776,0.7231539548809616,0.7483559679633771
2018-06-28,0.7463570094525801,0.7231002926678566,0.7483614081525201
2018-06-29,0.7459759678241058,0.7230211222787184,0.7483098900956042
2018-07-02,0.7464676452216233,0.7228318300202454,0.7484888351934428
2018-07-03,0.7467990319194352,0.7228421015344293,0.7485119028652168
2018-07-04,0.7468486485570832,0.7227467375885107,0.7485460219546902
2018-07-05,0.7465252496389952,0.722808566330265,0.7485939470492353
2018-07-06,0.7464823065581886,0.7227708455686122,0.7486381902432764
2018-07-09,0.7464869741635006,0.7229858836332759,0.7485892231543531
2018-07-10,0.7463691325767137,0.7227636037124636,0.7486198947856169
2018-07-11,0.7461996638177967,0.7226807869105315,0.7485957137474483
2018-07-12,0.74586935147993,0.7226502446730785,0.7486962871245293
2018-07-13,0.7457591145545994,0.722662151181035,0.7486608294315914
2018-07-16,0.7462430139385345,0.7225929710172738,0.7489087393484511
2018-07-17,0.7464149861948138,0.7225957549228915,0.7490072335039825
2018-07-18,0.7465827772972004,0.7225420758169999,0.7490463024915197
2018-07-19,0.7470190468696484,0.7225490300588855,0.7490902756822176
2018-07-20,0.7470690468781345,0.722499455474532,0.7491092457194852
2018-07-23,0.7470779622309993,0.7225139945741774,0.7489954286345355
2018-07-24,0.7469092289966864,0.7226021239109977,0.7487852211757599
2018-07-25,0.7470167141042028,0.7225875898481557,0.7488141912981404
2018-07-26,0.7471866352737682,0.7224189915069221,0.7488478184925231
2018-07-27,0.7470325718314237,0.7223107938016251,0.7488043875970158
2018-07-30,0.7474647766499359,0.722319150506503,0.7487814238130934
2018-07-31,0.7476293331140216,0.7222359607642083,0.7489564878298886
2018-08-01,0.7476344911506067,0.7221580084844169,0.7490713184301032
2018-08-02,0.7479618473615359,0.7221669055288147,0.7488589387690976
2018-08-03,0.7479632860553961,0.7221235410349259,0.7489868670348323
2018-08-06,0.747702070127714,0.7222333141005114,0.748982657911413
2018-08-07,0.7478178844673882,0.7221421928841972,0.7489294163098831
2018-08-08,0.7480346846762105,0.7220793665456657,0.7490102707001849
2018-08-09,0.7477657756902869,0.7221871354245737,0.7490256971795565
2018-08-10,0.7472221247806017,0.7222225237783383,0.7492440183245053
2018-08-13,0.7472720202270393,0.7223089314705754,0.7491477380314352
2018-08-14,0.74711120646472,0.7223011029845358,0.7492176526492901
2018-08-15,0.746403309956206,0.7220744711474647,0.7491818165620182
2018-08-16,0.74656468582087,0.7220167280768052,0.7492621942326382
2018-08-17,0.7465046890670587,0.7219795502715125,0.7493991644655591
2018-08-20,0.7464531416926912,0.7220502403352818,0.7492839494779399
2018-08-21,0.7463896435758035,0.7221157064961596,0.7493024116482908
2018-08-22,0.7462811497150663,0.7219130676058391,0.7492143557613556
2018-08-23,0.7463877076495318,0.7219815348132247,0.7491828103663187
2018-08-24,0.7466045937956928,0.7219556177036329,0.7492138995882153
2018-08-27,0.7467067555309823,0.7219717662979656,0.7493831089148442
2018-08-28,0.7463691128997102,0.7218290318966614,0.7492538936969132
2018-08-29,0.7464311498302303,0.7217858334533658,0.7495317865773095
2018-08-30,0.7463210249880247,0.7218355990041256,0.7492824852040911
2018-08-31,0.7463656108711103,0.7217357693393968,0.749261573036741
2018-09-03,0.7461468042471608,0.7218902552161705,0.749287958471826
2018-09-04,0.7458730672153466,0.7217276867882064,0.7494514562870115
2018-09-05,0.7462575592063023,0.7216496347974967,0.7495894793250655
2018-09-06,0.7461038835708471,0.7216382754290527,0.7497149839775749
2018-09-07,0.7462169105830435,0.7215497155745204,0.7498238751324477
2018-09-10,0.7464311607291947,0.7216662168617192,0.7497131312843304
2018-09-11,0.7459389812682913,0.721653758092876,0.7496882380509796
2018-09-12,0.7462108368107842,0.7215148242401146,0.7497600477007276
2018-09-13,0.7460451162706744,0.7215206444394717,0.7497028691062195
2018-09-14,0.7457623923189197,0.721533241086091,0.749687231066647
2018-09-17,0.74572015351645,0.7215752310147804,0.7496180423243104
2018-09-18,0.7456131947507305,0.7216432261834731,0.7496198015459867
2018-09-19,0.7451771297079207,0.721638864031997,0.7496988372900689
2018-09-20,0.7451735688754288,0.7217052634745877,0.7498582300440844
2018-09-21,0.7455506216283213,0.7216275551547983,0.7497389300279977
2018-09-24,0.7457661530202752,0.7214599967917451,0.74984976724101
2018-09-25,0.7456020693635549,0.7215809515173499,0.7499729187279833
2018-09-26,0.7458216334627307,0.7215680291680993,0.7498937427645954
2018-09-27,0.7457672991156513,0.7215557056493465,0.749779126326435
2018-09-28,0.7453822388210892,0.7215967180713998,0.7497169432207277
2018-10-01,0.7452790525012256,0.7215624538331238,0.7498873183481507
2018-10-02,0.7449049010981996,0.7217698226670857,0.7497466160113911
2018-10-03,0.7449694165968459,0.7216298824887286,0.749750828035758
2018-10-04,0.7448029030814126,0.7216758675890562,0.7498006034426342
2018-10-05,0.7449152024244773,0.72149836556923,0.7496114274923656
2018-10-08,0.7450182331528374,0.7214242744686429,0.7496623989193452
2018-10-09,0.7452372657666535,0.7214142943926731,0.7497293918075593
2018-10-10,0.7449224501008042,0.7213262039783953,0.7496076601198768
2018-10-11,0.7449157075682765,0.7214346424085094,0.7496178355937144
2018-10-12,0.7449697878146884,0.7211879580408049,0.7496063942395457
2018-10-15,0.7450791958424885,0.7213609776799591,0.7495898564771803
2018-10-16,0.7446986079994062,0.7212679756310847,0.7494490676025733
2018-10-17,0.7451343565859428,0.721231890911064,0.7495623841557905
2018-10-18,0.7447536072830216,0.7211523257961713,0.7495163748955587
2018-10-19,0.7444798505225025,0.7213885219631512,0.7497247004875124
2018-10-22,0.744706244171838,0.7212744873399677,0.7496728247988519
2018-10-23,0.744206910262244,0.72115773050653,0.7498333792321928
2018-10-24,0.7443693942131216,0.720989542804032,0.74988735703609
2018-10-25,0.744635874456981,0.7209651808835128,0.7497858980309416
2018-10-26,0.7442433097810313,0.7210834285286707,0.7498136239764628
2018-10-29,0.743087454439182,0.7212181512607465,0.7499212890675949
2018-10-30,0.7429218300467343,0.7210907801845405,0.749969659034276
2018-10-31,0.7429770041132868,0.7209988935937502,0.7499451190988008
2018-11-01,0.742201893621064,0.7209560833940677,0.7501103170969444
2018-11-05,0.7413783707396627,0.7210758312965645,0.7501155777822422
2018-11-06,0.7413168037053859,0.7210488534127883,0.7501371198197937
2018-11-07,0.7414201448506725,0.7207058645145951,0.7502248962112806
2018-11-08,0.740529186526199,0.7208239800162091,0.7502156134315773
2018-11-09,0.740308992484533,0.720724394700186,0.7502814215490906
2018-11-12,0.7400274761826485,0.7207191676779064,0.7503205141997396
2018-11-13,0.7393536964422677,0.720901224973804,0.7502693430418241
2018-11-14,0.7392966521837082,0.7208426090002134,0.7501416754606333
2018-11-15,0.7394164974720664,0.720741245430021,0.7501960477958285
2018-11-16,0.738920515335519,0.7207337911952606,0.7503144063544942
2018-11-20,0.7387022391912343,0.7207217852720369,0.7504760716641237
2018-11-21,0.7386423992636465,0.7206542763118717,0.7504424820082493
2018-11-22,0.7384209795180331,0.7205265603762455,0.750561174753912
2018-11-23,0.7386358835999021,0.7205174092071464,0.7503911993234365
2018-11-26,0.73819718731072,0.7203393500915548,0.7505131917824784
2018-11-27,0.7382530458578498,0.7204636867285363,0.7505125317917298
2018-11-28,0.7375359210491446,0.7203410033480715,0.7506234481483033
2018-11-29,0.7376350087211067,0.7202315353758573,0.7505775451853518
2018-11-30,0.7378671316200727,0.7203986536546843,0.7505909466279158
2018-12-03,0.7375826578705936,0.7202349415706728,0.7508192359396914
2018-12-04,0.7379206798920802,0.7202594284720626,0.7508424924602354
2018-12-05,0.737747523012664,0.7202613170204062,0.7509108157389004
2018-12-06,0.7382655971965976,0.7203964917763236,0.7507947498333509
2018-12-07,0.7383608564344812,0.7203827704970125,0.7509586743165839
2018-12-10,0.7383038585058229,0.7204188629490633,0.7508424325203187
2018-12-11,0.7377398455153569,0.7202690114924537,0.7508444822429649
2018-12-13,0.7377893664130936,0.720329128169241,0.7508600655492258
2018-12-14,0.7375147027040845,0.7204672650862601,0.7510201553297211
2018-12-17,0.7372338262034738,0.7203223914629147,0.7508941654403997
2018-12-18,0.7367358214802371,0.7202652362986249,0.7508768421271271
2018-12-19,0.7366268028854579,0.7202202926300565,0.7508398336148207
2018-12-20,0.7361832760060019,0.720296215974979,0.7510337743723352
2018-12-21,0.7363500929480428,0.7203988815798387,0.7510459059695048
2018-12-24,0.7362426331920785,0.7202930636754793,0.7510590011408006
2018-12-26,0.7362423595516441,0.7201575826936426,0.7511898493653484
2018-12-27,0.7363018560052996,0.7202483176403416,0.7511763217128166
2018-12-28,0.7362517820839715,0.7202011488345804,0.751274850253022
2018-12-31,0.7360758637458686,0.7202579140404495,0.7514160396746689
2019-01-02,0.7357951950220478,0.7201704275256311,0.7513691381010761
2019-01-03,0.7357941859425374,0.7198968470096636,0.7512628306968895
2019-01-04,0.735506906143583,0.7200596333621007,0.7513723423647526
2019-01-07,0.7351149643918973,0.7201091484154217,0.7514377738846713
2019-01-08,0.7348331972674247,0.7199586324051315,0.7513245971630736
2019-01-09,0.7344598352115154,0.7201895908790866,0.7513775182180964
2019-01-10,0.7347352064435541,0.7200702765154089,0.7512102769427426
2019-01-11,0.735058917342098,0.7202067033198408,0.7511105369133336
2019-01-14,0.7354522462913494,0.7200851093092284,0.7511012619931866
2019-01-15,0.7355490027579064,0.7200745897177458,0.7510746121814897
2019-01-16,0.7352283373182998,0.7200620040099844,0.7512325112124454
2019-01-17,0.7356155960200824,0.719969457338343,0.7512833752692815
2019-01-18,0.7353494068708385,0.7199988970451842,0.7510691884081941
2019-01-21,0.7356316943902087,0.7197399214421293,0.7512413104425106
2019-01-22,0.7357530964386682,0.719756568136535,0.7512199932834596
2019-01-23,0.7354700675507645,0.7197204576829374,0.7513237572056126
2019-01-24,0.7356992175567741,0.7198920071762959,0.7511408964972071
2019-01-25,0.7360985295218219,0.7197012057397257,0.7512038283526972
2019-01-28,0.7359814135989435,0.7195401032029278,0.7512148718007102
2019-01-29,0.7361531309568632,0.7196224980513588,0.7512267982575718
2019-01-30,0.736312652275691,0.7195396749677532,0.7513811260207771
2019-01-31,0.7359760166119608,0.7196570954138473,0.7511761392974544
2019-02-01,0.7359750363953532,0.7196074928184367,0.7512273131463606
2019-02-05,0.7359203376811965,0.7196714035763397,0.7512334672446321
2019-02-06,0.7365912259282704,0.7195685724268256,0.7513239609756113
2019-02-07,0.7364326254805547,0.7194116779571342,0.7513234113765669
2019-02-08,0.7355339220624172,0.7194438421103427,0.7515437278801097
2019-02-11,0.7357076072138687,0.7193305216404792,0.7513322131996621
2019-02-12,0.7360476079262315,0.7193181289125599,0.7514758674094587
2019-02-13,0.7358784504084799,0.719282816187001,0.7513951112991514
2019-02-14,0.7362639418583447,0.7192247975576705,0.751437601173564
2019-02-15,0.7359873198728042,0.7192447852873359,0.7515758355373624
2019-02-18,0.736205537205462,0.7193917036074041,0.7516469542298106
2019-02-19,0.7362677274018612,0.7192312567769149,0.7517511563845077
2019-02-20,0.7366017547822357,0.7193749652064568,0.751759675911695
2019-02-21,0.7365434510214232,0.7190089706614828,0.7518078009217944
2019-02-22,0.7369391766389672,0.7192202696358727,0.7517336425690027
2019-02-25,0.7366038571582257,0.7193451015839292,0.7517811167716144
2019-02-26,0.7368399085114833,0.7191786130115078,0.7517208910911121
2019-02-27,0.7366285018800227,0.7189198203805602,0.7517746071794229
2019-02-28,0.7366779230292062,0.7188582197635399,0.7515102168083669
2019-03-01,0.7365105971367335,0.7189133980333722,0.7516583460128491
2019-03-04,0.7366288662358161,0.719028222129227,0.7517603475396388
2019-03-05,0.7364009783922848,0.718949044788358,0.751850444218972
2019-03-06,0.7362868554739704,0.7189905382772088,0.7517865476172332
2019-03-07,0.7361765063429232,0.719132760591122,0.7517316990721485
2019-03-08,0.7359551822676907,0.7191098914251501,0.7518116074394195
2019-03-11,0.7365102138734317,0.7190021918212969,0.751977826743898
2019-03-12,0.7367800093897067,0.7190429972699094,0.7520114359373951
2019-03-13,0.7361614554066522,0.7190929417904838,0.7519412439345895
2019-03-14,0.736376328173663,0.7191668224099833,0.7519224943958913
2019-03-15,0.7362647433078464,0.7191443833830127,0.7518267185699169
2019-03-19,0.7363223174544667,0.7190950388226861,0.7517570261397891
2019-03-20,0.7356629692978461,0.7190549878236963,0.7517842436138397
2019-03-21,0.7359356783407154,0.7188869968164523,0.7518519517488327
2019-03-22,0.7349375560472772,0.7189659829429698,0.7519668088225197
2019-03-25,0.7353834610781688,0.7188713578897367,0.7517874174448136
2019-03-26,0.7352174239248406,0.7187503906071334,0.7517928118615304
2019-03-27,0.7349967392131102,0.7185773813148366,0.7518307515852322
2019-03-28,0.7351711405786164,0.7186613783128895,0.7519363899322133
2019-03-29,0.7347723102535114,0.7187055715817513,0.7519361284349262
2019-04-01,0.7348885592013863,0.718753159963001,0.7521364375519433
2019-04-02,0.7354510976958889,0.7187629488656541,0.7521681171710999
2019-04-03,0.7357938169382975,0.7188013264469945,0.752095374489633
2019-04-04,0.7360272139557814,0.7186943625043941,0.7521376096784662
2019-04-05,0.735679339603,0.7187611940948536,0.7521202552162157
2019-04-08,0.7360756895648202,0.7187072330447138,0.7521368783926248
2019-04-09,0.7365693497815218,0.7187030164423898,0.7519147968858986
2019-04-10,0.736304280107914,0.7186624683343728,0.7522190134049528
2019-04-11,0.7363543525756793,0.7184721701994119,0.7521448753999209
2019-04-12,0.7364705886204211,0.7187001075851567,0.7522457585489722
2019-04-15,0.7367396768473252,0.7186652397855313,0.7522072316928986
2019-04-16,0.7366149693968516,0.7186530360191388,0.7522496280272519
2019-04-17,0.7362313034338516,0.7186044933688881,0.7523396526358322
2019-04-22,0.7361698378791858,0.7186988236149447,0.7525320243764743
2019-04-23,0.7357807250134262,0.7187447877616666,0.7524566268266326
2019-04-24,0.736782140501318,0.7183676385134821,0.7524171404921632
2019-04-25,0.7368350133881688,0.7182702823315562,0.752353446192302
2019-04-26,0.7366654160112662,0.7183014842857026,0.75217344615366
2019-04-29,0.7364432313730928,0.718383893650983,0.7522039049839887
2019-04-30,0.7362733884173993,0.7185841809153111,0.7523476316496406
2019-05-02,0.7365472394450338,0.7186308892316063,0.7521576933414893
2019-05-03,0.7366113243887773,0.7185524015361493,0.752213499200078
2019-05-06,0.736661214200636,0.7186213903232672,0.7521713052976995
2019-05-07,0.7366703990537283,0.7186025363673294,0.7520581291325299
2019-05-08,0.7365697806682701,0.7187324411401447,0.7522904841627005
2019-05-09,0.7370145442477516,0.7186396465562012,0.7522594427404407
2019-05-10,0.7369110448721798,0.7184841477497192,0.7523326375401139
2019-05-13,0.7368172769952681,0.7185238657723098,0.752227463780516
2019-05-14,0.7370953722317258,0.7184698861531981,0.7523842250429554
2019-05-15,0.737421018915051,0.7183540390940413,0.752486919245114
2019-05-16,0.7372027907435083,0.7182094102419025,0.752422879640919
2019-05-17,0.7369402693175656,0.718408029897454,0.7523824441672292
2019-05-20,0.7372205931274444,0.7183508034479432,0.7524178931208649
2019-05-21,0.7372634785057751,0.7183135821328488,0.7526676395532939
2019-05-22,0.737106011503549,0.7184610658249105,0.7524084650657331
2019-05-23,0.7371556126671092,0.7184586553136445,0.7524189140361335
2019-05-24,0.7377133516810763,0.7183522536060178,0.7523513674353055
2019-05-27,0.7376105699709994,0.7182321720919919,0.7524629585010771
2019-05-28,0.7373865489070687,0.7183481360347818,0.7524681750097182
2019-05-29,0.7377756179806542,0.7183373103410837,0.7524647638876475
2019-05-30,0.7372177805723681,0.7182800242987003,0.7524769943000582
2019-05-31,0.7373905053955206,0.7182347603747365,0.7524551621078345
2019-06-03,0.7374529947612616,0.7180901851928507,0.7526563283215768
2019-06-04,0.7369565346117531,0.7181387398200364,0.7526865006763218
2019-06-05,0.7371206779690762,0.7181882402396333,0.7527899296427504
2019-06-06,0.7367294036939527,0.7180482134640696,0.7527126245238217
2019-06-07,0.7370046261562399,0.7179805951546115,0.7526032350588475
2019-06-10,0.7374560612929804,0.7181442542652944,0.7525973868622088
2019-06-11,0.7377865109065153,0.7180303862804793,0.7525719860911506
2019-06-12,0.7376789523790064,0.7181342373553292,0.7528667429431063
2019-06-13,0.737459019689929,0.7180477882318,0.7527126412551685
2019-06-14,0.7375185274768762,0.7181411798904861,0.7526450718795199
2019-06-17,0.7377328899268146,0.7181903101710502,0.752460620845142
2019-06-18,0.7377351795415562,0.7180117803239228,0.752581814904393
2019-06-19,0.7382889857705002,0.7181761804399581,0.7526092372716697
2019-06-20,0.7380070835684314,0.7180169766872155,0.7526879750470858
2019-06-21,0.7383441741018513,0.7180395313415294,0.7528935038436092
2019-06-24,0.738110406415502,0.7179104466622065,0.7527341357711751
2019-06-25,0.7378908609895768,0.7180078142509605,0.7525844507590773
2019-06-26,0.7380608604287334,0.7180032919212345,0.7526685800717663
2019-06-27,0.7376762412169282,0.7180116964647583,0.7525808977798177
2019-06-28,0.7373993199345957,0.7180563437702161,0.7527094361755352
2019-07-01,0.7372367788567722,0.7180762593243052,0.7526929093042597
2019-07-02,0.7375081866904323,0.7181438467704422,0.7525899790329407
2019-07-03,0.7372756352462492,0.7180270050708355,0.7526855308573205
2019-07-04,0.736887968641528,0.7182001100999238,0.7528464565378467
2019-07-05,0.7369482523871502,0.7184348395901311,0.7527934328182639
2019-07-08,0.7371774088151267,0.7183934070223397,0.7527839143110672
2019-07-09,0.7366804187446145,0.7182145188248175,0.7529199533874462
2019-07-10,0.7368473421533104,0.7180297270040747,0.7528615815672663
2019-07-11,0.7371227353890909,0.718041637156076,0.7530487274658684
2019-07-12,0.7374006452979152,0.7181194789679798,0.7531174066107119
2019-07-15,0.7381759741039782,0.7176941662406954,0.7532508142559595
2019-07-16,0.7381755971504047,0.7178159176695019,0.7532267947901734
2019-07-17,0.7382871547341084,0.7178628284785646,0.7533478458257516
2019-07-18,0.7379541217646242,0.7180752571845753,0.753291092752874
2019-07-19,0.737839635937827,0.717960733868835,0.7531996093792724
2019-07-22,0.7377763050783603,0.7176932302349756,0.7531410916215556
2019-07-23,0.7378345230702588,0.7178535049120608,0.7531708808797987
2019-07-24,0.7381156717883988,0.717698659796983,0.7531737525041283
2019-07-25,0.73805956515692,0.7179418365572211,0.7530275358463404
2019-07-26,0.7379314364521838,0.7177484039754296,0.7529530408359648
2019-07-29,0.7378232395018952,0.7177863019494081,0.7528820412308107
2019-07-30,0.7378737086015992,0.7178634931637529,0.7527255587906
2019-07-31,0.7379769455922457,0.717679784367187,0.7527839344012609
2019-08-01,0.7383587154035363,0.71759420733534,0.7528411222942927
2019-08-02,0.7380842452793661,0.7175478357746572,0.752707114276874
2019-08-05,0.737927346543723,0.7175748309709972,0.7527389756963248
2019-08-06,0.7380428054356796,0.7176453667072487,0.7529983982841802
2019-08-07,0.7375510677451608,0.7173965948507285,0.7528691513844107
2019-08-08,0.7379439725676589,0.7176641071791392,0.7530198748803248
2019-08-09,0.7383339786030528,0.7174887353319095,0.7532120332947788
2019-08-12,0.7379855316749071,0.7175037111481836,0.7530994374257322
2019-08-13,0.7378127948653117,0.7177670395528736,0.7528191838208114
2019-08-14,0.7375268616981626,0.7176383978654577,0.7529694096709925
2019-08-15,0.7378557093445728,0.7175186142546914,0.7531247874403111
2019-08-16,0.7376381807147324,0.717478560125418,0.7530905449126606
2019-08-19,0.7378092650426167,0.7174540462269065,0.7529668662187982
2019-08-20,0.738086042937911,0.7176421926246218,0.7529997554446011
2019-08-21,0.7378199598092502,0.7175818895902732,0.7529163731309544
2019-08-22,0.7376545618706958,0.717499256370665,0.7530400813083751
2019-08-23,0.7377063406117764,0.717505280120421,0.7529147970840736
2019-08-26,0.7379291026226034,0.7173899404411275,0.7530268928989816
2019-08-27,0.7379268038597273,0.7175823343757879,0.7529452683245194
2019-08-28,0.737986003582264,0.7177517108922661,0.7531266512449519
2019-08-29,0.7371501417824616,0.717715621647723,0.753114271741038
2019-08-30,0.7367041256043658,0.7174283514508205,0.7528896169182118
2019-09-02,0.7374229443133151,0.7175318085401321,0.7529238516553879
2019-09-03,0.7374139446441837,0.7176482514453051,0.7529222434798761
2019-09-04,0.7378011063290676,0.7176151421570048,0.753125353550358
2019-09-05,0.7379640551550743,0.7174758344290542,0.7531492607687201
2019-09-06,0.7382498985935017,0.7174772665259959,0.7531083048262627
2019-09-09,0.7378481956769386,0.7175064320026037,0.7530200045175538
2019-09-10,0.7379119947222638,0.717468553010192,0.7532817694386081
2019-09-11,0.7384117701496269,0.7175240797853651,0.7533146728859986
2019-09-12,0.7385776400359539,0.7177437824673714,0.753155987064423
2019-09-13,0.738741415589039,0.7174364166702416,0.7531647130662622
2019-09-17,0.7388028770751917,0.7174957558748724,0.753332753539867
2019-09-18,0.7387453622566252,0.7174351151271441,0.7533059938443073
2019-09-19,0.7385311695229255,0.7174814442850228,0.7533084642735439
2019-09-20,0.7379795545775785,0.7175284553480132,0.7534058291233849
2019-09-23,0.738253061067941,0.7176628116540007,0.7533134291932053
2019-09-24,0.7385337001385879,0.7174284980665613,0.753365444917451
2019-09-25,0.7382100636427995,0.7173839442884041,0.7532670116768418
2019-09-26,0.7382098176169273,0.7175129382009118,0.7531958643929829
2019-09-27,0.7383666226365933,0.7173888771948924,0.7530354166501246
2019-09-30,0.7383021119819889,0.7172706489689782,0.7532926300062196
2019-10-01,0.7381349447274296,0.7174403787459799,0.7531940817334468
2019-10-02,0.7380788322039216,0.7173486136232003,0.753310895588139
2019-10-03,0.7380223616114115,0.7173718499510258,0.7531760457112129
2019-10-04,0.7382405712677605,0.7173115757272537,0.7532954186254359
2019-10-07,0.7380182580074347,0.7174272910690197,0.7533620053668307
2019-10-08,0.7386903024800513,0.7172394264135902,0.7533464537288505
2019-10-09,0.7386396489165213,0.7173575050561831,0.7535006270074814
2019-10-10,0.7390878009660301,0.7172764741713343,0.753607375476994
2019-10-11,0.7390973040110556,0.7172147709722234,0.7537714294733573
2019-10-14,0.739265256602085,0.7172217137591153,0.7538013293008851
2019-10-15,0.7391543879058531,0.7172456291685427,0.7539645667608277
2019-10-16,0.7394940331521941,0.7172157679637083,0.7540212045947396
2019-10-17,0.7393216196558516,0.7172888103972731,0.7540416621305814
2019-10-18,0.7394874767595171,0.7171599603871512,0.7538606624590848
2019-10-21,0.7393809053634763,0.7169487523771495,0.7540496857100158
2019-10-22,0.7396553072794732,0.7170236403088757,0.7538684430861439
2019-10-23,0.7397204346017002,0.7169697494449956,0.754017931770301
2019-10-24,0.7399956170595018,0.7169707697198038,0.7540207697439414
2019-10-25,0.7401069204338881,0.7171346010777766,0.7541857580280629
2019-10-28,0.7397146223845852,0.7169974416845799,0.7543223664147278
2019-10-29,0.7396590264716837,0.7170867318211075,0.7543522119586806
2019-10-30,0.7400482481275548,0.7171139141290718,0.754232135054424
2019-10-31,0.7398256165602409,0.7169009358371192,0.7543045078384444
2019-11-01,0.739600456132925,0.7170192402897486,0.7544024758051558
2019-11-04,0.7400899279856374,0.7170265855054785,0.754381680880484
2019-11-05,0.7399789081499667,0.7170400402751377,0.7544682443738507
2019-11-06,0.7397974302535802,0.7168624131605548,0.7544620431462116
2019-11-07,0.7396811177895968,0.7169188851513224,0.7543749737932406
2019-11-08,0.7395112177266324,0.7169826179093357,0.7545823284603995
2019-11-11,0.7398944918825945,0.7167894324217519,0.7546857591511732
2019-11-12,0.7397266304796308,0.7170391246553278,0.7545558113275899
2019-11-13,0.7395663735476435,0.7169874634005825,0.7545841802948305
2019-11-14,0.7394576708407461,0.7170735842138379,0.7545070485728884
2019-11-15,0.7394662808644287,0.7170886479040901,0.7542754763495538
2019-11-19,0.7395092419795773,0.7169701029067319,0.7543104129683617
2019-11-20,0.7395729005131085,0.717012599627284,0.7542152901927774
2019-11-21,0.739517190788413,0.7169074841681853,0.7543590207920344
2019-11-22,0.7395113610515187,0.7168842268685003,0.7543336065070302
2019-11-25,0.7396253598141984,0.7167378157790738,0.7540954560998838
2019-11-26,0.7393505099125561,0.7167667311878544,0.7542646576741296
2019-11-27,0.7388012593671464,0.7168025514433048,0.7543749495193626
2019-11-28,0.7386274200474374,0.7168631967386383,0.7545154328004229
2019-11-29,0.7385587959193168,0.7168550107371019,0.754418815678513
2019-12-02,0.7381153488559569,0.7167358084241223,0.7543887872457047
2019-12-03,0.7381093228612378,0.716679916902953,0.7544120483560057
2019-12-04,0.7383365816560465,0.7168339064502274,0.7544719636625911
2019-12-05,0.7388867073682833,0.7166967075407051,0.7546205501878174
2019-12-06,0.7385644911361693,0.7167165945928168,0.7545661470882516
2019-12-09,0.7392857651601245,0.7167991131873942,0.7546350551135393
2019-12-10,0.7386715723089846,0.7166075495456281,0.7545232415196269
2019-12-11,0.7381619773576402,0.7167370114930979,0.7544371441338548
2019-12-13,0.7379922339960391,0.7167354744260431,0.7545299894266584
2019-12-16,0.7378298526580975,0.7165792840641985,0.7544649375555547
2019-12-17,0.7382105472369196,0.7168937119820067,0.7545801792973823
2019-12-18,0.7379814909148191,0.7169116778727543,0.7548234469582394
2019-12-19,0.7380248526049484,0.7167786613350884,0.7548563157432329
2019-12-20,0.7377044635674143,0.7167929274413077,0.7548914984007885
2019-12-23,0.7377556105083175,0.7167669167185653,0.7548078675182823
2019-12-24,0.7376960308093949,0.7167162239844859,0.7547763717162149
2019-12-26,0.7375907147108818,0.716801966602487,0.7549131176126446
2019-12-27,0.737360419378553,0.7166708117959405,0.7548142443315013
2019-12-30,0.7374816710695061,0.716572169032525,0.7548943161802797
2019-12-31,0.7359849623448063,0.7164752443588608,0.7547992361789738
2020-01-02,0.7355337282925234,0.7166973203739311,0.7547006445439766
2020-01-03,0.7353662884923095,0.7164394229765823,0.7549036787742539
2020-01-06,0.7357492718148413,0.7164526972919715,0.7548079046944902
2020-01-07,0.7356968132346755,0.7166827052796579,0.7548586930719361
2020-01-08,0.7355791930941349,0.7166330600073717,0.754859196910368
2020-01-09,0.7356269643217869,0.7163653326607202,0.7548887861824948
2020-01-10,0.7354656101926272,0.716317201038998,0.7548873465139606
2020-01-13,0.7354612474190981,0.7162887651602324,0.7550049286840073
2020-01-14,0.7352850566541039,0.7163481664168524,0.7548423251954783
2020-01-15,0.7353985653123931,0.7164853688168364,0.7547876531420714
2020-01-16,0.7350042131799053,0.7164538903099027,0.7546958465137005
2020-01-17,0.7352759510591167,0.7164203010800065,0.7547281741513231
2020-01-20,0.7355545607313679,0.7164152126206978,0.7547834002706736
2020-01-21,0.7357759243385348,0.716283066545073,0.7547845933527162
2020-01-22,0.7359364925744433,0.7162890706412554,0.7549055713627185
2020-01-23,0.7356017142884713,0.7161013896325786,0.7547020626150167
2020-01-24,0.7352661152207052,0.7161313814457559,0.754925661800313
2020-01-27,0.734591607270433,0.7160785298938348,0.7549698854360604
2020-01-28,0.7345254522892206,0.7161770664255162,0.7549953736289403
2020-01-29,0.7349050950474414,0.716090011026358,0.7549052540991399
2020-01-30,0.7350785826016839,0.7160402364208286,0.7548929631081424
2020-01-31,0.735074638587003,0.7159794731250176,0.7547224707607308
2020-02-04,0.7349752228447081,0.7157881835251323,0.7547129705433351
2020-02-05,0.7348178142786577,0.7158474508648028,0.7548419451051765
2020-02-06,0.734654116607815,0.7160466151155197,0.754873920479614
2020-02-07,0.7347184982152712,0.7158962703200078,0.7550664551805245
2020-02-10,0.7349480990609167,0.7158489307673234,0.754867221620607
2020-02-11,0.7346522645308288,0.7156958842960375,0.7548791060557144
2020-02-12,0.7347071459212504,0.7156656397739858,0.7548871895171866
2020-02-13,0.7344834192762947,0.7156886472800124,0.7551595802607952
2020-02-14,0.7348179004950256,0.7156985293923308,0.7551174406215196
2020-02-17,0.7349185439117993,0.7156920929119146,0.7548751085865888
2020-02-18,0.7344202672501942,0.7156120327724924,0.7547905944603258
2020-02-19,0.7344605106481996,0.7155172223962387,0.7546782378202155
2020-02-20,0.7348003442397478,0.715311370364129,0.754792925704934
2020-02-21,0.7354638530956331,0.7153938759481546,0.755069331279444
2020-02-24,0.7350867809810947,0.7153152740808354,0.7549925266281159
2020-02-25,0.7349750139978894,0.7151593184274394,0.7547812187460371
2020-02-26,0.7353210734909768,0.7153310903851756,0.7549416038291875
2020-02-27,0.7344176326613111,0.7154198811593386,0.7548071697247233
2020-02-28,0.7341447085812371,0.7154368751074681,0.7549126865277904
2020-03-02,0.7339382745594075,0.7154030027245165,0.75498333413076
2020-03-03,0.7338277831905766,0.7152513218636402,0.7549003528946733
2020-03-04,0.7330990702033732,0.7152912735082652,0.7547383057281427
2020-03-05,0.7326977565995593,0.7153969177957381,0.7548282520636209
2020-03-06,0.7320356018003489,0.715201193912685,0.754767381991069
2020-03-09,0.7310306908974366,0.7151655835553304,0.7547873367982751
2020-03-10,0.7309237733838714,0.7152950020744705,0.7547959601172808
2020-03-11,0.7305263445427622,0.715243474132746,0.7548551436637289
2020-03-12,0.7296221849504769,0.715310136004527,0.7551070870515478
2020-03-13,0.7291211534858679,0.7153442490890195,0.7550148724740565
2020-03-17,0.7288887882430433,0.7154147229744542,0.7552550253534311
2020-03-18,0.7280366711498614,0.7155013154530516,0.7551524992236465
2020-03-19,0.7276832433871093,0.7153437436232243,0.7550566219422431
2020-03-20,0.7276244752755895,0.7153188392322759,0.7551840121344456
2020-03-23,0.7271245357149142,0.7153173734900997,0.7551982354057962
2020-03-24,0.7263852240188483,0.7151998185464321,0.7552771158329753
2020-03-25,0.7260522257777199,0.7150386206066542,0.7549495210899875
2020-03-26,0.7261709805299311,0.7151666210520644,0.7552972454217065
2020-03-27,0.725212457259734,0.7153468354491865,0.755309005355618
2020-03-30,0.7255074157124933,0.7154429442918218,0.7552879785145057
2020-03-31,0.7252291485927023,0.7154637192654072,0.7553193042420531
2020-04-01,0.7249311446377524,0.715229983731441,0.7553559677045677
2020-04-02,0.7252202798216528,0.7153723950217336,0.7552265535790931
2020-04-03,0.7248277963759312,0.7149466642670259,0.7551543446577221
2020-04-06,0.7244123323562313,0.7147410700210286,0.7552972517368516
2020-04-07,0.7244155342671983,0.714692231315054,0.7554041912922504
2020-04-08,0.7254957529978303,0.7151077549551459,0.755400648100326
2020-04-13,0.7259526538505012,0.7147898105767598,0.7552909521430844
2020-04-14,0.7257208573230304,0.7150519023091956,0.7551728459873244
2020-04-15,0.7265624425262786,0.7149953719082527,0.7552369352857541
2020-04-16,0.727752523234296,0.7151311176673876,0.7553214646118389
2020-04-17,0.727640544382088,0.7150581012511193,0.7551685629453626
2020-04-20,0.7277501264090953,0.7149929002411842,0.7551420682487445
2020-04-21,0.7284220919078003,0.7147170914380128,0.7552045609930512
2020-04-22,0.7288136971379039,0.7148140501931716,0.755193900396148
2020-04-23,0.7289870050481584,0.7149195826056549,0.7551371996880816
2020-04-24,0.7296061684557563,0.7149852961417791,0.75523439532889
2020-04-27,0.7293262435842444,0.7149159763336373,0.7553390216136352
2020-04-28,0.7288713763485674,0.714916874180453,0.7554137154763266
2020-04-29,0.7285854420582277,0.7149505916592717,0.7554786298300259
2020-04-30,0.729204136923322,0.7150241298773262,0.7554362885118828
2020-05-04,0.7289939022270072,0.7150859877101472,0.7556680213485456
2020-05-05,0.7290881922593803,0.7150554003864499,0.7557320381625331
2020-05-06,0.729411942495266,0.7150565826602518,0.7557860378978107
2020-05-07,0.730023006944001,0.7146095323432187,0.7555238236097925
2020-05-08,0.7297475368629063,0.7147485716328066,0.7556759568050136
2020-05-11,0.7298063158996781,0.7148139878097912,0.7557166612278914
2020-05-12,0.7301468519465746,0.7149366126519416,0.7557505692633536
2020-05-13,0.7295196768589919,0.7148786623732498,0.7557735035496915
2020-05-14,0.7301881132327942,0.7147647212546889,0.7557857641534287
2020-05-15,0.7300100958126459,0.7147373549936228,0.7559726244713767
2020-05-18,0.7291171576066411,0.7147342734503915,0.7557772055844724
2020-05-19,0.7282039236402114,0.714720473798737,0.7558904448672504
2020-05-20,0.7280947977840819,0.7145778970141544,0.7558266731596465
2020-05-21,0.7284805603177311,0.7143167866849636,0.7558500275788644
2020-05-22,0.7288246616002241,0.7142932844695628,0.7557932564713975
2020-05-25,0.7290085831586252,0.7144754465506872,0.7555645788911092
2020-05-26,0.7285506063319337,0.7143105239867609,0.7556296911729119
2020-05-27,0.7284968141108648,0.7146731679302593,0.7556981718256865
2020-05-28,0.7282265086991264,0.7145453183487548,0.7557929431736197
2020-05-29,0.7284464378505421,0.7145032064301062,0.7555994620618726
2020-06-01,0.728331876687494,0.714501035065897,0.7557218402092295
2020-06-02,0.7277094072761241,0.7144080893123728,0.7558130649010502
2020-06-03,0.7270801151275581,0.714578484060764,0.755989610968951
2020-06-04,0.7270436332825367,0.7145285105732091,0.7558788735528111
2020-06-05,0.7266455896856406,0.7143712514430918,0.7559834312618684
2020-06-08,0.7256772883491814,0.7141827558873688,0.7560596823836957
2020-06-09,0.7254506846391658,0.7141365972175118,0.7559463544113622
2020-06-10,0.7255128496508061,0.7143325532455062,0.7559714437860896
2020-06-11,0.7246708692540241,0.7143231163322485,0.7560247263008927
2020-06-12,0.7243278589591451,0.7144365957698525,0.7559097734330872
2020-06-15,0.7245599617675191,0.7141543489635934,0.7560162657118449
2020-06-16,0.7248366607763594,0.7139786604893004,0.7559671665768308
2020-06-17,0.7251692704752422,0.7140449773577497,0.7558994838180744
2020-06-18,0.724551897954688,0.7142103210866403,0.7560172760493152
2020-06-19,0.7241057312807866,0.7143702373076832,0.755937443342848
2020-06-22,0.7238850702582171,0.7144650190139764,0.7558050139280412
2020-06-23,0.7240040601194487,0.7143256781509364,0.7558191438324052
2020-06-24,0.7234363573972034,0.7144604183913914,0.7558192106859142
2020-06-25,0.7233811298584356,0.7145684855387686,0.7559600012738774
2020-06-26,0.7227528939209162,0.7143471782411087,0.7559468391336117
2020-06-29,0.7227431261386955,0.7144037082944155,0.7561029518544605
2020-06-30,0.7231941585604262,0.714297322132572,0.7562603842173279
2020-07-01,0.7233681173128994,0.714279447976184,0.7561637377846877
2020-07-02,0.7234312586596978,0.7142233075660545,0.7560833053800959
2020-07-03,0.7233113456808397,0.7141984596531175,0.7558936306437919
2020-07-06,0.7231416236787747,0.7141728534396363,0.7560229641531808
2020-07-07,0.7230750772559865,0.7140340703837396,0.7560278772305734
2020-07-08,0.7228578179177626,0.7141066119966221,0.7559236405802966
2020-07-09,0.722514066558225,0.7140454888262135,0.7559559119372522
2020-07-10,0.7217737445799087,0.7139239432654667,0.7558133551383759
2020-07-13,0.7220102481302068,0.7137738246121655,0.7558830195008269
2020-07-14,0.722060154407647,0.7137213446290727,0.7559400467077461
2020-07-15,0.7224607170020112,0.7136553422367525,0.7557565830683626
2020-07-16,0.7232058014511297,0.7138443540432224,0.7557517764259878
2020-07-17,0.7230882228983371,0.7140050872148054,0.755585283734816
2020-07-20,0.7230298260372339,0.7139214490855057,0.7556492573032361
2020-07-21,0.7232696290584277,0.7136303515900686,0.755831831137818
2020-07-22,0.7227511489634119,0.7137001205018052,0.7559072399993721
2020-07-23,0.7227014024958613,0.7137921035117153,0.7559599077788139
2020-07-24,0.7227043156186527,0.7138302002690216,0.7559368408539615
2020-07-27,0.7223560777460148,0.7138381699716773,0.7560977436064551
2020-07-28,0.7227415205146427,0.7140199698672065,0.7560271631645423
2020-07-29,0.7227928878078239,0.7142402516087865,0.7561292813808214
2020-07-30,0.722502545167953,0.7141219512501309,0.7560559540699071
2020-07-31,0.7226773054040578,0.7141797175530038,0.7560398051976802
2020-08-03,0.7229063313981317,0.7140921761718491,0.7561707964544392
2020-08-04,0.7232979020823498,0.7141310803779529,0.7562500488550026
2020-08-05,0.7226182874764474,0.7142848865325213,0.756268943130911
2020-08-06,0.7223884077919136,0.7141852534738666,0.7562748801642571
2020-08-07,0.7228427398018592,0.7140937918488061,0.7563463674445687
2020-08-10,0.7224990785387265,0.7138930261994866,0.7562757721644011
2020-08-11,0.7217523985961036,0.7138739658342794,0.7562687333780772
2020-08-12,0.7222009100330339,0.7140214758259026,0.7563529012304904
2020-08-13,0.7220308321840385,0.713883190886545,0.756361882176987
2020-08-14,0.7221218031070084,0.7139445038173142,0.7562395856440164
2020-08-17,0.7223592762968606,0.7140580526574541,0.7562596314313754
2020-08-18,0.7226931930727334,0.7140166605608145,0.7561754476002958
2020-08-19,0.7225820697727937,0.7140164265689298,0.7562852322041852
2020-08-20,0.7224161156483102,0.7137938212401119,0.7562762578253234
2020-08-21,0.7220313284440418,0.7138321720115475,0.7561753009766082
2020-08-24,0.7224839425381564,0.7138446058124736,0.7561427407889832
2020-08-25,0.7226502169758985,0.7139418465283619,0.7561329728600407
2020-08-26,0.7229854301436622,0.713843534290795,0.756013313301781
2020-08-27,0.7229721348269423,0.7139376236481912,0.7562357524810666
2020-08-28,0.7228014650992973,0.7135448901676029,0.7564015714477137
2020-08-31,0.7216708016236377,0.7137730024004711,0.7563649373743117
2020-09-01,0.7209454933722046,0.7137908986368824,0.7561719428798519
2020-09-02,0.7207137278879174,0.7139275697740544,0.756168666002493
2020-09-03,0.720242522437905,0.7138549536427912,0.7562565177385733
2020-09-04,0.7200689788382458,0.7138229825011039,0.756212844353882
2020-09-07,0.7197771194471185,0.7138070651717707,0.7563008716905223
2020-09-08,0.7196090713794107,0.713931258126967,0.756483895361083
2020-09-09,0.720285147683405,0.7140290080345849,0.7565088886543027
2020-09-10,0.7205124063820597,0.7137786195123426,0.7567567049192564
2020-09-11,0.720169811709817,0.713653333970139,0.7570244938899112
2020-09-14,0.7199943863352892,0.7135108058623869,0.7569483446630547
2020-09-15,0.7196542438201178,0.7137010477852964,0.7570271743443836
2020-09-17,0.7195887320335622,0.7137180848237458,0.7569368939351738
2020-09-18,0.7194351884545988,0.7138415105117762,0.7570257075191712
2020-09-21,0.7189226081196826,0.7138080886834767,0.7570356400297487
2020-09-22,0.7194405698640798,0.7137923922319255,0.7570738350384677
2020-09-23,0.7193303470930568,0.7137874916010419,0.7572012659399937
2020-09-24,0.7189824428757177,0.7140845434313241,0.7572909949320873
2020-09-25,0.7188736780233005,0.7138352456485035,0.7573631365391368
2020-09-28,0.7182897652882166,0.7137993478795945,0.7574268805480896
2020-09-29,0.7181185195109306,0.7137935762755842,0.7572363552990828
2020-09-30,0.7179603764613488,0.7136414620332446,0.7572176791059521
2020-10-01,0.7178615337505954,0.7139372488349598,0.7573899684626357
2020-10-02,0.7175864577028426,0.7137173520220584,0.7574028420002259
2020-10-05,0.7176078408644534,0.713786870535558,0.7573570536795765
2020-10-06,0.7178463381545405,0.7136234030183184,0.7574986840177997
2020-10-07,0.7175086608482478,0.7137149878809796,0.7574793482976587
2020-10-08,0.7167678763909426,0.7135887779538401,0.7574317982881437
2020-10-09,0.7153929150563728,0.7135070722478551,0.757670223078598
2020-10-12,0.7152022257744766,0.7134670841192869,0.7576314921097063
2020-10-13,0.7152915779146042,0.7135166555036208,0.7574805127027989
2020-10-14,0.7154017700566664,0.7135567385122307,0.757512628913555
2020-10-15,0.7151205437301966,0.7137125792326164,0.7577344347154148
2020-10-16,0.7152356837163437,0.7135005080406831,0.7575499425199128
2020-10-19,0.7143148171279917,0.71347932883454,0.7579311676933449
2020-10-20,0.7141278327394008,0.713672577722873,0.7580817289198627
2020-10-21,0.7143520967228645,0.713445651293484,0.757696800841175
2020-10-22,0.7139902726366895,0.7136455965945784,0.7576246411431741
2020-10-23,0.7143393819080254,0.7136792828085756,0.7577596574725004
2020-10-26,0.7140974236347652,0.7136567475885488,0.7576070423716367
2020-10-27,0.713535103960884,0.7133300074125549,0.7577019608055042
2020-10-28,0.7128883436387776,0.7134735084267844,0.7574244897924255
2020-10-29,0.7128119088621744,0.7134789537796509,0.7574025716615261
2020-10-30,0.7130336230526595,0.7134782872918306,0.7572958859348757
2020-11-03,0.7128978076187468,0.713365840101482,0.7574156592469196
2020-11-04,0.7127048887220593,0.7135345216680131,0.7575373093062426
2020-11-05,0.7119421326884336,0.713521676435775,0.7574169598234805
2020-11-06,0.7120853299067589,0.7134167267063414,0.757588600580597
2020-11-09,0.7116201577837811,0.7134756883972313,0.7576998670947114
2020-11-10,0.711349791339182,0.7135248841519725,0.7577521269485803
2020-11-11,0.7113413819443641,0.7134250686277179,0.7578019006005488
2020-11-12,0.7114714206069681,0.7136259944972785,0.7577969725291984
2020-11-13,0.7112855808858004,0.7136719883876791,0.7579480103820689
2020-11-17,0.7105202444855124,0.7135980511458743,0.7579551639768516
2020-11-18,0.7105285184028798,0.7136360151694652,0.7580875791084934
2020-11-19,0.7104106655334272,0.7135929331707063,0.7581158800893516
2020-11-20,0.7104190788384371,0.7135638980264206,0.7581518758368204
2020-11-23,0.7104874589676194,0.7134886483997026,0.7582247732567733
2020-11-24,0.7104350400677729,0.7133332818296727,0.7580823761838511
2020-11-25,0.7101344731566382,0.7133655185309951,0.7582232547516508
2020-11-26,0.7104956098657553,0.7133809793432129,0.7582255773917433
2020-11-27,0.7106101971784263,0.7133076685069175,0.7583993587648805
2020-11-30,0.7107845828464047,0.7132764070461632,0.7584159486582301
2020-12-01,0.7108277376892778,0.7132614122887224,0.758404606647328
2020-12-02,0.710562458236498,0.7131974101185783,0.7584282866375313
2020-12-03,0.7107879327720341,0.713207611919764,0.7581352971827171
2020-12-04,0.7103754843578427,0.7131995411707993,0.7580227544918731
2020-12-07,0.7103273831146472,0.7132818621572257,0.7580749611222821
2020-12-08,0.7107415406439184,0.7132699288269977,0.758033910631674
2020-12-09,0.7109716525084053,0.7131250114752351,0.7581007497665769
2020-12-10,0.7103921161721858,0.7129265215744842,0.7582718113744739
2020-12-11,0.7106216989189912,0.7128907065989629,0.7581392356067888
2020-12-14,0.710442559449326,0.7128978715907374,0.758177236535806
2020-12-15,0.7104991285251455,0.7129414909744485,0.7581587278517997
2020-12-16,0.710310520148226,0.7127160714438862,0.7584173186093223
2020-12-17,0.7104904437862501,0.7127571842966853,0.7581806504317684
2020-12-18,0.7101986923763627,0.7128416632594042,0.7584396770956077
2020-12-21,0.7104868306004569,0.7127954604919228,0.7584491984334444
2020-12-22,0.7101554274940906,0.7125320951780253,0.7585080380409515
2020-12-23,0.709238694001427,0.7124609762899717,0.7584230375311006
2020-12-24,0.7099277869707741,0.7126190201214505,0.7583676656461918
2020-12-28,0.7094889221499985,0.7126076376474331,0.7584117469888917
2020-12-29,0.7088415210437228,0.7124351163907592,0.7584822537691003
2020-12-30,0.7087739806751968,0.7125738145804661,0.7585642946130627
2020-12-31,0.7088565868530119,0.7125504451686966,0.7586353248997354
2021-01-04,0.7091536672233014,0.7124982466068248,0.7586386522231735
2021-01-05,0.7094873457220331,0.7123389377277983,0.7586384749445939
2021-01-06,0.7090844892378114,0.7124213693374144,0.7586421159473178
2021-01-07,0.708569472795159,0.7123130712513156,0.7587995936316392
2021-01-08,0.7090996133445145,0.712314735425193,0.7587487254342277
2021-01-11,0.7094283626557597,0.7121752334751563,0.758834580164586
2021-01-12,0.7090226796379842,0.7120374161046816,0.7588697232215882
2021-01-13,0.7092595693584474,0.7123143752363859,0.7589143700295743
2021-01-14,0.7091315632986968,0.712255043987177,0.7587071769911318
2021-01-15,0.7088962081385244,0.7122032618439001,0.7586820151310797
2021-01-18,0.7094810984109857,0.7122842625346226,0.7585428997850104
2021-01-19,0.7095401798394224,0.712133195761827,0.7585941576053509
2021-01-20,0.7103560064711951,0.7121218700880894,0.758628623408076
2021-01-21,0.7100659243209353,0.7123237964444012,0.758730061976536
2021-01-22,0.7105410495081681,0.71235314813274,0.7587555120781898
2021-01-25,0.7105322734764425,0.7121224633819104,0.758585447332745
2021-01-26,0.7107650502379768,0.7122451483534045,0.7584694630106651
2021-01-27,0.7101267268295939,0.7121383369951023,0.7584721033007621
2021-01-28,0.7104132901974777,0.7121926549744257,0.7583626846641963
2021-01-29,0.7097937602312685,0.712038895069023,0.758425195124954
2021-02-02,0.7095012734509129,0.7122125837137184,0.758289858657194
2021-02-03,0.7099022365154933,0.7121325585543152,0.7582781969246115
2021-02-04,0.7099586531131028,0.7121423915605202,0.7583968844931994
2021-02-05,0.7108182611897312,0.7121974190884881,0.7585932432316281
2021-02-08,0.7116303501901033,0.7121934952542347,0.7584946815313386
2021-02-09,0.7113998956554365,0.7121127988572017,0.758482030120879
2021-02-10,0.7112417662678218,0.7118444745646072,0.7583812522233918
2021-02-11,0.7109420523636086,0.7116455825456941,0.7583221677932017
2021-02-12,0.711351538969209,0.7116729982519773,0.7584792292505594
2021-02-15,0.7115188659515165,0.711834198940872,0.7585860312057771
2021-02-16,0.7113433539592711,0.7119501488774082,0.7586513318106524
2021-02-17,0.7111667007383309,0.7117637859257452,0.7585430721648666
2021-02-18,0.710752049010033,0.7120593652275243,0.7585802590796705
2021-02-19,0.710991232603314,0.7118000526823087,0.7585227900574025
2021-02-22,0.7109353606898131,0.711927270557793,0.7585122708408856
2021-02-23,0.7108663950137032,0.7123001577332045,0.7586741702669239
2021-02-24,0.7112689171682016,0.7121788153026573,0.7586804761848303
2021-02-25,0.710687295192773,0.7121412598367779,0.758532166077214
2021-02-26,0.7106795740687292,0.7120504202319717,0.7586639364993871
2021-03-01,0.7107368064881984,0.7121538971156756,0.7584675321833908
2021-03-02,0.7103723585280675,0.7120103966811647,0.7584190488311751
2021-03-03,0.7102590810766346,0.7121710670912723,0.7583728619822984
2021-03-04,0.7105315772550972,0.712043443311503,0.7582742349777033
2021-03-05,0.7103115739618369,0.7119504919213053,0.7584234958122699
2021-03-08,0.7102466211143005,0.7122115841154867,0.7584829077186194
2021-03-09,0.7105374584684209,0.7120517099079368,0.7584257359522917
2021-03-10,0.7105388694872781,0.7118850166490509,0.7584411700579091
2021-03-11,0.7107683587200587,0.7120046758305291,0.7583623698055312
2021-03-12,0.7114520594142908,0.7119673848905305,0.7583538344979319
2021-03-16,0.711227451666296,0.7119147497067643,0.7584923344268636
2021-03-17,0.7109546503458041,0.7120465198241032,0.7586227203658273
2021-03-18,0.7108525689015621,0.7118661894572157,0.7585121182232575
2021-03-19,0.7107681156653766,0.7119801346312211,0.7583436212218063
2021-03-22,0.710822106304784,0.7117415274818324,0.7583474365558652
2021-03-23,0.7103976282782268,0.7119781605942899,0.7584040994082134
2021-03-24,0.7104517385144459,0.7120009028206506,0.7585027481614638
2021-03-25,0.7101424284848366,0.7121363453431884,0.758465238854981
2021-03-26,0.7107311064308011,0.7120071719166875,0.7585198184184636
2021-03-29,0.7107292283175226,0.7120463528602223,0.758434675243698
2021-03-30,0.7107293891505617,0.7119383425547693,0.7585544153176275
2021-03-31,0.7106529532146604,0.7119770950280521,0.7583762454556302
2021-04-05,0.7104279446354266,0.7120314767402057,0.7583336228828628
2021-04-06,0.7105581026913831,0.7118494679731664,0.7583528419704965
2021-04-07,0.7107180777038572,0.7117700336652645,0.7582927526781125
2021-04-08,0.7110684171392267,0.7119428489872932,0.7582367708181685
2021-04-09,0.7106719968506173,0.7120659371998587,0.7583335853366971
2021-04-12,0.7098066798821311,0.7119562385332262,0.7585370377792524
2021-04-13,0.7100317406270945,0.7119086712052759,0.7583508224413358
2021-04-14,0.7098761761882263,0.7120143352909084,0.758481898545388
2021-04-15,0.7096449109783646,0.711850326911003,0.7584237875165573
2021-04-16,0.7096223438264704,0.7118859487596885,0.7585360036520289
2021-04-19,0.709218481837879,0.7116650985799834,0.7587795365265332
2021-04-20,0.7096296311266813,0.7116451723121161,0.758716267243964
2021-04-21,0.7098593565402995,0.7118089431229366,0.7587375298713793
2021-04-22,0.7099132484103277,0.7117901050511878,0.758968003602345
2021-04-23,0.7103887990053198,0.7118649986390291,0.7588382793272783
2021-04-26,0.7102491329520383,0.7117410796926911,0.7590208304145201
2021-04-27,0.7104227755922019,0.7115182964349128,0.7589552551948355
2021-04-28,0.710711390148212,0.7116728795959736,0.7590204780351214
2021-04-29,0.7106693506084335,0.7116172350879763,0.7588688391253579
2021-04-30,0.7098645836139553,0.7116299803762666,0.7588441834145173
2021-05-03,0.7098680876186445,0.7113007018936801,0.7588207378757326
2021-05-04,0.7099751878897437,0.7112799360367453,0.7586662160784954
2021-05-05,0.7101553294841632,0.711351830769227,0.7586829926487647
2021-05-06,0.7101577744617339,0.7114036313494585,0.758789409235686
2021-05-07,0.7102746046471295,0.7113675340298968,0.7588605699009233
2021-05-10,0.710434246023515,0.7112193071558052,0.7587017707177751
2021-05-11,0.7107386995396796,0.7112866073583983,0.758534729263994
2021-05-12,0.71090077457274,0.7114143976638757,0.7584695812580388
2021-05-13,0.7106279044339425,0.7113716392026721,0.7584461647225229
2021-05-14,0.7110202921369788,0.711345695929482,0.7584754371532096
2021-05-17,0.7114139464389747,0.7114256856291358,0.7587651724534304
2021-05-18,0.7114646220325768,0.7114664259373652,0.7586028068584809
2021-05-19,0.7115191111249691,0.7115700783202578,0.7585775629228747
2021-05-20,0.7118569463292366,0.7115695617947937,0.7584742583514711
2021-05-21,0.7120979991283228,0.7114969652469049,0.7584058783629875
2021-05-24,0.7125218932502936,0.7117194470029939,0.7583491942752493
2021-05-25,0.712006982684951,0.7116683218623175,0.7583122604673193
2021-05-26,0.7118865614630933,0.7118848323636533,0.7585790816188861
2021-05-27,0.7122360178825867,0.7115874866381943,0.7585574165032049
2021-05-28,0.712000265690465,0.711834085842498,0.7587220411924949
2021-05-31,0.7117491992215882,0.7118741183301207,0.7585523632860451
2021-06-01,0.7116358122539687,0.7119208823044578,0.7586008543291335
2021-06-02,0.711519177952888,0.7116724336048738,0.7585834558245442
2021-06-03,0.7116201357406573,0.7117404177631943,0.7586210842154689
2021-06-04,0.7115879855203863,0.7117419691052975,0.7586746753094991
2021-06-07,0.7110847807307483,0.7118148515936144,0.7587263670621452
2021-06-08,0.7118903277833892,0.7115450303535554,0.7586965366075739
2021-06-09,0.712465386544035,0.7116623416118043,0.7588756379994047
2021-06-10,0.7125801720988797,0.7115488568491556,0.7589242574035572
2021-06-11,0.7124172291486071,0.7118843975107014,0.7588200342043385
2021-06-14,0.7125252803865106,0.7117573833390151,0.7588039715106175
2021-06-15,0.7126402288686169,0.7117715785391165,0.7588684220432196
2021-06-16,0.7124116471983555,0.7115214716774877,0.7588926772378768
2021-06-17,0.7121033736539722,0.7117938279998147,0.7590579516991733
2021-06-18,0.7120911914586168,0.7117381398460799,0.7590791263098723
2021-06-21,0.7121546009098488,0.711864199058659,0.7588746214182173
2021-06-22,0.7122188040251137,0.7118893123099667,0.7589291540572162
2021-06-23,0.7126382054286426,0.7119365455342103,0.7587029844289516
2021-06-24,0.712349691189174,0.7118834911022031,0.7589065922833135
2021-06-25,0.7119495508474167,0.71182395475803,0.7589515767166165
2021-06-28,0.7117606722253144,0.7116745571072813,0.7588572088934908
2021-06-29,0.7116824841651027,0.7117784683970014,0.7590188205743799
2021-06-30,0.7119294286253214,0.7119062276961549,0.7589127937400444
2021-07-01,0.712283359001029,0.7117994724061742,0.7589739090127324
2021-07-02,0.7130857956879788,0.7118244272197192,0.7589594304683314
2021-07-05,0.713316063240615,0.7119316645756165,0.7590034875811482
2021-07-06,0.7133191346109387,0.7116594082345487,0.7589393099984594
2021-07-07,0.7132490133103709,0.7117424721877063,0.7588994612812024
2021-07-08,0.7132560409903459,0.7113286996771226,0.7587811293304318
2021-07-09,0.7134893958386235,0.7112186533362326,0.7589975542217072
2021-07-12,0.7134936283951022,0.7110802170162245,0.7588418146870931
2021-07-13,0.7129796808402185,0.7112083742816024,0.7589599064268612
2021-07-14,0.7128513704780018,0.7110978391878211,0.7592265795554756
2021-07-15,0.7128493637657766,0.7109766529153743,0.759064866075348
2021-07-16,0.7132521429995512,0.7111630326924164,0.7589439959052422
2021-07-19,0.7126154824238049,0.7110868862840272,0.7590041835485564
2021-07-20,0.7127855954851556,0.7107598325812867,0.7590903674111947
2021-07-21,0.7127246356349999,0.7109226783743873,0.7591860616346454
2021-07-22,0.7126174111509233,0.7108468721746803,0.7593782571896504
2021-07-23,0.7122308474804131,0.7109464473172227,0.7591444287375384
2021-07-26,0.711998744529526,0.7107960282043447,0.7593423434244305
2021-07-27,0.7119895302913826,0.7109231965316396,0.7591574398285799
2021-07-28,0.7122744717490935,0.7110558688821655,0.7593352621181062
2021-07-29,0.712809929977214,0.7109174534203028,0.759285594022518
2021-07-30,0.7131618053669913,0.7108650798440849,0.7592824594214743
2021-08-02,0.7130478840483047,0.7106515213449105,0.7591298581025947
2021-08-03,0.713917891421089,0.710629527142925,0.759138033871136
2021-08-04,0.7136357073526515,0.7106164142726054,0.7590763239171562
2021-08-05,0.7136258781933464,0.7108749990725494,0.7591662647728679
2021-08-06,0.7135123324488419,0.7107587337630665,0.7590220805765052
2021-08-09,0.713923433769766,0.7107065238590873,0.7590750190815732
2021-08-10,0.7141569674454703,0.7106161755535928,0.7589723300953346
2021-08-11,0.7150753836832855,0.7108697169286942,0.7589790804231759
2021-08-12,0.7162925332650372,0.710846640292259,0.7588299858836995
2021-08-13,0.7169104656570936,0.7108074678422002,0.7589424720976898
2021-08-16,0.7172555703396328,0.710433233516356,0.7589618298873323
2021-08-17,0.7181144588560731,0.7105484977865599,0.7590571435389377
2021-08-18,0.7186953399606013,0.7102858738157645,0.7590321328771653
2021-08-19,0.7187573268416634,0.7104472675967777,0.7590433698750175
2021-08-20,0.7197291099630745,0.7104615490593212,0.7593748045171471
2021-08-23,0.7198484994869222,0.7105228979455827,0.7592149754281367
2021-08-24,0.719728111055135,0.7105408822443442,0.7592135650295914
2021-08-25,0.7207545971637898,0.7105114931128146,0.7594345609385815
2021-08-26,0.7211590308782376,0.7105574604669185,0.7595892920802717
2021-08-27,0.7212786623486415,0.7104226865336304,0.7594654468286335
2021-08-30,0.7215621730308223,0.7104924546182533,0.7594111570645724
2021-08-31,0.7222523210589105,0.7104616421815976,0.7594416028220027
2021-09-01,0.7218637011450508,0.7107430011635533,0.7593506768623051
2021-09-02,0.7220793342381011,0.7105783288988977,0.759497229001516
2021-09-03,0.7223148839060896,0.710510597420191,0.7594501001392806
2021-09-06,0.7225029137436099,0.710353510311092,0.7593204219407229
2021-09-07,0.7227867274975789,0.7104265794704054,0.7594660096087478
2021-09-08,0.7233071959206728,0.710397867721001,0.759316592648969
2021-09-09,0.7231279269231328,0.7104675063791971,0.7595230484216853
2021-09-10,0.7235836150185377,0.7106309281476133,0.7596496666691318
2021-09-13,0.7240939353881171,0.7106656436828838,0.759701853589051
2021-09-14,0.7241613796858748,0.7105764338913904,0.7595653206309804
2021-09-15,0.7244358196567283,0.7106266169891652,0.7596439348828132
2021-09-17,0.7241995223449061,0.7108063300786501,0.7594350791235193
2021-09-20,0.7240866041817343,0.7107746174210946,0.759472839011951
2021-09-21,0.7243610972178752,0.7106958395421148,0.7598278297831849
2021-09-22,0.724416765830819,0.7106328145083246,0.7597412215910551
2021-09-23,0.7244631167899652,0.7103592192465826,0.7598857647074962
2021-09-24,0.7245772418200315,0.7103492003307482,0.7599468815386594
2021-09-27,0.7247515383636036,0.7100890670552766,0.7600503077810784
2021-09-28,0.724853206579092,0.7101549512282849,0.7599771682978134
2021-09-29,0.7252509373005861,0.7101590464557804,0.7599806069788476
2021-09-30,0.7257576144628344,0.7103058579139625,0.7602038774412525
2021-10-01,0.7258273656958568,0.71025541085916,0.760194199823877
2021-10-04,0.7258968857884804,0.7103383136706353,0.7602629131148967
2021-10-05,0.7261732061521329,0.7102790924060125,0.7600438725629168
2021-10-06,0.7261767341017265,0.7102674586297735,0.7601145028313792
2021-10-07,0.7262517035528863,0.7100393402175295,0.759763799161756
2021-10-08,0.7263512095836099,0.7102198363344064,0.7599239462014882
2021-10-11,0.7260814102383399,0.7099486765884466,0.7597072297324363
2021-10-12,0.7263625311736508,0.7101720595643876,0.7597262810278628
2021-10-13,0.7269347038131163,0.7101245222555627,0.7598033683278779
2021-10-14,0.7270571664149997,0.7101304002309534,0.7600555628997567
2021-10-15,0.7269543977803892,0.7101896947558023,0.7601198465772914
2021-10-18,0.7277411756732938,0.7101513458697216,0.7602222548719592
2021-10-19,0.7283204579527106,0.7103192187695222,0.760263642471734
2021-10-20,0.7288965085813143,0.7104452431923741,0.7604226050624849
2021-10-21,0.7289129076060777,0.7102843413599526,0.7603404303577294
2021-10-22,0.7286251743953466,0.7100702015356556,0.7601041488660669
2021-10-25,0.7282173753377248,0.7101771086427321,0.760121805004248
2021-10-26,0.7285113317558268,0.7102925108971658,0.7601296013029213
2021-10-27,0.7288520771312433,0.7102575240794385,0.7601508421367638
2021-10-28,0.7287993261090724,0.7103509084510413,0.7601064213440238
2021-10-29,0.7287992558965439,0.7102294479457844,0.7602614596556937
2021-11-01,0.7293755829334259,0.7102772000962085,0.7601022025792531
2021-11-03,0.729831349644478,0.7104201323513579,0.7602213810691986
2021-11-04,0.7301766797975592,0.7102593959609167,0.7602432309153611
2021-11-05,0.7302758328420842,0.7101935424393871,0.7602742731405253
2021-11-08,0.7308884109809982,0.7102392488174316,0.7604096349531043
2021-11-09,0.7313780268798746,0.71015834401973,0.7601833319200194
2021-11-10,0.7312052977511361,0.7102488872654221,0.7603839979147387
2021-11-11,0.7315572221339002,0.7102526618375201,0.7604110150179642
2021-11-12,0.7324485401917717,0.7103136021668858,0.7603956275281031
2021-11-16,0.7325613511904052,0.7102120929826761,0.7605763060549171
2021-11-17,0.7326633518037599,0.7102840448042196,0.7604782840944793
2021-11-18,0.7331113907424045,0.7102158465800661,0.7603744911871365
2021-11-19,0.7332340648940503,0.7101856960210662,0.7602988200129939
2021-11-22,0.7338537780081227,0.7102859304110641,0.7605269928822131
2021-11-23,0.7338561120068231,0.7101180281221929,0.7606813338619219
2021-11-24,0.7336977174701063,0.7101856378600974,0.7607444459277337
2021-11-25,0.7334793002415609,0.7100949318522068,0.7604498527572169
2021-11-26,0.7330340480776028,0.710126576095811,0.7604924025980881
2021-11-29,0.7333224141652024,0.710317388527389,0.7606507230532598
2021-11-30,0.7333721120433148,0.710304400532373,0.7606564704277475
2021-12-01,0.73381911957583,0.7101455876967585,0.7605217732000459
2021-12-02,0.7329339327159762,0.7100991366895173,0.760567522711614
2021-12-03,0.7330978311657761,0.710138875406823,0.7605353179577334
2021-12-06,0.7332623484788818,0.710043564131469,0.7609255410898178
2021-12-07,0.7330329869205244,0.7103599913904696,0.760859332419262
2021-12-08,0.7331410045616147,0.7103768647403494,0.7607734567470954
2021-12-09,0.7339190969914414,0.7103128318402518,0.7607253169879581
2021-12-10,0.7340301558394517,0.7104108309607775,0.7604641788837692
2021-12-13,0.7338725495629763,0.7103294880290915,0.7607923399991254
2021-12-14,0.7344376079679614,0.7106148754566582,0.7607982099076236
2021-12-15,0.7345985597762165,0.7105872142515258,0.760776225965314
2021-12-16,0.7346048148985843,0.7105543941256078,0.7608236871167077
2021-12-17,0.7348175811355633,0.7104520850781381,0.7608173771438307
2021-12-20,0.734079438724742,0.71014579036906,0.7605757706253576
2021-12-21,0.7339004508105522,0.7102537324569379,0.7605721616743607
2021-12-22,0.7340850245489962,0.7104574463225236,0.7607524585284139
2021-12-23,0.7341923597863326,0.7103946628265269,0.7610323670051834
2021-12-24,0.734649531900137,0.7102670587931091,0.7609732772607696
2021-12-27,0.7343637350240451,0.7102194260241379,0.7608729292177948
2021-12-28,0.7345296364860918,0.7102443287950109,0.7611046900382124
2021-12-29,0.7341950269741582,0.7100135261684413,0.7611718687263223
2021-12-30,0.734301042316898,0.7100079974676289,0.7610956666800383
2021-12-31,0.7340790048399943,0.7100189962614608,0.7610495573674494
2022-01-03,0.7343148045089641,0.710012726766392,0.7611764729998005
2022-01-04,0.734426074093437,0.709939570934794,0.760973741239093
2022-01-05,0.7342445960821904,0.7097879610411824,0.7609021649165045
2022-01-06,0.734181737480406,0.7098000578128371,0.760676200361265
2022-01-07,0.7344659450364354,0.7098762051951426,0.7606922593193047
2022-01-10,0.734189586993707,0.7097147112881366,0.7608710767947503
2022-01-11,0.7339637683271886,0.7098287607108288,0.7608424687035623
2022-01-12,0.7339774606462026,0.7100204474791583,0.7610490998867494
2022-01-13,0.7343136301210114,0.709909634940216,0.7611017800822022
2022-01-14,0.7342641063455553,0.7100913714331553,0.7609815387965858
2022-01-17,0.7345343647667089,0.7101557651119471,0.761148495534384
2022-01-18,0.7342604081735011,0.7099440151552417,0.7610486167458489
2022-01-19,0.7344344536548718,0.7100090805090035,0.7614024877974945
2022-01-20,0.7346755022083217,0.7100701850268042,0.7612999671421039
2022-01-21,0.7340096145381327,0.7096792679270765,0.7612954507546758
2022-01-24,0.7335038992741539,0.7099546779406132,0.7613775761098917
2022-01-25,0.7338928947018786,0.7094961323938962,0.7614154110699533
2022-01-26,0.733828713231695,0.7094045972670707,0.7613731901649132
2022-01-27,0.7341740927104037,0.7093915104596038,0.7614690420821604
2022-01-28,0.7349603289298656,0.7092627346633823,0.7615909224619802
2022-01-31,0.7344116378112107,0.7092191536520414,0.7614320331987822
2022-02-01,0.7344815482667163,0.7089891525789775,0.7613598781593892
2022-02-02,0.7352162116855144,0.708935472512437,0.7611591633586332
2022-02-03,0.735656563560446,0.7089175172210515,0.7611083910615112
2022-02-04,0.7359378414766329,0.7089451874249854,0.7610568634971367
2022-02-08,0.7362733843802763,0.7088675433179045,0.7612701367355801
2022-02-09,0.7366709598874044,0.7089020417819918,0.7610370602610265
2022-02-10,0.7366112603369923,0.7088348786466687,0.7611546428194983
2022-02-11,0.7372704511503901,0.708690188210445,0.7612481341705679
2022-02-14,0.7366134134244906,0.7088462167725368,0.7614382948724338
2022-02-15,0.7362145216712485,0.7089289648073644,0.7614917423677722
2022-02-16,0.7360603003767116,0.7088915427867296,0.7613844130802006
2022-02-17,0.7362266955729284,0.7088400066461392,0.7614676180427786
2022-02-18,0.7363936420356058,0.7088678434773685,0.7614471323479913
2022-02-21,0.7366639131327212,0.7088412872698542,0.7613874308856875
2022-02-22,0.7365380066883594,0.7088229319319315,0.7613050883008968
2022-02-23,0.7360916944725172,0.7089581869876269,0.7614254135638139
2022-02-24,0.7362563106522219,0.7089489576553047,0.7613936769087509
2022-02-25,0.7356995926839048,0.7090085814519785,0.7614999228073602
2022-02-28,0.7358105972865329,0.7088762019498476,0.761650118947752
2022-03-01,0.7356867247543601,0.7088008462356633,0.7615127469591194
2022-03-02,0.7358592841127106,0.7090058736458461,0.7615446350583338
2022-03-03,0.7358078797404177,0.7088011079905978,0.7615203226405793
2022-03-04,0.7359788160036607,0.7089565176150289,0.7616086346787886
2022-03-07,0.7356369947698684,0.7089416068408211,0.7616133812863927
2022-03-08,0.7357396300510811,0.7090935585512235,0.7616767963341874
2022-03-09,0.7350097127825268,0.7093229041689965,0.761706250145443
2022-03-10,0.7350177115979261,0.7092619384961325,0.7618500183999511
2022-03-11,0.7352447809407492,0.7091828399582405,0.7619563087240792
2022-03-14,0.7357517690341118,0.7091275211462077,0.7619270156001908
2022-03-15,0.7367477543306193,0.7090976749960322,0.7619572170272505
2022-03-16,0.7370163864331359,0.7092427809000661,0.7619189994482498
2022-03-17,0.7372949018655139,0.7091145419624433,0.761820840817111
2022-03-18,0.7370174196875559,0.709191873581575,0.7618429528442602
2022-03-22,0.7366404688705801,0.7092000108701704,0.7619089466342438
2022-03-23,0.7368498683742708,0.7091667196218747,0.7617879674043809
2022-03-24,0.737678013580489,0.7093955835108379,0.7618516716254338
2022-03-25,0.7376327233701566,0.709271298545499,0.7621308682213771
2022-03-28,0.7378528408084065,0.7092059443467562,0.7622408232216312
2022-03-29,0.7375845901931416,0.7091042049828803,0.7621948234640668
2022-03-30,0.7377022776430173,0.7089254675019491,0.7621654855987381
2022-03-31,0.7377587357738363,0.7087135343454712,0.7621075267673
2022-04-01,0.7380389240926901,0.7088322024531686,0.7618822666399704
2022-04-04,0.7388234861002475,0.7089924862451574,0.7621052844126086
2022-04-05,0.7391623423677421,0.7090647321537923,0.7619955700081187
2022-04-06,0.7393277074989015,0.7089571475430825,0.7620799608140378
2022-04-07,0.7394355917965043,0.7088713521773825,0.7618790085779025
2022-04-08,0.7394321284315689,0.7089420945691061,0.761986645128619
2022-04-11,0.74048577177797,0.7089804963469627,0.7620139248314901
2022-04-12,0.7403781400158325,0.7089962541620257,0.7618172624570894
2022-04-13,0.7402199978353582,0.7089619713803251,0.7619600228407051
2022-04-18,0.7401074967065276,0.7090469368764094,0.7619982217150824
2022-04-19,0.7402784001896997,0.7089027900247993,0.761834623317625
2022-04-20,0.7403320224142296,0.7092944931579741,0.7618334552114302
2022-04-21,0.7403985864770576,0.7089971968189192,0.7620169868889914
2022-04-22,0.7413361007884803,0.7091264655354615,0.7620342829982569
2022-04-25,0.7412167085450609,0.7088837733568558,0.7619628068048409
2022-04-26,0.7413811968230211,0.7090709152737243,0.7618871255021974
2022-04-27,0.7413235433583706,0.7090117484322598,0.7619683438961457
2022-04-28,0.7414172007008013,0.7091808106613369,0.762090475764922
2022-04-29,0.7413607036328691,0.7090802235268938,0.762242090563877
2022-05-02,0.7410937540474416,0.709098012710275,0.7623339931067215
2022-05-03,0.7406516673732296,0.7090343387541177,0.7623193539595826
2022-05-04,0.7404253526828908,0.7091394846925361,0.7623125086757802
2022-05-05,0.7400290113371483,0.7090942605143349,0.7622338727847994
2022-05-06,0.7398103514923281,0.7091524083392255,0.7622827633428105
2022-05-09,0.7398552483729641,0.7091620448289925,0.7621402605826244
2022-05-10,0.7398664974097207,0.7091565030466688,0.7621449775117529
2022-05-11,0.7399845845415788,0.7091488330584343,0.7622447460825277
2022-05-12,0.7401526323003357,0.7089043495109345,0.7623597798360694
2022-05-13,0.7401436171168347,0.7090326201187328,0.7624442388080619
2022-05-16,0.7396330398222482,0.7090706712735656,0.7627805215159166
2022-05-17,0.7395163311488657,0.7090134011515369,0.7626917880624497
2022-05-18,0.7385100738056563,0.7091577379182656,0.7626770021177098
2022-05-19,0.7385546102663127,0.7090928226414996,0.7625189522492059
2022-05-20,0.7382211263507255,0.7090827566104322,0.7627534675972529
2022-05-23,0.7385608847567057,0.7091296040494911,0.7625524226299457
2022-05-24,0.7385577466606295,0.7089882775132044,0.7627249859637191
2022-05-25,0.738838977427954,0.708968580504811,0.7626244849994672
2022-05-26,0.7390107105760372,0.7089827874418783,0.7627909294730879
2022-05-27,0.7387810847257422,0.7089496108040635,0.7625976519482822
2022-05-30,0.7394939065345236,0.7088191459947654,0.7625991421391287
2022-05-31,0.7395049522736916,0.7087647981239525,0.7625194798399362
2022-06-01,0.7396613578737139,0.7087087648926923,0.7626168360898647
2022-06-02,0.7399312902504379,0.7087891010986355,0.7627658505261239
2022-06-03,0.7403743911838381,0.708605545142706,0.7626831591664571
2022-06-06,0.740367148411444,0.7086983516714498,0.7626488783596842
2022-06-07,0.7408031075719897,0.7087189914319562,0.7625893418508026
2022-06-08,0.7408092593426965,0.7087447513945507,0.762860806469999
2022-06-09,0.741199782748977,0.7087169887267982,0.7628796171514199
2022-06-10,0.740810303410349,0.7088207269294422,0.7628132941242912
2022-06-13,0.7405348073021787,0.7087417358893353,0.762870878441149
2022-06-14,0.7401544143196914,0.7087335883983237,0.762774855119043
2022-06-15,0.7405318393396663,0.7085176244798939,0.7626815518668413
2022-06-16,0.7400874575844413,0.7084180454103167,0.7628000496734874
2022-06-17,0.740249592578119,0.7085258845332525,0.7627046323493661
2022-06-20,0.7402579880053701,0.708467312851363,0.7628385320697428
2022-06-21,0.7399751415687252,0.7084184808124379,0.7625012138119008
2022-06-22,0.7398090143473117,0.7085631182420347,0.7628818242856749
2022-06-23,0.7394790743849173,0.7086500442502608,0.7630354156319172
2022-06-24,0.7390856136877495,0.7085884282309568,0.7630601525473064
2022-06-27,0.7392454788044563,0.7084832608925512,0.762796424463451
2022-06-28,0.739410703948612,0.7083216215703828,0.7631997275640647
2022-06-29,0.7397371821988136,0.7084579768616577,0.7631136656971802
2022-06-30,0.739787106575002,0.7082705545183887,0.7630801397944923
2022-07-01,0.7400065336017189,0.7081997520708891,0.7629508632814728
2022-07-04,0.7402367162461186,0.7082088082302523,0.7630458341380707
2022-07-05,0.7403664028542137,0.7081473263583901,0.7630568482826652
2022-07-06,0.7401456690563014,0.70820058260999,0.7632831969001524
2022-07-07,0.7398667546762179,0.7082979130727208,0.7630926026795463
2022-07-08,0.7399830406995616,0.7083518599240267,0.7630776273218053
2022-07-11,0.7400874409652293,0.708309767630798,0.7629776835069537
2022-07-12,0.7406409121541923,0.7082409084621748,0.7630592970447526
2022-07-13,0.7405282618242485,0.7084084709592446,0.7630550736649437
2022-07-14,0.7411361176500268,0.7083083838877584,0.7630707050340847
2022-07-15,0.7411949614050194,0.708139431576496,0.7630005732769505
2022-07-18,0.7410270010457379,0.7084747089241618,0.7630602647074967
2022-07-19,0.7408671446974747,0.7083725516031371,0.7632016746735909
2022-07-20,0.7407018444144218,0.7079891057689569,0.7631991660217986
2022-07-21,0.7409855081130902,0.7079099854317364,0.7632464625371977
2022-07-22,0.7408268344892004,0.7081078247865535,0.7631836454911861
2022-07-25,0.7412662649991514,0.7082873633126777,0.7633601377543291
2022-07-26,0.7412718627002559,0.7084533115231874,0.7634109712535239
2022-07-27,0.7412159271821256,0.7084469300847824,0.7632717304915888
2022-07-28,0.7410931091595367,0.708391499213022,0.7632406678816074
2022-07-29,0.7419301083142698,0.7081979123049277,0.7631311430822997
2022-08-01,0.7419943872514649,0.7082191377249888,0.7631138670303687
2022-08-02,0.7423860025749742,0.7082971546804184,0.7631334675234324
2022-08-03,0.7426629313055105,0.7081607643453564,0.7632534532725422
2022-08-04,0.7430508390396198,0.7083368197756501,0.7634613300729014
2022-08-05,0.7429416534509312,0.7085091583087146,0.7634815951292884
2022-08-08,0.7427792487547351,0.708485429267785,0.7633467524652018
2022-08-09,0.7425479963477404,0.7086840098018242,0.7633806237920019
2022-08-10,0.7425420525303326,0.7088556854085636,0.7634463964148659
2022-08-11,0.742433296360161,0.708995373684311,0.7631645656715085
2022-08-12,0.7423268749408546,0.7089878551193186,0.7630995281919251
2022-08-15,0.7427689081100494,0.7088220130476129,0.7632725936374682
2022-08-16,0.7427654171988297,0.7088634975778259,0.7632409685614757
2022-08-17,0.7429831635426624,0.70876683744684,0.7633020778344037
2022-08-18,0.7434771287076254,0.7088756413891762,0.7632979956996061
2022-08-19,0.7434201626993482,0.7087704396788743,0.763336918341574
2022-08-22,0.7435380569895517,0.7090254772820522,0.763339462231554
2022-08-23,0.7438163974394151,0.708826529529466,0.7634195158174159
2022-08-24,0.7437104303427652,0.708793057004366,0.7636688801041496
2022-08-25,0.743255480825991,0.7086101671599636,0.7636421638823865
2022-08-26,0.7435936300840833,0.7087690877437081,0.7638173806881251
2022-08-29,0.7430871851689589,0.7087320783655782,0.7635642066037689
2022-08-30,0.7429690766912728,0.708593908052469,0.7635252623903007
2022-08-31,0.7429135887045302,0.7086126053438075,0.7634058107789892
2022-09-01,0.7429024503406618,0.7084286482622575,0.7634840788260214
2022-09-02,0.7426801166142133,0.7085565596824097,0.7635336759761769
2022-09-05,0.7425687027558716,0.7086625504439531,0.7632547238294712
2022-09-06,0.74261213252273,0.708527151352012,0.7631428372259182
2022-09-07,0.7428394960909127,0.7086272915730043,0.7631976250120824
2022-09-08,0.7426174757409655,0.7085936992833627,0.7632623109107902
2022-09-09,0.741952410391455,0.708566310290745,0.7635289438649896
2022-09-12,0.7416356039902601,0.7085969168558252,0.7635181505990103
2022-09-13,0.7412965387381805,0.7087307450693079,0.7635273523587229
2022-09-14,0.7415226501583666,0.7087685851077719,0.7635835827288173
2022-09-15,0.7419007141401579,0.708548586209766,0.7633588421941716
2022-09-19,0.7421239934790477,0.7088030733582962,0.7633495904482074
2022-09-20,0.7422814178025494,0.7086539715074645,0.7634139279692352
2022-09-21,0.7423326443602439,0.7082910059424754,0.763360082676418
2022-09-22,0.7418377215644865,0.7085453940420665,0.7632590510766929
2022-09-23,0.7414534176683261,0.7085827889168314,0.7630235192597887
2022-09-26,0.7406869363508557,0.7085975781667222,0.7631638845293165
2022-09-27,0.7408522690328487,0.7084473579705962,0.763292791287683
2022-09-28,0.7411690658457203,0.7085333026505002,0.7633624528905159
2022-09-29,0.7409450846594041,0.7085941325708455,0.7634804322549006
2022-09-30,0.7406220564495168,0.708517495653522,0.7635303615669569
2022-10-03,0.7403853994079861,0.7084927592490852,0.7634762317292728
2022-10-04,0.7400436594908837,0.7082249517049496,0.7632731987817002
2022-10-05,0.7399914840450033,0.7082105477909912,0.7633036741238098
2022-10-06,0.740374410773445,0.7083369154156808,0.7632915067204835
2022-10-07,0.7400843239180107,0.7084425899542753,0.7633125085208035
2022-10-10,0.7405337614886941,0.7085601455526352,0.7633461359347542
2022-10-11,0.7403119159094776,0.7084266768310327,0.7632310169115101
2022-10-12,0.740486894707545,0.7083573500270852,0.7632808419088662
2022-10-13,0.7406485009963438,0.7084202710649183,0.7631907229897439
2022-10-14,0.7408812746810804,0.708394993529392,0.7632867168924593
2022-10-17,0.7405558684870068,0.7080935304828745,0.7633687712786231
2022-10-18,0.7402894112414573,0.7081940558058325,0.7634551975076938
2022-10-19,0.7400038407721221,0.70818393626971,0.7635077443814153
2022-10-20,0.7401252579658985,0.7080164603583593,0.7636087450961214
2022-10-21,0.7406287150602235,0.7082928199028075,0.763548692333458
2022-10-24,0.7406293671210832,0.7084456188501405,0.7637271371791293
2022-10-25,0.7405247950525465,0.7084337430289057,0.7634823024084147
2022-10-26,0.7401952517772736,0.7085416753789833,0.7634866246077068
2022-10-27,0.7406332118425469,0.7083237652663301,0.7634011075415261
2022-10-28,0.7412901028749882,0.7084412754681851,0.763594332265444
2022-10-31,0.7406863918322943,0.7084967344648874,0.7636985833535744
2022-11-01,0.740696258737571,0.7084700557373182,0.7634998153716177
2022-11-03,0.7405229570449982,0.7082250135020408,0.7637251526074392
2022-11-04,0.7403886995161612,0.7082498913052274,0.763664589745284
2022-11-07,0.7406053116485487,0.7082837407940511,0.7635199135613336
2022-11-08,0.740771918911792,0.7084216301145877,0.7636349427531041
2022-11-09,0.7406647473201131,0.7081091673038092,0.7634905234267632
2022-11-10,0.740108929667837,0.7084195068163998,0.7634820909591348
2022-11-11,0.7397042645223035,0.7081989839914352,0.7636499951257197
2022-11-14,0.7393271338366199,0.7081667506140877,0.7635794733981247
2022-11-15,0.7393876153135577,0.7081563598009563,0.7633326794387248
2022-11-16,0.7392771110324231,0.7082250139596876,0.7635078188717582
2022-11-17,0.7396624315873113,0.7081742446539069,0.7636266369690766
2022-11-18,0.7394884308045788,0.708114671271593,0.7637520216118217
2022-11-22,0.7395988260537778,0.7079045092112957,0.7636974999343179
2022-11-23,0.7390327608083004,0.7079464023778741,0.7636547336188382
2022-11-24,0.7392570258346423,0.7081698623407637,0.7639453832183741
2022-11-25,0.7396024629019946,0.708225606896512,0.7637039176220591
2022-11-28,0.7395032720933397,0.7080186416827702,0.7633542806806326
2022-11-29,0.7394456135595061,0.7078937572043439,0.763410897194355
2022-11-30,0.7386584198973855,0.7079432476848266,0.7635833204878446
2022-12-01,0.7385549942275842,0.7078669361040077,0.7634314518597866
2022-12-02,0.738167827017855,0.707690451840274,0.7633418278361632
2022-12-05,0.7382774195458787,0.7076299307561837,0.7634988666389976
2022-12-06,0.7385575111240984,0.7076658801369005,0.7634334320191523
2022-12-07,0.7386287388668558,0.7074457925416648,0.763558778956075
2022-12-08,0.7384686471629682,0.7074625495977045,0.7635693511919857
2022-12-09,0.7384635638980851,0.7073025401555149,0.7634025176696331
2022-12-13,0.7387414221452461,0.7075671814742273,0.763487712564788
2022-12-14,0.7392313652330508,0.7076938723848407,0.7634304537144113
2022-12-15,0.7386171850947784,0.7077289381534232,0.7632812100652773
2022-12-16,0.7388902139855483,0.7075641801943641,0.7633034692653842
2022-12-19,0.7391097267580127,0.7075726607486701,0.7633240624922786
2022-12-20,0.7397797097485939,0.7075741670959605,0.7633986301090111
2022-12-21,0.7398364865142185,0.7073612373999287,0.7633951323592646
2022-12-22,0.7393394849629855,0.7073695962296705,0.7638401184728955
2022-12-23,0.7390720334799368,0.7075645226651625,0.7637402736745956
2022-12-26,0.739281943919412,0.7074175285654393,0.7639215832963839
2022-12-27,0.7398296293079322,0.7074087141533484,0.7638512161193328
2022-12-28,0.7390426765317852,0.7069793042409032,0.763715110646032
2022-12-29,0.7390356609725304,0.7071234054535855,0.7637032742682134
2022-12-30,0.738629738011423,0.7071935801762858,0.7636855870967394
2023-01-02,0.738508692303277,0.707013322265579,0.7633553134627775
2023-01-03,0.7385731956722501,0.7069101431279484,0.763370715917122
2023-01-04,0.7381849457522369,0.7068674689005476,0.7635367431523554
2023-01-05,0.7379068621379791,0.7070675636771533,0.7638111338330188
2023-01-06,0.7372841339794984,0.7069454584754372,0.7638432707210117
2023-01-09,0.7368491757263405,0.7070507395014719,0.7638487263624499
2023-01-10,0.7368440489850211,0.7071694119824068,0.7639457708743166
2023-01-11,0.7366623646914231,0.7071001151353467,0.7639194397873931
2023-01-12,0.7366486537409187,0.7069161511799772,0.7638983226677789
2023-01-13,0.7367546976149,0.7070570012508698,0.7637898927682321
2023-01-16,0.7362004508123993,0.7070267926122352,0.7637396275573641
2023-01-17,0.7361436006168479,0.7071250349705133,0.7637087738884634
2023-01-18,0.7360986142934915,0.7072861784070704,0.7637326367717818
2023-01-19,0.7358625698197927,0.7073488508883643,0.7638062443668057
2023-01-20,0.7360297199417255,0.7073129661362938,0.7638988995844714
2023-01-23,0.7361361257349106,0.7072965788231806,0.7640183011032674
2023-01-24,0.7367876997549564,0.7073038805035436,0.7636631821046412
2023-01-25,0.73645062556993,0.707212573983676,0.7634925961994259
2023-01-26,0.7364411254724191,0.707305920769063,0.7636010650374204
2023-01-27,0.7367750248911923,0.7071695698250753,0.7634259474539415
2023-01-30,0.7366710850299169,0.7073416904918679,0.7634734451130749
2023-01-31,0.7366095905709938,0.7073999496866797,0.7634744983130928
2023-02-01,0.7359340708949793,0.7073428196849917,0.7635136106228414
2023-02-02,0.7357589420475663,0.7075234456537387,0.7637270468649004
2023-02-03,0.7358167443739815,0.7075117956260818,0.7636872698686471
2023-02-07,0.7355580801955365,0.7074360130341855,0.7637124927660984
2023-02-08,0.7351632467509603,0.7072895541037164,0.7637211118255759
2023-02-09,0.7353275608094215,0.7071685470952676,0.7634454026312951
2023-02-10,0.7352290664649571,0.7073067217936587,0.7636526523584571
2023-02-13,0.7351799770387937,0.707137209450397,0.7635552657117517
2023-02-14,0.7343483669530388,0.707271884740714,0.7634683812615752
2023-02-15,0.7341215149316113,0.7073880316876489,0.7632042334057899
2023-02-16,0.7341897186701032,0.7072488649804084,0.7634302288147414
2023-02-17,0.7340255085236337,0.7070894383533664,0.7637545287510306
2023-02-20,0.7340300483436405,0.7072633578295395,0.7637639375549601
2023-02-21,0.7342047316227708,0.7072866619276927,0.7637707749068154
2023-02-22,0.7345989708238262,0.7071301219842704,0.7637629116169804
2023-02-23,0.735274522912244,0.707444940056651,0.7637314112913004
2023-02-24,0.7349933672585953,0.7074912272286825,0.7636683311711261
2023-02-27,0.735226925477437,0.7074734170624923,0.7635486213245934
2023-02-28,0.735280175954674,0.7074866664475586,0.7635803888291138
2023-03-01,0.7351787604887132,0.7074696139118617,0.7637092407215458
2023-03-02,0.7353427351161215,0.707484570624184,0.7636862884837772
2023-03-03,0.7346119067088495,0.7075122496127957,0.7637072650910481
2023-03-06,0.7347157592039691,0.7075745453616363,0.7638077920411144
2023-03-07,0.7341619684993628,0.7075681898828491,0.7639368373130173
2023-03-08,0.7340579366674347,0.7073912743556217,0.7639143001031298
2023-03-09,0.7339549051337299,0.7072608292321279,0.7640246904890478
2023-03-10,0.7336711504642043,0.7071967503872283,0.7637820460145036
2023-03-13,0.7335842016816781,0.7070384290255497,0.7639665486244046
2023-03-14,0.7335244599077803,0.7071481758173723,0.7641045207587641
2023-03-15,0.7333084438671565,0.7070635671607631,0.7640793428133404
2023-03-16,0.733196711175247,0.7070383736731166,0.7642851564788173
2023-03-17,0.7328015784380536,0.7068075619202699,0.7643443066403661
2023-03-21,0.732914222895101,0.7067289021132508,0.7641969557197879
2023-03-22,0.7329163851536891,0.7069635336143618,0.7644293273916506
2023-03-23,0.7331956540102399,0.7069162822619441,0.7643963516038443
2023-03-24,0.733421030759898,0.7070433918963867,0.7644391198797728
2023-03-27,0.7329118460368629,0.7070005508147661,0.7645518435451139
2023-03-28,0.7327516849290203,0.7069396151751922,0.7644866377869116
2023-03-29,0.7323591445948623,0.7070423431952091,0.7643352614053518
2023-03-30,0.7324587963650329,0.7071249736136193,0.7644080018671864
2023-03-31,0.7321126666644643,0.7074403638916268,0.7645531854912984
2023-04-03,0.7321584522347779,0.7075427269404447,0.7647751294503579
2023-04-04,0.7321062619253147,0.7076437910203587,0.7649691469469423
2023-04-05,0.7310306888481832,0.7077441060171626,0.764822151103886
2023-04-10,0.7308544505223192,0.7075207162663997,0.7648023997241871
2023-04-11,0.730623928179915,0.7074915390423129,0.7648100867508923
2023-04-12,0.7305695185419828,0.7074379466441651,0.764672494719829
2023-04-13,0.7303395662408085,0.7077446475856536,0.7641825986929528
2023-04-14,0.7300004095647372,0.7075499081458023,0.7642797766456809
2023-04-17,0.7300041554779533,0.7074775301576801,0.7646020676880354
2023-04-18,0.7294887258773537,0.7077062433348976,0.7644853382087574
2023-04-19,0.7294305379735652,0.7077055711360403,0.7645485092308009
2023-04-20,0.7294868485209927,0.7076906183805842,0.7645621171748889
2023-04-21,0.7294266403515791,0.7076006074775113,0.7647764105746363
2023-04-24,0.729638302477705,0.7079019672080196,0.7648691596140172
2023-04-25,0.7293532399099432,0.707734761821757,0.7647805915033863
2023-04-26,0.7288935220947685,0.7076234719887927,0.764537299036009
2023-04-27,0.7286070201090964,0.7074361234012048,0.7648247250242264
2023-04-28,0.7282746221985432,0.7073402346029571,0.7647690625549078
2023-05-02,0.7283315504701496,0.7072003797466735,0.7643055961099937
2023-05-03,0.7289476612719702,0.707233498808906,0.7643472286266524
2023-05-04,0.7288384535383948,0.7070796659100625,0.7643752123749441
2023-05-05,0.7290017503662907,0.7071389957089628,0.7642333102118106
2023-05-08,0.7287368176251839,0.7070974416998083,0.7640293556011661
2023-05-09,0.7287987147481108,0.7070594984274629,0.7640556642106909
2023-05-10,0.7286902739960455,0.7069433512971599,0.7643624351380127
2023-05-11,0.7284473740850956,0.7070488297250018,0.7642300197407613
2023-05-12,0.7285005949328244,0.7070670926950369,0.7642846576335746
2023-05-15,0.7285056916343927,0.7069249738228148,0.7645031175947087
2023-05-16,0.7288436782739689,0.7069127387390157,0.7648060002540967
2023-05-17,0.729232802554009,0.7068413696661295,0.764715315370933
2023-05-18,0.729168328651858,0.7067065698069951,0.7646848052440484
2023-05-19,0.7289291299682021,0.70677620588742,0.7647902577030988
2023-05-22,0.7283100307301381,0.7068300506990789,0.7649291542537918
2023-05-23,0.7278111392183455,0.7066982179832821,0.7648630469162293
2023-05-24,0.7283305798921204,0.7067803211179466,0.7649858687386283
2023-05-25,0.7287950851523339,0.7068394731245887,0.764681455412798
2023-05-26,0.7285824562363478,0.7068452574440108,0.7647189157650786
2023-05-29,0.7287989159887649,0.7066896912367596,0.7648826616650632
2023-05-30,0.729199804284655,0.7070062697556951,0.7647625824344411
2023-05-31,0.7289610483806646,0.7069805239423994,0.7647513252075924
2023-06-01,0.7293634535518687,0.7070009730708018,0.7646834797834977
2023-06-02,0.729481677824184,0.7070330665770703,0.7648074723846795
2023-06-05,0.7298041963909825,0.7069680927300505,0.764727318432342
2023-06-06,0.729238887511902,0.7068696637448674,0.7649223684958899
2023-06-07,0.7295305633405869,0.7065708530720767,0.7649526362447572
2023-06-08,0.7295272482999308,0.7067347160202972,0.7647785968438054
2023-06-09,0.7295441028203851,0.7069685055947019,0.7650413843105488
2023-06-12,0.7293667574302012,0.7070540532661923,0.765110704422718
2023-06-13,0.7295360789866765,0.7069177817865273,0.7649400942927345
2023-06-14,0.7290726059079876,0.707015203104282,0.7650599465295335
2023-06-15,0.7294064008752157,0.7069650001274163,0.7646948081918116
2023-06-16,0.7294225051494526,0.7069811799580269,0.7645997284033887
2023-06-19,0.7295442875628761,0.7072245510707782,0.7645351877961061
2023-06-20,0.7295957247014246,0.7071712223593427,0.7645025109968432
2023-06-21,0.7294405684327321,0.7072396208137854,0.7645217718563686
2023-06-22,0.729110216014013,0.7068421683698485,0.7647466402286004
2023-06-23,0.7292221385436817,0.7068449030867235,0.7647751477303362
2023-06-26,0.7293730502493764,0.7068331435903888,0.7647966325626026
2023-06-27,0.7290875689252265,0.7068440181874367,0.7649477102821048
2023-06-28,0.7289694417841248,0.7067235087038495,0.7649708364478524
2023-06-29,0.729358649213508,0.7068373432614253,0.7647872168603632
2023-06-30,0.7288002549550512,0.7065898006939062,0.7648597723175367
2023-07-03,0.7282294588660664,0.7066707807033447,0.7648627350528184
2023-07-04,0.7276515853876103,0.7068237577329275,0.7652143810314248
2023-07-05,0.7275237449858681,0.706608051012351,0.7651256515978971
2023-07-06,0.7278792718300805,0.7065442328952711,0.7652213596595094
2023-07-07,0.7280381003071715,0.7066604447071043,0.7652959272561752
2023-07-10,0.7284885519042221,0.7067161622324427,0.7651801540476897
2023-07-11,0.7287643496633569,0.7066582615704885,0.7651908156285314
2023-07-12,0.7289798198527877,0.7064883009965071,0.7653029325980362
2023-07-13,0.7290471341616116,0.7064322156242994,0.7652646242913358
2023-07-14,0.7287112413097089,0.7065885653232112,0.7654879484980369
2023-07-17,0.7288200136018188,0.7064977416161359,0.7654799678777753
2023-07-18,0.7285774501954208,0.7066470533306138,0.7653578568117015
2023-07-19,0.7288593285138125,0.7066237978527471,0.7653435504401781
2023-07-20,0.7289653984967023,0.7064261319774382,0.7655350980326779
2023-07-21,0.7290731775188137,0.7062334032147706,0.765657687360605
2023-07-24,0.7289063073393763,0.7065584492550137,0.7657186521951388
2023-07-25,0.7287789179935606,0.7062350966005438,0.7655171680648013
2023-07-26,0.7288240248588197,0.7064617843677821,0.7653707532193708
2023-07-27,0.7288929686284785,0.7068380050477181,0.7654188536353028
2023-07-28,0.7296249001292402,0.7064539965418212,0.7656749299919062
2023-07-31,0.7300133642768045,0.7064418955959648,0.7654617372776181
2023-08-01,0.7301229653945195,0.7062994901437057,0.7656057482355102
2023-08-02,0.7296725672163067,0.7064587477250077,0.7657952232462615
2023-08-03,0.7297888229100067,0.7068323167160379,0.7659174446124765
2023-08-04,0.7294000938521394,0.7068567221987259,0.7658330380376444
2023-08-07,0.7293459149050165,0.7066464984455954,0.7655639379194799
2023-08-08,0.7292437111382181,0.7067917679753046,0.7658060168719625
2023-08-09,0.7298109899110257,0.7066129686063308,0.7657582478464107
2023-08-10,0.7304294031251812,0.7067740079344513,0.7657654333309144
2023-08-11,0.7308170216495338,0.7071413898892291,0.7658798248608949
2023-08-14,0.7306544785843186,0.7071069072268876,0.7658675179534994
2023-08-15,0.7303661961436608,0.7070094882760206,0.7659373794777502
2023-08-16,0.7307323901964482,0.7071214627171135,0.7661232046651251
2023-08-17,0.730333859869158,0.7070629097365326,0.7660171166081748
2023-08-18,0.7305550631562254,0.7071357305006095,0.765904111314247
2023-08-21,0.7302289987363938,0.7069445252708231,0.7658111658230248
2023-08-22,0.7303535979508041,0.706885773152445,0.7657153665123726
2023-08-23,0.730294075538442,0.7069586049635478,0.7657678743490713
2023-08-24,0.7301744807402352,0.707042717483631,0.7657711697407608
2023-08-25,0.7304596661419316,0.7071109006058862,0.7657343739089978
2023-08-28,0.7305120076295493,0.7071890196756221,0.7657231791402827
2023-08-29,0.7297683509798489,0.7071779095195515,0.7656841167368722
2023-08-30,0.7296935590520103,0.7070550749625254,0.7653341172973941
2023-08-31,0.7290700119939513,0.7072759663264476,0.7654857161894185
2023-09-01,0.7291227329733306,0.7070509479579287,0.7657942096246059
2023-09-04,0.7292214942968961,0.7070614426675123,0.7655349434394718
2023-09-05,0.7289897858170677,0.7071348194754216,0.7652880831742107
2023-09-06,0.7289212787975842,0.7072242448976633,0.7656823203536047
2023-09-07,0.7289332848445077,0.7070245853982591,0.7655454473797637
2023-09-08,0.7287199598615918,0.7070344923341971,0.7656727863513352
2023-09-11,0.7289983414868706,0.7071580819224133,0.7657653931772639
2023-09-12,0.7287540720537451,0.7070604651341968,0.7655397644385633
2023-09-13,0.7287466016423636,0.7070565218719301,0.765530775143235
2023-09-14,0.7285392059696899,0.7071820247409446,0.7655037440323679
2023-09-15,0.7287702282871137,0.7070516676304759,0.7654224607408044
2023-09-18,0.7289423562071452,0.7071054492323018,0.7653456623227642
2023-09-19,0.7290603274964352,0.7071347819557121,0.7652100923241041
2023-09-20,0.7292247373554928,0.707092754103488,0.7653585675269883
2023-09-21,0.7290751912487619,0.7069280311040055,0.765432255606882
2023-09-22,0.7288504859270278,0.7069812291794769,0.7653149231906599
2023-09-25,0.7290290388873488,0.7068680753963006,0.7654974354136242
2023-09-26,0.7286991157731071,0.7067837000078316,0.7654226145575311
2023-09-27,0.7282638144667629,0.7066123867189491,0.7657450167005304
2023-09-28,0.7285008883125869,0.7064269421540356,0.7657913357598264
2023-09-29,0.7278217971655025,0.7064752589791717,0.7658415245849207
2023-10-02,0.7279404945518713,0.7066088153571283,0.7659763120418804
2023-10-03,0.7277181461403402,0.7065657569609359,0.7657551077655869
2023-10-04,0.7277214353106723,0.7066486659587726,0.7658093382015287
2023-10-05,0.7277847539422424,0.7065586050994289,0.765796139253442
2023-10-06,0.728067169435822,0.7064033058523407,0.7658035282615631
2023-10-09,0.7281373303428368,0.7065100358670234,0.765822756855872
2023-10-10,0.7270609283341692,0.7065352230399592,0.7659769698979259
2023-10-11,0.7273477066328704,0.706733101191185,0.7659314501043548
2023-10-12,0.727225582981713,0.7063395186017546,0.7660369530848715
2023-10-13,0.7276193408740723,0.7063441819898713,0.7658538850999893
2023-10-16,0.7276370542569159,0.7062986430470127,0.7660784186760713
2023-10-17,0.7285453154959945,0.7064079490510851,0.7660318073943972
2023-10-18,0.7290613095641884,0.7063102832760381,0.7661140818321469
2023-10-19,0.7287880612662632,0.7062538707716466,0.766079515531557
2023-10-20,0.7283316641159905,0.7061040086910859,0.7661903922992929
2023-10-23,0.7286721432238941,0.7062199811740195,0.7661604283654873
2023-10-24,0.7287756397295381,0.70611778304975,0.7661436661416439
2023-10-25,0.7286172226567772,0.7060651060418281,0.7662006701156039
2023-10-26,0.7292960873729857,0.7059147597925853,0.7660283739608196
2023-10-27,0.7292440048930445,0.7061229001988588,0.7659131280468139
2023-10-30,0.7290729102864727,0.7060719983810555,0.7659077850467044
2023-10-31,0.7292419925551935,0.7060247356717717,0.766007071530133
2023-11-01,0.7293099299805158,0.7059009591386044,0.7660830784428074
2023-11-03,0.7283395397252403,0.7061160713208054,0.7661074091560827
2023-11-06,0.7279969076537466,0.7059446756692046,0.7658948306282173
2023-11-07,0.7275917441597138,0.7059485321339468,0.7661503222571778
2023-11-08,0.7275126906399082,0.7059176326475692,0.766031967311598
2023-11-09,0.7277459996681085,0.7059338825633648,0.7659695447641139
2023-11-10,0.7287612330794278,0.7058635769122418,0.7659301736889933
2023-11-13,0.728921189325557,0.7058414504946285,0.7660139033685502
2023-11-14,0.728316682078524,0.706096876693217,0.766175592709634
2023-11-15,0.7276964551142528,0.7060127499841127,0.7662425589174945
2023-11-16,0.7282781421365478,0.7062512961664069,0.766154493623446
2023-11-17,0.7282147273155235,0.7062507835221136,0.7663698490112226
2023-11-21,0.7285391659302074,0.7061464528014113,0.7659170818797192
2023-11-22,0.7286518739099346,0.7061631070605524,0.7659664321483323
2023-11-23,0.7291224337142339,0.7061378624780532,0.7659639654061424
2023-11-24,0.7290766307715622,0.7061034145477724,0.7659558872370148
2023-11-27,0.7296954187839074,0.7061160554427014,0.7655577991670302
2023-11-28,0.7295303322992912,0.7058881985319052,0.765625845463
2023-11-29,0.7294208027728419,0.7059223404801633,0.7656743308481638
2023-11-30,0.7291354700012365,0.7059339615441327,0.7660438462907238
2023-12-01,0.7293709467226005,0.7059789554132636,0.7659323307797443
2023-12-04,0.7289715180391416,0.7059152048116714,0.7661071693375264
2023-12-05,0.7292463902903816,0.7060064391068427,0.7660156131510747
2023-12-06,0.7293571912091924,0.7058961662217103,0.7661888318552376
2023-12-07,0.7298573508544819,0.705897036429914,0.766055159231718
2023-12-08,0.7300772218962929,0.7057605808652291,0.7659318360881328
2023-12-11,0.7302339529143507,0.7058747543596321,0.7658253457464147
2023-12-13,0.7298470922692538,0.7058694276570865,0.765908752039544
2023-12-14,0.7288390884871621,0.7057827437714518,0.7657777879874552
2023-12-15,0.7290470624250539,0.7058287841239298,0.7658214008382879
2023-12-18,0.7291532683657884,0.7055780920712326,0.7656658970011105
2023-12-19,0.7293192524856693,0.7056477407460447,0.765876466030069
2023-12-20,0.7288796713749602,0.7055513944405774,0.7659866217025216
2023-12-21,0.728261507030244,0.7056009567129752,0.7658328614345398
2023-12-22,0.7278787921085971,0.7057118099965942,0.7658005564800936
2023-12-26,0.7281485468987824,0.7057224277038786,0.7658038594378577
2023-12-27,0.7283548615610825,0.7059338387142279,0.7659295498062341
2023-12-28,0.7281850507638316,0.7058289513445148,0.766030979146078
2023-12-29,0.7284289283327339,0.7058788421662369,0.7659210087684108
2024-01-02,0.7280261919132385,0.7059163290848268,0.7661836755425782
2024-01-03,0.727805898245594,0.7060964411425674,0.7660311690512775
2024-01-04,0.7276952427808453,0.706083440858196,0.7659859031720773
2024-01-05,0.7278056658055978,0.7061265501443266,0.7658587353665385
2024-01-08,0.7277537096732526,0.7063670011828131,0.7660531151271651
2024-01-09,0.7270575006379288,0.7061018862287863,0.7661516798769736
2024-01-10,0.727004050223648,0.7060191001811295,0.7659088493097649
2024-01-11,0.7270789523005763,0.7059975695908538,0.7659969833710641
2024-01-12,0.7270767791602109,0.7059126494064588,0.7660538120240429
2024-01-15,0.7273661826040468,0.7060778690481008,0.7661549477403434
2024-01-16,0.727023509024417,0.7058569714711141,0.7662820808775326
2024-01-17,0.7268032215598751,0.7056287205099427,0.7662215851767467
2024-01-18,0.7268000057228923,0.7058136593816507,0.7658423924015816
2024-01-19,0.7262201834818606,0.7059735914507421,0.7658476500308408
2024-01-22,0.72621188552164,0.7060878938621912,0.7658493951066903
2024-01-23,0.726032086361321,0.7061728582039914,0.765879757727973
2024-01-24,0.726165432278676,0.706172599513239,0.76581575031571
2024-01-25,0.7263967768481082,0.7060898440943247,0.7658895162621568
2024-01-26,0.7258936854187884,0.7063108289797817,0.7657868800096603
2024-01-29,0.7254961736075226,0.7058620425282955,0.7656305252232662
2024-01-30,0.725323947141232,0.7056491988186753,0.765568906464849
2024-01-31,0.7254597380427569,0.7057112125788753,0.7656411808642826
2024-02-01,0.7256923932888653,0.7056118449240361,0.7654730236072055
2024-02-02,0.7262528875164895,0.7056114926871928,0.765728075438504
2024-02-06,0.7264217620495926,0.7058686271578691,0.7656752310662229
2024-02-07,0.7272727290711806,0.7059520696823149,0.7655659317874566
2024-02-08,0.726950802637569,0.7059578342612456,0.7655649524113087
2024-02-09,0.7269974725902005,0.7058848961682611,0.7655067091698317
2024-02-12,0.7268791351643598,0.7061154779552224,0.7655797608447712
2024-02-13,0.7270557602770877,0.7059669735316458,0.7654588089980039
2024-02-14,0.7269537738727794,0.7058965563722898,0.7654964466727601
2024-02-15,0.7266839896357146,0.705475413332306,0.7653195774051142
2024-02-16,0.7274813228465544,0.7057053486966899,0.7652366363556358
2024-02-19,0.7277665428393565,0.7057088922422857,0.7652464735820368
2024-02-20,0.7282768517910809,0.7056104386601684,0.7652461059022321
2024-02-21,0.7284345714968128,0.7055650412654035,0.7653070587679959
2024-02-22,0.7285427092221768,0.7054425426016685,0.7653067130981106
2024-02-23,0.7287709352934055,0.7054653007750986,0.7655734850130976
2024-02-26,0.7285575609849726,0.7053481345002368,0.7657886572199487
2024-02-27,0.7285029561632231,0.7053488571233517,0.7658215134910737
2024-02-28,0.7285032057445299,0.7053559697752855,0.7658593716826938
2024-02-29,0.7288361296746396,0.7052686327903065,0.7661550934434767
2024-03-01,0.7291233873979617,0.705567048260669,0.7660912431357941
2024-03-04,0.7292779627243883,0.7054816782526294,0.7658748594129362
2024-03-05,0.7296841171217334,0.705607139266941,0.7658073312507953
2024-03-06,0.7296794804028639,0.7055875240477957,0.766062565227407
2024-03-07,0.7298566177442412,0.7054433797314814,0.7658972856599563
2024-03-08,0.7299843474368721,0.7052241711963513,0.7657146002256449
2024-03-11,0.7305410281754018,0.7053894607776467,0.7658516731137489
2024-03-12,0.7300777185621603,0.705572697414867,0.7657321279015397
2024-03-13,0.7296864868018501,0.7052529747376607,0.7656458004829395
2024-03-14,0.7300179775958603,0.7050630584749342,0.7657194834381942
2024-03-15,0.7300688881783968,0.7050104803410838,0.7660071923365659
2024-03-19,0.7294994178587296,0.704832246165416,0.7663518540297479
2024-03-20,0.7287635189156788,0.7048668527365847,0.7662612514393596
2024-03-21,0.7288821985280001,0.7046969309692134,0.7660967427032943
2024-03-22,0.7288179772919137,0.7048481737897835,0.7661465950700677
2024-03-25,0.7288777924744325,0.7047576936440219,0.7660887253453739
2024-03-26,0.7287465978519978,0.7047076330280324,0.7661583754220749
2024-03-27,0.7290369103922094,0.7051097294987367,0.7660856617120742
2024-04-01,0.7286830586555665,0.7049583322088898,0.7664218865610787
2024-04-02,0.7287775428073905,0.7048056587568455,0.7664136039792367
2024-04-03,0.7288361313912768,0.7045089368214656,0.7664156948719855
2024-04-04,0.72910960279775,0.7046254044314031,0.7665355404151801
2024-04-05,0.7295710184300349,0.7047247659309941,0.766498371859992
2024-04-08,0.7301285194686058,0.7047157310036414,0.7663944514782315
2024-04-09,0.7304086217322694,0.7045917106344569,0.7665832787838435
2024-04-10,0.7302353789303692,0.7045611301098046,0.7664752212567723
2024-04-11,0.7306718725704269,0.704407806983309,0.7665417289822916
2024-04-12,0.7309474572979763,0.7042784722264259,0.7664198062049559
2024-04-15,0.7308527478924811,0.7044225083247305,0.7663471003647091
2024-04-16,0.7311285055530512,0.7043956258980113,0.7664389988074445
2024-04-17,0.731169927656936,0.7044939395591586,0.7666840005532551
2024-04-18,0.7309995221175979,0.7043748518933904,0.7664769223048468
2024-04-19,0.7311095778595785,0.704411514409684,0.7664090374929805
2024-04-22,0.7309395651446299,0.7043671347474882,0.7661247937828671
2024-04-23,0.7308166012759413,0.7042355528996866,0.7661992935586688
2024-04-24,0.7309880176471775,0.7044819564867975,0.7660589816516478
2024-04-25,0.7307613844054088,0.7044801955303047,0.7662102354125782
2024-04-26,0.7305162586348966,0.7042164082636921,0.7661867712814722
2024-04-29,0.7304025684709425,0.7044167699674462,0.7663179350473239
2024-04-30,0.7297339762082695,0.7042605674495185,0.7661103383816765
2024-05-02,0.7297421606755533,0.7042897628276181,0.7660554774826521
2024-05-03,0.7296241553573601,0.7041233039188443,0.7661817802286467
2024-05-06,0.7298522655580038,0.7042590318925439,0.7662252376729228
2024-05-07,0.7300800387397447,0.7041629944582668,0.7659391763863295
2024-05-08,0.7309331923158598,0.7042368872717722,0.7659093567229193
2024-05-09,0.7311746222579566,0.704272924052337,0.7659409087774065
2024-05-10,0.7311065209236658,0.7041640783452526,0.765799453983968
2024-05-13,0.7313809924528659,0.7043847629731278,0.7663059965193033
2024-05-14,0.7315935393870218,0.7039948944887676,0.7662561990718743
2024-05-15,0.7314455786225333,0.7042305081716344,0.7661994231271445
2024-05-16,0.7314899466761443,0.7041825274301143,0.7662084708955472
2024-05-17,0.7317110372759931,0.7041405639604111,0.7661320111904394
2024-05-20,0.7319986099186294,0.7042989364339197,0.7660494974787768
2024-05-21,0.7311385254056195,0.7042125264187606,0.765848944194999
2024-05-22,0.7315485964356119,0.7042897360697352,0.7659976939632601
2024-05-23,0.7318255868686605,0.7041578143963599,0.7659130410262324
2024-05-24,0.7314267748291392,0.7040732903581806,0.7658179678254475
2024-05-27,0.7317654897072581,0.70410545099494,0.7659375219902738
2024-05-28,0.7315325520099352,0.7039282559997461,0.766164655126631
2024-05-29,0.7313191756036218,0.7042100006477651,0.7660359521006664
2024-05-30,0.7311636261251097,0.7039574536179295,0.7661113634385104
2024-05-31,0.7312850623030824,0.7040212625564283,0.7662636731953999
2024-06-03,0.7305702555898266,0.7040671583988921,0.7662384956289695
2024-06-04,0.7298081694562581,0.7041796638466594,0.7661488040446041
2024-06-05,0.7298156454564948,0.7043048440905236,0.7663318068830389
2024-06-06,0.7299960429948394,0.7040816854915635,0.7664485154095607
2024-06-07,0.7296685931648318,0.7041504660618517,0.7664602882077851
2024-06-10,0.7297987650960454,0.7044467352350342,0.7664309146330858
2024-06-11,0.7296243834948046,0.7044610527201858,0.7664292473147326
2024-06-12,0.7300031013949386,0.7042562351021668,0.7663300219086604
2024-06-13,0.7300110088913949,0.7041707877348153,0.7667195433144506
2024-06-14,0.7308607436157533,0.7040105201668603,0.76674343982241
2024-06-17,0.7307558190429638,0.7040102431702988,0.7666715438138417
2024-06-18,0.7298590384188273,0.7040013877888188,0.7666582152253593
2024-06-19,0.7299152655562517,0.7040868026251653,0.76675239925069
2024-06-20,0.7299139482730795,0.7042298994494324,0.766632952448633
2024-06-21,0.7296387495813442,0.7040122388483643,0.7666062669157668
2024-06-24,0.7297078302018217,0.7042610953556568,0.7665954648483824
2024-06-25,0.7299913541424071,0.7043057160902021,0.7665451983656684
2024-06-26,0.7300991877951168,0.7043473806359833,0.7667695312713859
2024-06-27,0.7305078381494446,0.7041838467079525,0.766435444883502
2024-06-28,0.7308487076736153,0.704392093908536,0.7664880277033709
2024-07-01,0.7308541591311019,0.7044104812867098,0.7663271613015071
2024-07-02,0.7303525800459084,0.704179724787027,0.766319321150611
2024-07-03,0.729963307231398,0.7040478791421768,0.766242462764894
2024-07-04,0.7298379119747409,0.7038988082473837,0.7664106367831527
2024-07-05,0.7295004399977226,0.7040430912092532,0.7663605853716846
2024-07-08,0.729283307592565,0.7040024933028081,0.7663588393348134
2024-07-09,0.7290587123194499,0.7041267624737687,0.7663257209626009
2024-07-10,0.7291735816531415,0.7041234881180827,0.7663588904699281
2024-07-11,0.7295538271939082,0.7040520005534112,0.7664319304763646
2024-07-12,0.7288329520364996,0.7040020097930385,0.7665919043217682
2024-07-15,0.7287626293488632,0.7040187041449055,0.766728194311662
2024-07-16,0.7292093741678629,0.7041459357611439,0.7666965375016671
2024-07-17,0.7289363911429964,0.7040794026020435,0.7668972524392859
2024-07-18,0.7289381802046169,0.7039186812042642,0.7668298392652152
2024-07-19,0.7288243518106345,0.7042382968073103,0.7669262499030517
2024-07-22,0.7290346667026821,0.7039631842709957,0.7666023378177844
2024-07-23,0.7292198769918727,0.7038958867022584,0.7667665530141649
2024-07-24,0.7296681703504762,0.7039386473806177,0.7669377199778453
2024-07-25,0.7290980425717752,0.7038383733886723,0.7666793295287156
2024-07-26,0.7295297591241442,0.7037191243662095,0.7669396699536127
2024-07-29,0.7298491139303916,0.7038537104588544,0.7667380895210114
2024-07-30,0.7298851411541791,0.7038939864048239,0.7667985630818512
2024-07-31,0.7293159629954098,0.7040422787815209,0.7670628636215634
2024-08-01,0.7285315612664996,0.7040589029927461,0.7668936143640054
2024-08-02,0.727800622576454,0.7039393943945683,0.7668154584502144
2024-08-05,0.727639846530992,0.7039757351695383,0.7669221484903087
2024-08-06,0.7279236678896243,0.7039756061699985,0.766830825101623
2024-08-07,0.7277047476295782,0.7042218464012007,0.766997943047377
2024-08-08,0.7286039124105832,0.704201454330509,0.7670031656746312
2024-08-09,0.7283228522997452,0.7041818008832614,0.7668841196468791
2024-08-12,0.7287192280875749,0.7041945985948161,0.7669428256896089
2024-08-13,0.728211152723212,0.704169581998251,0.7669316952592239
2024-08-14,0.72854250236521,0.7043136153857453,0.7669013740164521
2024-08-15,0.7286906278964042,0.7042983729965421,0.7670518691357521
2024-08-16,0.7289754869752333,0.7042066184776724,0.7671641827411787
2024-08-19,0.7289793594380904,0.7040350767000902,0.7671623809835143
2024-08-20,0.7290768341033563,0.7040413054231051,0.7669735657386856
2024-08-21,0.729244339716712,0.7041997906810122,0.7668355001350556
2024-08-22,0.7290282144560084,0.7041116380620639,0.7666963329690731
2024-08-23,0.7290360235762374,0.7041882435036579,0.7667869290466758
2024-08-26,0.7293667918480927,0.7042615278601185,0.7668842913813284
2024-08-27,0.7290738999153543,0.704150872279692,0.7666193439473584
2024-08-28,0.7293916675430032,0.7042365047284236,0.7664941139930884
2024-08-29,0.7294132209239368,0.7044245422757595,0.7665603392622102
2024-08-30,0.7293450891104333,0.7041070419115704,0.7663404723707048
2024-09-02,0.7291180936085349,0.7041105381973852,0.7665108984195245
2024-09-03,0.7282652487713341,0.7040612172423778,0.7665701429452665
2024-09-04,0.7284820646454717,0.7040377822805386,0.7666638761132301
2024-09-05,0.7282110478466103,0.7040260611532585,0.7666452623175224
2024-09-06,0.7279343707293787,0.7039894221681731,0.7667027639170145
2024-09-09,0.7286077414123464,0.7039099923794876,0.7666613476723912
2024-09-10,0.7287963255344874,0.7039075424549269,0.7669471950367596
2024-09-11,0.729085494653009,0.7041607262516294,0.7668026558097021
2024-09-12,0.7289693794757472,0.703833468728926,0.766940095882005
2024-09-13,0.7289666974947885,0.7039903939855418,0.7672203867010517
2024-09-17,0.729240352145697,0.7038362169717676,0.7670419117814894
2024-09-18,0.7292946318994176,0.7037565683292039,0.7671586101650287
2024-09-19,0.729687847665389,0.7037544084049414,0.76745927235129
2024-09-20,0.7292451918410425,0.7039827930492986,0.7671196692768409
2024-09-23,0.7293146882899049,0.7039099871596038,0.767185612362141
2024-09-24,0.7286587569048224,0.7041018899433391,0.7671949495743982
2024-09-25,0.7282593512052193,0.7039228045908286,0.7672872489368798
2024-09-26,0.7285951421391444,0.7039169038859143,0.7669488336080407
2024-09-27,0.7280920788977777,0.7040238681632198,0.7670131252560589
2024-09-30,0.7284283253438563,0.7040639000426059,0.7671152242664443
2024-10-02,0.7291456672223677,0.7041682476605151,0.7669325526797297
2024-10-03,0.7288532412478689,0.7040339545887326,0.7664583736618857
2024-10-04,0.728347875912012,0.7039416289567191,0.7664908973510669
2024-10-07,0.7281821193104419,0.7041744411013104,0.7664874848645193
2024-10-08,0.7287378027353842,0.7040895046253722,0.7663877151287837
2024-10-09,0.7287858383797361,0.7043035010667187,0.7666105751838639
2024-10-10,0.7285537906444832,0.704462884479667,0.7662823628665103
2024-10-11,0.7288826104501085,0.7043493943275368,0.7663375250422099
2024-10-14,0.7286566568086841,0.704109187168842,0.7665578493937125
2024-10-15,0.7287698699441905,0.7042669579504045,0.7664987378094392
2024-10-16,0.7286652975322819,0.7043570739229026,0.7665681675092147
2024-10-17,0.7284894272046883,0.7042743325593626,0.7666144902216443
2024-10-18,0.7282707554061284,0.7042338733029778,0.7666512573518219
2024-10-21,0.728380083438133,0.7043363079995006,0.7667923036912645
2024-10-22,0.7283806745522391,0.7043383857564872,0.7667802355111256
2024-10-23,0.7284260727745182,0.7043131983575649,0.7666439352961504
2024-10-24,0.7277625502812703,0.7043069079975202,0.7668148508144468
2024-10-25,0.7282175903640837,0.7042364023232065,0.7666632439403769
2024-10-28,0.7283757896228439,0.7041476854265837,0.7667496903813197
2024-10-29,0.728951985891706,0.7040368455818821,0.7667178942559287
2024-10-30,0.7293929659262495,0.7038989085594656,0.7667733882087991
2024-10-31,0.7298543822059145,0.7038025943974292,0.766803033306387
2024-11-01,0.7300832604829265,0.7038912311639233,0.7669007769741444
2024-11-04,0.7299243865343505,0.7038645646143952,0.7669277906862252
2024-11-05,0.7299759212003327,0.7041061573581388,0.7668062564454965
2024-11-06,0.7300959056002094,0.7040882312520521,0.7668735379619932
2024-11-07,0.7303262507587789,0.7040649974271844,0.7668517603580111
2024-11-08,0.7303194641607608,0.7041630307113266,0.7667332664637544
2024-11-11,0.7306484321641937,0.7038693566851446,0.7667200536079262
2024-11-12,0.7303572886333105,0.7039525781293505,0.7669524651907721
2024-11-13,0.7304096484719099,0.7038344256114024,0.7667668227071248
2024-11-14,0.7305142276798756,0.7036723581638004,0.7667214619946291
2024-11-15,0.7305337667659317,0.7037818732092672,0.7665761979328664
2024-11-19,0.730755358114608,0.7039600430095667,0.7667121353069086
2024-11-20,0.7309732226098147,0.7038524526090388,0.7666528586279905
2024-11-21,0.7309783012025757,0.7039977372145588,0.7667896021653537
2024-11-22,0.7310444466751786,0.7038854415498143,0.766742893487986
2024-11-25,0.7312677886813291,0.7039288991637577,0.7668151711719903
2024-11-26,0.7311654370874946,0.703912344224186,0.7667160245430832
2024-11-27,0.7310497832326474,0.7036443512495404,0.7667413738687139
2024-11-28,0.7311608883351353,0.7036259769419234,0.7670331437528953
2024-11-29,0.7313329308530968,0.7035120445168123,0.7669517612155251
2024-12-02,0.7313969506087447,0.7033853172910165,0.7668019883437194
2024-12-03,0.731346373168509,0.703490633564292,0.7668234786839143
2024-12-04,0.7312301952807047,0.7033975428143537,0.76681970955508
2024-12-05,0.7319580093281023,0.7035530016899992,0.7669525415756159
2024-12-06,0.7318616865374203,0.7033912856352598,0.767109926775307
2024-12-09,0.7318192289267801,0.7034378952098302,0.7670388396657548
2024-12-10,0.731931569246362,0.7031487512202459,0.7672028677067524
2024-12-11,0.7322110082524051,0.7033831104611414,0.7670616505308674
2024-12-13,0.7323175303992813,0.7033286875238309,0.7671947461477041
2024-12-16,0.73226758417579,0.7032375964477459,0.7671704063081707
2024-12-17,0.7324973056065482,0.7034637685107971,0.767413236604969
2024-12-18,0.7323661108209537,0.7035764800175929,0.7672850974541686
2024-12-19,0.732142195549597,0.7036081957060958,0.767167289531125
2024-12-20,0.7322669895366383,0.7033290798618056,0.7674654602397196
2024-12-23,0.7326612851825466,0.7032812817420132,0.7673872657169744
2024-12-24,0.7329906907741186,0.703252256066159,0.7673560234456585
2024-12-26,0.733049377913211,0.7032033977971007,0.7672118436162705
2024-12-27,0.7330903337639453,0.7031696162211997,0.7671900659320993
2024-12-30,0.7330390597184546,0.7031605749561839,0.7674114301148119
2024-12-31,0.7325499363726429,0.7031746377444312,0.767514176014673
2025-01-02,0.7328875932827058,0.7031615750743754,0.767388198378823
2025-01-03,0.7321624910615001,0.7031226619571943,0.7672263281261164
2025-01-06,0.7323331552942296,0.7032225188231769,0.767232022793187
2025-01-07,0.7316010551289158,0.7033661104093831,0.7672722210533165
2025-01-08,0.7320604085528152,0.7035165910958765,0.7671197721174831
2025-01-09,0.7325703390870811,0.7031379029911593,0.7673797413055139
2025-01-10,0.7325317183778964,0.7033793046879907,0.7674752141854052
2025-01-13,0.7327032029226414,0.7034409569510486,0.7674650536985452
2025-01-14,0.7325992015855869,0.7033306087458973,0.7674556453719946
2025-01-15,0.7323634461971597,0.7032140527357316,0.767279148668746
2025-01-16,0.732327850337358,0.7032259510639091,0.767268426601538
2025-01-17,0.7324307084071231,0.7030651418781956,0.7671388232522854
2025-01-20,0.7323789032680128,0.7027339632396902,0.7667580960022276
2025-01-21,0.7323690199587573,0.7028746348203551,0.7668016265868007
2025-01-22,0.7319283930730839,0.7028579810295558,0.7668865386408559
2025-01-23,0.7317740270157979,0.7028737895526971,0.7668861808197436
2025-01-24,0.7321229266673409,0.7027801054366309,0.766784882394187
2025-01-27,0.7321807168426919,0.7027330973847027,0.7667928241358296
2025-01-28,0.7321821938205866,0.7029644127339012,0.766718227383311
2025-01-29,0.732458329274574,0.7028835810927538,0.7666476642785688
2025-01-30,0.7329598637328915,0.7029181733025173,0.7667671403341016
2025-01-31,0.7326317149299775,0.7031371660981472,0.7669740990060241
2025-02-04,0.7324743767354773,0.7029053942883439,0.7667781505324909
2025-02-05,0.7327522042293201,0.7029297075722338,0.7668394867378455
2025-02-06,0.7331393162888046,0.7028452893095797,0.766916431108271
2025-02-07,0.7327676615188982,0.7030183490609219,0.7669652527917035
2025-02-10,0.7330420003188112,0.7028733918236768,0.76688792188027
2025-02-11,0.7332640276392799,0.7029336890384063,0.7670379021696296
2025-02-12,0.7330352815010142,0.7029206209720674,0.7667787243407377
2025-02-13,0.732811515048088,0.7030316648339948,0.7667229446032036
2025-02-14,0.7328648419969626,0.7028688351876156,0.767026552652721
2025-02-17,0.7329097919980627,0.7030409359206733,0.7667685277192314
2025-02-18,0.7327403838039421,0.7030770804654752,0.7667519368658029
2025-02-19,0.7329634384613444,0.7031241140744221,0.7666708876747101
2025-02-20,0.7330217879102799,0.703039533909717,0.7669827358624969
2025-02-21,0.7328489034167388,0.7030498262327219,0.7671541924190204
2025-02-24,0.7328589504278568,0.7028631493396686,0.7671650952388548
2025-02-25,0.7324502319638766,0.7028900870722429,0.7670797872898152
2025-02-26,0.7325587442258129,0.7029841730933226,0.7668025531576517
2025-02-27,0.7314885210989708,0.7030241648522305,0.7665912996019786
2025-02-28,0.7316650047357198,0.7029643796702378,0.7667027820500968
2025-03-03,0.7319584914102143,0.7028886881437613,0.7666980724105337
2025-03-04,0.7323007109268288,0.7028477916824306,0.7670371662026417
2025-03-05,0.7322962424280877,0.7029291262431626,0.767033712962516
2025-03-06,0.7328525939068917,0.7029344056482659,0.7669378409656844
2025-03-07,0.7328702329188762,0.7028928741627156,0.7667780134931433
2025-03-10,0.732531719217569,0.7031341878049866,0.7667527064090907
2025-03-11,0.7330462340726666,0.7028473421291144,0.7667596691827554
2025-03-12,0.7332142782155059,0.7030383296481335,0.7669095699623547
2025-03-13,0.7329942083181451,0.7035199986082061,0.7668310924158693
2025-03-14,0.7324935810040669,0.7032752219131354,0.7670456903994726
2025-03-18,0.7325485791957772,0.7033684999004001,0.7666844798659912
2025-03-19,0.7325475955093159,0.7035640702020893,0.7668618791627472
2025-03-20,0.7328872740182234,0.7035311160285586,0.7666874369264567
2025-03-21,0.7335011351517542,0.7033821413827721,0.7667354934658459
2025-03-24,0.7332211482520624,0.7035361506714082,0.7668664764933153
2025-03-25,0.7332641664910503,0.7033701467676144,0.7667635006487747
2025-03-26,0.7334785371632219,0.7031909261897538,0.7668601036325379
2025-03-27,0.733470933653192,0.7031534661023248,0.7668082638737398
2025-03-28,0.7332465668058648,0.7030504169740032,0.7667990639761406
2025-03-31,0.7329084528535965,0.7029813182493204,0.7668916661825332
2025-04-01,0.7327922391810182,0.7030541242494874,0.7668440457899992
2025-04-02,0.7330118607999047,0.7029258629164665,0.7669700993400888
2025-04-03,0.7329068927877151,0.7027235038844167,0.7670057892056993
2025-04-04,0.7320196917453602,0.702859250932217,0.7671368367139988
2025-04-07,0.7320797640548997,0.7028126200519254,0.7673368423266125
2025-04-08,0.7320221973385364,0.7028810552079856,0.7670296733634621
2025-04-09,0.7310266970287268,0.7029470736907759,0.7671759960083514
2025-04-10,0.7302594368365805,0.7028511758434536,0.766962250176327
2025-04-11,0.7299833468771975,0.7029304685661928,0.7670719710319982
2025-04-14,0.7296481800528728,0.7027991625373927,0.7670989253918129
2025-04-15,0.7298883758794051,0.7028435945068741,0.7670616179781146
2025-04-16,0.7301696704305909,0.7025579844213604,0.7669928805732686
2025-04-21,0.7303472815448914,0.7027066835191265,0.7672244618331086
2025-04-22,0.7299092543092154,0.7027391824179025,0.7672977410594417
2025-04-23,0.7292817243914365,0.7029570779267437,0.7673968932753634
2025-04-24,0.7291059156602754,0.7029831137171326,0.7674470275008762
2025-04-25,0.7293870755234448,0.7031425398833991,0.7673880739016626
2025-04-28,0.7300560965859039,0.7031483812403282,0.7674068443304107
2025-04-29,0.7296704192196671,0.7031659427009386,0.7671518734644137
2025-04-30,0.7294887757940032,0.7030736084319517,0.7671297857467291
2025-05-02,0.7293877076768231,0.7032283515760825,0.7670111957022984
2025-05-05,0.7292758338768853,0.7030387883899639,0.7671848770998417
2025-05-06,0.7288879691517441,0.7030632398445664,0.7672431406973812
2025-05-07,0.7290458011382961,0.7030798990395236,0.7676081053734768
2025-05-08,0.728643629860081,0.7028798842875477,0.7672477626067937
2025-05-09,0.728298305859882,0.7029887152704245,0.7669779737199853
2025-05-12,0.7284767906624994,0.7025866414576829,0.7671461558631546
2025-05-13,0.7283702925792913,0.7027506580447282,0.7668820672687212
2025-05-14,0.7288246849214528,0.7028734044264163,0.7668802190571388
2025-05-15,0.7292133125879048,0.7028964753775558,0.76700937600436
2025-05-16,0.729379599986216,0.7030551692152356,0.7671535827186634
2025-05-19,0.7293808942557325,0.7028776430345407,0.7672522061680149
2025-05-20,0.7291983877328768,0.7028327448958165,0.7674974541723579
2025-05-21,0.7289210938890416,0.7028848444541035,0.7673291330383694
2025-05-22,0.7291447601784924,0.7029176374760644,0.7673696120397261
2025-05-23,0.7286883794257284,0.7029072900435728,0.7674130578350051
2025-05-26,0.7289687628771463,0.7028444774401325,0.7675738635324021
2025-05-27,0.7298636171636573,0.7027569395303577,0.7674764298969898
2025-05-28,0.7298095806382828,0.7026939292225513,0.7675348309310721
2025-05-29,0.7300420431975715,0.7025930819523746,0.7675116379571327
2025-05-30,0.7300975664672305,0.703065013985485,0.7676210963894792
2025-06-02,0.7307173123597193,0.7027798126014317,0.7676363384700263
2025-06-03,0.7312779629218349,0.7028539433311856,0.7674390591645879
2025-06-04,0.7312864025179046,0.7028609536867265,0.7675004880264875
2025-06-05,0.7313344063867089,0.7027490629083022,0.767509848696071
2025-06-06,0.7313447977015148,0.7026785420633374,0.7673524578619779
2025-06-09,0.7311247027513431,0.702626854667717,0.7673479029116427
2025-06-10,0.7310727621046245,0.7028473915177643,0.7675592694853675
2025-06-11,0.7312976367389258,0.7028481913800432,0.7675366110634861
2025-06-12,0.7322469222086259,0.7027150211985367,0.7676256121719859
2025-06-13,0.7327384120502733,0.7026193336966051,0.7676813719870119
2025-06-16,0.7332460430228243,0.7027730998475534,0.7677453560772262
2025-06-17,0.7325114029820213,0.702825166579416,0.7679235395999578
2025-06-18,0.7335173958508374,0.7026559077627317,0.7679945110830098
2025-06-19,0.7332401817791961,0.7027084717158525,0.7677795209217827
2025-06-20,0.7329082199141713,0.7029100817258951,0.767961537233632
2025-06-23,0.7329716890622485,0.7027432471857838,0.7680117181683653
2025-06-24,0.7325206347973037,0.7028097767688276,0.7677102959606295
2025-06-25,0.7327438288053864,0.7028231034904898,0.7678316787769104
2025-06-26,0.733186441754266,0.7028066501009622,0.7678758391625454
2025-06-27,0.7331381746716827,0.7028732352034381,0.7680460527274444
2025-06-30,0.7337001517664781,0.7029744731799097,0.7677552040734132
2025-07-01,0.7337024865302899,0.7030149680869853,0.7676946981280014
2025-07-02,0.7337034987191955,0.7028812639838076,0.7679001979203729
2025-07-03,0.7337000365456721,0.703032329831104,0.7678370657875117
2025-07-04,0.7338630609449264,0.703024311800419,0.7679954109464234
2025-07-07,0.734317135105705,0.7030972924656621,0.7677914864970463
2025-07-08,0.7346981111775052,0.7029104352696877,0.7678999805980536
2025-07-09,0.7348163216757239,0.7029387585475887,0.7680846522763622
2025-07-10,0.7343678367647966,0.7029108638967109,0.7682787720708755
2025-07-11,0.7345351517366344,0.7030254901958148,0.7680305325916926
2025-07-14,0.7345951401797953,0.7029558186350789,0.7681423708404918
2025-07-15,0.7346546514129091,0.7030687033943358,0.7681662946038282
2025-07-16,0.7345997708557039,0.7029154650611077,0.768216458410625
2025-07-17,0.7347075363101115,0.7028704459451586,0.7679953882407953
2025-07-18,0.7346545051613093,0.7028294981864966,0.7683087962824626
2025-07-21,0.7343305205684523,0.7028461057664287,0.7682151005675282
2025-07-22,0.7344735061091265,0.7026542765364179,0.76841191358456
2025-07-23,0.7339717100992517,0.7025508632346591,0.7686642676202609
2025-07-24,0.7340884484353412,0.7027055678564093,0.7684492570680825
2025-07-25,0.7341430701494971,0.702746395672988,0.7681614578653853
2025-07-28,0.7341342746906419,0.7028153101325363,0.7680753730118877
2025-07-29,0.7339016322820455,0.7028557193538265,0.7684148085014322
2025-07-30,0.7340168787442984,0.7027740707991965,0.7683434906244339
2025-07-31,0.7335796504944251,0.702637750847332,0.7683757710916894
2025-08-01,0.7334716826291682,0.7026638614596595,0.7683231442621743
2025-08-04,0.7336385173983404,0.7029089256021773,0.768623360636906
2025-08-05,0.7335289687523011,0.7028564175216503,0.7688365015263497
2025-08-06,0.7340377331854397,0.7028046066942886,0.7684393429122208
2025-08-07,0.733981065347006,0.7025763206657986,0.7686405702870058
2025-08-08,0.7340344626630932,0.7027573598633553,0.768610493140362
2025-08-11,0.7342048096259418,0.7025299554992397,0.7686157394447759
2025-08-12,0.7341464846301178,0.7025410818926229,0.7686158710388905
2025-08-13,0.7342626027919004,0.7027467783765562,0.7689039301412338
2025-08-14,0.7340934108250107,0.7024972815673818,0.768964352398982
2025-08-15,0.7342567787165909,0.7024210816755324,0.7688442662360285
2025-08-18,0.7341500965475611,0.7023902477196128,0.7688868830349235
2025-08-19,0.7339847973938963,0.7022690117053262,0.768737894890307
2025-08-20,0.7346011983013718,0.7024220685817021,0.768955739787497
2025-08-21,0.7345538553242759,0.7023613705715757,0.7688307551282906
2025-08-22,0.7342204807371502,0.7024164783067502,0.7686774789674174
2025-08-25,0.7343400298440715,0.702471403377048,0.7686744606833648
2025-08-26,0.7348405493780494,0.7025823330792501,0.768567037715293
2025-08-27,0.7347274119527819,0.7027928489489034,0.7686276584733908
2025-08-28,0.7345673083840956,0.702828286908767,0.7686423034473252
2025-08-29,0.7342811755078357,0.7027011665817272,0.7686150121708879
2025-09-01,0.7343983038318713,0.7028441047263888,0.7689791557734362
2025-09-02,0.7345127322492844,0.7029504403339596,0.7687668998170327
2025-09-03,0.7347434320188446,0.7031037177133875,0.7687181950341295
2025-09-04,0.7349110432373603,0.7029533398415861,0.768622905401202
2025-09-05,0.7344621777691291,0.7030515715852902,0.7688906543028748
2025-09-08,0.7344089728493614,0.7030403104891186,0.7690953949111865
2025-09-09,0.7344681996591383,0.7030521874216815,0.7690365244092786
2025-09-10,0.7341287161407014,0.7030081136570674,0.768979357384436
2025-09-11,0.7339518261267307,0.7029766420966291,0.7690079712070813
2025-09-12,0.7345202507663227,0.7028184175704514,0.7691342731740862
2025-09-15,0.7343967451077967,0.7029179864212745,0.7693361009700047
2025-09-17,0.7342247355208821,0.7027985560435398,0.768956117070638
2025-09-18,0.7347185109997154,0.7028014692667738,0.768613153320037
2025-09-19,0.7347124222769755,0.7026265884819264,0.7688137202487407
2025-09-22,0.7342765266571125,0.7025128381299032,0.7688765018358474
2025-09-23,0.7345589170516027,0.7027054054528916,0.769187682112767
2025-09-24,0.7343965587236584,0.7027422661722651,0.7692256787503575
2025-09-25,0.7350589357271505,0.7024843597037344,0.7688793603820137
2025-09-26,0.7352802204394909,0.7024375992770728,0.7689288061668732
2025-09-29,0.7353831678858779,0.7023158608216566,0.7688736623974226
2025-09-30,0.7353943580806632,0.7023385114858696,0.7690058595195717
2025-10-01,0.73489556478951,0.702211899859166,0.7690479493138277
2025-10-02,0.7348996542865179,0.7023034596830517,0.7690147364369682
2025-10-03,0.7348976224207204,0.7023439439831667,0.7690207953767451
2025-10-06,0.7348408599516867,0.7021609354231513,0.7688600147366068
2025-10-07,0.7345077682956866,0.7020729672190056,0.7690789605687545
2025-10-08,0.7347893165173623,0.7019715528550637,0.7690206429016849
2025-10-09,0.7345657701700723,0.7020995027135908,0.7691710652600916
2025-10-10,0.7342231867343231,0.7021806450916537,0.7692436739801871
2025-10-13,0.734378106341002,0.7021405418482572,0.7691723500062119
2025-10-14,0.7342075826310721,0.7019303873656431,0.769322828542053
2025-10-15,0.7340424732416484,0.7020913229639453,0.769342899903625
2025-10-16,0.7339288399954065,0.7021269168431679,0.769274382983504
2025-10-17,0.7332546985736803,0.7020932507179665,0.7691475308957992
2025-10-20,0.7331521531225915,0.7021385410426468,0.7690530562864584
2025-10-21,0.7324329461130146,0.7023453943675233,0.7689770620005228
2025-10-22,0.7325446167482249,0.7022185130197035,0.7690222054996934
2025-10-23,0.7332708999660447,0.7023839039425742,0.7689109801273778
2025-10-24,0.7330857534529579,0.7021366724742893,0.7690094473728037
2025-10-27,0.7329150087106827,0.7023103689214741,0.769129848171277
2025-10-28,0.7331976731375994,0.7023730963998902,0.7689419091791345
2025-10-29,0.733021587796084,0.7019524499739161,0.76900024740912
2025-10-30,0.7327450630229347,0.7022421235617247,0.7690275242282592
2025-10-31,0.7327974353124085,0.7022455149311164,0.7688261923203279
2025-11-03,0.7326397666635684,0.7026780745284611,0.7689009036314803
2025-11-04,0.7328636987633667,0.7022772658801385,0.7690137311556885
2025-11-05,0.7335902189341227,0.7021869682654083,0.7690540848802941
2025-11-06,0.7340778307361316,0.7021649454367878,0.7691213144350287
2025-11-07,0.7344036522823324,0.7021465330453462,0.7692994283220027
2025-11-10,0.733901840990532,0.7017629787174597,0.7692094399343302
2025-11-11,0.7344535687518814,0.7020910510543165,0.7693324555654101
2025-11-12,0.7342330298613378,0.701857729330722,0.7694836839192777
2025-11-13,0.733730596856498,0.702036272400847,0.7695979986777265
2025-11-14,0.733735581900608,0.7018397495436447,0.7695484158252129
2025-11-18,0.7340567436500407,0.7018006962122134,0.7695487168852776
2025-11-19,0.7339955611911675,0.701819248998765,0.7693699372953019
2025-11-20,0.7338912437509372,0.7017050341516167,0.7692624504623251
2025-11-21,0.7344992596205896,0.7017287504570336,0.7692106784970296
2025-11-24,0.7342158580157034,0.7017734121157589,0.7695519091655737
2025-11-25,0.7341585309655703,0.7018432128145301,0.7696788667729227
2025-11-26,0.734494192105132,0.701881403573024,0.7700809970719942
2025-11-27,0.7339973928083876,0.7018180374660913,0.7700376630578067
2025-11-28,0.7339511759244433,0.7018568326982528,0.7701954396068876
2025-12-01,0.7341857053622141,0.701593060835547,0.7702637031010745
2025-12-02,0.7343446920499862,0.7018007240831855,0.7701383796463768
2025-12-03,0.7338366538843468,0.701785953151094,0.7699629665857727
2025-12-04,0.7340534714997764,0.7016610524555827,0.7700354983736473
2025-12-05,0.734719527731566,0.7013861230746798,0.7699153754053119
2025-12-08,0.7351662409043691,0.7015570722737047,0.7700056547997655
2025-12-09,0.7353916539080896,0.7016670873711781,0.7699838317344214
2025-12-10,0.7359423532724246,0.7014193105877979,0.7702348903647981
2025-12-11,0.7361033439977532,0.7015741088532347,0.7699855475278061
2025-12-15,0.7357091061159311,0.7013643814316011,0.7701315085836893
2025-12-16,0.7357692511664476,0.7013974820616671,0.7703686996319568
2025-12-17,0.7354393507273544,0.701486786085666,0.7697241595989833
2025-12-18,0.7353323436269711,0.7013964173559125,0.7699734604278419
2025-12-19,0.7356677998862251,0.7012883457555549,0.7695819492217633
2025-12-22,0.7357313793013059,0.7016656970889182,0.7696139435076541
2025-12-23,0.7355069789271406,0.7016257857381418,0.7697538068611476
2025-12-24,0.7353963381037846,0.701400551173547,0.7696733754629562
2025-12-26,0.735275923510826,0.7015768478096908,0.769710515121417
2025-12-29,0.7350553050803527,0.7017354309653903,0.7696574676336017
2025-12-30,0.7340972197418028,0.7015593091310722,0.7697416523621766
2025-12-31,0.7335426912692069,0.7016631466374952,0.769653726004389
