Date,NTL,CI_low,CI_high
2017-04-18,1.1395748748430303,1.1395748748430303,1.1395748748430303
2017-04-19,1.1396266276033613,1.1379985657589966,1.1410801894325888
2017-04-20,1.1400294484977818,1.1369340846562317,1.1421637638602906
2017-04-21,1.1402094629026522,1.136304373325354,1.1426566913901393
2017-04-24,1.1389655655837467,1.1355914189651048,1.142923816847559
2017-04-25,1.1381872372851134,1.1349918252254387,1.1435641023516372
2017-04-26,1.1364328565370858,1.1345768282908795,1.1442618840802106
2017-04-27,1.1376828325867987,1.1341362037020717,1.1446943520619184
2017-04-28,1.1378044920098471,1.1337271139355996,1.1452485592992911
2017-05-02,1.1370212114759453,1.1333226449981315,1.1459155477640723
2017-05-03,1.1367082625628973,1.1329894084612864,1.146653545234973
2017-05-04,1.136846910168126,1.1322405240267164,1.1472827140167785
2017-05-05,1.1366027631582813,1.1321848013651765,1.1481307558438538
2017-05-08,1.1379178874825109,1.1317872439760754,1.1486952783632536
2017-05-09,1.1378975616446703,1.130911219739268,1.1491101239031458
2017-05-10,1.1381563778530381,1.1299721548810586,1.1496382230341577
2017-05-11,1.1393404850264006,1.1293999350375739,1.1499776838440874
2017-05-12,1.139322924587583,1.1280489390389523,1.1510433553876285
2017-05-15,1.1391161670806622,1.1269589500176995,1.1515894311455435
2017-05-16,1.1387715671772494,1.1245113309687507,1.1517132613240715
2017-05-17,1.137678500702035,1.1238244755435671,1.1522142741289163
2017-05-18,1.1369748072163726,1.12304890778322,1.1526253210913047
2017-05-19,1.1375361447143586,1.1213070361979995,1.1530701773472374
2017-05-22,1.1379265289658957,1.1193254965747463,1.1537032015831743
2017-05-23,1.1399579348321043,1.11837644778073,1.153549467294999
2017-05-24,1.140321783546363,1.1169605865543017,1.1548145352778731
2017-05-25,1.1401230492964274,1.1159749255227245,1.1553439491223463
2017-05-26,1.1404549760701475,1.1158655353187643,1.1554733546090346
2017-05-29,1.1400067475651103,1.1158142025980127,1.1556112424773552
2017-05-30,1.1396462191112757,1.1155850684884705,1.1562764819660845
2017-05-31,1.140062979403766,1.1155468905870374,1.1569173282136636
2017-06-01,1.139903820013475,1.1145965127845376,1.157173718755814
2017-06-02,1.1401744156396425,1.1140651622069684,1.1574474071752923
2017-06-05,1.1399479003070543,1.1139757560641217,1.1583361179635374
2017-06-06,1.138961321390334,1.1132172188441836,1.1585774863587277
2017-06-07,1.1393322676898268,1.1128262913303046,1.1599846359575878
2017-06-08,1.140574626707824,1.112902847458351,1.1607255260794387
2017-06-09,1.1398676450164418,1.1124983741476413,1.1617885126780634
2017-06-12,1.139735823359464,1.1112612789958987,1.1624949354557763
2017-06-13,1.1425142002451576,1.110732408688772,1.1628049558066673
2017-06-14,1.1417777125676825,1.1102275874273524,1.1629380696100917
2017-06-15,1.1409041506270707,1.1102895016874221,1.1631159160128348
2017-06-16,1.1412979032956856,1.1100364683884836,1.163643092808343
2017-06-19,1.1410660321677908,1.109053686158097,1.1641843731274812
2017-06-20,1.1402349531368248,1.1084754044920035,1.1645647772994627
2017-06-21,1.1409388178386648,1.1077492006692171,1.1661631025102022
2017-06-22,1.140869909087024,1.107240802572946,1.1664356310368553
2017-06-23,1.1407470256549899,1.1061523702035425,1.166978987958454
2017-06-26,1.1404438202568465,1.105549862485067,1.1669793359011713
2017-06-27,1.1464961638238118,1.105159971607061,1.1673597675945115
2017-06-28,1.1430783939513436,1.104577724669953,1.167440419302737
2017-06-29,1.142713763956982,1.1035276686781865,1.1683730784162722
2017-06-30,1.1430700537324503,1.1030079335813499,1.1684371564874494
2017-07-03,1.1422491954034655,1.102396499124991,1.1684767312135413
2017-07-04,1.1419171747539913,1.1020991715507529,1.1689480258031142
2017-07-05,1.146706274659143,1.1018975879641597,1.1685936419575393
2017-07-06,1.146488163854792,1.101365441451708,1.168825355602074
2017-07-07,1.1456787283007026,1.1006384812173113,1.1698134497466857
2017-07-10,1.1456093914455436,1.0992406169071702,1.1702483730084892
2017-07-11,1.1468745606284758,1.0987469436620794,1.1707675282657026
2017-07-12,1.1450267543569372,1.0977779859951604,1.1705286215013238
2017-07-13,1.1450534623962194,1.0971803072482873,1.171016775152374
2017-07-14,1.1451695964003914,1.0965512773411097,1.1719271936658135
2017-07-17,1.1459422615578008,1.0959428153709783,1.1724576401515605
2017-07-18,1.1452231319606179,1.0947363736022622,1.1722922959219026
2017-07-19,1.1466628818188014,1.0939890414447337,1.1734880916777353
2017-07-20,1.1467106564065657,1.093125685735536,1.1730503497219453
2017-07-21,1.1477248999543719,1.0939220820053697,1.1733000747620979
2017-07-24,1.1476115536167735,1.094009542287466,1.1737080414469567
2017-07-25,1.1481763321167233,1.093654492422179,1.1738090416943716
2017-07-26,1.1478555972233058,1.0929640020337388,1.173786160477136
2017-07-27,1.1481106134333785,1.0928619701678122,1.1737028266338303
2017-07-28,1.1479998614709201,1.0931268461137325,1.1745039106444763
2017-07-31,1.1487707288031646,1.09156186445968,1.1747499735365385
2017-08-01,1.148848507924636,1.0924077990005772,1.1752270503352744
2017-08-02,1.1489364306581922,1.0898543373126435,1.1752513453097866
2017-08-03,1.1494435814066843,1.0897569915403686,1.1755726307465155
2017-08-04,1.1493812261128824,1.0882952211003902,1.1756762186758207
2017-08-07,1.1490873303603453,1.0877266973890587,1.1758845890643792
2017-08-08,1.1494039023725242,1.0875754306854295,1.1765207298296536
2017-08-09,1.1501052918002244,1.08756903234369,1.1761472012757845
2017-08-10,1.1497890444058203,1.0879850351797138,1.176726820629922
2017-08-11,1.1496785806336014,1.087593235368951,1.1771128279222545
2017-08-14,1.1493106040087804,1.0872289178690877,1.1770582747256069
2017-08-15,1.1492294325045211,1.0873767139815245,1.1778773081996199
2017-08-16,1.1497795864223241,1.0874517360252232,1.1778355289048414
2017-08-17,1.1499940647829532,1.0868844951289154,1.1784565850245357
2017-08-18,1.150154980393756,1.086129207441768,1.1789952735136224
2017-08-21,1.1513103101104256,1.0864490336116326,1.1794408292781837
2017-08-22,1.150470603216339,1.0856553671369005,1.1799622171555557
2017-08-23,1.1496571379115181,1.0860084157155439,1.180519745993049
2017-08-24,1.148300228565389,1.0861983343153714,1.1810119841894586
2017-08-25,1.1479268467829409,1.0858421894852972,1.1807780382125954
2017-08-28,1.1477912970083413,1.0857685763645417,1.1806899292032849
2017-08-29,1.147688938219065,1.0858248928105838,1.1807184288105699
2017-08-30,1.1477728322586427,1.0860372280846966,1.181013293605253
2017-08-31,1.1471660118050655,1.0855690308280903,1.1812672854990771
2017-09-01,1.1478114163123916,1.0851725012287374,1.1812001358093887
2017-09-04,1.1481419066616838,1.085111662747248,1.1817178319663797
2017-09-05,1.147439697148173,1.0846436347374713,1.1821708512511764
2017-09-06,1.1472642928141208,1.0849223279027953,1.1827322892448582
2017-09-07,1.1474304867740934,1.0841431658784118,1.183234765320613
2017-09-08,1.1467515483581063,1.0841388285872968,1.183891717820514
2017-09-11,1.1465272771702064,1.0840220909366212,1.1842267689434458
2017-09-12,1.146525315057444,1.0833420701134318,1.1845818675380657
2017-09-13,1.1458084776057476,1.0831362994624252,1.1847727103909524
2017-09-14,1.1455072839667153,1.0829403166962832,1.1851285411308632
2017-09-15,1.146525529269267,1.0824134364896736,1.184719819296885
2017-09-18,1.147736517533003,1.0823590838698391,1.1848572127266752
2017-09-19,1.14789378688719,1.0817940710311944,1.18442678275042
2017-09-20,1.1474633494683715,1.0807297125648117,1.1846144583364817
2017-09-21,1.1478015364960097,1.0806449155113578,1.184200417721174
2017-09-22,1.1475341339082397,1.0799556443737188,1.1847181412551595
2017-09-25,1.1467808234218464,1.0798615097964201,1.1846951098524647
2017-09-26,1.14727783696543,1.0794175388794354,1.1852862291667619
2017-09-27,1.1461585917129176,1.0797228244520023,1.1865371569980032
2017-09-28,1.145616684962077,1.0796381034912534,1.187500204177587
2017-09-29,1.1455066094185138,1.0798052653524124,1.1877290898303852
2017-10-02,1.1451379738946932,1.079968512855615,1.187475054111253
2017-10-03,1.145219346083599,1.0798009153146395,1.1877889009375167
2017-10-04,1.1449382680866562,1.0798461996722988,1.18775127854354
2017-10-05,1.1448138691621077,1.0795018343340437,1.1875539173107716
2017-10-06,1.1451041893607465,1.079628659642757,1.185752941409195
2017-10-09,1.1452608703682268,1.0788865851000855,1.1855908903753145
2017-10-10,1.1453196015819365,1.0793014260805431,1.1866028198019412
2017-10-11,1.145250946393811,1.0780306804053985,1.1873484896649404
2017-10-12,1.1441943179991672,1.0778986919292157,1.186978018346544
2017-10-13,1.14421603916984,1.0786286141667916,1.1873457557242257
2017-10-16,1.1443805069351425,1.077695561570318,1.1875152424111148
2017-10-17,1.1431418141913061,1.0764445818318753,1.1882876431214802
2017-10-18,1.1434440007222162,1.074690230470953,1.1877976143935214
2017-10-19,1.1433539342270385,1.0742129539062808,1.1875957761667388
2017-10-20,1.1440150870019228,1.0741309128051684,1.1877632046022955
2017-10-23,1.143966003757698,1.074191895843115,1.188217209806287
2017-10-24,1.1430872454969743,1.0747038350449558,1.1883371998925985
2017-10-25,1.1443896348395743,1.0749529070314918,1.188639827296057
2017-10-26,1.1449559143076726,1.0748881044251888,1.188715265433796
2017-10-27,1.1455388265207582,1.0751004984810362,1.1891090586849327
2017-10-30,1.145698371227589,1.0746726971902272,1.1889547044038513
2017-10-31,1.1459276679887895,1.0748326304137201,1.1892002215274637
2017-11-01,1.145320832393707,1.0743963805194026,1.1893768715246609
2017-11-03,1.1454166292033865,1.0730724081238971,1.1900162348960681
2017-11-06,1.1443352479741888,1.0721775324092184,1.1902646214183303
2017-11-07,1.1438324466013492,1.0722014284487444,1.1904152606956109
2017-11-08,1.1434983510310588,1.072487243147643,1.190794289028404
2017-11-09,1.1442374028829387,1.0721043064350717,1.1910018608173283
2017-11-10,1.1428795665964102,1.0724639762619144,1.1907065052177637
2017-11-13,1.1431237771527842,1.0722776150415443,1.1903957183019358
2017-11-14,1.1435156626838598,1.071561380555173,1.1904085795893664
2017-11-15,1.1434569007193631,1.0724563824713336,1.1907088673353796
2017-11-16,1.143463891820355,1.0717978635924545,1.1909576867033511
2017-11-17,1.1425556413310156,1.071662625532573,1.1914143011912366
2017-11-21,1.1431907065899705,1.0717900352857233,1.1921995780143995
2017-11-22,1.1435778278691477,1.0710048498634281,1.1929947766799573
2017-11-23,1.1439781227283707,1.0713260728235263,1.1924247870550964
2017-11-24,1.1444231533353948,1.0710060979809652,1.1921824114968234
2017-11-27,1.1475890615260622,1.0710091043531718,1.1922384688897725
2017-11-28,1.1492921756073158,1.0715160048644312,1.1922869714743762
2017-11-29,1.1504281590829377,1.0714123620848375,1.1922835759152917
2017-11-30,1.1519999701166335,1.0717152221247845,1.1923974142212683
2017-12-01,1.1532351852282896,1.0717015653686413,1.1928239931657434
2017-12-04,1.152728036759697,1.0714527379405234,1.1924555821461802
2017-12-05,1.1527232573213897,1.0707287258644573,1.1921623612429804
2017-12-06,1.1536817313521464,1.0700243700499366,1.1925374529955035
2017-12-07,1.153639618079967,1.0698530337572916,1.192334196826141
2017-12-08,1.152873976914013,1.069873822517317,1.192567734645702
2017-12-11,1.1527679781225464,1.0696758825295534,1.1931977150107222
2017-12-13,1.152977159662031,1.0698478734829182,1.193827128461353
2017-12-14,1.1535792173053365,1.0696606324045497,1.1939555234325214
2017-12-15,1.153794423502468,1.0692057155836519,1.194069279240141
2017-12-18,1.1528146491137061,1.0693082452401415,1.1939498330696523
2017-12-19,1.153080060990591,1.068798502221634,1.1937654622968898
2017-12-20,1.152440791640743,1.0684187383092345,1.1939633362115396
2017-12-21,1.1525090777336746,1.0678940178525482,1.1939540632208725
2017-12-22,1.1529438780854853,1.0673670231859065,1.1943304972222
2017-12-26,1.152772540320328,1.0672107138517581,1.1949780047144307
2017-12-27,1.153076589154941,1.0675744056422156,1.1954711814415369
2017-12-28,1.1536520992298103,1.0666147297510034,1.1962054676023366
2017-12-29,1.1530085789838544,1.0661709424443562,1.1966967734521934
2018-01-02,1.1516337266377104,1.0657062044423506,1.1967197345813756
2018-01-03,1.1513507079079215,1.065473738941097,1.1970920987028264
2018-01-04,1.1511570976298795,1.0659992455588942,1.1968394679189707
2018-01-05,1.1506918957734649,1.066035894278711,1.1969698210880209
2018-01-08,1.150425776127246,1.0660974015939761,1.1969195557926686
2018-01-09,1.1508523447708712,1.0661056350293618,1.1960929777463438
2018-01-10,1.1484794028843595,1.0659410790797916,1.196040421984761
2018-01-11,1.1489417706535874,1.0658099394267302,1.1957250250960636
2018-01-12,1.1482836923241668,1.0655989424487786,1.195686153339299
2018-01-15,1.147798859482528,1.0640637363338563,1.1958217103985014
2018-01-16,1.1476576639863882,1.064846058818545,1.195818342694336
2018-01-17,1.1476884554669748,1.0646075006139792,1.1961097998222894
2018-01-18,1.1478270017739707,1.0648052168483866,1.1964377487251125
2018-01-19,1.1476952568208891,1.0647149237052647,1.196449156459594
2018-01-22,1.1478092365054617,1.0648837190291074,1.1970474488269613
2018-01-23,1.1480368561354857,1.0644657221629061,1.1972207802248156
2018-01-24,1.147636619137156,1.0637754979666016,1.1977545341848101
2018-01-25,1.1481415486316582,1.0632497249532027,1.1975925178739069
2018-01-26,1.1485537416181113,1.0631802556850973,1.1979993156664088
2018-01-29,1.1495066598265196,1.0636582146248648,1.1981834098334432
2018-01-30,1.1492500483982788,1.0628581047135552,1.1985015301055244
2018-01-31,1.1494746323573022,1.0627357931118615,1.198566846021788
2018-02-01,1.1493082610879173,1.063027814050719,1.1985700325131232
2018-02-02,1.1491973979079526,1.0625461645980234,1.1985749101685967
2018-02-06,1.1472088486277419,1.063045521338607,1.1987712562211095
2018-02-07,1.1478422221341742,1.0624299092662481,1.1989651428420591
2018-02-08,1.1444395144107924,1.0630042964615964,1.1989291040146939
2018-02-09,1.1456054730514975,1.0626834724261993,1.199326869220603
2018-02-12,1.1459794904395193,1.0627353158484134,1.1992705052553885
2018-02-13,1.1458213226299119,1.0624766487645607,1.2004180418980197
2018-02-14,1.1459714415514854,1.0626568893607702,1.2006982590708855
2018-02-15,1.1463583894535008,1.0626924841069911,1.2005026160622279
2018-02-16,1.1484555071441271,1.0623247353220495,1.2002771333982134
2018-02-19,1.1484070949678922,1.062682058450874,1.2006118080153165
2018-02-20,1.1476987804602217,1.0617105917562657,1.2009034535205905
2018-02-21,1.148222042038392,1.0611180107552294,1.2013448591895413
2018-02-22,1.1480677978365261,1.0610010404526975,1.2021452958471022
2018-02-23,1.148236148167091,1.0604882659734707,1.2021330706797122
2018-02-26,1.1487764752815368,1.0608501103446777,1.2014762785027584
2018-02-27,1.1480491459608781,1.0606740494767695,1.2020575132417093
2018-02-28,1.149774021151741,1.0610077471895445,1.202055224491784
2018-03-01,1.150013029559556,1.0613963494437721,1.2020536345530268
2018-03-02,1.1507809166529257,1.0607518729887517,1.2026557726972027
2018-03-05,1.1526991807603848,1.0608936137795342,1.2023084984426744
2018-03-06,1.152712217319861,1.0607610583390024,1.2026683106083456
2018-03-07,1.1530390244272406,1.0606095248845189,1.202859347514067
2018-03-08,1.1531075200927803,1.0602986388787001,1.2027220131554903
2018-03-09,1.152688323192279,1.0604985447479802,1.2033508315893053
2018-03-12,1.1533905432112945,1.0600571075262208,1.2031221565411179
2018-03-13,1.153565915151555,1.0597150765953627,1.2035955038609805
2018-03-14,1.1530835121309035,1.0590839874827258,1.2036899856946748
2018-03-15,1.1536351922927814,1.0592351696941749,1.2038072710181504
2018-03-16,1.1551162262335057,1.0589809131761465,1.203594384435822
2018-03-20,1.1544384632489968,1.0585777823770524,1.2032034078008005
2018-03-21,1.1534253451728622,1.0591715814585543,1.2032152599353463
2018-03-22,1.1531924872789099,1.0589150845255508,1.2032914050162868
2018-03-23,1.152183101084864,1.058421138848688,1.2030138718026815
2018-03-26,1.1525388369170577,1.0593424601459769,1.2033185617451814
2018-03-27,1.153141738037563,1.0583336001647616,1.2037677964876348
2018-03-28,1.1533120182429715,1.0586805144681124,1.2039608336601066
2018-04-02,1.1532551342655077,1.0586957724660901,1.204563861145763
2018-04-03,1.151897236053971,1.057460117052416,1.204414208515924
2018-04-04,1.151334249938461,1.057364508830005,1.2058042668537752
2018-04-05,1.1511134733044346,1.0579449862239312,1.2068570012547324
2018-04-06,1.1511923129857957,1.0577864883988164,1.207129127994084
2018-04-09,1.1516482378654034,1.0578645955441675,1.2066460071932006
2018-04-10,1.1517075575749645,1.0574106825993197,1.2081762310496218
2018-04-11,1.1517466169396624,1.0576823084554918,1.2078698546250182
2018-04-12,1.1533910604016713,1.057350004601957,1.2086561042356512
2018-04-13,1.1536419700615939,1.0567922367420923,1.2087648954810108
2018-04-16,1.1533417050007022,1.0566236317696651,1.20843839683972
2018-04-17,1.1571850713965643,1.057259372594866,1.2087678865647358
2018-04-18,1.1574638691502506,1.0573871594517763,1.209145686708888
2018-04-19,1.1631256747515544,1.0570244230544352,1.209534836489074
2018-04-20,1.1871579967406851,1.0562682342748675,1.209613013468842
2018-04-23,1.1901167989280494,1.0561215737489251,1.2091011103440437
2018-04-24,1.1903757355174258,1.0562769645107881,1.2091953395699182
2018-04-25,1.1923852371972956,1.055649295492155,1.2093856370306255
2018-04-26,1.1923234293676188,1.056051944780268,1.2091420285939767
2018-04-27,1.1934165094634115,1.055547735265743,1.208416210041099
2018-04-30,1.1929859116716686,1.0548498758454465,1.2084638467776343
2018-05-02,1.1925306281151522,1.0539479426501273,1.2089563723947256
2018-05-03,1.1922965505838952,1.053685257392064,1.2088205347698984
2018-05-04,1.1918541603812476,1.0533370603036565,1.2083679167980086
2018-05-07,1.1909747054062974,1.0526854125904366,1.2085748535509941
2018-05-08,1.191096312382326,1.0524455843660652,1.2089864804585202
2018-05-09,1.1909328282177634,1.0523134112928776,1.2090210480421482
2018-05-10,1.1888303505977391,1.0525694070325946,1.2091819941428064
2018-05-11,1.1898036295604533,1.0525382089586837,1.2093252485622465
2018-05-14,1.1910418069105035,1.052541983722924,1.2094798660470278
2018-05-15,1.190656105456481,1.0531354550976977,1.2093116602600664
2018-05-16,1.1905750104655914,1.0530773227748191,1.2094351254643383
2018-05-17,1.188077922729996,1.0533965292552825,1.2096505651018628
2018-05-18,1.1873758583423806,1.052782768023008,1.2090147662633657
2018-05-21,1.1880542019390068,1.0531290152101298,1.2099627637565253
2018-05-22,1.1873759583230643,1.0533112909872075,1.2091114673461048
2018-05-23,1.1884462864788272,1.0526374516006471,1.209279729151136
2018-05-24,1.1884630415047632,1.0533613511443463,1.209408599850417
2018-05-25,1.1897121452080877,1.052512420899619,1.2096546511271358
2018-05-28,1.189901028933846,1.0520587060423077,1.210165720062677
2018-05-29,1.1893787004214462,1.0522083973058265,1.2107972699184888
2018-05-30,1.1887066039294478,1.0524803708435442,1.2110963470358977
2018-05-31,1.1893919859550597,1.0520475187104852,1.21159637844631
2018-06-01,1.1894701410214725,1.0513567470638487,1.211546505413016
2018-06-04,1.188967295989043,1.0511464605438314,1.2120304156668393
2018-06-05,1.188939469934374,1.0504148683239474,1.2120987115912079
2018-06-06,1.1893576136378412,1.050213311487701,1.2122258718326338
2018-06-07,1.189908565449921,1.0495352537468488,1.2126460056750779
2018-06-08,1.1888010321300944,1.0491177145453474,1.2125958570695874
2018-06-11,1.1890961273400327,1.0497092763558675,1.2125475593556125
2018-06-12,1.1898384793204648,1.049898414948936,1.212108913747615
2018-06-13,1.1911022939380884,1.0497837407000585,1.2122128040047357
2018-06-14,1.1907919899361659,1.050450057643404,1.2124055672066145
2018-06-15,1.191477951827194,1.0497959383954212,1.2124801748470615
2018-06-18,1.1940489431935535,1.0496546322951301,1.212903518212955
2018-06-19,1.1939502124477384,1.05011120661806,1.2131109802790618
2018-06-20,1.1935238565027144,1.050285441753705,1.213287775791277
2018-06-21,1.193043291339988,1.0496068214739422,1.213526006585544
2018-06-22,1.19397319587635,1.0498570461669956,1.2135760035954537
2018-06-25,1.1943947665921977,1.050438742009714,1.2131938519610048
2018-06-26,1.1952388539534322,1.0501814210881224,1.2138580107174053
2018-06-27,1.1949468584173566,1.0496017387025314,1.213922497800131
2018-06-28,1.1944804147511756,1.0501046126357183,1.2136501668634894
2018-06-29,1.1928250203821036,1.050302861727199,1.2128931632194688
2018-07-02,1.1972538340595287,1.050395751619598,1.2130017285894685
2018-07-03,1.2005556857461972,1.0503370593647239,1.213371134566213
2018-07-04,1.2017270739179549,1.0504357759513943,1.2136777030009347
2018-07-05,1.197222896539342,1.0499929919589148,1.2138085604038846
2018-07-06,1.1970991789252703,1.0502426529724176,1.2134182900667612
2018-07-09,1.1965724767950157,1.0490705527880029,1.2137893164501201
2018-07-10,1.1962713794715356,1.0499054975924385,1.2134268025690607
2018-07-11,1.195526318234519,1.0491215005526844,1.2139051783357855
2018-07-12,1.1948668397888935,1.0481686991949468,1.2136517552129287
2018-07-13,1.1953023643848233,1.0482891531406942,1.2141219004051216
2018-07-16,1.196001091304496,1.048759592816295,1.2142028031993597
2018-07-17,1.1973053791891675,1.0494556319690416,1.214700508404473
2018-07-18,1.1976899985267568,1.0499755944343072,1.2152196548400307
2018-07-19,1.1972321448733059,1.049490907973509,1.2153170801573083
2018-07-20,1.1973525435859285,1.048758313863595,1.215695323382992
2018-07-23,1.198062738881597,1.0486788573345844,1.2154577404638898
2018-07-24,1.198118827614242,1.0482559576379609,1.2154338000256775
2018-07-25,1.1985214857159567,1.0477843458703138,1.2161578457250821
2018-07-26,1.199821032204005,1.0474542682067174,1.215869850923205
2018-07-27,1.2011280871904984,1.04734290697143,1.2168026543834778
2018-07-30,1.202313306957992,1.0461826119998294,1.2169084334840459
2018-07-31,1.2024541977360483,1.0468870013819314,1.2172711428536482
2018-08-01,1.2024731574176108,1.0462712881090506,1.2174707994756206
2018-08-02,1.202075936870199,1.0456429557926692,1.2175406460818812
2018-08-03,1.2013235659951362,1.0456355543192402,1.2173228454388643
2018-08-06,1.2016969582607016,1.0459308526712947,1.2175074666338408
2018-08-07,1.2014257662893266,1.0460905104058202,1.217947060851491
2018-08-08,1.2008444887230583,1.045948728840323,1.218067289051129
2018-08-09,1.2004662978194363,1.0467658474634847,1.2178261749356118
2018-08-10,1.1979191112386722,1.0470455402068222,1.2187054661113703
2018-08-13,1.1973255349074088,1.0469529122369001,1.2184613814380458
2018-08-14,1.1965294840299325,1.0462490040318662,1.218393409183176
2018-08-15,1.1955820991015191,1.0462579207560236,1.218845031569399
2018-08-16,1.196184820880389,1.0467090471437508,1.2192651047714897
2018-08-17,1.1964625680507905,1.0466346315428696,1.2193058258797917
2018-08-20,1.1960729729858355,1.0467229543970038,1.2190115403312218
2018-08-21,1.1958530126804214,1.0458677977707922,1.2191157905232257
2018-08-22,1.1951035909036267,1.045195454140022,1.2188257386228303
2018-08-23,1.1956539566049325,1.0444798171196545,1.2194217821673798
2018-08-24,1.1953489585824233,1.0435436008976724,1.2193106706630727
2018-08-27,1.1950091729556596,1.0433895346149502,1.2197847683578422
2018-08-28,1.1940237436935561,1.0439558245679168,1.2203294314386377
2018-08-29,1.1943726008501123,1.0432324517108515,1.2201301527131285
2018-08-30,1.192807966314038,1.0423521907150413,1.2205593227545655
2018-08-31,1.1926663017822483,1.0421123792222504,1.2201289485911413
2018-09-03,1.1927028088930984,1.0422772299479153,1.2203917461686282
2018-09-04,1.191883961136467,1.0421422052575313,1.2215111550256732
2018-09-05,1.1918015209129544,1.041397352662776,1.221132704243611
2018-09-06,1.191978354515771,1.0420835463530633,1.2217240017052382
2018-09-07,1.1924582369232657,1.0415384803287542,1.2211767576032435
2018-09-10,1.1930169540557587,1.041889878690882,1.2207889336152
2018-09-11,1.1928567615547225,1.0421914685890177,1.2215823258772505
2018-09-12,1.1929669468122643,1.0417086026407794,1.2210650164387398
2018-09-13,1.1920823033538344,1.041808571237584,1.2209916018025972
2018-09-14,1.192299366027305,1.043082567529316,1.2210635465430646
2018-09-17,1.193926647925534,1.0430112901934723,1.2211126164459252
2018-09-18,1.1934407015606083,1.0422577444003642,1.2213860397580345
2018-09-19,1.1929915231152124,1.0434361794447666,1.2216921448786786
2018-09-20,1.1932149905208291,1.0430952933657716,1.2212915177810773
2018-09-21,1.193351704141955,1.043195427863358,1.2209211217990599
2018-09-24,1.19373723276263,1.0427343186091915,1.2210734974896906
2018-09-25,1.194659754096285,1.0426796352099201,1.2213768736782131
2018-09-26,1.194946624423314,1.0427786687337484,1.2224653599158177
2018-09-27,1.1952940226519266,1.0419454450101058,1.222174802319875
2018-09-28,1.1948606636456982,1.041218229327722,1.2219147709916947
2018-10-01,1.1951270612202802,1.0413932259996586,1.2215597035220334
2018-10-02,1.1963733082300863,1.0411138163170974,1.2213768089548265
2018-10-03,1.1967117374608416,1.0412673332784457,1.221678792552508
2018-10-04,1.1969036224831864,1.0412337697369836,1.2217446215981702
2018-10-05,1.197362667403563,1.0409436313214517,1.2218843972468751
2018-10-08,1.1969641576858332,1.039970403727148,1.221684269252841
2018-10-09,1.1974968326373052,1.0402345182850483,1.2223525166144908
2018-10-10,1.1970672339815405,1.039554139999159,1.222819893014617
2018-10-11,1.1956062267230205,1.0398456091583876,1.222828182496416
2018-10-12,1.1963936528409234,1.0399238499344698,1.2233253348459718
2018-10-15,1.1963797178705595,1.039058527332964,1.2234318303962226
2018-10-16,1.1966748747330287,1.0393075228347075,1.224684197709044
2018-10-17,1.1979525294027122,1.0393173818957533,1.2238680532654653
2018-10-18,1.1963245933554878,1.0392237060018499,1.2234569448093937
2018-10-19,1.1959375949225002,1.0387662189381546,1.223575918969862
2018-10-22,1.1946953009387002,1.0388153874591752,1.2243833012949017
2018-10-23,1.194713617224884,1.0387794853620462,1.2242301985675001
2018-10-24,1.1941412716035849,1.0381623177222044,1.2247226630903774
2018-10-25,1.1944541696004027,1.0387693596541285,1.2249268061974043
2018-10-26,1.1949175255428728,1.038994552183202,1.2255414682290506
2018-10-29,1.179669448973814,1.0373383451944431,1.2249711111397261
2018-10-30,1.1777375772250611,1.0380357645140053,1.2254493427001052
2018-10-31,1.176546751223471,1.038152417619127,1.2261847706764477
2018-11-01,1.1712059197952955,1.037902438400099,1.2258684086935958
2018-11-05,1.1661599166619347,1.0381057169140224,1.225688448709379
2018-11-06,1.1666672350967346,1.0384227474428733,1.2258251322913742
2018-11-07,1.167147724176479,1.0381475325335063,1.225556305277482
2018-11-08,1.1440664320628011,1.037663313181148,1.225606609445498
2018-11-09,1.144112089378576,1.0384842829502656,1.2260051330126711
2018-11-12,1.14455933957635,1.0375879760669806,1.2263682445188806
2018-11-13,1.1424149009188147,1.0377041813012335,1.226183153516901
2018-11-14,1.1436224402063484,1.037383713060213,1.225864930620072
2018-11-15,1.1425976800019473,1.037432579897144,1.2259311565380306
2018-11-16,1.140401340384255,1.0367785043730502,1.2269994513026332
2018-11-20,1.139115157290754,1.0368627636461292,1.2268330782024717
2018-11-21,1.138669360983772,1.037276140626445,1.226734813335778
2018-11-22,1.1379842603432624,1.0374419893723517,1.2273865873434222
2018-11-23,1.1381805418719009,1.0375489362360786,1.2277324837304295
2018-11-26,1.133575183059013,1.037650903140994,1.227517526497889
2018-11-27,1.1318551417925447,1.0376815494647371,1.2270588068927066
2018-11-28,1.1267000462437675,1.0366673925037675,1.2265311357712645
2018-11-29,1.1264625016122363,1.0372191932188208,1.2269040855833966
2018-11-30,1.1264713071415902,1.0368735440003982,1.2273982664013965
2018-12-03,1.1264280133494478,1.0364896880140824,1.2277257026566595
2018-12-04,1.1271421172827165,1.03623501088381,1.2270816152419082
2018-12-05,1.126835920418144,1.0360458039160159,1.2273005497917981
2018-12-06,1.1275556473700932,1.0357066662622159,1.227159569176319
2018-12-07,1.127923975659745,1.0358070146377647,1.22734293991906
2018-12-10,1.1275760535818562,1.0355498919013764,1.2274995536478452
2018-12-11,1.1267141994290544,1.0355287080567324,1.2275325352409228
2018-12-13,1.1275419845915302,1.0353676896978923,1.2280250017042207
2018-12-14,1.1283807603771656,1.0357875367603984,1.2282765240056173
2018-12-17,1.1281846143761152,1.0358737974231038,1.2287933363281782
2018-12-18,1.1273162626772955,1.0351255171069282,1.2293108980598342
2018-12-19,1.1267220180061637,1.0351187253257963,1.229520075244207
2018-12-20,1.127215882132592,1.0350630589501588,1.2294294858742714
2018-12-21,1.1268117099762227,1.0348665586936452,1.2301545911902307
2018-12-24,1.1265372168396601,1.0347212015999891,1.2306899569050174
2018-12-26,1.1266062017840994,1.034371061025001,1.2308626692475788
2018-12-27,1.1269212681171883,1.034687654467806,1.2307454344832196
2018-12-28,1.126590050538552,1.0338900016831265,1.2309415811600344
2018-12-31,1.126147976618438,1.0342872325634318,1.230955753728391
2019-01-02,1.1238493622556807,1.0340630812357834,1.2312758653313713
2019-01-03,1.1234987133609027,1.0339070173158644,1.2311431349032136
2019-01-04,1.1235254065129168,1.0348651429063207,1.230949772634764
2019-01-07,1.1232992990456936,1.0341769846352111,1.2310288118761685
2019-01-08,1.122873331607655,1.0338746570561421,1.2312909863444397
2019-01-09,1.1232595693712666,1.033927168065305,1.231094691641036
2019-01-10,1.1244570415943027,1.0339459191450882,1.2312467408000862
2019-01-11,1.1245604852290194,1.0355046496917746,1.2314689160485768
2019-01-14,1.1246091787261496,1.0351429936392824,1.2311983035689888
2019-01-15,1.1245995261343495,1.0354769589968604,1.23083722410647
2019-01-16,1.1250043246467347,1.0355395744815041,1.2310627555225546
2019-01-17,1.1264099183021323,1.0360316315688967,1.2310638564608214
2019-01-18,1.1271795133611582,1.035798629498054,1.2310323522532327
2019-01-21,1.1278403874203047,1.0351793701857923,1.2314968537855513
2019-01-22,1.1289005262575618,1.035164666552392,1.2316961807796325
2019-01-23,1.1290098347170956,1.0349603959797606,1.231611131335523
2019-01-24,1.129347250065119,1.0349340705099839,1.2315521636882762
2019-01-25,1.129462652684425,1.034873853579656,1.2324677091096636
2019-01-28,1.1298894192606665,1.0343043332765682,1.2325193136707462
2019-01-29,1.130102456057732,1.0338813050509121,1.2323678757916288
2019-01-30,1.1300828354614945,1.0335619933121036,1.232649806265836
2019-01-31,1.1297936967428959,1.0335854107347127,1.2323949147761026
2019-02-01,1.1299177614885805,1.0339318267242394,1.2324523117065702
2019-02-05,1.1287018560688584,1.0343464338793769,1.2331667887522595
2019-02-06,1.1288790069505161,1.0341768930246475,1.2328891404926168
2019-02-07,1.128811507961417,1.0343629312609173,1.2333007107627163
2019-02-08,1.1280655704511695,1.033228396876792,1.233026441804834
2019-02-11,1.1283523217190048,1.0327526548446813,1.2336166261536412
2019-02-12,1.1284710588350284,1.0326135530682108,1.2335914195515791
2019-02-13,1.127423871304634,1.0323038232347497,1.2339132182778092
2019-02-14,1.127629227188717,1.0316772451349183,1.2333566495727006
2019-02-15,1.1278402479487926,1.03121855233724,1.2336470209359356
2019-02-18,1.128036218897753,1.0317601013399587,1.2336166785101592
2019-02-19,1.1284852072499103,1.0316208063809462,1.2335269946333784
2019-02-20,1.1285859072385211,1.0315784780808557,1.233582650613693
2019-02-21,1.1291042100776156,1.0313938294283562,1.233529579779302
2019-02-22,1.1290378390628562,1.0313914590981572,1.233644622241786
2019-02-25,1.1282463162207872,1.0305210181031648,1.2337619663493955
2019-02-26,1.1288213414684158,1.0303290191106174,1.2339848926568184
2019-02-27,1.1288937177671219,1.0296750000157924,1.2340397629208568
2019-02-28,1.1292192393045508,1.0293992914163506,1.2340043904529259
2019-03-01,1.129369945341498,1.0297165785994236,1.2339206007735608
2019-03-04,1.1294975566502576,1.0302094576825895,1.2338905744707398
2019-03-05,1.1292335653631058,1.0296495777729926,1.2338528438357015
2019-03-06,1.1295019646274744,1.0302768955311659,1.2341433426892938
2019-03-07,1.1284736634390407,1.0297140329075596,1.2338612290063573
2019-03-08,1.127960861451017,1.0294431425288195,1.2338822090302035
2019-03-11,1.1283438126842589,1.0299278143341608,1.2343347707737367
2019-03-12,1.127897106809504,1.0298722085514704,1.234595652061915
2019-03-13,1.1284859566382017,1.0297176496127414,1.2339471135816684
2019-03-14,1.1286425448760236,1.0298753468023956,1.2340616936657096
2019-03-15,1.128830267306656,1.0299213432465864,1.2341107650479528
2019-03-19,1.128523716471339,1.029762114377631,1.2344931240800223
2019-03-20,1.1272314293107804,1.0300851145330958,1.2346175807386273
2019-03-21,1.1272750715624777,1.0296079945728105,1.2348639000894295
2019-03-22,1.1250882797801314,1.0296341759432865,1.235605544754384
2019-03-25,1.1254653399642807,1.0299677872013413,1.2352869841828944
2019-03-26,1.1260312002043615,1.0299923332493788,1.2357278539285326
2019-03-27,1.126245236577565,1.0299610256729625,1.2361834397726283
2019-03-28,1.1274024685316282,1.0296083465993664,1.2358320552215556
2019-03-29,1.126720092691293,1.0295729964778069,1.2359179927083865
2019-04-01,1.1267190547946149,1.0299921848347133,1.2359732841657032
2019-04-02,1.1265928961333753,1.0296194119610105,1.2359635696127922
2019-04-03,1.1266705415474094,1.0295289815799218,1.23571780278325
2019-04-04,1.127208326668259,1.0289935554535838,1.2357151627990408
2019-04-05,1.1251502114338419,1.0288839790900695,1.235658141793975
2019-04-08,1.1242717055898739,1.0284311448953591,1.2363384910978394
2019-04-09,1.125632460850972,1.0281211766314164,1.2360074312776967
2019-04-10,1.1247298215469177,1.02771332592329,1.2363684250101339
2019-04-11,1.124258335165225,1.0276165726823705,1.2364670619020555
2019-04-12,1.1246507722854344,1.028213957434546,1.2361066013743764
2019-04-15,1.1249275737173927,1.0285579901232327,1.2358702329190374
2019-04-16,1.1251795930300905,1.0289224119741187,1.2355092119871611
2019-04-17,1.1245221131300598,1.0285120245687092,1.2357281116548906
2019-04-22,1.1241019755490265,1.0287223186190861,1.236312717682304
2019-04-23,1.123765705596976,1.028665491440283,1.2364019674997504
2019-04-24,1.125358090080515,1.029289381923268,1.2375162092695746
2019-04-25,1.1253143159722085,1.0284748441392382,1.2371717734748566
2019-04-26,1.1253047633065227,1.0278525095346416,1.2371548973131479
2019-04-29,1.1254837263176654,1.0271052658418824,1.2371806654403918
2019-04-30,1.1263336835666364,1.027198906786387,1.2371567541392792
2019-05-02,1.1260661606337936,1.0275322353674199,1.236629573999128
2019-05-03,1.126401615562022,1.0269383543888437,1.2369107241332327
2019-05-06,1.126643109363345,1.02709191170954,1.2368918650359824
2019-05-07,1.1264724107086879,1.0273152272790032,1.2366778179145133
2019-05-08,1.1264922759153975,1.0273665878594842,1.2370284260604245
2019-05-09,1.127261262438541,1.027447168804996,1.2365638673447648
2019-05-10,1.12705627754134,1.028078802701358,1.237219522386527
2019-05-13,1.126568972523401,1.027067112228273,1.2366603607664275
2019-05-14,1.1260603226832286,1.0256138363594758,1.2362487002151918
2019-05-15,1.126458334607311,1.025521524374314,1.2358892014383074
2019-05-16,1.126478431066073,1.0254103675104072,1.2379518814057622
2019-05-17,1.1265943839676127,1.0256655308592275,1.237940633691269
2019-05-20,1.1272388642874982,1.0261166220185833,1.2381380506659012
2019-05-21,1.127415736523267,1.0265270913818887,1.2381797382571933
2019-05-22,1.1279051755581342,1.0266020195705206,1.2388835077859381
2019-05-23,1.1277493788087936,1.0259388323490304,1.2387005697524631
2019-05-24,1.1283052886783342,1.0252796927635763,1.2382689577048405
2019-05-27,1.1279756349973946,1.0262487023181412,1.2391864913217674
2019-05-28,1.1270189849207979,1.0253114114840167,1.2389332330991152
2019-05-29,1.127116495438307,1.0250669597250142,1.238853097696471
2019-05-30,1.1262484382508564,1.0256146689469368,1.2388693992925737
2019-05-31,1.124725163540908,1.0254817339694016,1.239224321719707
2019-06-03,1.124842229185422,1.024359319593126,1.2392132493690953
2019-06-04,1.1249180948907123,1.0242470127098506,1.2391466368701873
2019-06-05,1.1250859778449338,1.0251324870341716,1.2391009310544274
2019-06-06,1.1247527857133879,1.0242722966449678,1.2395889535942013
2019-06-07,1.1246034910049172,1.0243731228713149,1.239434395527518
2019-06-10,1.125061727558514,1.023951600989526,1.2390857306985532
2019-06-11,1.1252216538565374,1.0230780723468609,1.2388233658762273
2019-06-12,1.125210091578536,1.0224027580192099,1.2393394072107216
2019-06-13,1.124564238629942,1.0225841816623031,1.2393184333323786
2019-06-14,1.1247797942922555,1.022566622649445,1.2390141391016487
2019-06-17,1.1249956021904102,1.0227893377994683,1.2391123040075855
2019-06-18,1.1252270407353482,1.022781867142594,1.239394700684247
2019-06-19,1.1262724533601958,1.0225994125343725,1.2395017330389095
2019-06-20,1.1260319601493964,1.022056749792735,1.2393602112111821
2019-06-21,1.1260857008117056,1.021845232367291,1.2391986706154254
2019-06-24,1.1261684299316572,1.0219533322233412,1.2390556450249723
2019-06-25,1.1260860975359526,1.021787332010063,1.240085619142417
2019-06-26,1.125917631715195,1.0218190812131913,1.2400508005597253
2019-06-27,1.1257542593683694,1.0217332916974151,1.2397920184998283
2019-06-28,1.1256351889683862,1.0214798800836329,1.2400120510371992
2019-07-01,1.1255299348451802,1.0213401828081914,1.240505637299708
2019-07-02,1.125710759574552,1.0211233308626226,1.2404368996071866
2019-07-03,1.12618427724175,1.020798495111429,1.2404543217144022
2019-07-04,1.1258991966496623,1.0201430918395826,1.240066916967058
2019-07-05,1.1256982287983874,1.0207788950521912,1.240362775536777
2019-07-08,1.1255555580621928,1.020560441383278,1.240431194040503
2019-07-09,1.1251956936976608,1.019427626150373,1.2405443745865155
2019-07-10,1.1252874991902007,1.0194437827878386,1.2398148186167792
2019-07-11,1.1250455574417435,1.0192531258139235,1.2399477933739658
2019-07-12,1.1250138178427729,1.0202165967059371,1.2402797574936764
2019-07-15,1.126822374927189,1.020072814164312,1.2403543340802303
2019-07-16,1.1265276759563898,1.0195736642226088,1.2402149935629085
2019-07-17,1.1275909460228748,1.0197049152218485,1.2403833065997458
2019-07-18,1.1266054227517797,1.019968660137874,1.2403898066656787
2019-07-19,1.1269403278190782,1.0195641877980133,1.2399449419206567
2019-07-22,1.1262814497512004,1.019272699962257,1.2400325192947508
2019-07-23,1.1283775725914498,1.0189313793469874,1.2396902090855215
2019-07-24,1.1283668332278836,1.0193872869904186,1.2394421046206727
2019-07-25,1.1286801064604257,1.0195566261923177,1.2395770775399446
2019-07-26,1.1286718930259065,1.019591621111333,1.2395648395510661
2019-07-29,1.1284997141217448,1.0212740428015243,1.2397885489817804
2019-07-30,1.1297179389710983,1.0214464666915586,1.239428461953364
2019-07-31,1.1298457411244078,1.0195175460684078,1.2392209358149726
2019-08-01,1.1297778316654312,1.0201279029348773,1.2395565744411292
2019-08-02,1.1305383397266984,1.0203012553176596,1.2394738118745263
2019-08-05,1.1308201876538728,1.0205369408825884,1.2396682699148183
2019-08-06,1.1320284442987443,1.0207319119837814,1.2393885426587643
2019-08-07,1.130407470826426,1.0206631433976867,1.2392794844043598
2019-08-08,1.1308072568596426,1.0194479562416912,1.2399327207224573
2019-08-09,1.131041317060772,1.0194929196360116,1.2402440980495943
2019-08-12,1.1291619669158734,1.019048285963121,1.239954843259539
2019-08-13,1.1289535956180852,1.018747913766781,1.2404685938407902
2019-08-14,1.1271172974393326,1.0182994658966291,1.2406233839294996
2019-08-15,1.1277298571498588,1.017333642829359,1.2404626935713736
2019-08-16,1.1266614563583663,1.0189885459547758,1.240718926843477
2019-08-19,1.1263347360270868,1.019154417602219,1.240615444235203
2019-08-20,1.12630001004607,1.0184098664547898,1.2407617259223418
2019-08-21,1.1269469524479605,1.0189609555134833,1.2405285062767377
2019-08-22,1.1272022941159199,1.019451225419522,1.2403578172956464
2019-08-23,1.1276301892176757,1.0189674447141588,1.240502020909369
2019-08-26,1.1280393344870698,1.0195445036008555,1.2405153001825564
2019-08-27,1.1272424850593117,1.0191010383897685,1.240095268692983
2019-08-28,1.1273368975727998,1.018287846009804,1.2411296041854174
2019-08-29,1.1245892298502058,1.0184264944558412,1.241283339710338
2019-08-30,1.1230392590756075,1.0179475241259432,1.2413371161814728
2019-09-02,1.1238313146113506,1.0183462158347703,1.2410348375575184
2019-09-03,1.1236337877740539,1.0180588338448964,1.2411630778269762
2019-09-04,1.1249535133183,1.0179495767477,1.2413457749622052
2019-09-05,1.1247408268170422,1.018671372450755,1.241362905525064
2019-09-06,1.1253546542749553,1.018427753763423,1.2413253235294472
2019-09-09,1.1255937136887244,1.018007997842088,1.2412216526422601
2019-09-10,1.1260717946740528,1.0176326334682233,1.241038165397308
2019-09-11,1.126159746398631,1.0175567974407007,1.2415981660659474
2019-09-12,1.126704306071882,1.0176401814970153,1.2419627728661913
2019-09-13,1.1265820701594005,1.0175435580904593,1.2423299688523348
2019-09-17,1.1266287228397875,1.0177314300000135,1.2429111365439771
2019-09-18,1.1266356064883405,1.0177559278067534,1.2439130983164135
2019-09-19,1.1268749018284328,1.0166244008799934,1.243805718615981
2019-09-20,1.12565448624749,1.017425371770613,1.2437989251622201
2019-09-23,1.1263257988421405,1.0174388471866584,1.2434518171292055
2019-09-24,1.1256892942131098,1.01708651993051,1.2435932091717805
2019-09-25,1.1249506158640523,1.0167909897135536,1.2427931468577222
2019-09-26,1.1254585678560107,1.0163131805714263,1.2432613650063626
2019-09-27,1.125607307929326,1.0159997254190547,1.243890437431875
2019-09-30,1.1254141048460125,1.0162053527773833,1.2441776884551345
2019-10-01,1.1244139380364768,1.0160757335718231,1.2427286276248655
2019-10-02,1.1232200010482774,1.016531539399492,1.242688802020118
2019-10-03,1.123526794312302,1.0167133301616282,1.2434365188722782
2019-10-04,1.1227640096580676,1.0164646670453543,1.2441323785920124
2019-10-07,1.1224430145916862,1.0165377237658957,1.2436069867568023
2019-10-08,1.123853935315472,1.0169927650795865,1.243909766961605
2019-10-09,1.1239539433249122,1.0165451507604157,1.2436009058618065
2019-10-10,1.1236441517739149,1.0166119624809966,1.2438990578949811
2019-10-11,1.1234506097820185,1.0171333902948927,1.2434005323929769
2019-10-14,1.1232923639151204,1.017070057282022,1.2430938773561997
2019-10-15,1.1233552100117954,1.0169748597128132,1.2429329907743452
2019-10-16,1.124004138795923,1.0171435273041056,1.2433135407919154
2019-10-17,1.123799902142936,1.0168770123720803,1.2433589185718843
2019-10-18,1.1244608903025948,1.017173910013965,1.2437952232416318
2019-10-21,1.124512204454853,1.0170368367643858,1.2435524636594744
2019-10-22,1.1243083774737128,1.0168000014156835,1.243068887052013
2019-10-23,1.1249657497090728,1.0168668642849321,1.2432345403641083
2019-10-24,1.1264954423646878,1.0167070675286112,1.244136340994483
2019-10-25,1.12850963803876,1.016299931863223,1.2439869635572358
2019-10-28,1.12699244999934,1.0154545194115703,1.2439206521007913
2019-10-29,1.1271633695320658,1.0152922706007335,1.2436221072939675
2019-10-30,1.1284312920908368,1.014737539057088,1.243940015339857
2019-10-31,1.1291840567652804,1.0148520016083493,1.243611854613952
2019-11-01,1.128357405786467,1.015295858978889,1.244642979632253
2019-11-04,1.1278673199940488,1.0152364732097212,1.2444009046775109
2019-11-05,1.127642153397762,1.0154488207991392,1.2442800646470515
2019-11-06,1.1277912804033543,1.0149685252209428,1.2442207848259397
2019-11-07,1.1272252730981185,1.014897595911161,1.2448072979958138
2019-11-08,1.1264281324293504,1.0150413334874708,1.244958937099132
2019-11-11,1.1266564554051623,1.0147107653961718,1.2450428417901789
2019-11-12,1.125724151583221,1.0158372177192738,1.2449996796008846
2019-11-13,1.126220203347083,1.0145239773494379,1.2465827760150583
2019-11-14,1.1260411411645528,1.013973648250911,1.247071064754379
2019-11-15,1.1257002138774908,1.0136938688682857,1.2468696715370728
2019-11-19,1.1253961284601146,1.014525374801341,1.247002907154589
2019-11-20,1.1252110105379713,1.0142471764452548,1.2472656329504772
2019-11-21,1.1246837985113676,1.0146328903607407,1.2472997824368228
2019-11-22,1.1252491663045372,1.0137190735011885,1.2474833460990378
2019-11-25,1.1252741616550537,1.013458108038817,1.2482014960027796
2019-11-26,1.1249142917797719,1.0130795787815732,1.2480258316665096
2019-11-27,1.1244578029660701,1.0127534349870715,1.247794192800193
2019-11-28,1.124166779262673,1.0121970564926297,1.2479634352923035
2019-11-29,1.1236720478644489,1.012043242066998,1.2478913109480598
2019-12-02,1.1232085373649245,1.0118725399009345,1.2483939300307794
2019-12-03,1.1239004868739688,1.0096001477477186,1.24856490040293
2019-12-04,1.1240527494862982,1.0102596536307724,1.2484703085909614
2019-12-05,1.124017373184853,1.0090524915944141,1.2494450218797577
2019-12-06,1.123507687424878,1.008470197672011,1.2487070724685942
2019-12-09,1.1279671850339985,1.0091601236141567,1.2493871389347941
2019-12-10,1.127150312141793,1.0091711681512974,1.2486790192884551
2019-12-11,1.1262879840072753,1.0090230628893917,1.2496316946215795
2019-12-13,1.123284599845405,1.0099915498646528,1.2491909059243642
2019-12-16,1.123659981424999,1.0096522504956844,1.2498375059978954
2019-12-17,1.1240118873144471,1.0095062821792609,1.2503456041923084
2019-12-18,1.1234573009627618,1.0093458358380303,1.2498524802222435
2019-12-19,1.123020911077173,1.0098979353283515,1.2507645378403096
2019-12-20,1.1228104472587133,1.0095308335386455,1.250609464326632
2019-12-23,1.1227975085348605,1.0097506761479316,1.251028770127798
2019-12-24,1.1225105600567407,1.0096807059212103,1.2511169318874007
2019-12-26,1.122764482801982,1.0102305591414145,1.2508627590469052
2019-12-27,1.122361067340835,1.010872910931883,1.2502193661315484
2019-12-30,1.1221003757449257,1.0100490526084573,1.2493100849395975
2019-12-31,1.1217997212750557,1.0107926625303383,1.2494079457961447
2020-01-02,1.1192012799455382,1.0108859237463619,1.2490122608320138
2020-01-03,1.1182668174270616,1.0104490290928927,1.2489079443261037
2020-01-06,1.1177780177232435,1.0108770193887293,1.248618770253549
2020-01-07,1.1174555940618665,1.0110894562079862,1.2472924754147432
2020-01-08,1.117019262417319,1.0100408864692518,1.2478378930676512
2020-01-09,1.1177951229506495,1.0094579091724156,1.2484098374277541
2020-01-10,1.1182578891831643,1.0096092817788689,1.2490277161527947
2020-01-13,1.118221832728358,1.0096199852429688,1.2490118930900742
2020-01-14,1.1188297490794938,1.009512835427244,1.2484422698833286
2020-01-15,1.1194315522407146,1.0093647837206727,1.248413143966416
2020-01-16,1.1180836651066235,1.0096380292074032,1.2485892848227986
2020-01-17,1.1192291825545628,1.009477857480191,1.2494424097309103
2020-01-20,1.1203484306284706,1.0097693587078378,1.2491224788534694
2020-01-21,1.1208916477488255,1.0099966169380803,1.2487665463209925
2020-01-22,1.1220284287507636,1.0097181971859066,1.2493142413673473
2020-01-23,1.122070344154178,1.009061491277807,1.2495202699644072
2020-01-24,1.1215092457654015,1.0092384272762267,1.249693642582044
2020-01-27,1.1193891181249769,1.0095364516466987,1.2501362053747935
2020-01-28,1.1190830548860318,1.0089443796157815,1.2506342521505822
2020-01-29,1.1198484861584044,1.0087007558088736,1.2507807489157121
2020-01-30,1.1204486952748858,1.0088534427675753,1.2510678513515276
2020-01-31,1.1208977284831712,1.008852360600048,1.251189963819783
2020-02-04,1.121455503369109,1.007601362872371,1.2511731085260904
2020-02-05,1.1207335516047088,1.0079835669638517,1.2509400251963374
2020-02-06,1.1202826867840512,1.0077000949243438,1.25148524165636
2020-02-07,1.1216606991216145,1.0076899906737915,1.2507946777397563
2020-02-10,1.1214590501580188,1.0076436203285755,1.2505133658769865
2020-02-11,1.1206712058480475,1.0083671756443866,1.2509527113042473
2020-02-12,1.1213903708524298,1.008435864290284,1.2507097495984356
2020-02-13,1.1199199833302684,1.0081920992130171,1.2508325788457106
2020-02-14,1.119588322082814,1.0068281196623419,1.2505940672295
2020-02-17,1.1198117621754948,1.0066637632448239,1.2511265246093273
2020-02-18,1.1201370319033292,1.0066961406954338,1.2508811416987602
2020-02-19,1.1207101630777618,1.0057684465849372,1.2509734289454106
2020-02-20,1.1204318543519247,1.005459294952476,1.250661305439582
2020-02-21,1.121617333487242,1.004591310477977,1.2508896063914186
2020-02-24,1.1202215759656065,1.0048329580468618,1.2516607731104277
2020-02-25,1.1198098160980032,1.005552840068119,1.2517194421866917
2020-02-26,1.12064212952749,1.0044184367711764,1.2519599393028435
2020-02-27,1.1166252512065424,1.0047003760105704,1.2530748179670324
2020-02-28,1.119143373646951,1.004806056470883,1.253437219498943
2020-03-02,1.1174741132020967,1.004790088941735,1.2521887177468152
2020-03-03,1.1174429739656715,1.0040466760458526,1.2514511987549224
2020-03-04,1.116280148069735,1.004344387098363,1.2525696057096078
2020-03-05,1.1147038389857014,1.0048675161874836,1.2518632842675619
2020-03-06,1.1121480452729098,1.0043519500607163,1.2518980361993521
2020-03-09,1.0937601912897141,1.0044331765371548,1.2521727353699441
2020-03-10,1.0905883600985515,1.0051195690412964,1.2528086014823232
2020-03-11,1.0870912352015096,1.0049096656151326,1.2523906631361132
2020-03-12,1.0737689009247964,1.0055336995451294,1.2518322549438972
2020-03-13,1.0702817268168494,1.0054482933216475,1.2533897636761564
2020-03-17,1.0487643641862778,1.0054045955434747,1.2539660993366868
2020-03-18,1.035875128928943,1.0047674749365503,1.253558528869797
2020-03-19,1.037754619429315,1.0045235992677843,1.2536336521532756
2020-03-20,1.0387756222343787,1.0041316949674077,1.2534732720335002
2020-03-23,1.0296812136268056,1.004379868074497,1.2535936761547315
2020-03-24,1.0281545382830286,1.003416821224773,1.2537380647308427
2020-03-25,1.0263866073084866,1.003689013388965,1.2535072184731715
2020-03-26,1.0281614563978545,1.0040580202881315,1.2534314270026115
2020-03-27,1.020089043691329,1.003677381357193,1.253574506822459
2020-03-30,1.021840993192385,1.0038961844905065,1.2547087729057484
2020-03-31,1.0228226552722897,1.0038276668633483,1.2544922709505373
2020-04-01,1.0203820612564933,1.003527036594123,1.2547282867644727
2020-04-02,1.0221210075870901,1.0037574119167125,1.2547818300773528
2020-04-03,1.0230649235097753,1.0039878763321546,1.2544604484147912
2020-04-06,1.020380973100426,1.004669248669268,1.2548276388220396
2020-04-07,1.0202226480684764,1.0047402278165587,1.2542807559847315
2020-04-08,1.0254011124578337,1.0043580648126824,1.2543799493824366
2020-04-13,1.0246692632388843,1.0043195412147345,1.2550169876444064
2020-04-14,1.0239737351238094,1.0044704777225866,1.2543165179114086
2020-04-15,1.0262427409210866,1.0037985553193598,1.2544470611548637
2020-04-16,1.0283605949968457,1.004100877363002,1.2545201400908121
2020-04-17,1.0254508273257148,1.0041719845879205,1.2545386689721356
2020-04-20,1.0253581356141146,1.0039947497965858,1.2544326598675908
2020-04-21,1.0332814538181956,1.0041411543499077,1.25404837334358
2020-04-22,1.0339288625229541,1.0043111227208648,1.2537003810612524
2020-04-23,1.0351021465281112,1.0042948979214044,1.2533772278767688
2020-04-24,1.0374873910322522,1.0044064170037719,1.2536614279838547
2020-04-27,1.038466831934561,1.0043940144812344,1.2538315697828
2020-04-28,1.0390612301483706,1.0034491410361925,1.2538344813141002
2020-04-29,1.0380272747275898,1.0034746376885593,1.254182101004555
2020-04-30,1.0389623417159766,1.0025968959544393,1.25398198925069
2020-05-04,1.0390474970930659,1.002873534031875,1.2537093963290245
2020-05-05,1.0387683477598206,1.0030715244282702,1.253406566737943
2020-05-06,1.0398369832600864,1.0030495999614806,1.2533037861056922
2020-05-07,1.039668079075774,1.0028142684017836,1.2533690218852753
2020-05-08,1.0391349259599478,1.0021136386048255,1.2536400047682181
2020-05-11,1.0408879350714,1.0029667444151489,1.2535013999544042
2020-05-12,1.0416148893907349,1.0013921819221248,1.2538476737038071
2020-05-13,1.0403345067861098,1.001750997857895,1.253751295283939
2020-05-14,1.0407187614163242,1.0016527840778389,1.253746380695052
2020-05-15,1.0403379858494421,1.0014639984325546,1.254690020331141
2020-05-18,1.039406442869301,1.0008197200180968,1.2552713345735547
2020-05-19,1.0374217303075366,1.001142638934298,1.2549025218870806
2020-05-20,1.0375857738239171,1.0014035972390452,1.2553820015859074
2020-05-21,1.0383420734065196,1.0015044212662136,1.255840694724213
2020-05-22,1.0387288997933122,1.0024334271811415,1.255789277829302
2020-05-25,1.0387551553211678,1.001881169929978,1.2558095927214157
2020-05-26,1.0383456173406675,1.0018624082798577,1.2556000456418315
2020-05-27,1.037349199588366,1.000858840104686,1.2557608264034672
2020-05-28,1.036609289351725,1.0015120121027101,1.2553311864661425
2020-05-29,1.0372911709065007,1.0008210840548692,1.255255648725793
2020-06-01,1.0374020589544142,0.9993055205635603,1.2556246161984599
2020-06-02,1.0362228109133458,0.9997882737361035,1.2561960349690688
2020-06-03,1.0352125247053008,0.9990378159966526,1.256125534956067
2020-06-04,1.0362730153337594,0.9997064675209092,1.2569390475929363
2020-06-05,1.0346568850480613,0.9996677477541273,1.256948939877085
2020-06-08,1.0328720517577086,0.9995567625104491,1.2565207015623254
2020-06-09,1.0320160948612627,0.9996482220285339,1.256512371803592
2020-06-10,1.032701568940826,0.9988201965691079,1.2563121096225007
2020-06-11,1.0285319548424952,0.9995177165883549,1.2568856676343472
2020-06-12,1.0277768876735116,0.9994064324715132,1.2571492171425755
2020-06-15,1.0289060750391013,0.999805795997234,1.2573896721568631
2020-06-16,1.029139993484667,1.000568714561668,1.256906773569245
2020-06-17,1.0296354482384944,1.0007011679958535,1.2567609530919894
2020-06-18,1.0293664694438953,0.9997646508535569,1.2567960802930451
2020-06-19,1.0296549750574449,0.9996615942751733,1.2560527821693317
2020-06-22,1.0297045966467078,0.9998615798776996,1.2572675074594146
2020-06-23,1.0301447385561475,1.0002530913802117,1.2582769612710376
2020-06-24,1.029961564168373,0.9997165634108632,1.2585678811769707
2020-06-25,1.0301552230323108,0.9996918081541168,1.25857597657169
2020-06-26,1.0298646292954627,0.9994444472027603,1.257787810021687
2020-06-29,1.029683620312248,0.9994758244360203,1.2586371528591616
2020-06-30,1.029653908210722,0.9994626294893763,1.2592441278267539
2020-07-01,1.029483761882728,0.9985970043845827,1.2590741090056692
2020-07-02,1.0297116877441663,0.9984566403040959,1.258830052412791
2020-07-03,1.02993939524917,0.9980602969333991,1.2587294703883938
2020-07-06,1.0300528043960575,0.9982501955189157,1.2586438079183326
2020-07-07,1.029929340576822,0.9987108709583361,1.2594085574830733
2020-07-08,1.0306583368409203,0.9985555593447033,1.2592719637329481
2020-07-09,1.0303423348646414,0.9980611645563554,1.2602336553351023
2020-07-10,1.0299265583038066,0.9983821355980433,1.2593274426977223
2020-07-13,1.0304064803723545,0.9979995828221597,1.2591883913051247
2020-07-14,1.0307290275256134,0.9987943159652313,1.2591407717495833
2020-07-15,1.0311577642935432,0.9985459413058769,1.2580892041683795
2020-07-16,1.0320716789622804,0.9989231482853681,1.2584257762886402
2020-07-17,1.032032642754838,0.9984710911171779,1.2590596611732527
2020-07-20,1.0320170129283934,0.9985219667719412,1.2589254749853163
2020-07-21,1.0327943316623187,0.9983081828561648,1.2590011158628491
2020-07-22,1.0318349928143207,0.9980001082297363,1.2586565013475808
2020-07-23,1.0320262099867066,0.9978673067941556,1.259112217366645
2020-07-24,1.0320671911219297,0.997553636918035,1.259110268971947
2020-07-27,1.032633325632763,0.9976022174830195,1.2592115002132103
2020-07-28,1.0349425178405118,0.9977648091652271,1.2598322015918875
2020-07-29,1.0356740070164772,0.9978127163003775,1.2596439652357063
2020-07-30,1.0347594870950352,0.9979174690126054,1.2596787901831814
2020-07-31,1.035974155926132,0.9976695811993824,1.2599871315156634
2020-08-03,1.0390672140989334,0.9973800785657416,1.2601865516213897
2020-08-04,1.0403836687824806,0.997413586833423,1.2611378030308338
2020-08-05,1.039345651051213,0.9972661346267817,1.2606942375016044
2020-08-06,1.0395060088097194,0.9981889814087437,1.2610418489589152
2020-08-07,1.039730416408009,0.9974933217999065,1.2613330303379173
2020-08-10,1.040184233417863,0.997246118322615,1.2612303604373545
2020-08-11,1.0391969687801856,0.9969921684665046,1.2612051109073623
2020-08-12,1.039608048309599,0.9971665771687467,1.262424106922533
2020-08-13,1.0394410446821227,0.9970420947730466,1.2619293068216335
2020-08-14,1.0388515398461118,0.9974666207740333,1.261913747255624
2020-08-17,1.0393961130908247,0.9974997408462315,1.2622702004712525
2020-08-18,1.0397585218011294,0.9971582402765234,1.2621646968493343
2020-08-19,1.0401596354382894,0.9964070781256732,1.2623430793507417
2020-08-20,1.0401326649183291,0.9966728138961142,1.2621210685630637
2020-08-21,1.0397292353756593,0.9971241954632285,1.2621611142286866
2020-08-24,1.0410452750612127,0.9967152686812558,1.2623024043840783
2020-08-25,1.041566653870682,0.9973242490838916,1.262327493196139
2020-08-26,1.042274860732015,0.9974181599866173,1.2633551196041262
2020-08-27,1.0418487098829696,0.9973355784209095,1.2634260739869994
2020-08-28,1.0416461724415875,0.9965255128644315,1.2638584890936606
2020-08-31,1.0400211365609062,0.9960888048629033,1.2648203327087932
2020-09-01,1.0389355727946823,0.9961023908422671,1.264337382216776
2020-09-02,1.0384499107162428,0.9963987304993415,1.2644154551697937
2020-09-03,1.0377812568161635,0.9955048092478129,1.2661371259671192
2020-09-04,1.038157984510457,0.995288492699768,1.265570798306159
2020-09-07,1.037787532186267,0.9956644654309967,1.2659876389213545
2020-09-08,1.0374525821343643,0.9952291617463674,1.2666778369360543
2020-09-09,1.0378926796997432,0.9959826518524713,1.2662656786537299
2020-09-10,1.0394863554559923,0.9965128342321742,1.2669516932082352
2020-09-11,1.0393041395767066,0.996941112065103,1.26647404469011
2020-09-14,1.0394687115976937,0.9965671841362735,1.2666549311475541
2020-09-15,1.039641637285351,0.9967223656974472,1.2662418392332042
2020-09-17,1.040031543307629,0.9957436085493284,1.2659807328633461
2020-09-18,1.0408163203733467,0.9949072571063182,1.2661246009576208
2020-09-21,1.0410184550792079,0.9953850914266803,1.2651987790133759
2020-09-22,1.041366952883025,0.9955410744000436,1.2648407512256825
2020-09-23,1.0416227132858955,0.9952965267042627,1.265200976964434
2020-09-24,1.041319831451069,0.9956614522966503,1.2648015204439502
2020-09-25,1.0415047404493922,0.9956367992556179,1.2652769398176016
2020-09-28,1.040809549120904,0.9956780174678214,1.2657290741607812
2020-09-29,1.0405552515729721,0.9965823198146564,1.265653646271793
2020-09-30,1.0402729639983932,0.996669170351698,1.265225507340871
2020-10-01,1.039922056162707,0.9967481521456474,1.2653373519077091
2020-10-02,1.039381252881277,0.9967004459919228,1.2665767433121629
2020-10-05,1.0398481532389665,0.9964405720900505,1.26673410491245
2020-10-06,1.0398532034467811,0.9960366928777081,1.267181781260689
2020-10-07,1.0398414849876993,0.9956589299073912,1.2668443456411742
2020-10-08,1.0383215610739185,0.9957655326452912,1.2666555834656288
2020-10-09,1.0380643440486552,0.9961659108890565,1.2677073764396003
2020-10-12,1.0384404668386389,0.9976690457618924,1.2674378346251567
2020-10-13,1.038561634833293,0.9978224350443028,1.267667214474716
2020-10-14,1.0389943746564845,0.9977249160248812,1.267929086686957
2020-10-15,1.0391235886135837,0.9981249603862578,1.2682705796421763
2020-10-16,1.0388507878131592,0.9982776977821911,1.2685938204171456
2020-10-19,1.0388101749354204,0.9983316909424922,1.2683296125725672
2020-10-20,1.0392205393102019,0.9981468867944667,1.2686938923750442
2020-10-21,1.039337260960019,0.997886982332384,1.269018211216755
2020-10-22,1.03953604845166,0.9985090168346522,1.2687411418133139
2020-10-23,1.0399561508113098,0.9979105388627745,1.2688460570562554
2020-10-26,1.0401189920714717,0.9970128646324445,1.2689773532826205
2020-10-27,1.0399984355212706,0.9970398729538815,1.268491749259594
2020-10-28,1.0386191405571086,0.9980611594103765,1.2689845051430941
2020-10-29,1.0385990891324177,0.9987647221439553,1.2687871380275269
2020-10-30,1.0401124985473142,0.9969694870393511,1.2691519485280636
2020-11-03,1.0414518819929883,0.9962344242403312,1.2698439144377822
2020-11-04,1.0418162137869542,0.9969008680156572,1.269903025794684
2020-11-05,1.0402820517622966,0.9966951251738669,1.269913095869035
2020-11-06,1.040770502658651,0.9954899847107236,1.268956633202414
2020-11-09,1.0391831187368934,0.9951544366321151,1.2683220771022445
2020-11-10,1.0397707824669613,0.9951858710270847,1.2680005985926224
2020-11-11,1.0399063299501141,0.9951637714309218,1.2680667959667338
2020-11-12,1.0403480036166788,0.996577802769596,1.2677632445549598
2020-11-13,1.0399097868801135,0.9940706840012751,1.2683026496007281
2020-11-17,1.0395452202834172,0.9932730418658688,1.2681839462884896
2020-11-18,1.0401506044591848,0.9933145615135625,1.2679906266431318
2020-11-19,1.0396942063611494,0.993232682040872,1.2677642089628534
2020-11-20,1.0401454419629415,0.9928037609897844,1.2690487213085668
2020-11-23,1.0402608113180778,0.993007053580965,1.2687887031527916
2020-11-24,1.0408916639061823,0.994273428818089,1.2681932025204743
2020-11-25,1.0402797776748602,0.9920737817130701,1.268735302444994
2020-11-26,1.0405901911219373,0.9936383982998532,1.267773536817681
2020-11-27,1.0408153314584234,0.9928379455284042,1.2680251398256357
2020-11-30,1.041206877554725,0.9931540356443594,1.268253117062937
2020-12-01,1.0408338825510175,0.9934225595005107,1.2673495486827908
2020-12-02,1.0404778161342438,0.9934422940035992,1.2679007328140754
2020-12-03,1.0404284361088008,0.9938319199114506,1.2681579867711832
2020-12-04,1.0408811452930846,0.9935911715560033,1.2686975612839517
2020-12-07,1.0409215276309918,0.9931159682828986,1.268912327174894
2020-12-08,1.0411463172728803,0.9931507380711073,1.2684714257547012
2020-12-09,1.041271354633181,0.9927034253166849,1.268267695476975
2020-12-10,1.040943057335043,0.9931599111862041,1.26797423183628
2020-12-11,1.0415721696691773,0.9933229415624792,1.2683168113775394
2020-12-14,1.0424132174217577,0.9926450211579742,1.2677142065429827
2020-12-15,1.0427154207327973,0.9936611565156458,1.2677930309405396
2020-12-16,1.042723863419673,0.9925542871196629,1.2678236568357533
2020-12-17,1.0430855095940026,0.992446151682517,1.2687707680088438
2020-12-18,1.0434605607693943,0.9919507267124495,1.268518541713683
2020-12-21,1.044436818763974,0.9920735777508409,1.2687862833616441
2020-12-22,1.0442984272752605,0.9915614383693386,1.268201101584989
2020-12-23,1.0439522094744378,0.9909174572029309,1.2688960226557284
2020-12-24,1.0445407193327374,0.9905140523892867,1.2681036733773732
2020-12-28,1.0446356491480204,0.9908616258144739,1.268233933745363
2020-12-29,1.0440305291870016,0.9910324030991606,1.2695238527982133
2020-12-30,1.044263726023926,0.991281772154063,1.26974066670769
2020-12-31,1.0439518495362856,0.9911287219803662,1.269098443170468
2021-01-04,1.043503683020304,0.9903488427069064,1.269276938009141
2021-01-05,1.043000594054452,0.9907714718374929,1.2700530966106052
2021-01-06,1.0423135510103307,0.9913349005001104,1.2699381859755823
2021-01-07,1.0420539782978457,0.9900079340929323,1.270731669267383
2021-01-08,1.0423337655004752,0.990820980962279,1.2708981477069534
2021-01-11,1.0422573176399383,0.9915771601323902,1.2707719320826314
2021-01-12,1.0420981465898111,0.9907366434173644,1.2704997476467998
2021-01-13,1.0427638891580608,0.9916264357509795,1.2714751495855579
2021-01-14,1.0426931050127577,0.9902178801938443,1.272389688102975
2021-01-15,1.042630613168532,0.9905340499993321,1.271731923719691
2021-01-18,1.0430705415522188,0.9905314988956793,1.271810468673903
2021-01-19,1.0427674789311663,0.9907261260444992,1.271928585031863
2021-01-20,1.0441485568138982,0.9903287716914662,1.270971116298805
2021-01-21,1.0443628274692056,0.9907582878137365,1.271528673917416
2021-01-22,1.0448500068997446,0.9907850199583612,1.2715862934354283
2021-01-25,1.0451871956739613,0.9904488515268324,1.2719750549000413
2021-01-26,1.0454933038962908,0.9898247037770408,1.2726607607060747
2021-01-27,1.04531132466756,0.9902880996539539,1.273415076898676
2021-01-28,1.045352127278584,0.9907179060954749,1.2724518836026897
2021-01-29,1.0441243613758373,0.990853244252236,1.2730165946400358
2021-02-02,1.0436058016457341,0.9907769027369404,1.2728504924454112
2021-02-03,1.0440616542821606,0.9903518716447293,1.273434593311837
2021-02-04,1.0443022326077127,0.990055309993281,1.2738250454627966
2021-02-05,1.0453117573406632,0.9902045654414017,1.2736698570959235
2021-02-08,1.0461933604399956,0.989640219258861,1.273604050294341
2021-02-09,1.0459887649398485,0.9897588507913715,1.273478085970865
2021-02-10,1.0459094352863914,0.9898932880767826,1.2737387192235732
2021-02-11,1.0450648640921476,0.9900160828273722,1.273578069931751
2021-02-12,1.0453082672641167,0.9902206965952388,1.273644447696208
2021-02-15,1.0452396166766635,0.9894081931201105,1.2739404181775074
2021-02-16,1.0446888513961148,0.9898043061788208,1.2741172827058556
2021-02-17,1.0444313385544746,0.9907814987308127,1.2741853900774418
2021-02-18,1.0442774565612487,0.9896075051009189,1.2744256254996602
2021-02-19,1.0446341007401743,0.9888224068214432,1.2750075217086383
2021-02-22,1.0448727855078639,0.9885310034086952,1.2754847591972587
2021-02-23,1.0447100918946757,0.988813212729965,1.275620459013962
2021-02-24,1.044731276938994,0.9900120395128882,1.2753224981646007
2021-02-25,1.0445970699706244,0.9895373604278599,1.2748912110590676
2021-02-26,1.044899339117159,0.9890814324326171,1.275336618947006
2021-03-01,1.045328734660074,0.9903049450512195,1.2756188829574324
2021-03-02,1.0452852474499474,0.9892669034122892,1.2750178892872217
2021-03-03,1.0453807527803172,0.9898076834200625,1.2753640585868218
2021-03-04,1.0459743201981593,0.9893997476834291,1.2752038576152678
2021-03-05,1.0460714279593022,0.9894961459831673,1.275483376898984
2021-03-08,1.0461998115472406,0.9895296836778861,1.2755049757419197
2021-03-09,1.0463176491308304,0.9895540067436328,1.2753831770903785
2021-03-10,1.0467972448291643,0.9889720915095083,1.275362604896283
2021-03-11,1.0472176028782818,0.9899524866938684,1.2752038383464521
2021-03-12,1.0478926054017064,0.9903265618143108,1.275052441419375
2021-03-16,1.0481035669182306,0.9897059407029896,1.2750470231175506
2021-03-17,1.0480404055049741,0.9895780616638032,1.275255336371148
2021-03-18,1.0481493142238423,0.9905430135501508,1.2752845428443655
2021-03-19,1.0499320929601272,0.9905397047378723,1.2753654723658996
2021-03-22,1.0500272175944698,0.9901089646684763,1.275698269238127
2021-03-23,1.050002930677012,0.9904061670233766,1.275566109398123
2021-03-24,1.050020479387028,0.990769531172351,1.2754602996071718
2021-03-25,1.0503733305845295,0.9904385333425275,1.2760510084564198
2021-03-26,1.050980453523479,0.9910135710035433,1.2764378948603077
2021-03-29,1.0512600742831246,0.9906760696141983,1.2762978634142241
2021-03-30,1.0515052688815434,0.9906364568227795,1.2763130290180555
2021-03-31,1.051480996897035,0.9902884724400642,1.2764716390100332
2021-04-05,1.05106316325605,0.990277931761119,1.2763169181326288
2021-04-06,1.0510475527008836,0.989961673567173,1.2767711034795313
2021-04-07,1.0496788785151079,0.9905240304617069,1.2770171638449368
2021-04-08,1.050015915010357,0.9910091109352098,1.2773762611317836
2021-04-09,1.0499741077664293,0.99093218555991,1.277401948152263
2021-04-12,1.049633813853036,0.9904771529666413,1.2782736677647335
2021-04-13,1.0498113440058896,0.9893080348831911,1.2779833411731876
2021-04-14,1.0505783974358265,0.9883106943625491,1.278574756572596
2021-04-15,1.0506696498348016,0.9892587362395691,1.2786528531299886
2021-04-16,1.050637202333471,0.988182174878585,1.2790484641862738
2021-04-19,1.0505370240930714,0.9883012861880571,1.2793785745183828
2021-04-20,1.0505887240775516,0.9887062703078944,1.2798761985110572
2021-04-21,1.0509196796251656,0.9889715411428502,1.280477428127576
2021-04-22,1.0510454510626956,0.9886046364025931,1.2804611982104837
2021-04-23,1.0516007280980992,0.9885536457443501,1.2796307687854898
2021-04-26,1.0513787466636213,0.9885964175945677,1.280250201585693
2021-04-27,1.0516504644667461,0.9892678156318947,1.279819460395662
2021-04-28,1.0517112070952215,0.9893500844570814,1.2814026565983623
2021-04-29,1.051760335970662,0.9892711811229826,1.2824455522635154
2021-04-30,1.051186734430551,0.9895391049015447,1.283348985723047
2021-05-03,1.0516090737524175,0.9889636450433819,1.2830988244798398
2021-05-04,1.0518888839621312,0.9879435635797754,1.2823815631115705
2021-05-05,1.0517080545345097,0.9875742348831712,1.2823642759490028
2021-05-06,1.0517932910988386,0.9857525331026875,1.2834772424289884
2021-05-07,1.0519518761347246,0.9857458755466796,1.2836909322398253
2021-05-10,1.052067659752117,0.9850062392215736,1.282527929735561
2021-05-11,1.0521397036457996,0.9866080881238364,1.2830689547801033
2021-05-12,1.0516529447717895,0.9848920560171773,1.2841216600425058
2021-05-13,1.051261086953012,0.9854075189934592,1.2838940727326495
2021-05-14,1.051468554361227,0.9850181407836401,1.2838850339954913
2021-05-17,1.051216696796438,0.9848420144125198,1.2829432784946129
2021-05-18,1.051621238682057,0.9849519579492979,1.2827753584682855
2021-05-19,1.0515140509048346,0.9862588534192447,1.2824172929214024
2021-05-20,1.051945650087877,0.9861017186996563,1.2825099267741207
2021-05-21,1.0520893738757626,0.9877681972944622,1.2835512731728678
2021-05-24,1.0531648886042684,0.9862464130982453,1.2837808348599768
2021-05-25,1.0525639986438335,0.9872793845397195,1.2833311378067362
2021-05-26,1.0524782079303574,0.9878682814868213,1.2839041450321422
2021-05-27,1.0530707673488844,0.9882467182245456,1.2832241885115308
2021-05-28,1.0530575487077614,0.9874277797610472,1.2833345489693302
2021-05-31,1.052654697273729,0.987786592757159,1.2837129282266937
2021-06-01,1.0527606741363689,0.9879984202312804,1.283146441186594
2021-06-02,1.0529767026274792,0.9877972653057862,1.28264030102135
2021-06-03,1.0530264485894332,0.9871413559173061,1.282256899393045
2021-06-04,1.0529766814183494,0.9879808533677024,1.282281304517872
2021-06-07,1.052721967573965,0.9876332638346762,1.2826585438203961
2021-06-08,1.0531982652612524,0.9880744047078065,1.2818658247805157
2021-06-09,1.053166969033756,0.9884390372606923,1.282249854377338
2021-06-10,1.053188227021647,0.9879972172205064,1.2822755222619182
2021-06-11,1.0533316437563969,0.9879633358336761,1.2826085119519637
2021-06-14,1.0534734458732118,0.9879546114184624,1.283081598642699
2021-06-15,1.0534731627116112,0.9874523100719916,1.2833394364846549
2021-06-16,1.053332542112113,0.9862833089786714,1.2827799123426689
2021-06-17,1.0522879399032294,0.9865923437321776,1.2825760351270068
2021-06-18,1.0520718351320675,0.9858246666167017,1.282271182192527
2021-06-21,1.0520818612691993,0.9859530475707647,1.2824089091862423
2021-06-22,1.0518751106575353,0.986087766286494,1.283132571604891
2021-06-23,1.0523344405658506,0.9850541780272971,1.2832808856173734
2021-06-24,1.052379793032553,0.9856043980485948,1.2829353997530941
2021-06-25,1.0519056409230025,0.9868619403525508,1.2833984933885356
2021-06-28,1.051464183543032,0.9861669594178559,1.2832932255110272
2021-06-29,1.0513508717539632,0.9868005603489677,1.2832851613199494
2021-06-30,1.0512097914074077,0.9868198828013142,1.2845899744604754
2021-07-01,1.052172973559951,0.9865549108317412,1.284722248545536
2021-07-02,1.0534998460750646,0.9873426538216357,1.2847333080222951
2021-07-05,1.0537320932491687,0.9874425076864141,1.2849570666375798
2021-07-06,1.0535953824404676,0.9872647427676489,1.2854394809002807
2021-07-07,1.0536438567392927,0.985933050819158,1.2853267014741618
2021-07-08,1.0534075220079784,0.9833625757534202,1.2855053082934984
2021-07-09,1.0531641874737747,0.9829858847233129,1.2854306540661726
2021-07-12,1.0532518610574453,0.9831257382452533,1.2856720077312584
2021-07-13,1.053035151710432,0.9823417207463444,1.2843771203314671
2021-07-14,1.053134816770772,0.9810260529429687,1.2837961213418214
2021-07-15,1.053309363029548,0.9810508448343477,1.2846695327870454
2021-07-16,1.0532875192316289,0.9804273876829417,1.2861501013944947
2021-07-19,1.0521830544778705,0.9806924071235499,1.2859266690088171
2021-07-20,1.0520870804807192,0.9809026748845134,1.2849102633590677
2021-07-21,1.0516958516370793,0.980921643025719,1.2843992989775432
2021-07-22,1.0516653508149207,0.981188755392,1.284016150193596
2021-07-23,1.0514081763357286,0.9795613596421949,1.284190151946301
2021-07-26,1.051140864585349,0.9807812098727698,1.2841393993484032
2021-07-27,1.051189083913664,0.9805186851348034,1.2844106754853382
2021-07-28,1.051101261519158,0.9813907422672572,1.2851052215744323
2021-07-29,1.0517764038205482,0.983049457222121,1.2858869722870925
2021-07-30,1.051865308558571,0.9831187814579919,1.2856382326486573
2021-08-02,1.0517456309975817,0.98163571239796,1.2852413358310295
2021-08-03,1.0532296496316438,0.9817668876481475,1.2853515375632283
2021-08-04,1.0520619887232916,0.9816366836514612,1.2854269186456293
2021-08-05,1.052196907006161,0.9814867356188839,1.2848598029198763
2021-08-06,1.051401387021952,0.9818939626545908,1.2859121701802398
2021-08-09,1.0519249407938758,0.9810558442609513,1.2866463330816418
2021-08-10,1.052938553926524,0.9817376893901141,1.2855979897311518
2021-08-11,1.0543146692652436,0.9815561775434666,1.285661230001538
2021-08-12,1.0628894577338976,0.9800987332393355,1.2856885787939727
2021-08-13,1.0640433896237815,0.9814645586875711,1.2852901738167697
2021-08-16,1.0655442386912095,0.9798645062664597,1.2849627718018535
2021-08-17,1.0731801842367457,0.9798540526734636,1.2848787507803503
2021-08-18,1.0756444041958009,0.9817241842827658,1.2848984651717081
2021-08-19,1.0859851976901838,0.9799449431613299,1.284074837010146
2021-08-20,1.097358250721669,0.9805661209264854,1.2839916073241613
2021-08-23,1.0963381512263124,0.9802600441371538,1.2842846203754925
2021-08-24,1.0963132646876215,0.9801728599210674,1.2840039045562877
2021-08-25,1.1056875104051074,0.9801291671079867,1.2848734132802369
2021-08-26,1.107390416556275,0.9797279401320705,1.2850558634769282
2021-08-27,1.1129842047585086,0.9802714499674794,1.2853314034751178
2021-08-30,1.110826992937941,0.9801627515225045,1.2851429719105907
2021-08-31,1.1208306331598838,0.9807257616995476,1.284216073437523
2021-09-01,1.1201410245332846,0.9799843260815113,1.2854280396328261
2021-09-02,1.1181352607786288,0.9800673218535985,1.2856328859583144
2021-09-03,1.11972503982667,0.9803011362322624,1.286178656369707
2021-09-06,1.1203287898630172,0.9803942306167741,1.2867693094086856
2021-09-07,1.1204944280617564,0.9787702261124217,1.28620190744564
2021-09-08,1.1225549066634455,0.979904000725541,1.2873778854737292
2021-09-09,1.1205703568664895,0.9802460273540741,1.2873934638164728
2021-09-10,1.1194050016239425,0.9799717130032213,1.2878026066046844
2021-09-13,1.1164809253150842,0.9802090144333133,1.2881821442959887
2021-09-14,1.1168715829602642,0.9794338514957951,1.2878500380123132
2021-09-15,1.1175856611872463,0.9793805269199594,1.2875862269822516
2021-09-17,1.1170816694902348,0.9790291254183939,1.2874000108937933
2021-09-20,1.1174045949142408,0.978805054670361,1.2869221008381164
2021-09-21,1.118023811754557,0.9783231417621789,1.286713880487075
2021-09-22,1.1185190505600477,0.9778231922933792,1.2873298488915537
2021-09-23,1.1186423981202631,0.9771295584802118,1.287799529795821
2021-09-24,1.1176395139118527,0.9764849173019244,1.2879964911325978
2021-09-27,1.1172199969474694,0.9770519951206971,1.2879908820431998
2021-09-28,1.1172278170193002,0.9776693594277746,1.287561201614009
2021-09-29,1.1174144846431302,0.9752660938372015,1.2866884964845247
2021-09-30,1.1204704553931197,0.9749081145684555,1.2867599964517307
2021-10-01,1.1206719183958072,0.974879276523575,1.2873212162226189
2021-10-04,1.1191221107199372,0.9744580997946308,1.2873391183076712
2021-10-05,1.1184495031210733,0.9741243705685598,1.287154774411764
2021-10-06,1.1182755667171906,0.9748597944319982,1.286829833637232
2021-10-07,1.1178151022096448,0.974315500980882,1.287472143863842
2021-10-08,1.1181713344073656,0.9743332575970617,1.2873039822417989
2021-10-11,1.1176732405176508,0.9725640880310263,1.2869442919629608
2021-10-12,1.1170886413004817,0.9723864726873916,1.286315833019844
2021-10-13,1.1204365426445275,0.9718121820824784,1.2867491326182057
2021-10-14,1.1206201439478978,0.9723856939899482,1.2869533410335388
2021-10-15,1.1197415030947084,0.9734452802958331,1.2870668898599258
2021-10-18,1.1241189380091388,0.973542538529656,1.2863788950795427
2021-10-19,1.1267176634577547,0.9734987349150812,1.2857460101993954
2021-10-20,1.1264004865175459,0.9724499365347401,1.285800397885096
2021-10-21,1.1262107106101293,0.9722843758889974,1.2858016348905268
2021-10-22,1.1263208121383559,0.9719254361468407,1.2859671650861169
2021-10-25,1.1256152048475474,0.9721839808809876,1.2862364589564224
2021-10-26,1.1270948238694498,0.9717010422313351,1.2865696748229927
2021-10-27,1.1284206396120569,0.9727652171367606,1.2862831707006899
2021-10-28,1.1283206828384278,0.9732453788860835,1.2869631865785653
2021-10-29,1.1286127523303922,0.9727589810744836,1.2879877292521575
2021-11-01,1.1292116437582784,0.9727902756768579,1.2877570830601621
2021-11-03,1.130301017944799,0.9734166693728963,1.2861992808131069
2021-11-04,1.1325513835311714,0.9741922142186091,1.2871988636938732
2021-11-05,1.1315489301830874,0.9745545619915336,1.2880206560898615
2021-11-08,1.1343447555306578,0.9744919982632148,1.2876861785686369
2021-11-09,1.1377103759541096,0.9738206454457691,1.2880161782349817
2021-11-10,1.1392629745189677,0.9736572199047714,1.2883373961536984
2021-11-11,1.1411080747960862,0.9748630264802376,1.2888468251750027
2021-11-12,1.1495339274391232,0.9741654658869192,1.2898734998822707
2021-11-16,1.1509455295260442,0.9740630279446117,1.2898800330328015
2021-11-17,1.1511940077459115,0.974015110425052,1.289703361347077
2021-11-18,1.151829537623863,0.9749784207495714,1.2896913277833166
2021-11-19,1.1520495439493075,0.9751776787285316,1.2899873569888634
2021-11-22,1.152767984404809,0.9749445507431369,1.2899429951357717
2021-11-23,1.15349154075089,0.9743102243597401,1.2897546449450876
2021-11-24,1.1538135154950948,0.97429753794481,1.2892288648818884
2021-11-25,1.1533773162519356,0.975255091188077,1.2883584977775697
2021-11-26,1.151524957825239,0.9763657422047302,1.2885030595403872
2021-11-29,1.151282552499352,0.9765858346804609,1.2885114621305978
2021-11-30,1.1514784509865148,0.9768095448516695,1.2898113404335427
2021-12-01,1.1520583155221087,0.976838136859428,1.2901768119390893
2021-12-02,1.150457036869274,0.9773064702241713,1.2911508865137453
2021-12-03,1.1502704331747606,0.9777246816444011,1.2908771359626081
2021-12-06,1.1504301654888405,0.9779871602605525,1.2907751187497531
2021-12-07,1.150227900690594,0.9779062967457278,1.2905073135491671
2021-12-08,1.1499603804130292,0.9780576811254267,1.2889078771555618
2021-12-09,1.1504376731329136,0.9769544515428272,1.2898217158977776
2021-12-10,1.150421799116233,0.9766251211668886,1.289908963920412
2021-12-13,1.1518315242383363,0.9769222958884292,1.2897607596531115
2021-12-14,1.1529889495619015,0.9767212923973754,1.289583873874179
2021-12-15,1.1532187689561628,0.9768218231478137,1.2900141845270876
2021-12-16,1.1531660939103825,0.9761939571143534,1.2899144101187452
2021-12-17,1.1531327632343766,0.9764239385211575,1.289660388872709
2021-12-20,1.1518405462757466,0.9765774378862848,1.2887372256649527
2021-12-21,1.151583147982448,0.9772500601524611,1.2885323203151346
2021-12-22,1.1515996585956119,0.9773051151210791,1.2888312781150768
2021-12-23,1.1511896660004026,0.9774369810825746,1.288869774579549
2021-12-24,1.1517311147977531,0.9761314896358462,1.289275795308217
2021-12-27,1.1512337814722873,0.9755996513898231,1.2890969764662494
2021-12-28,1.1519049094710698,0.9757357968914807,1.288522613763907
2021-12-29,1.150288115549258,0.9770236409807997,1.2884839506208237
2021-12-30,1.1466482937790463,0.9767881890936392,1.2884582002558267
2021-12-31,1.1467076250742838,0.9763408904335716,1.287958945940517
2022-01-03,1.1470176140315815,0.977476743060421,1.2883900770084957
2022-01-04,1.1461362788119318,0.976106753956993,1.2886298481903875
2022-01-05,1.1453515550477917,0.9760965202187915,1.2886159792378613
2022-01-06,1.144605261034772,0.9757531046908466,1.288609566542853
2022-01-07,1.1456699947383848,0.9762785939727568,1.288789008497373
2022-01-10,1.145857519124414,0.9763927151946982,1.2892002114735672
2022-01-11,1.145431835766289,0.975305212825144,1.289704648671626
2022-01-12,1.1452855521542888,0.9759712551547398,1.2899655210471317
2022-01-13,1.1446430820560405,0.9764374434107597,1.2901705335448386
2022-01-14,1.1452487842932133,0.9757521926715582,1.2903289380777845
2022-01-17,1.1453975423564746,0.9760150234252973,1.2901577054561857
2022-01-18,1.1451762965311933,0.9760900922155598,1.2905523004096653
2022-01-19,1.1454053801339568,0.9753802065418905,1.2906034532089339
2022-01-20,1.1451805077968107,0.9753926435218283,1.2913161156679183
2022-01-21,1.1444590010742866,0.9752927016651279,1.2915998588169921
2022-01-24,1.1436069078665259,0.9750608528315238,1.29106682800793
2022-01-25,1.1438924012666507,0.9762171012792499,1.2905107613132152
2022-01-26,1.1431022474541754,0.9764138010976555,1.2904224819075563
2022-01-27,1.143425839007337,0.9760343534278492,1.2905466423226835
2022-01-28,1.1450497710642773,0.9759296209079483,1.2903798099038333
2022-01-31,1.1437822157139579,0.9758299669252661,1.2906806100343453
2022-02-01,1.1435888177405982,0.9756563297170856,1.2912928400114307
2022-02-02,1.1472189987751826,0.9747806157629453,1.2916246866795391
2022-02-03,1.149402877865986,0.9754238956968362,1.291438694006936
2022-02-04,1.1502392218740813,0.9755629261016627,1.2915963735279188
2022-02-08,1.1515518117306518,0.9746339666361981,1.2923778576608351
2022-02-09,1.1517199160565463,0.9739864527173445,1.2919494792035267
2022-02-10,1.1518275887024618,0.9748926549471241,1.2922404821568971
2022-02-11,1.151814414606111,0.9749775147491793,1.2925596749924415
2022-02-14,1.1511304036231398,0.9746786135679136,1.2922934338885834
2022-02-15,1.149607309326306,0.9743588651733712,1.2928632934880475
2022-02-16,1.149292738004571,0.9741564988887194,1.2931083912918317
2022-02-17,1.1509314248534301,0.972360333036827,1.2930402172533515
2022-02-18,1.1511757415639208,0.9728405417882254,1.2931479111342623
2022-02-21,1.151671658975805,0.9718388136359086,1.2934595837073233
2022-02-22,1.1521290557372967,0.9725225458424847,1.2939801291428084
2022-02-23,1.1517699859837833,0.9722565057384026,1.2942608603277266
2022-02-24,1.151189590011262,0.9713666938332164,1.294457046916874
2022-02-25,1.1500277069312579,0.9719746627473314,1.294670853313515
2022-02-28,1.1503046302199027,0.9716068167996131,1.2950938044735774
2022-03-01,1.1493450105250136,0.9728830947649411,1.29519344589843
2022-03-02,1.1508012654434365,0.9734714046405781,1.2957220362827155
2022-03-03,1.1505357947663644,0.9721100816296874,1.295450325033947
2022-03-04,1.150483504122461,0.9721232529912984,1.2949990211140154
2022-03-07,1.1479150385888148,0.9721288087966724,1.2954282148903593
2022-03-08,1.1479487964738018,0.9722584043251439,1.2955010805601659
2022-03-09,1.1465476472803047,0.9719242213538407,1.2947041824333527
2022-03-10,1.1461163268914751,0.9717776581951313,1.2949874853125511
2022-03-11,1.1472428291876993,0.9719216976068435,1.2961005605441422
2022-03-14,1.1491571094867277,0.9717724657293878,1.2946266512804139
2022-03-15,1.1495854857696168,0.9720409097866274,1.2944270949507977
2022-03-16,1.1486854576610284,0.9724070211186666,1.2944524462064142
2022-03-17,1.148827003063017,0.973064960969282,1.2940543554693635
2022-03-18,1.1482235387678186,0.9731441216811818,1.2935821418718243
2022-03-22,1.148692801829016,0.9729005916165736,1.293963802012088
2022-03-23,1.147963599854997,0.970194510574488,1.2945337471284415
2022-03-24,1.1481675600737533,0.9687953563112719,1.2952235765689384
2022-03-25,1.1481354137090403,0.9685213449500688,1.29563415101049
2022-03-28,1.1480741483468804,0.9689151747663516,1.2957466747356838
2022-03-29,1.147138011793491,0.9688601072075078,1.2957321556117083
2022-03-30,1.1475574911040574,0.9686998989884816,1.295402232686119
2022-03-31,1.1478131744361815,0.9697880796430285,1.2963766282966773
2022-04-01,1.1481193404359162,0.9704623348973017,1.2965692988321527
2022-04-04,1.151054222438296,0.9705959846905513,1.2963872505268665
2022-04-05,1.1520674246857212,0.9705223609830816,1.2960672043130366
2022-04-06,1.151868047437657,0.970426185039842,1.2965996698755506
2022-04-07,1.1508643416002358,0.9719879563603776,1.2953078194650012
2022-04-08,1.150746499428073,0.9712448432765709,1.2956846172546328
2022-04-11,1.1535857008022106,0.9696948426164745,1.2952098410751376
2022-04-12,1.1525398142703263,0.9715251080744584,1.2941759127408214
2022-04-13,1.158267266538601,0.9702859689308974,1.2941455011995315
2022-04-18,1.1581115576145171,0.9711123872039384,1.2938320659583324
2022-04-19,1.1591852009311239,0.9708269544634858,1.2936852839904442
2022-04-20,1.1589537222306538,0.971427695192241,1.2938598671697608
2022-04-21,1.157849756527597,0.9708513695914199,1.2935605744621135
2022-04-22,1.160638790102299,0.9710714996105964,1.293107700321534
2022-04-25,1.1607238387685492,0.9717325070182256,1.2927433758769584
2022-04-26,1.1616017339183502,0.9717420583891551,1.2928271910497109
2022-04-27,1.1620141784351925,0.9715590520161526,1.2932156050829267
2022-04-28,1.161984396219274,0.9717032229787255,1.293530227998656
2022-04-29,1.1619985459357247,0.9716698604154815,1.293311651230084
2022-05-02,1.1612044959404348,0.9715169619218382,1.2925977831717632
2022-05-03,1.1604720121493814,0.9715808241156081,1.2930319933528305
2022-05-04,1.1617983354601922,0.9713314014263738,1.2930662399540571
2022-05-05,1.1606527470815406,0.9710789685266531,1.2931768316760788
2022-05-06,1.1613886635493886,0.9711840194555317,1.293464216820738
2022-05-09,1.1621756967451802,0.9704507077844663,1.2934632322661308
2022-05-10,1.1626739202151164,0.9720517510529306,1.2948115081454832
2022-05-11,1.1625337478689008,0.9714525218669272,1.2952254246035984
2022-05-12,1.1628794917838425,0.9712514108609994,1.294699365654987
2022-05-13,1.162726698223968,0.9705960596443032,1.2946819765277218
2022-05-16,1.1618691626730202,0.9707254808054165,1.2961029764784766
2022-05-17,1.1609076148373707,0.9710672233578449,1.2949733583180996
2022-05-18,1.1582558278542983,0.9711218612719631,1.294408636441004
2022-05-19,1.1552618455930028,0.9707863597991447,1.2941860071628852
2022-05-20,1.154900482663258,0.9703848741147394,1.2947201589817423
2022-05-23,1.1559097549121462,0.9699685574674226,1.294622551720589
2022-05-24,1.155360171871342,0.970546806464246,1.2955987466405077
2022-05-25,1.1559267642796152,0.9701087655019546,1.2954771316548668
2022-05-26,1.1572218656328288,0.9695802124822465,1.2952966205242336
2022-05-27,1.1583490303548418,0.970019922712961,1.295383370642853
2022-05-30,1.1602864400979291,0.9694207111711538,1.296360305013706
2022-05-31,1.1622996106503496,0.968993807511099,1.2957026532417588
2022-06-01,1.1631551244484257,0.9682571046273681,1.2951872599794976
2022-06-02,1.1645602845628862,0.9681378035235966,1.2952029009072306
2022-06-03,1.1650502914090546,0.9688870780618021,1.2954666123345706
2022-06-06,1.1644235609967688,0.9679713600606816,1.295101611515942
2022-06-07,1.1647949224196583,0.9681005318404172,1.295340620499168
2022-06-08,1.1645276925751362,0.968014876718056,1.2961988546592829
2022-06-09,1.1640660985889209,0.967521180024037,1.295935167688882
2022-06-10,1.1624023832664079,0.9673238758795613,1.2965793336460152
2022-06-13,1.1610364306046328,0.9664852979236203,1.2964183285706687
2022-06-14,1.1611638460067835,0.9648524438995222,1.2969571604869627
2022-06-15,1.1621870580450329,0.964428361299456,1.2973006423975233
2022-06-16,1.1587287683804792,0.9642802356497969,1.2974457055816906
2022-06-17,1.1575127930624074,0.9649134133808528,1.2972792995317022
2022-06-20,1.158118051762327,0.9657981321699987,1.2971123898303207
2022-06-21,1.1580128282935889,0.9652190080812659,1.297268238256746
2022-06-22,1.158326045835799,0.9647832211922419,1.2979234068814696
2022-06-23,1.1575585656118927,0.9645120513849869,1.2982227865514222
2022-06-24,1.1568141953484163,0.9640806122606055,1.2990019657817933
2022-06-27,1.1559085526512776,0.964402381483424,1.299516443341969
2022-06-28,1.1558364227501183,0.9639008919229333,1.2988167289968817
2022-06-29,1.155898363829286,0.9644016456361958,1.298457950143969
2022-06-30,1.1553720556365292,0.9651447122644087,1.2992249188296632
2022-07-01,1.1555123864998886,0.9652654844665385,1.2997374132964545
2022-07-04,1.1587392957494957,0.96509098227338,1.2996857686711027
2022-07-05,1.1591884742136624,0.9637772778089568,1.2993632182211199
2022-07-06,1.158615468229068,0.9634043968082736,1.2991895320181208
2022-07-07,1.1587601445974,0.9633868637383574,1.2997159993137897
2022-07-08,1.1590315428416935,0.9633568207799068,1.298820417516154
2022-07-11,1.1593437905650519,0.9640455544516738,1.2994018409260641
2022-07-12,1.159995001888765,0.9628951178889533,1.299600522907439
2022-07-13,1.1596375822642004,0.9629856298547175,1.3001328416824018
2022-07-14,1.160828069560121,0.9634848766048658,1.3003298446268905
2022-07-15,1.1603014687838868,0.9635663980077627,1.299898768638889
2022-07-18,1.160005599736756,0.9634587413212922,1.2981445653892363
2022-07-19,1.1602363736818238,0.9644027555375091,1.2997031328211728
2022-07-20,1.160415277687122,0.9639997888345516,1.2992541991484765
2022-07-21,1.16157741765252,0.9634425567128722,1.297285068139359
2022-07-22,1.1624790965295073,0.9633695780842343,1.2968744915330852
2022-07-25,1.1630083723088627,0.9633911318557948,1.2964030464917116
2022-07-26,1.1629130368350176,0.963297608550618,1.2967451150748894
2022-07-27,1.1628206216217327,0.9634524496544199,1.296475904016922
2022-07-28,1.1603893614580674,0.9630021392584682,1.2955448208452696
2022-07-29,1.1622825018791707,0.9635491629867944,1.2963463856678568
2022-08-01,1.1622882807076262,0.9649537152670243,1.2962424544213533
2022-08-02,1.1634705930662754,0.9644296629864805,1.2958500886744724
2022-08-03,1.164007580597628,0.9640529437761459,1.2959190982906774
2022-08-04,1.1640257198845487,0.9644346356235814,1.2960203284159302
2022-08-05,1.163403699689071,0.9647129980072864,1.2955540572732607
2022-08-08,1.162957679148628,0.9645676781387926,1.2959892908244894
2022-08-09,1.1619571207714474,0.9642891245492882,1.2960764762955672
2022-08-10,1.1628825169914971,0.9634552448072309,1.295657011423417
2022-08-11,1.1614723064974055,0.9642831011290705,1.2971951191544047
2022-08-12,1.1609698353085427,0.9649814768352603,1.298571671524737
2022-08-15,1.16259070086589,0.965916620346213,1.2987758681144326
2022-08-16,1.1630863789535488,0.9661722058723173,1.2998016706908984
2022-08-17,1.1630604038442491,0.9634382640517126,1.2995265359986945
2022-08-18,1.1639047985531161,0.9634456052178724,1.299378231105308
2022-08-19,1.1638402056025194,0.9644014345378193,1.2991084459243483
2022-08-22,1.1636244225293695,0.9653248939864509,1.29970308450772
2022-08-23,1.1631740490012592,0.9649685975316827,1.3001119848747895
2022-08-24,1.1626608822452977,0.9639692236847662,1.3000842683228746
2022-08-25,1.1616083794869312,0.9647777844134998,1.3007922326279677
2022-08-26,1.1616485563690586,0.9647416621932536,1.3008361225723348
2022-08-29,1.1592371798264747,0.9646332273598457,1.3004197461057265
2022-08-30,1.1599062216539653,0.9645577693613434,1.3010867045423697
2022-08-31,1.1585443357457523,0.9653416619207795,1.3008688873161665
2022-09-01,1.1577834228943749,0.9658023089729189,1.3012287492565235
2022-09-02,1.1574994117085087,0.9651786063112868,1.302027326498313
2022-09-05,1.1573405868046311,0.9654830769908141,1.3017652232986148
2022-09-06,1.157704661757626,0.9643295362465145,1.301533014408748
2022-09-07,1.1582593564879686,0.9649011045106555,1.3005329448171699
2022-09-08,1.157567162444889,0.9638938360998718,1.3001177618051436
2022-09-09,1.1566320062006996,0.9644893821401235,1.3011531040571152
2022-09-12,1.1566323737697493,0.9643609960577317,1.3014545657576995
2022-09-13,1.1549001239627334,0.9634885385166505,1.3017099680096318
2022-09-14,1.155266727321206,0.9644929525378295,1.3015525237355603
2022-09-15,1.1563804704164529,0.9650156748489684,1.301154047876475
2022-09-19,1.1568528278455614,0.9653235031229095,1.301109768358312
2022-09-20,1.1557047817543142,0.9634976864610842,1.3022304144357517
2022-09-21,1.1560354636666472,0.9639153405938982,1.302107559513499
2022-09-22,1.1547943549667745,0.9648579298221863,1.3017583642131467
2022-09-23,1.153310775827076,0.9645096143640184,1.3014967426329398
2022-09-26,1.1512270106334777,0.9650928619546514,1.3013746412630869
2022-09-27,1.150154316426161,0.9637643881925204,1.3009078992454364
2022-09-28,1.1506856991957468,0.9649254425139839,1.3012357333164406
2022-09-29,1.1506876230923766,0.964910522219273,1.301008955156262
2022-09-30,1.151227900480144,0.9648975124214816,1.3011883288422657
2022-10-03,1.150409984933826,0.9655420608722087,1.3011507630512995
2022-10-04,1.1498879278302698,0.9660856613701513,1.3011567462003866
2022-10-05,1.1489039995392996,0.9662479829796269,1.3021575684436821
2022-10-06,1.149734781106275,0.9655064115478319,1.302674470037063
2022-10-07,1.1499505657701141,0.9650124664384424,1.3028844969567213
2022-10-10,1.150372561180217,0.9641133901281304,1.3029050313151689
2022-10-11,1.1504350777507693,0.9639598437863424,1.3033667042459278
2022-10-12,1.1512971887848034,0.9649644836982154,1.304349602541843
2022-10-13,1.1513962291154465,0.9644280449166236,1.3037203436991212
2022-10-14,1.150909317248985,0.9646579195667428,1.303284179495564
2022-10-17,1.1494140746654888,0.9650604967378036,1.3037601737815954
2022-10-18,1.1491247776457936,0.964521999088621,1.304124231198047
2022-10-19,1.1492997597593615,0.964700094289918,1.3033681238109684
2022-10-20,1.1495181080546708,0.9646445953267837,1.3036980580006587
2022-10-21,1.1508100338066856,0.9643375285879021,1.30356331085474
2022-10-24,1.1509980559821147,0.9646612725707606,1.304616795225624
2022-10-25,1.1505603256986627,0.9647494458748668,1.3041875819922033
2022-10-26,1.1497444357855326,0.9642077224536223,1.3040337500590249
2022-10-27,1.1517935428273607,0.9650146199803987,1.3031573401274292
2022-10-28,1.1529573958558013,0.9651776303516099,1.3026900833655528
2022-10-31,1.1514570288857355,0.9648170482356827,1.3022547120435606
2022-11-01,1.1513423298079035,0.9651855735023603,1.3033500995397584
2022-11-03,1.1507726714071058,0.9653330016265204,1.3039027202858207
2022-11-04,1.1506596266526399,0.9642036581080892,1.3020210580050708
2022-11-07,1.1510880085145077,0.9620463061141518,1.3021156219294574
2022-11-08,1.1509823720691519,0.9629319857008903,1.302286778476078
2022-11-09,1.1511065476085827,0.9640162764890852,1.3021141320798142
2022-11-10,1.149950372702877,0.9645404748164306,1.3019092355200002
2022-11-11,1.147237948690739,0.9648871804064885,1.3040061824117826
2022-11-14,1.147305015458129,0.9639849822204359,1.3031467133914083
2022-11-15,1.1474636912604084,0.9656853667847214,1.302476279101085
2022-11-16,1.1479685919185187,0.9648679445465385,1.3033113013774578
2022-11-17,1.1484389649043831,0.9635624992771807,1.30297681102726
2022-11-18,1.1489657898322017,0.9646150409623986,1.3027459664057022
2022-11-22,1.1489971520971383,0.9648365363065536,1.3034372856723022
2022-11-23,1.1490552636338907,0.9637784952541827,1.3040800905813479
2022-11-24,1.1489042005952173,0.9638893838176802,1.304430089134883
2022-11-25,1.1485143011026917,0.9640371485793416,1.3041752110501257
2022-11-28,1.1484520853909317,0.964846631921543,1.3042928615172924
2022-11-29,1.1480015189477768,0.9651809744357849,1.3042504073491887
2022-11-30,1.1469743763268458,0.9643901049702346,1.3041039325240056
2022-12-01,1.1458998797395887,0.9636323444344178,1.3044752955171837
2022-12-02,1.1456144423276093,0.9636073947017384,1.3043168894923758
2022-12-05,1.1452537309175412,0.9633824756925295,1.3045869295454937
2022-12-06,1.145722978105273,0.9632672856246012,1.3047175498002679
2022-12-07,1.1459286963579767,0.9626473099290564,1.3044845369822222
2022-12-08,1.1459569947149482,0.9610983838812381,1.3032036159651965
2022-12-09,1.146020173998406,0.961272843042327,1.3046584802629928
2022-12-13,1.1469266771884035,0.9604671973364824,1.3044970902851845
2022-12-14,1.1482617522330625,0.960751771999786,1.3041481778070152
2022-12-15,1.1475330520672256,0.9599185718968752,1.304236230050251
2022-12-16,1.1488686378269533,0.9609845631049257,1.3045900326168147
2022-12-19,1.1491867263792068,0.9600447656464935,1.305328634271759
2022-12-20,1.1510439673032984,0.9601949242682783,1.3052904351627304
2022-12-21,1.1509501753141436,0.9598863783590138,1.3054224206263096
2022-12-22,1.150946501418451,0.9601687422610254,1.3053619238172611
2022-12-23,1.1508097284005037,0.9604647531947046,1.3057039277985951
2022-12-26,1.1505755167520337,0.9606289742739074,1.3060599045751116
2022-12-27,1.150895964934104,0.9587716664299565,1.3066155195720788
2022-12-28,1.1497445039580916,0.9594584492163302,1.3062083692673583
2022-12-29,1.1498760515978477,0.9603538996945695,1.3063248173052382
2022-12-30,1.1487280812167904,0.960257629224336,1.305984519599898
2023-01-02,1.1482568932120532,0.9597227709136329,1.3057363681169747
2023-01-03,1.1480044904900757,0.9573476618466022,1.3048511173910304
2023-01-04,1.1462568412649328,0.9570357156644895,1.3035209526174916
2023-01-05,1.1458947610797467,0.9566492588122053,1.3030956450660967
2023-01-06,1.1444605409408641,0.9568885888167364,1.304238977061221
2023-01-09,1.1445443259791845,0.9572498301099317,1.3030188347718297
2023-01-10,1.1445169272094298,0.9566649045061524,1.3032892779490113
2023-01-11,1.1436344899739594,0.9558706491571886,1.3048833137142106
2023-01-12,1.143270418309952,0.9563591459291023,1.3039366107961134
2023-01-13,1.1436576444355957,0.9567467686821959,1.3038044827916948
2023-01-16,1.143765354470057,0.9567934802268102,1.3057264238658595
2023-01-17,1.1439914364637043,0.9567200368457147,1.3050237559858837
2023-01-18,1.1441150041066586,0.9564788964448463,1.30461617826686
2023-01-19,1.144038715338956,0.9569938344329355,1.3044239300710276
2023-01-20,1.1445945053555437,0.9564582902087528,1.305858694902575
2023-01-23,1.1444896805019278,0.9559296744690015,1.3053558311060336
2023-01-24,1.1446873101544182,0.9554654362684797,1.3039967758007807
2023-01-25,1.1448661448106368,0.9559850303212074,1.3029206268760964
2023-01-26,1.1447414909961449,0.956542765832318,1.303053453605863
2023-01-27,1.145263187815358,0.9559484479163317,1.3042955550242927
2023-01-30,1.1450683285089345,0.9546711318435663,1.3040369456303875
2023-01-31,1.144363967106608,0.9546199517375532,1.303456210174557
2023-02-01,1.1431777646315886,0.9541074051937329,1.3051697514291507
2023-02-02,1.1428687234531625,0.9537787464749737,1.3055627355694717
2023-02-03,1.1427236682303086,0.9531687533361133,1.3059671670940554
2023-02-07,1.142116187682972,0.952902313306689,1.30437418442183
2023-02-08,1.1420305250244824,0.9525094988317863,1.304545228204122
2023-02-09,1.1425909844266473,0.9533201955781793,1.305292488311338
2023-02-10,1.1425114494373119,0.9523236339257989,1.3056277973664931
2023-02-13,1.1423055846641916,0.9516792166633006,1.3056716358057177
2023-02-14,1.1420729046240805,0.9513175463469223,1.3065609723137097
2023-02-15,1.1417169961348685,0.9513090274105821,1.307273968377129
2023-02-16,1.1431491505757525,0.9514023360306392,1.3065871068494659
2023-02-17,1.142813107621347,0.9520339254872238,1.306408581476993
2023-02-20,1.1423597064095508,0.9518721530005172,1.3067482179331003
2023-02-21,1.142000963800047,0.9521187744837237,1.306036498230679
2023-02-22,1.142284128364925,0.951905932281959,1.3062008023484766
2023-02-23,1.1434367825635803,0.95201380411796,1.3063304910335545
2023-02-24,1.144063522419648,0.9507342131309693,1.3060598227443558
2023-02-27,1.1443724024840103,0.9514553279581092,1.306582276811367
2023-02-28,1.1449118856183742,0.9512710973893456,1.3067385730611272
2023-03-01,1.1443731989721841,0.9510774970797637,1.3072847107107808
2023-03-02,1.1447409134447797,0.9508411192597391,1.3063739877699236
2023-03-03,1.143292610255996,0.9505567889448204,1.306315192892249
2023-03-06,1.143502414275332,0.9508290315113104,1.306916121017404
2023-03-07,1.142631604742153,0.9501304746092686,1.306585732884005
2023-03-08,1.1427705874171554,0.9505147021521574,1.306665023278699
2023-03-09,1.1425294343849515,0.9504765621952966,1.3066540533597493
2023-03-10,1.1425017935451143,0.9500448688901469,1.3065756715064234
2023-03-13,1.1432084993037086,0.9511591407654885,1.3070341441892523
2023-03-14,1.1433087962598922,0.9509288287910646,1.306803236543251
2023-03-15,1.1423536972703665,0.9508994194323046,1.3066916804877824
2023-03-16,1.1430695826918598,0.9502693755553907,1.3066159393483927
2023-03-17,1.1431025467586227,0.951094966501659,1.3069062034457135
2023-03-21,1.143136013644734,0.9501888722772379,1.3067600834652033
2023-03-22,1.1429535940637043,0.9505906946007892,1.3064294664194533
2023-03-23,1.1430481981674652,0.9505130025375282,1.3067111590856129
2023-03-24,1.1427828631934376,0.9505378440602882,1.306619982252378
2023-03-27,1.1417326159366392,0.9498826029218376,1.3067441141974712
2023-03-28,1.1407501007316616,0.9505100072711512,1.306210489937282
2023-03-29,1.1402207328103784,0.9491043376362779,1.3058790941118048
2023-03-30,1.139762671320596,0.9490322066441476,1.3059209529333418
2023-03-31,1.140183878100145,0.9491510680600465,1.3057764684157136
2023-04-03,1.1403764298954682,0.9490789737223506,1.306667812835972
2023-04-04,1.1396338416853897,0.9492284688011293,1.3070638545673356
2023-04-05,1.1385930994794302,0.9488850085752482,1.3073429902711138
2023-04-10,1.1377687743688516,0.9477073049650796,1.306949370165173
2023-04-11,1.137703204293721,0.9470379433522914,1.3073398294980902
2023-04-12,1.137883162298484,0.947005487713046,1.3075450654600766
2023-04-13,1.1371445465228618,0.9479318414180345,1.3082617888448522
2023-04-14,1.1363661899057955,0.9467511468553049,1.308615240169182
2023-04-17,1.1359844744640109,0.9474495882346037,1.3086529842185555
2023-04-18,1.1353595357275659,0.9484303261347405,1.3095164932966308
2023-04-19,1.1353036952004096,0.9487166139305774,1.3095820824704205
2023-04-20,1.1347197677577665,0.9464026810991099,1.3078657016827544
2023-04-21,1.1343643888672243,0.9478492920341105,1.3085912600097505
2023-04-24,1.1344926690990969,0.9480838536246508,1.307782958823464
2023-04-25,1.1346374668427268,0.9486780764531811,1.3073522867787215
2023-04-26,1.134457399499527,0.9479708086203581,1.3072247484656603
2023-04-27,1.1336498438637057,0.9476866066718121,1.309095177924172
2023-04-28,1.1333619039941485,0.9474292427158605,1.309045519017006
2023-05-02,1.1336506388736503,0.947458591613032,1.3107992795436394
2023-05-03,1.1345733937877258,0.9471621711803643,1.3099072379206014
2023-05-04,1.134312793020746,0.9459772145093235,1.3095993061655211
2023-05-05,1.1327780834794134,0.9456453014708421,1.3100837769954736
2023-05-08,1.1319514848764933,0.9456782983592235,1.30979419332901
2023-05-09,1.1323988351259369,0.9458159325165837,1.3092034230621308
2023-05-10,1.1324046425119203,0.9462664982028139,1.3102238226540608
2023-05-11,1.1316020914864904,0.9454722271129282,1.310318819475957
2023-05-12,1.1320907955742305,0.945248225754758,1.3100438170964357
2023-05-15,1.1313792756589618,0.9455672111894423,1.3101759817639622
2023-05-16,1.1311365876184527,0.9461484345464104,1.310427188802684
2023-05-17,1.1307999804033568,0.9460424959210455,1.310499089575008
2023-05-18,1.131288667043001,0.9448465671133851,1.3102503089840645
2023-05-19,1.1304716954961318,0.9448072156191578,1.3101037921772212
2023-05-22,1.1295987557871068,0.945050345961334,1.3099161829516814
2023-05-23,1.1290161801849647,0.945560318218504,1.3100865726098576
2023-05-24,1.129069160229552,0.946063201903503,1.3091774686087174
2023-05-25,1.1298893897402151,0.9449972977771408,1.3091569641944945
2023-05-26,1.1301929656509557,0.944316608906559,1.3091498386829123
2023-05-29,1.1325679535847963,0.9449570696396565,1.309155120100036
2023-05-30,1.1326016451882144,0.9445924422853045,1.3097735934674546
2023-05-31,1.132962461446368,0.9435672757739572,1.3098845184024137
2023-06-01,1.1337073339105685,0.9438102249574961,1.3095613186737083
2023-06-02,1.1335130952681318,0.9434270894705916,1.308519525144297
2023-06-05,1.1335021528832936,0.9433469002374308,1.3091960265590363
2023-06-06,1.1325773034862312,0.9432215321133642,1.309342090191427
2023-06-07,1.1323457748028036,0.9432995407848254,1.30838517732719
2023-06-08,1.131940614760092,0.9435996435742852,1.3085384772053719
2023-06-09,1.1316814483191706,0.9437711135078684,1.308269340522312
2023-06-12,1.1317317508630542,0.9440140933951252,1.309697747331797
2023-06-13,1.1310920025887905,0.9437274019046604,1.3082211730044278
2023-06-14,1.1307268954108385,0.9441490990761207,1.3079469209926684
2023-06-15,1.1307944034259374,0.9441005332109352,1.3084272703258886
2023-06-16,1.1310119894544557,0.9439487596750171,1.3084329549208926
2023-06-19,1.1313992621242124,0.9444409312733022,1.3087259621869038
2023-06-20,1.1316564319364277,0.9442704236648237,1.3093193495570503
2023-06-21,1.131105597378868,0.9444937112415824,1.309310081544289
2023-06-22,1.1305175634790134,0.9447153744680206,1.3095727534912593
2023-06-23,1.1309653461900768,0.9448273723370606,1.3102893206198223
2023-06-26,1.131024353340505,0.9453859435432437,1.3098207094610943
2023-06-27,1.1305203613202535,0.9448931527238508,1.3096028148300343
2023-06-28,1.1311256300764885,0.9444695402637167,1.3107508244372326
2023-06-29,1.132116080005289,0.9443608486955338,1.3112283282168906
2023-06-30,1.132256221427965,0.9445515610499553,1.3112756433153923
2023-07-03,1.1305713062463867,0.9446178498104677,1.3109256441288375
2023-07-04,1.1302509962449487,0.9431955647314216,1.3113010731018215
2023-07-05,1.130104047083113,0.9432202684941431,1.3115000207406942
2023-07-06,1.1304744280066465,0.9432857334741634,1.3114354381120656
2023-07-07,1.1304420645586157,0.9436946373403704,1.3114456000059602
2023-07-10,1.13057275460288,0.9438779030397833,1.3109422368381434
2023-07-11,1.1303664132780646,0.944206010732391,1.311128781322973
2023-07-12,1.1300828315112976,0.9442546627356028,1.3119798477153177
2023-07-13,1.1298649719080947,0.9443256017658185,1.311906641216783
2023-07-14,1.12996133111204,0.9446372569095468,1.3119439415223035
2023-07-17,1.1293684403847561,0.9449794990344977,1.312863142201072
2023-07-18,1.1292909579377328,0.9448499687726022,1.312200221224999
2023-07-19,1.1296244447984907,0.9440193366513753,1.312247214732871
2023-07-20,1.1297616147177305,0.9429673263385111,1.3126648767368976
2023-07-21,1.1299452941565247,0.9442360397474099,1.3122698064244351
2023-07-24,1.1288272193034086,0.9442823979159232,1.3126801508119583
2023-07-25,1.1292709345320648,0.9442838172103566,1.3129344332929398
2023-07-26,1.128938029624763,0.9438723825457233,1.3126032686356524
2023-07-27,1.12914208351536,0.9450276570499081,1.3125728241443455
2023-07-28,1.1310467200558048,0.9450063624987806,1.3131879496173242
2023-07-31,1.1313560868652686,0.9449330368431904,1.3120759980763086
2023-08-01,1.1317198643389033,0.944123095745362,1.3119646798524307
2023-08-02,1.131221257250595,0.9448520431847324,1.3116794026664076
2023-08-03,1.1314019003415845,0.9434454774859793,1.3111093913753837
2023-08-04,1.1297281287888827,0.9429908034554563,1.311466015951003
2023-08-07,1.129497011495416,0.9425146677102401,1.311135172159534
2023-08-08,1.1292626104380408,0.9431645929816284,1.3114907782403475
2023-08-09,1.1330998982707092,0.9436401753367016,1.312071676525106
2023-08-10,1.1335639417288328,0.9443540071835814,1.3107081604162059
2023-08-11,1.1344859776765064,0.9448428481135083,1.3099739892453306
2023-08-14,1.1345832177095048,0.9452669907017375,1.3097150720592232
2023-08-15,1.1342649877278688,0.9452607441054814,1.3098741540205412
2023-08-16,1.131317149874472,0.9441755032265703,1.31117870731255
2023-08-17,1.1298874619205124,0.9437117143046982,1.3108870575606282
2023-08-18,1.1307423700370922,0.9427389095475193,1.3099626098487103
2023-08-21,1.13014155204442,0.9423055224934858,1.3113323402697254
2023-08-22,1.1310302604286668,0.9432353799772655,1.3120469378187283
2023-08-23,1.128906844779729,0.9414161033892062,1.3118978723174048
2023-08-24,1.1293863444108472,0.941201482573373,1.3120998554634882
2023-08-25,1.1300849225693503,0.9424758147586196,1.3112983974723842
2023-08-28,1.1304599011751901,0.9439537369247616,1.3112951766429137
2023-08-29,1.129213924219655,0.943383796932227,1.311373866394019
2023-08-30,1.129075768596742,0.9441606044963047,1.3107953823793175
2023-08-31,1.1295052677427666,0.9434903385163737,1.3105924108491829
2023-09-01,1.1314097048896046,0.9433294636204659,1.3099078829489308
2023-09-04,1.1318270135569348,0.9428505234335781,1.3114762748629394
2023-09-05,1.1315286184117108,0.9423388060059705,1.3124931549064596
2023-09-06,1.1323000635380276,0.9442211048557295,1.311746018528258
2023-09-07,1.1326237324504125,0.9439739289203757,1.3118081684028635
2023-09-08,1.13393842471939,0.9429683153229846,1.3117324668707706
2023-09-11,1.1327504405118871,0.943116651387827,1.3113472158719968
2023-09-12,1.1331051890752692,0.9442939481995257,1.3118494528741271
2023-09-13,1.133436327629224,0.9433485457105412,1.311632506579296
2023-09-14,1.1333908564554118,0.9446292247219111,1.3125878211286564
2023-09-15,1.1338784121793128,0.9447419981051554,1.311980340961739
2023-09-18,1.134833422413883,0.9429913744916798,1.3124694608502465
2023-09-19,1.135167474421389,0.943073241770605,1.3130048729358552
2023-09-20,1.1353653100551335,0.9435456853412909,1.3125907882504855
2023-09-21,1.133735563284951,0.9434341354389311,1.3120758092472526
2023-09-22,1.1334266277373715,0.9440614981059771,1.3120087729291399
2023-09-25,1.132232403118554,0.94443172074477,1.3117486587648024
2023-09-26,1.1310833739932,0.9401313577355964,1.310807556965959
2023-09-27,1.130720472443614,0.9429318308628345,1.3107842850395302
2023-09-28,1.1319091807964998,0.9431636326537447,1.311849197352687
2023-09-29,1.130621298467749,0.9430302319439435,1.3114810641620713
2023-10-02,1.1311118337513033,0.9435343579324664,1.3115110248950947
2023-10-03,1.1302347893539177,0.9430174008436837,1.3114567321553023
2023-10-04,1.1305775295390539,0.9426093591497038,1.3117477442527246
2023-10-05,1.1240860640777988,0.9414763619374986,1.3118046941685948
2023-10-06,1.123876606981482,0.9411817665644957,1.3118731697796144
2023-10-09,1.1239227464663473,0.9410289704504284,1.3119135876986046
2023-10-10,1.121870218765471,0.940486919863989,1.3119794315984854
2023-10-11,1.1229158453940897,0.9404033107717773,1.3123077844735065
2023-10-12,1.122393368621773,0.940949244495221,1.3128900278063766
2023-10-13,1.12426619060524,0.9408828636746125,1.312735509722203
2023-10-16,1.1232869807547854,0.9409624975809736,1.312142547931612
2023-10-17,1.1255731085648426,0.9411547022243628,1.3112341719880607
2023-10-18,1.125837749190886,0.9407500480191179,1.3110694644951641
2023-10-19,1.1254861332484234,0.9406489176430284,1.3116248420044567
2023-10-20,1.1248811895972737,0.9424527426303586,1.3106830631298543
2023-10-23,1.1241697111178661,0.9409312233665467,1.3110645624218293
2023-10-24,1.1250908172746172,0.9410420565921962,1.3117550656805097
2023-10-25,1.1240406766693298,0.9397478436002887,1.311513999919449
2023-10-26,1.126605650516807,0.9391382647881779,1.3111334636670804
2023-10-27,1.127622071399339,0.9391413828507321,1.31141151993946
2023-10-30,1.12852061211672,0.9393435966544188,1.3123034189758933
2023-10-31,1.1293690359664503,0.9408599495287364,1.312903108637389
2023-11-01,1.1298988540085997,0.9398163582777123,1.3130501073032546
2023-11-03,1.125782328578902,0.9399982273877417,1.312299313438586
2023-11-06,1.124206627043236,0.9391596646547946,1.314420359985327
2023-11-07,1.123682647059554,0.9393950341241628,1.3137167241259695
2023-11-08,1.1241988459536854,0.9389859343617243,1.3127683572421727
2023-11-09,1.1243933245839952,0.9388553666617971,1.313078922816907
2023-11-10,1.1263734096545717,0.9386872872902307,1.3134420106077715
2023-11-13,1.1278787242441302,0.9385119461141006,1.3149826917841647
2023-11-14,1.1263287640094395,0.9384521614742077,1.3139809059678635
2023-11-15,1.125826902740023,0.9386138180950419,1.314108718343088
2023-11-16,1.1290290632911155,0.9386845492561335,1.3141528188036151
2023-11-17,1.1282788286060574,0.9386572928084866,1.3136141565665183
2023-11-21,1.1293308636841415,0.9385400335761351,1.3137571406627353
2023-11-22,1.129273188271893,0.9383680613684583,1.3130911069342333
2023-11-23,1.129466989655904,0.9380929695101394,1.312766245570802
2023-11-24,1.1297257869751993,0.9390480700697916,1.3130659666087896
2023-11-27,1.1317970177578192,0.9394070925873947,1.3134648666530584
2023-11-28,1.1325763628514787,0.9401473319461373,1.313949762785072
2023-11-29,1.132176060844359,0.9402508319806746,1.3143145211022897
2023-11-30,1.1309470097467957,0.9394046323409626,1.3143227583546544
2023-12-01,1.1312835921260147,0.9381433423566212,1.3142071771686588
2023-12-04,1.1312381972959937,0.93856911831048,1.3146460671167695
2023-12-05,1.131641519372515,0.9385839663277544,1.3147952344958815
2023-12-06,1.1303527179303778,0.9382273158316705,1.3140577837160423
2023-12-07,1.1302537046612697,0.9377663129506147,1.314236910226073
2023-12-08,1.1298012952552683,0.9375968612755137,1.3155428681955124
2023-12-11,1.1297473605587531,0.9375331313261559,1.3151912857809354
2023-12-13,1.1290919609811225,0.9377430913442543,1.3158013374793893
2023-12-14,1.1241188503641668,0.9379241804052392,1.3166231659809682
2023-12-15,1.1244123154601202,0.937397729122347,1.316424287869219
2023-12-18,1.1246667010574947,0.937866515810707,1.315393472524096
2023-12-19,1.1248152470599873,0.937208531375424,1.3149630753058872
2023-12-20,1.123640824583904,0.9373342127251018,1.315639440343403
2023-12-21,1.1225940448141023,0.9378795374984122,1.3162589086529584
2023-12-22,1.1221519440859162,0.9379738439643335,1.3190950787829383
2023-12-26,1.1215421685633213,0.9379006600757342,1.3181626325304863
2023-12-27,1.121159898706108,0.9388450044155889,1.3193642853870475
2023-12-28,1.121769743961054,0.9382253528960535,1.3195314529930744
2023-12-29,1.1215039132304596,0.9376879172132312,1.3189010566441222
2024-01-02,1.1214550977593647,0.9376547045585802,1.3199261683945254
2024-01-03,1.1206815377100916,0.9371858861412969,1.3210318089073498
2024-01-04,1.1207154112065156,0.9381958871353915,1.320077532883332
2024-01-05,1.1183602335017597,0.9383633118082702,1.3201936898045763
2024-01-08,1.1177908673160633,0.9381168721451825,1.3201951390887623
2024-01-09,1.1161614678507426,0.9384913223029564,1.320977063569535
2024-01-10,1.1157976593697982,0.9383700289202894,1.3208440165359936
2024-01-11,1.1159175157796177,0.9386698012751516,1.3207602110785155
2024-01-12,1.1156136967383152,0.9389590675549799,1.320948930403473
2024-01-15,1.1150001717152629,0.9385177487733449,1.320800245923047
2024-01-16,1.1147039192998738,0.939122125190339,1.3212936932116925
2024-01-17,1.1141201179793958,0.9391132457038562,1.3221345861135663
2024-01-18,1.1151544700648681,0.9389312042090103,1.3218302108921662
2024-01-19,1.1141222883112483,0.9391339510650418,1.3215145199999412
2024-01-22,1.1132114672322804,0.9391418803143464,1.320851207231127
2024-01-23,1.1127892438221603,0.9387991555384478,1.3204144847686374
2024-01-24,1.11349813170445,0.9375466181856161,1.3213747783625631
2024-01-25,1.1140148788857187,0.9381173260056858,1.3209543820914824
2024-01-26,1.1143115770132763,0.9401089293252547,1.320952455046827
2024-01-29,1.1141680980930722,0.9394440103494083,1.3204484128067655
2024-01-30,1.1139648183839725,0.9398200338539953,1.3216869358696408
2024-01-31,1.1144889877136168,0.9397465141241693,1.3219803514760342
2024-02-01,1.1152890013195107,0.9391335999396365,1.3222457078831698
2024-02-02,1.1172722492641112,0.9384039057283438,1.3212816118286315
2024-02-06,1.1171073789775923,0.937546356260405,1.3225023036211117
2024-02-07,1.1198611382813715,0.9370835191886925,1.3218809225547696
2024-02-08,1.1185373406791141,0.9389938055960119,1.3213450263999642
2024-02-09,1.118056635073542,0.9357258956199476,1.3227867827814477
2024-02-12,1.1179652871750871,0.9364908474368394,1.3231273597671156
2024-02-13,1.1175596487340247,0.9370765465473695,1.323788070571795
2024-02-14,1.1183142811780826,0.9370364987224548,1.3219920251435793
2024-02-15,1.1181528176841713,0.93745110758914,1.3226203361882987
2024-02-16,1.1188759792358398,0.9374512956173838,1.322405313939519
2024-02-19,1.12033563577654,0.9371718045105483,1.322743836811576
2024-02-20,1.1221344408769203,0.9375452844629231,1.3233239272775048
2024-02-21,1.1219348036627081,0.9376314456531347,1.3231383301663195
2024-02-22,1.1213261069637552,0.9378037115529099,1.3238114579108862
2024-02-23,1.1221134966844533,0.9374907166900919,1.323266171566164
2024-02-26,1.1213950140251336,0.939219268118749,1.3231749613021264
2024-02-27,1.12094890627913,0.9393485051722342,1.3239409538071958
2024-02-28,1.1208654407942706,0.939332063142908,1.3243944291335568
2024-02-29,1.1225390940734217,0.938702644050421,1.3243035712834892
2024-03-01,1.1242160704482658,0.9383209503257779,1.3243530642006542
2024-03-04,1.1241314930971473,0.9354403999142777,1.324484318079142
2024-03-05,1.124979695363415,0.935305005354694,1.3242755672223672
2024-03-06,1.1248261315607497,0.9379390434141416,1.3234829745772443
2024-03-07,1.124103065006005,0.9373110092492783,1.3232833128833703
2024-03-08,1.1239978814610947,0.9364599859008064,1.3234445865546596
2024-03-11,1.1248747358203968,0.9358910382379408,1.3236443874327901
2024-03-12,1.1243363711257928,0.9359615403910606,1.3231604418489373
2024-03-13,1.1237436733422879,0.9360859713277339,1.3234016725738968
2024-03-14,1.1244587851328962,0.9362868295885582,1.323153311828202
2024-03-15,1.126406860056324,0.9364220810743533,1.3232529164477427
2024-03-19,1.1277226609465474,0.9362793136946979,1.3230686890285956
2024-03-20,1.1255728191180496,0.9360984240931804,1.322480601045516
2024-03-21,1.124958603743135,0.9358321222569282,1.3225938656815541
2024-03-22,1.1253275019826432,0.9361591106765075,1.3226644313319127
2024-03-25,1.1259921951796907,0.9351399897649655,1.322695152245709
2024-03-26,1.1250848434883078,0.9366412693390727,1.3224866755593028
2024-03-27,1.1248031086995849,0.9366329801128487,1.3227826286955533
2024-04-01,1.1239417795723856,0.938766524760094,1.3224106876350041
2024-04-02,1.124731515977453,0.9375017991998136,1.3216743274289113
2024-04-03,1.124589159214732,0.9376928665371501,1.3219973049633844
2024-04-04,1.1250074886455477,0.9388927476586062,1.3222511638027123
2024-04-05,1.1262408237971557,0.9374906844559486,1.3233644740467567
2024-04-08,1.1248208225779417,0.9372313578667845,1.323856683779937
2024-04-09,1.1234184630737492,0.9351184338928125,1.3243527471927325
2024-04-10,1.1224468311334217,0.9369463117100572,1.3244193938729554
2024-04-11,1.1232881364556087,0.9364707167907772,1.3240961668541247
2024-04-12,1.1222886643593208,0.9371163298472208,1.3248566325567328
2024-04-15,1.1229448076915773,0.9366329869508051,1.3256054353265116
2024-04-16,1.1228551392190451,0.9356633193327267,1.3257476267456754
2024-04-17,1.1230285621020035,0.9351506992608085,1.3257455488983734
2024-04-18,1.1223508025937683,0.9351622241876302,1.3269144358856295
2024-04-19,1.1238275452328068,0.9348275409338311,1.3266204773187502
2024-04-22,1.1255748428557852,0.9358310624767461,1.3257889406918801
2024-04-23,1.126466103543903,0.9354714258689824,1.325999958047432
2024-04-24,1.1269288796307626,0.9350953644154375,1.3259183191391204
2024-04-25,1.1270726891521425,0.9347181047457677,1.325589860070069
2024-04-26,1.127776671996561,0.9346406034639473,1.3260169970222606
2024-04-29,1.1276772683673573,0.9349371582628692,1.326025750532208
2024-04-30,1.126429642494614,0.935022488917125,1.3259552441825067
2024-05-02,1.1260766456051055,0.9359571684747706,1.3259550651302856
2024-05-03,1.1258129641876287,0.9366816163818157,1.3256039019731578
2024-05-06,1.1263741938575549,0.9370190491154119,1.325623663010073
2024-05-07,1.1266090184820066,0.9369700334224719,1.3255420019690312
2024-05-08,1.1269339800138047,0.9372703529021261,1.325741342469211
2024-05-09,1.1269610844997089,0.9374854406355863,1.32578470179518
2024-05-10,1.1271635408014309,0.9363706148627746,1.325390203733927
2024-05-13,1.1267765433082089,0.9360237549162355,1.3263908055204385
2024-05-14,1.1268039076358882,0.9349412830519053,1.3262175160258132
2024-05-15,1.1271743671422445,0.9355775274954702,1.326119106100946
2024-05-16,1.1260455983824424,0.9370017166001344,1.3259964072195327
2024-05-17,1.126027013322638,0.9355083850815445,1.3271080371385748
2024-05-20,1.1267382102216492,0.9355627469733497,1.3264933842453068
2024-05-21,1.1258898236004602,0.9355929842525961,1.3263479676223116
2024-05-22,1.1254489503732465,0.9356259096734849,1.3264354741933186
2024-05-23,1.1253172923615582,0.9356566361372378,1.3261740051466815
2024-05-24,1.1240542798884445,0.9360336202665994,1.326361392953207
2024-05-27,1.1246986942237733,0.9352544938000967,1.326197306006841
2024-05-28,1.125588919998666,0.9345210297858655,1.3268075154210983
2024-05-29,1.1254482672293065,0.9357483861225948,1.3267449722543305
2024-05-30,1.1251610388370896,0.9354505826961704,1.3265686403885752
2024-05-31,1.126506806785731,0.9360855465602255,1.3262162243860873
2024-06-03,1.1038382570851912,0.9337521645795509,1.3266854505684256
2024-06-04,1.101299226379958,0.9362319089912295,1.3269267073681417
2024-06-05,1.1002192779254027,0.9350244523814011,1.3270140669161612
2024-06-06,1.101494159262867,0.9340873472825759,1.32574570458349
2024-06-07,1.0984807277324966,0.9353435378530279,1.3256025631297343
2024-06-10,1.0996123982672077,0.9350950527689379,1.3300500544117797
2024-06-11,1.0993018421196148,0.9356765379442886,1.3294638968839603
2024-06-12,1.0999820181397442,0.9367431171960203,1.3281971462199798
2024-06-13,1.0999722372088243,0.936285003509064,1.3275816867311274
2024-06-14,1.1013666279987464,0.9364175801303607,1.3268072933200457
2024-06-17,1.1015279465022956,0.9365299772895029,1.3259667130556971
2024-06-18,1.0992691217227935,0.9363302943634124,1.3262580577799614
2024-06-19,1.0987625470243767,0.9357636936336232,1.3255491613240495
2024-06-20,1.0982521253726643,0.9361864534568445,1.3254709641326088
2024-06-21,1.0992051303263666,0.9369258114477251,1.32652896234867
2024-06-24,1.099687189557797,0.9370652981356511,1.3262331196407522
2024-06-25,1.0994569503529743,0.937110367492089,1.3270766088316817
2024-06-26,1.1001320902009242,0.9365473018358424,1.3265410771225707
2024-06-27,1.100651723829946,0.9362570989618285,1.3261961894309269
2024-06-28,1.100943810023203,0.936147778699839,1.3279482920030232
2024-07-01,1.100980754525717,0.9355801888097607,1.328254650390052
2024-07-02,1.0993885459557338,0.9360143434058995,1.328121103328654
2024-07-03,1.0989579635148703,0.9355930960303037,1.3274899453536007
2024-07-04,1.0990080991297808,0.9351279760561899,1.327604092027062
2024-07-05,1.0993014801477607,0.9356571489838572,1.327503643232649
2024-07-08,1.0980467396125269,0.9357256496258366,1.3272168241979596
2024-07-09,1.09812688315815,0.9356739898886465,1.3250414303196103
2024-07-10,1.0987881867166671,0.9357787999759755,1.3263090187942173
2024-07-11,1.1003206568861492,0.9358778569220136,1.325584777499082
2024-07-12,1.0992826164959926,0.9354969115081794,1.3265371464705853
2024-07-15,1.0994916126233258,0.9358829279413486,1.3268097607716696
2024-07-16,1.1002585660135693,0.9354105718860327,1.3269961644383381
2024-07-17,1.0997816722431073,0.9352866870507345,1.3266855447338362
2024-07-18,1.0996671198322716,0.9346987452099368,1.3270022311586438
2024-07-19,1.0993899537011211,0.9337828133433089,1.3271558575930154
2024-07-22,1.0995823847658703,0.9337498019299706,1.3278545546780671
2024-07-23,1.100117243464794,0.9337975348050843,1.3283134118732762
2024-07-24,1.1005463185933493,0.9334508317460446,1.328555417995305
2024-07-25,1.1007085311751137,0.9333436600977092,1.3290044680352475
2024-07-26,1.1002041968116694,0.9335315178821941,1.329930727537421
2024-07-29,1.1004759935188315,0.9336180558512677,1.3288060536186657
2024-07-30,1.0993608980958303,0.9332246600162831,1.3283674052290577
2024-07-31,1.0972111601574577,0.9322425038884526,1.329819857095716
2024-08-01,1.0968401034684008,0.9317552901049962,1.3295293218577429
2024-08-02,1.0963896890689302,0.9325668420576015,1.329915501180548
2024-08-05,1.096062796850637,0.9325928769911102,1.3279355385720848
2024-08-06,1.0966057857459783,0.9322785941265039,1.3278411163686898
2024-08-07,1.0966279841452133,0.9324854862376711,1.327502460077636
2024-08-08,1.0982187078793502,0.9335485959835168,1.3276860435495
2024-08-09,1.0981067828025137,0.9321353334459882,1.3285149377525949
2024-08-12,1.0990058153991598,0.9310418169685483,1.3278775453332743
2024-08-13,1.0979557833789373,0.9327356396155059,1.3280058683838167
2024-08-14,1.0979831178969879,0.9307750945115048,1.3280299692938067
2024-08-15,1.0981273721099225,0.9303459307581189,1.3285920512391927
2024-08-16,1.0977000741894563,0.9299201471547451,1.3289582754266978
2024-08-19,1.0971978565303768,0.9309513895556322,1.3298038651742694
2024-08-20,1.0982076636762765,0.9302615996388535,1.3300784059834683
2024-08-21,1.0973793116212929,0.9301714566925153,1.3301062276782067
2024-08-22,1.0960742382757331,0.9301365643788752,1.329726968113946
2024-08-23,1.0959851762382966,0.9301764932112,1.3293792375271398
2024-08-26,1.0959860152732983,0.9302457806722279,1.3281770368478008
2024-08-27,1.095678950813647,0.9295442912070364,1.3279208052685219
2024-08-28,1.095650587155692,0.9297251127334312,1.3280620685838416
2024-08-29,1.0955645269074044,0.9299001143495975,1.3302631548322275
2024-08-30,1.0957459233608693,0.9303951345135523,1.3299551260636882
2024-09-02,1.0958346129432743,0.9306911393724642,1.3296131899307202
2024-09-03,1.0946433679100471,0.929687335936653,1.329913560609787
2024-09-04,1.0948825125788098,0.9297024892532431,1.3301343728993087
2024-09-05,1.095426432946873,0.9306334511199219,1.3295431899126924
2024-09-06,1.095140628539862,0.9306747719001555,1.3291955172694094
2024-09-09,1.0968296356128748,0.9297305778788019,1.3294638358335686
2024-09-10,1.0971116120323088,0.9304068457009578,1.3299033781971168
2024-09-11,1.0972340000456877,0.9296924843732397,1.330296882353193
2024-09-12,1.0965859269862557,0.930066336070117,1.330169183790548
2024-09-13,1.0972899251036488,0.9299731140708632,1.3304028625512259
2024-09-17,1.09744061889172,0.9297424466406686,1.3304181447368288
2024-09-18,1.0983837700607404,0.9308271353162918,1.3307789729029944
2024-09-19,1.0986808635827323,0.9300861120002248,1.3311351847521502
2024-09-20,1.0978537898950205,0.9311380944767718,1.3316447218906107
2024-09-23,1.0984308680396726,0.9310602796097583,1.3314569802016734
2024-09-24,1.095171724370071,0.9311133444331833,1.331233378906199
2024-09-25,1.095603230067738,0.9308549792789419,1.3308810581955315
2024-09-26,1.0952867864239557,0.9302668693336053,1.3324805582593087
2024-09-27,1.0946252840061756,0.9300010904160961,1.3321991921014535
2024-09-30,1.0947290711676265,0.9294081051504467,1.3317613859945052
2024-10-02,1.0983438110430908,0.9304134321370129,1.3307618844779177
2024-10-03,1.0980862970154734,0.9303043765741963,1.3303660887223434
2024-10-04,1.096384763011298,0.9323392532366592,1.3301744278179815
2024-10-07,1.0959884211650806,0.9321241686472899,1.3300208297192009
2024-10-08,1.09591237005881,0.9324580525367777,1.331270374144691
2024-10-09,1.0960709212592799,0.9323505624048085,1.3326698484269015
2024-10-10,1.0960289769761775,0.9312775605532887,1.3324364838772718
2024-10-11,1.0961464175583882,0.9309342761181959,1.3314071393725084
2024-10-14,1.0957867809218664,0.9308601826166147,1.3316528097873472
2024-10-15,1.0962523715613455,0.9308989708170239,1.3309988032331934
2024-10-16,1.0967364046026453,0.9316046520914043,1.3315025465173969
2024-10-17,1.0969114507312843,0.9315925155755259,1.3313976018725526
2024-10-18,1.0967791088526435,0.931239261706007,1.3313057272253692
2024-10-21,1.0964578288914175,0.931620382103863,1.33304615104048
2024-10-22,1.0962143741232397,0.9319526642094069,1.3327355202378008
2024-10-23,1.0977741028358299,0.9310381645018148,1.3329904552755902
2024-10-24,1.0972452548356932,0.9299381160202012,1.3329571770400903
2024-10-25,1.0976423134233402,0.9293600939865705,1.3334853729808211
2024-10-28,1.0978310119693486,0.9295870764175921,1.3349401680620492
2024-10-29,1.0983366568460688,0.9304427742046616,1.3348427908608254
2024-10-30,1.0981387424373579,0.9299130770056728,1.3357171005729844
2024-10-31,1.09853325206568,0.929770335404361,1.335723577007301
2024-11-01,1.098673993022977,0.9299548797094309,1.335608926408268
2024-11-04,1.0977732940347842,0.9301683450307355,1.335088462368875
2024-11-05,1.0976454718448,0.929859731149849,1.3348878129011503
2024-11-06,1.0979825420886993,0.9291402283502634,1.3355180039791976
2024-11-07,1.0979687879539062,0.9287144209374046,1.3375228920034279
2024-11-08,1.098032078392008,0.929112785422376,1.337391299028676
2024-11-11,1.0985561720197936,0.9284944300210001,1.337320923033703
2024-11-12,1.0981366327657134,0.9290133127074731,1.3370642363053082
2024-11-13,1.098179442599913,0.9290180972816904,1.3365717286311383
2024-11-14,1.098369624558077,0.9290009100076493,1.3364554502755608
2024-11-15,1.099162391053541,0.92871443299266,1.336548301336137
2024-11-19,1.1000890860696044,0.9284574624317858,1.3360328564940969
2024-11-20,1.1005940066414488,0.9285261700611221,1.3373585348366703
2024-11-21,1.1007472546359953,0.9279549380745089,1.337244722060666
2024-11-22,1.1007759959127694,0.9282056258005865,1.3375150944041796
2024-11-25,1.102852568015506,0.9283396158255331,1.336254772042464
2024-11-26,1.1031700174127657,0.9286349611461311,1.3362012946732005
2024-11-27,1.1039240461968751,0.9270058341107215,1.3380301451667556
2024-11-28,1.1037031502090964,0.9286807739816622,1.3366569479581376
2024-11-29,1.1049725277712872,0.9289306970114953,1.337504166602419
2024-12-02,1.1053348615523746,0.9296413786007292,1.336861644793732
2024-12-03,1.104916809600546,0.9294017765319685,1.3368587601333652
2024-12-04,1.1053021181021754,0.9289582914274587,1.3356439228580421
2024-12-05,1.1064781482293595,0.928715655262149,1.3360970268987926
2024-12-06,1.106527449929381,0.9286806500670501,1.3357832501166655
2024-12-09,1.105803812728915,0.9290095679305291,1.3363400751399166
2024-12-10,1.1068149949841806,0.9287078578508402,1.3355104200422918
2024-12-11,1.1069883101012898,0.9295747929851698,1.33550363773388
2024-12-13,1.1077990858534665,0.9295507552096045,1.3351142310767918
2024-12-16,1.1084706554356099,0.9293337656007506,1.3351057816148217
2024-12-17,1.1090561579504625,0.92939462536085,1.334992960917212
2024-12-18,1.1084620232610212,0.9296934568610583,1.3351710302416842
2024-12-19,1.1083674833637571,0.929330491680538,1.3358898521468305
2024-12-20,1.1078338665014424,0.9286706883822439,1.3355010794256454
2024-12-23,1.1081050353938,0.9274243471716184,1.336121041050144
2024-12-24,1.108447368236913,0.9266457298006873,1.3364374495199396
2024-12-26,1.1083023278912745,0.9268039971243333,1.3359947612498781
2024-12-27,1.1080852272992259,0.9267221992043684,1.3359313378342568
2024-12-30,1.1075661187923278,0.9265907119535609,1.3356980308396356
2024-12-31,1.106761438032697,0.9295940878286151,1.3355360233993816
2025-01-02,1.1070629690332754,0.9297523630795063,1.335504532147348
2025-01-03,1.1067771771089496,0.9290073794043644,1.3349390232773621
2025-01-06,1.10714296946167,0.9294557667682538,1.3347426017004345
2025-01-07,1.1065123230945337,0.9301199706633857,1.3357530182386799
2025-01-08,1.1081819748565487,0.9307936841459903,1.3358518425580779
2025-01-09,1.108970756120788,0.9306011335337405,1.3348733629936305
2025-01-10,1.1082109225263699,0.9306622105147314,1.336308951806459
2025-01-13,1.109029946304139,0.9305829696451308,1.336807459142087
2025-01-14,1.109995061311149,0.9308668335643617,1.3360950099875655
2025-01-15,1.1099292259116096,0.9292177116761947,1.3359487189907606
2025-01-16,1.1101744454204832,0.9291186634157433,1.3355826148699383
2025-01-17,1.1101040535803215,0.9313452144489976,1.3355735831765316
2025-01-20,1.1104703734109453,0.9309199824313173,1.334068019252502
2025-01-21,1.1110727394311883,0.9306380770427126,1.3350530740868645
2025-01-22,1.1105514993624601,0.930250804529753,1.3362048382797913
2025-01-23,1.1103922379114917,0.9298648442752006,1.3365285126007562
2025-01-24,1.1114600430387842,0.9301847379328978,1.336642891356021
2025-01-27,1.111810898339506,0.929368617084229,1.3361269444202903
2025-01-28,1.111265727919319,0.9272923312335017,1.3359092724711277
2025-01-29,1.111629262097797,0.9273578752759973,1.3358304442946072
2025-01-30,1.1118830518908798,0.9270977951606234,1.3346351952297837
2025-01-31,1.1109262041462538,0.9250297209079663,1.3347668705794018
2025-02-04,1.1098218578304022,0.9262643834277423,1.3340796928931316
2025-02-05,1.1106019878641753,0.9264817064025659,1.3345523724099762
2025-02-06,1.1117337842122188,0.9260760635647047,1.3341055317082235
2025-02-07,1.1115475300226016,0.9271162199230485,1.3343619251144034
2025-02-10,1.1119637494164034,0.9276169505250462,1.3335810255040612
2025-02-11,1.110707170326644,0.9280409229789421,1.3340175648504893
2025-02-12,1.1109009014762756,0.9281052382140366,1.333849070725731
2025-02-13,1.1107338976597614,0.9274770858482855,1.3338854010290067
2025-02-14,1.1115934768910218,0.9284328818648573,1.33383203783662
2025-02-17,1.1110945417306657,0.9285038848361996,1.334488722526249
2025-02-18,1.111459298277574,0.9282768635416329,1.3345336402187578
2025-02-19,1.113093282743423,0.9278929990250538,1.3342434019736988
2025-02-20,1.1129968871651112,0.9276287460805082,1.3348296459670403
2025-02-21,1.112989031249698,0.9275264026067326,1.334731135860092
2025-02-24,1.1132042913384408,0.9278463711135208,1.3357185426519675
2025-02-25,1.111630601926094,0.9278790142286979,1.336182589891193
2025-02-26,1.1110061707945702,0.9270158762766005,1.336271324585369
2025-02-27,1.1106311222106624,0.9268944749416461,1.335719294691952
2025-02-28,1.1118497794470081,0.9268560147688162,1.335268341098098
2025-03-03,1.11238201200117,0.9267017559662071,1.3349128845398537
2025-03-04,1.1121471259082152,0.9266214146488487,1.3353821321930703
2025-03-05,1.1135799385689875,0.9271379075120649,1.3357995528892643
2025-03-06,1.1133471616090316,0.9257227754098739,1.336573110348056
2025-03-07,1.1133224333108531,0.9273059249560319,1.33642397480245
2025-03-10,1.1119705922940355,0.9267753744853463,1.3362420882767565
2025-03-11,1.1138101444498967,0.9266715796166031,1.3354185032151378
2025-03-12,1.11300042155194,0.9257636496606129,1.336440657029837
2025-03-13,1.1130402782265156,0.9253641657776113,1.3346614929808585
2025-03-14,1.112687357861974,0.9256679285693641,1.3378510683829097
2025-03-18,1.1183417862716984,0.9256968712391667,1.3379957846545316
2025-03-19,1.1188500566863144,0.9259113153703834,1.3390847030922732
2025-03-20,1.119098532996263,0.9260228838288925,1.3389946980335883
2025-03-21,1.1214347166579262,0.9261235202121922,1.338252395651747
2025-03-24,1.1205298464246969,0.9259194965757644,1.3387807156113782
2025-03-25,1.120737646569495,0.9253135186476221,1.3388140059552054
2025-03-26,1.1206169202998364,0.9259808842951023,1.338104617222386
2025-03-27,1.1214445726087303,0.9251859113248458,1.3362365690821891
2025-03-28,1.1209833402336529,0.9246321191132482,1.334593275351081
2025-03-31,1.1225211879403656,0.9241897152283106,1.333437573386597
2025-04-01,1.1226333539863145,0.9242222704872672,1.3336841017057528
2025-04-02,1.1225962239401324,0.924422081223972,1.3337885838179346
2025-04-03,1.119705777104735,0.9239844229752656,1.33387546163088
2025-04-04,1.1081733004173768,0.9242300188495786,1.3340837705479935
2025-04-07,1.106165728048163,0.9244485974498483,1.334441642744845
2025-04-08,1.104627215591955,0.9249827448190997,1.3347207296227925
2025-04-09,1.0970345298460975,0.9234482098164639,1.334654838467443
2025-04-10,1.0941917421751477,0.9243196436948649,1.3354739667175173
2025-04-11,1.0932093999609709,0.9251179962747335,1.3357412843507377
2025-04-14,1.092786832095229,0.924572041876,1.3356728465705663
2025-04-15,1.0974610439342405,0.9255338359645121,1.3360395288246407
2025-04-16,1.0983693727332327,0.925359897973547,1.3355065050327788
2025-04-21,1.0981809696837546,0.9254136448076696,1.3339815128991794
2025-04-22,1.0977203379476905,0.9250652723530011,1.3347551841389773
2025-04-23,1.0952255628544498,0.9253019352742079,1.334663279333265
2025-04-24,1.0943963435293238,0.9256172197418602,1.3351379506258
2025-04-25,1.0943550777140256,0.9251620640500234,1.334702356955785
2025-04-28,1.096707386990675,0.9256972116431625,1.3334093584205569
2025-04-29,1.0929658469723422,0.9257201757348309,1.3335995374083414
2025-04-30,1.0932470281699975,0.9254171652900095,1.333315416864939
2025-05-02,1.093313946628434,0.9243594651591835,1.3323057347249239
2025-05-05,1.0931565550457807,0.9280630661337284,1.3322037457388574
2025-05-06,1.090059000175804,0.929807309553745,1.332760564405833
2025-05-07,1.090643096906577,0.9270898256385635,1.3332869934867153
2025-05-08,1.0894383528494698,0.9283472970171912,1.3335330690596199
2025-05-09,1.0893382020106506,0.9274297525857297,1.3337253738695063
2025-05-12,1.0889765642924893,0.9244504508058754,1.333748698645529
2025-05-13,1.0889878585568329,0.9240038875676213,1.3331393506241436
2025-05-14,1.0896776136979536,0.9237445133115616,1.3335223818690973
2025-05-15,1.08952473441657,0.9259026445204054,1.3337598225927358
2025-05-16,1.0896943511098944,0.9267235677745155,1.3329223337876221
2025-05-19,1.0896457185385067,0.9271752556788775,1.3325747376050712
2025-05-20,1.0896608692287968,0.9269835379079002,1.3327709804606402
2025-05-21,1.0894225981879222,0.9282571867465926,1.3340333065665295
2025-05-22,1.0892377631931505,0.9274986284342169,1.3336102606200981
2025-05-23,1.0884143647912943,0.9273606044676674,1.3332678327207914
2025-05-26,1.0885020004418404,0.9270519093803867,1.335674270082458
2025-05-27,1.095733210582939,0.9274793400250801,1.3363896497589325
2025-05-28,1.095407683680936,0.926603278468576,1.3372074376717231
2025-05-29,1.095329969825815,0.9260794586378382,1.3363891591116455
2025-05-30,1.0952638703986297,0.9266451134325445,1.336595317727685
2025-06-02,1.0964168262839298,0.9261683221594579,1.3370262999323985
2025-06-03,1.0971850118771425,0.927207071903139,1.3371945127006075
2025-06-04,1.0970455982961496,0.9251942381026881,1.3374442790495888
2025-06-05,1.0967558484095425,0.9252809202923538,1.3370898865048344
2025-06-06,1.0971859476305728,0.9248333454381887,1.3372458932160434
2025-06-09,1.0970224388197058,0.9249234666162491,1.3376600594494854
2025-06-10,1.0971656511354047,0.9252191097965943,1.3377356579183228
2025-06-11,1.097056634685933,0.9249980149913472,1.3379976369886952
2025-06-12,1.098635846158994,0.9238590424328311,1.3369545194315897
2025-06-13,1.098993073340666,0.9236473519408898,1.3365361981739436
2025-06-16,1.1000326901934532,0.9235263876863111,1.3367320945172505
2025-06-17,1.099686780795915,0.9239244191746994,1.3379101101481903
2025-06-18,1.1014643915811386,0.9233041519696382,1.3377875573103446
2025-06-19,1.1012986824642848,0.9232170305939441,1.3378737352322843
2025-06-20,1.102838779442663,0.9250727485511451,1.3382474524888768
2025-06-23,1.103510386529918,0.9251129214811663,1.3384152998992842
2025-06-24,1.1032883258750166,0.9240812417410394,1.337149091459576
2025-06-25,1.1038896875228978,0.9242729115953396,1.3375145688672756
2025-06-26,1.1048179005921364,0.9235762188298315,1.338246028781111
2025-06-27,1.1044862202763903,0.9235837252861686,1.3375266172047449
2025-06-30,1.105431621185462,0.9235393025249287,1.3381287389289453
2025-07-01,1.1057739627857464,0.9248289144191708,1.3381228232339943
2025-07-02,1.105801780503706,0.9239793438111263,1.3385539597604055
2025-07-03,1.105781497610843,0.9229798615997387,1.339440631107401
2025-07-04,1.1060074655525893,0.9228372095849793,1.3394539372166343
2025-07-07,1.1064163223913068,0.9238077528564388,1.3398999529659243
2025-07-08,1.106760894555103,0.924915014658483,1.339292539692267
2025-07-09,1.1078472811610829,0.9247493323435089,1.338923291981175
2025-07-10,1.1089066019838112,0.9247617130717943,1.3394969927356504
2025-07-11,1.1087965273827485,0.9240339461256682,1.339226739988085
2025-07-14,1.1085099070798201,0.9239103844016697,1.339154904352245
2025-07-15,1.1094857650846197,0.9240887663315853,1.3387869769709493
2025-07-16,1.1092635765850425,0.9244004342282419,1.3391230833317953
2025-07-17,1.1102527891229468,0.9222277533462986,1.338937408030877
2025-07-18,1.1102741192480448,0.9213784389674402,1.339872473081841
2025-07-21,1.1101334208729008,0.9213557817305009,1.3405386375567105
2025-07-22,1.1112426036353367,0.9221695730169406,1.340716684458631
2025-07-23,1.1102639435899981,0.9221140847509671,1.3410537220506684
2025-07-24,1.1099965762241273,0.9211200478298667,1.3399583394416672
2025-07-25,1.1104435016165868,0.9210356018189311,1.3396071004286256
2025-07-28,1.1109707382912106,0.9210575200216689,1.3394216562021253
2025-07-29,1.1112036574712567,0.9215673205889068,1.3394847363410176
2025-07-30,1.1114085773746647,0.9207767931189235,1.3397731964844233
2025-07-31,1.1115828806162842,0.9208308637661066,1.3399551476136695
2025-08-01,1.1104426323883896,0.9210429248151047,1.3403389401651817
2025-08-04,1.1104333968989997,0.9211624177932131,1.339696875539588
2025-08-05,1.1104371948703873,0.9209158503464124,1.3400499112489812
2025-08-06,1.110716317160841,0.9212125425523153,1.340460375097994
2025-08-07,1.109880664670048,0.9211687678957844,1.3403607755284446
2025-08-08,1.1098410652140354,0.9211211347806254,1.3405803659567956
2025-08-11,1.109822251257832,0.9212130189597316,1.340498716956774
2025-08-12,1.109492846017486,0.9212876760587976,1.3400132430659324
2025-08-13,1.1091789960840845,0.921408136918572,1.3396466157346107
2025-08-14,1.109040844167069,0.9219233944537865,1.3398478655355661
2025-08-15,1.109274287050837,0.9219119514466773,1.3406007035975414
2025-08-18,1.10935957630942,0.9219568184696987,1.3411916787348146
2025-08-19,1.1093572501830975,0.9221313349829763,1.3414257232202773
2025-08-20,1.1099484841059477,0.9218462356067554,1.3415282486509914
2025-08-21,1.1106485889857418,0.9220328640268044,1.3417316901171152
2025-08-22,1.1084551058941934,0.9220754135678805,1.341437840675115
2025-08-25,1.107433017956676,0.9209133833861068,1.341446254227129
2025-08-26,1.1088158796324066,0.920105823169081,1.341886288125521
2025-08-27,1.1082986956582985,0.9202675402155127,1.3423354008517536
2025-08-28,1.1080565191225311,0.9197277903085217,1.342123681532227
2025-08-29,1.107990121962389,0.9207662700700416,1.3425315258939563
2025-09-01,1.108776572215022,0.9209682470391367,1.3420612495273445
2025-09-02,1.108226915435039,0.9198558629780237,1.3423944954009155
2025-09-03,1.108266819539115,0.9199943758843412,1.3421424398390631
2025-09-04,1.108393587579691,0.9197233197092907,1.3419834479548671
2025-09-05,1.1080976145382235,0.9211212430155115,1.3416492015980657
2025-09-08,1.1079162532749263,0.9205525036298123,1.3422229627936866
2025-09-09,1.1077463981741689,0.9208881048880144,1.3420286070944694
2025-09-10,1.1076824536510157,0.9209985047279243,1.3419970085230124
2025-09-11,1.1071616796960544,0.9200874733072207,1.3420520575624817
2025-09-12,1.1086495138098211,0.9198676859353718,1.3419636178047214
2025-09-15,1.1086293887398586,0.9196863567303601,1.3426137520967205
2025-09-17,1.1083295156927382,0.919426623133568,1.3427091290126076
2025-09-18,1.1090306343633463,0.9189828174060845,1.342779097117201
2025-09-19,1.1096001961003557,0.9192109562366702,1.3431431702999441
2025-09-22,1.1092559888581537,0.9192695353321264,1.3435050568328157
2025-09-23,1.1089912124490597,0.9199868608535586,1.3440158452676358
2025-09-24,1.1085268300615516,0.9202341980635339,1.3441517003324195
2025-09-25,1.11071002004179,0.920267221248567,1.3444207410625517
2025-09-26,1.1118280463576422,0.9196956591179576,1.344438852146022
2025-09-29,1.1117175528949228,0.9196507473383708,1.344305606266814
2025-09-30,1.1112260029893162,0.9188864177061583,1.3441762874214875
2025-10-01,1.11014573496155,0.9189607686670692,1.3442494036286274
2025-10-02,1.1099109910544358,0.9189476441569574,1.3447636193901398
2025-10-03,1.1100535845263597,0.9187455447398097,1.3429727076430265
2025-10-06,1.1103315418533735,0.919423936465489,1.3426577480681428
2025-10-07,1.1097656575839623,0.9196075232167339,1.343296377284824
2025-10-08,1.1092673914609374,0.9203158949641678,1.3436170975558648
2025-10-09,1.1086866878660777,0.9195983826526577,1.3435565329732724
2025-10-10,1.1078535378197913,0.919000660131913,1.343895745262394
2025-10-13,1.1091915908363998,0.9197923309666375,1.3439605813193998
2025-10-14,1.1091092771475584,0.9195518483553824,1.3441271488005206
2025-10-15,1.1099179193314648,0.9194244815538325,1.344797201338975
2025-10-16,1.1099019615254848,0.9191543949790795,1.3447542316576833
2025-10-17,1.1087964704351427,0.919469955021767,1.3450607327339315
2025-10-20,1.1087769477256895,0.9184999707966939,1.3453583681207544
2025-10-21,1.1091113892173297,0.9176762792619403,1.3455711020537242
2025-10-22,1.109291268452938,0.9163666979205553,1.3456802702409425
2025-10-23,1.1102740266586097,0.9166122545893596,1.34540633458034
2025-10-24,1.110350470373284,0.9187119891307659,1.3455041609194784
2025-10-27,1.110073542817222,0.9177601346746492,1.3454715489218418
2025-10-28,1.1088004501831168,0.9179448852339447,1.345719683234906
2025-10-29,1.1087537722599754,0.9177277130259051,1.3459955487325883
2025-10-30,1.1085169226821872,0.9167712097471898,1.346359926091908
2025-10-31,1.1084676586430438,0.9162818579483657,1.3467897213339903
2025-11-03,1.1080493545012562,0.9162730961561028,1.3475089176440784
2025-11-04,1.1063736185994801,0.9157900829372296,1.3483940462587232
2025-11-05,1.1285889725718052,0.9169515487362744,1.3478150548490568
2025-11-06,1.132641813673993,0.91701563927422,1.3477188690320812
2025-11-07,1.1348522412216573,0.9178193101587069,1.3474325955626842
2025-11-10,1.1333277642195994,0.917224676733652,1.3478792392750458
2025-11-11,1.136068579532025,0.9174046768825144,1.3477852670059176
2025-11-12,1.1349920973497138,0.9162553481871922,1.3476574521992033
2025-11-13,1.1337241556419226,0.9160820140495171,1.3478602187797988
2025-11-14,1.1339511716562338,0.9163174171752927,1.3483843817482286
2025-11-18,1.134480581393654,0.916257894489435,1.34724948160975
2025-11-19,1.1340232256724467,0.9163024959210063,1.347240561989925
2025-11-20,1.1336210212207662,0.9158181667995146,1.3480726541516888
2025-11-21,1.1364701649284001,0.9149410016503631,1.3476827781957812
2025-11-24,1.1365066652743825,0.9147776176314961,1.3479381184492791
2025-11-25,1.1364802441260788,0.9159618579557653,1.3474510963122561
2025-11-26,1.1360847338807325,0.9155846591987888,1.3483207711935097
2025-11-27,1.1352461717904188,0.9153052530229732,1.3481979050287478
2025-11-28,1.1354621054678429,0.9150928273635524,1.3485716022444252
2025-12-01,1.1350619539461353,0.9151884681066236,1.3480581496052164
2025-12-02,1.1356313437402343,0.9154202618937349,1.3486616464035845
2025-12-03,1.1355969897396907,0.9153977286080431,1.3487990423356777
2025-12-04,1.136138543393394,0.916658719035505,1.3482322801158106
2025-12-05,1.1374280550623255,0.916692662929818,1.3488231133707484
2025-12-08,1.1380372312148124,0.9166429232075411,1.3486226755727313
2025-12-09,1.1380732389902297,0.9166281932905823,1.3484182052274303
2025-12-10,1.1385303082359934,0.9169640023404719,1.3482567382671655
2025-12-11,1.1371227734362714,0.9168078907616138,1.3484214862953132
2025-12-15,1.1372402521570442,0.9159157905639024,1.3477731707912852
2025-12-16,1.1376270911072919,0.9157405090051592,1.3477411459666209
2025-12-17,1.1370132370197787,0.9155215905040771,1.348601784139651
2025-12-18,1.1365049487705365,0.9162606922069584,1.348520983218787
2025-12-19,1.1378235366052445,0.9162339620531782,1.3487152280165313
2025-12-22,1.1376880420026914,0.9142371923368359,1.3483648581335146
2025-12-23,1.1375907526880218,0.914271806892071,1.3487829890575311
2025-12-24,1.137573126940752,0.9146767765425251,1.3492151374281158
2025-12-26,1.1378140583268137,0.9149273625833858,1.3489039817842634
2025-12-29,1.13813683952397,0.9147005470694591,1.3487481886065071
2025-12-30,1.1366849967790027,0.9153401684390833,1.348596884754899
2025-12-31,1.1354567178279762,0.9152755039212839,1.3483917152098526
