Date,NTL,CI_low,CI_high
2017-09-18,0.7441924281343045,0.7441924281343045,0.7441924281343045
2017-09-19,0.744226517862369,0.7435414557962146,0.7448015347044092
2017-09-20,0.7445944163405163,0.7433708034714871,0.7449836073442966
2017-09-21,0.7446724913878731,0.7432674791199047,0.7451866768466305
2017-09-22,0.7443984331421346,0.7430565407586769,0.7452555234274597
2017-09-25,0.744806278655644,0.7429319130170607,0.7454276833293783
2017-09-26,0.7448007865916585,0.7427202207673997,0.7455723563848909
2017-09-27,0.7449070655466099,0.74266022468994,0.7456433587447686
2017-09-28,0.7447765148126252,0.7425672331427621,0.7457028659373601
2017-09-29,0.744310030373412,0.7424900187953173,0.7457194686953864
2017-10-02,0.7444160423457181,0.7423269700309008,0.7458344135486665
2017-10-03,0.7452647864158561,0.7422361027900637,0.7459512274258954
2017-10-04,0.7456775520137106,0.7421780577861008,0.7459912482546712
2017-10-05,0.7452967755259743,0.7421422094646143,0.7461109300726134
2017-10-06,0.7455501839803631,0.7419952537848513,0.746269273914147
2017-10-09,0.7455029430417128,0.7418891007383086,0.7463398264759279
2017-10-10,0.7454284939683417,0.7418136609362601,0.746422980207104
2017-10-11,0.7450991547174303,0.7417542686118388,0.7464268120481558
2017-10-12,0.7448007751973255,0.7417333576772132,0.7464785798868199
2017-10-13,0.7448404420271156,0.7416161084772565,0.7465322856944285
2017-10-16,0.7448340730215216,0.7415882806893181,0.7465982229519199
2017-10-17,0.7452594723872806,0.7415594323179091,0.7466952211536597
2017-10-18,0.7461747576307691,0.741349357310544,0.7467044398942756
2017-10-19,0.7463058804204451,0.7414084863320787,0.7468189361658928
2017-10-20,0.7462122535519216,0.7412423250931869,0.746882501311476
2017-10-23,0.7460070468936161,0.7412063421738738,0.7469370344910448
2017-10-24,0.7461155577243926,0.7411514174493691,0.747016466076969
2017-10-25,0.7461876996764484,0.7410756091516415,0.7470466427597271
2017-10-26,0.7469701147655732,0.740981152880536,0.7470908331047357
2017-10-27,0.7464306075669642,0.7408831252495355,0.7471791444663011
2017-10-30,0.7465911132676258,0.7409030619112786,0.7471983407619629
2017-10-31,0.7471617457999289,0.7407313307258224,0.7472724210287766
2017-11-01,0.7471083512009976,0.7407170713900195,0.7473054222934643
2017-11-03,0.7469433352713123,0.7406636308823339,0.747419004161346
2017-11-06,0.7470630245844163,0.7404733614276934,0.7474839913406275
2017-11-07,0.7464717548187794,0.7404601350664399,0.7475606476427715
2017-11-08,0.7472549159087191,0.7404360290595154,0.7476800672444165
2017-11-09,0.7469136431957826,0.7405802531830353,0.7477352940632966
2017-11-10,0.7464939200694127,0.740374446168543,0.7477405991478988
2017-11-13,0.746572646552873,0.7403717999473721,0.7478175323235887
2017-11-14,0.7469871553522852,0.7403061454123405,0.7478407293061982
2017-11-15,0.7470630173550576,0.7403021548701891,0.7478766556511609
2017-11-16,0.7474355328657039,0.7402950543874777,0.7479611549669222
2017-11-17,0.7478015122274569,0.7403089129217739,0.7478813745536609
2017-11-21,0.747593466158081,0.7400604084888182,0.7480535606161218
2017-11-22,0.7476483867030935,0.7401338438965589,0.7479550073783577
2017-11-23,0.7478857184690908,0.740029119634316,0.7481244335200962
2017-11-24,0.7480318037537174,0.7399749773849299,0.7480764065576104
2017-11-27,0.748156741109645,0.740019038899031,0.748246145090164
2017-11-28,0.7476465629238283,0.7399191345583793,0.7482193367145304
2017-11-29,0.7483781629148323,0.7398810840625563,0.7482245476865004
2017-11-30,0.7489628239774623,0.7398015131382073,0.748320003908205
2017-12-01,0.7492416345744877,0.7398091828209385,0.7482642992134761
2017-12-04,0.74862304593082,0.739562273490749,0.7483878745778906
2017-12-05,0.7482966722364321,0.7395149933556775,0.7483075149744977
2017-12-06,0.7477175202484634,0.7395387683073217,0.7483791300432672
2017-12-07,0.747732538570413,0.7394259741243626,0.7484673190144534
2017-12-08,0.7475628353783419,0.7393226156291777,0.7485744133262803
2017-12-11,0.7471894879275401,0.7393325243051023,0.7485430550691697
2017-12-13,0.747519330054257,0.7392919073333767,0.7486257446038745
2017-12-14,0.7470680648697801,0.7393277039575251,0.7486156182123677
2017-12-15,0.7470739926177566,0.7393299326986011,0.7486757519133361
2017-12-18,0.7464543332105924,0.7392893209197203,0.7486864208513244
2017-12-19,0.7462472116908776,0.7393086988097509,0.7487876577987188
2017-12-20,0.7466142026846951,0.7392100845491221,0.7487793664399776
2017-12-21,0.7468910566163115,0.7391749165468213,0.7487937182553717
2017-12-22,0.746719318963137,0.7392003042976995,0.7488122142849565
2017-12-26,0.7464834239869285,0.7390913839134884,0.7489059667776822
2017-12-27,0.7470541166305529,0.739050631886309,0.7489122752227658
2017-12-28,0.7469638902196163,0.7390257000887939,0.7490359214741004
2017-12-29,0.7472168036797936,0.7391535541028007,0.7489940807662157
2018-01-02,0.7476045215483101,0.7390801319734097,0.7490389773875361
2018-01-03,0.7478536831516996,0.7391034224356747,0.7489801078548238
2018-01-04,0.7482991127209297,0.7389820459295836,0.7489376595165101
2018-01-05,0.7482529977176255,0.7390775753376929,0.7490572919262304
2018-01-08,0.7484983044154582,0.7390048778704242,0.748943933223531
2018-01-09,0.7483297842808826,0.7390394599920947,0.7490351574170537
2018-01-10,0.7478775260563025,0.7389980019455776,0.7490664451722747
2018-01-11,0.7479158370022437,0.7389294402061579,0.7490242195115466
2018-01-12,0.7481181563143029,0.7389629546842301,0.7490895598064174
2018-01-15,0.7480378844090426,0.7389139797438878,0.7491370985351387
2018-01-16,0.7480864611548752,0.7387241950426033,0.7492139927117024
2018-01-17,0.7482382693897061,0.7387398910255772,0.7492551193924555
2018-01-18,0.7481407694060529,0.7387615157454821,0.7493531849444947
2018-01-19,0.7484407647383508,0.7385517800826686,0.7492906426581726
2018-01-22,0.7485646758846984,0.7386406125907187,0.7492166807080421
2018-01-23,0.7485333704811883,0.7386936362001255,0.7493198187580109
2018-01-24,0.7480065977012231,0.7386287804751301,0.7492818055169118
2018-01-25,0.7481339759971752,0.7386845215484094,0.7493764312829526
2018-01-26,0.7485046194105651,0.7386403277153841,0.7494758024369711
2018-01-29,0.7489805069709167,0.7385182825282192,0.749533003261242
2018-01-30,0.7487655842454652,0.7383545840278523,0.7495225365094266
2018-01-31,0.7488986173180896,0.7384076694719777,0.7495490231275493
2018-02-01,0.7488101393139088,0.738433483945749,0.7495790582518043
2018-02-02,0.7486154626493544,0.7383237530850697,0.7496618865307351
2018-02-06,0.7479577782943041,0.738380063472958,0.7497085292175598
2018-02-07,0.7480835164950919,0.7383588629218463,0.749555130281803
2018-02-08,0.7472708153911631,0.7382149541499788,0.7496553996646433
2018-02-09,0.7477717707338875,0.7382446858799276,0.7496985738682879
2018-02-12,0.74793430478705,0.7382638268390457,0.749539045546942
2018-02-13,0.7476933214483055,0.7381287139734264,0.749648112379239
2018-02-14,0.747894860370626,0.7381086138681533,0.7496774837316825
2018-02-15,0.7479336640566937,0.7381125803208431,0.749735023845824
2018-02-16,0.7478226736973246,0.7381325263584213,0.7498569679146707
2018-02-19,0.7475299611065701,0.7380910606295804,0.7498909557485581
2018-02-20,0.7475725486570106,0.7381452585476692,0.7498605012554683
2018-02-21,0.7477191861780352,0.7381068662190653,0.7499075150881378
2018-02-22,0.7476493350913237,0.7380586378960371,0.7497494763112236
2018-02-23,0.7475190382661199,0.7380987783118879,0.7498675063201312
2018-02-26,0.7472582705405424,0.7380685943862362,0.7499139703885922
2018-02-27,0.7473387352938036,0.7379313376423606,0.7498732803613279
2018-02-28,0.747708698377985,0.7378486574875508,0.7498680330048043
2018-03-01,0.747800790620694,0.7378235903677045,0.7499282465427812
2018-03-02,0.7477164235093878,0.7378859953651734,0.7500924999401143
2018-03-05,0.7477580521543689,0.7377533425874386,0.7500625088917828
2018-03-06,0.7482095313070282,0.7378964429538736,0.7501300294543509
2018-03-07,0.7482115567767935,0.7377199461133281,0.7501460753275484
2018-03-08,0.7481104715827696,0.737554592692508,0.7501571972124699
2018-03-09,0.7478118979775695,0.737706714156222,0.7501446840686875
2018-03-12,0.747924416660747,0.7376558778230006,0.7502222162019194
2018-03-13,0.7477692981354547,0.7375832633666287,0.7502415612377443
2018-03-14,0.7477647486464534,0.7375459337353821,0.7503085852045482
2018-03-15,0.7474781519155392,0.7374934373231488,0.750328261315598
2018-03-16,0.7473250392575561,0.7373238229472429,0.7503871107192973
2018-03-20,0.7473194094379413,0.7374502455449424,0.7504867295011801
2018-03-21,0.7468625763783261,0.7374061695616142,0.7504448161051537
2018-03-22,0.7476030678971408,0.7374063832463366,0.7505158768437895
2018-03-23,0.7472787460232704,0.7372601609095264,0.7504538452689344
2018-03-26,0.7470252360198912,0.7373923894668241,0.7504415314564461
2018-03-27,0.7472868955784335,0.73718633756919,0.7505291645464582
2018-03-28,0.7473724425702468,0.7372794600471317,0.7506068170097928
2018-04-02,0.7476645893308511,0.7372030235322615,0.7506006106732621
2018-04-03,0.7470802697247073,0.7371979855022089,0.7505656387929591
2018-04-04,0.7468719567456458,0.7370513221062402,0.750705337688953
2018-04-05,0.7462910046504098,0.7371340452401768,0.7505600357087135
2018-04-06,0.7468341758309947,0.7368955922710443,0.7505247134558247
2018-04-09,0.7467535499451132,0.7369757190010052,0.7506575755455324
2018-04-10,0.7466419069227841,0.7370002064068039,0.7506552079440726
2018-04-11,0.746679924836268,0.7370289873367815,0.7506195873505441
2018-04-12,0.7468113895560387,0.7369179993597827,0.7507569449573323
2018-04-13,0.7465968317065962,0.7367245261165052,0.7507860470534381
2018-04-16,0.7466838287598271,0.7368413721795887,0.7508119266352049
2018-04-17,0.7460102337076912,0.7366680059867088,0.7508451887615334
2018-04-18,0.7462157790460154,0.7367030451258941,0.7508225491288447
2018-04-19,0.746350707035467,0.7367524071008791,0.7508442448049357
2018-04-20,0.7467548064906679,0.7366181810412321,0.7508428924940058
2018-04-23,0.7462119317104244,0.7367889318502104,0.7508697484015174
2018-04-24,0.7464255087439613,0.7367994141136953,0.7508355535415141
2018-04-25,0.746591697018242,0.7367333798807173,0.7509762638916536
2018-04-26,0.7467138018232692,0.7365881986928638,0.7509205857631255
2018-04-27,0.7465040576230176,0.736655820142064,0.7508045289428875
2018-04-30,0.7467878614935114,0.7364856535654406,0.7509693260257293
2018-05-02,0.7468788757131134,0.7363425894334513,0.7510368538826756
2018-05-03,0.7465615842069709,0.7364180652796218,0.7510368882781254
2018-05-04,0.7469744317460951,0.7363617488771368,0.7510384293656137
2018-05-07,0.7461971199594162,0.7363291881854018,0.7510046682165364
2018-05-08,0.7462229978806478,0.7363043817721978,0.7510478600408742
2018-05-09,0.746300803051704,0.7361594724160788,0.7510788467739686
2018-05-10,0.7454431617590398,0.7362663556979095,0.7510939106379612
2018-05-11,0.7454320112958607,0.7362387487769388,0.7510557646388062
2018-05-14,0.7457719853645532,0.7362836928191151,0.7510417149014035
2018-05-15,0.7456495102489997,0.7363080338934599,0.7510634625620796
2018-05-16,0.7457679061811721,0.7361564970708384,0.7511682156152333
2018-05-17,0.7454491368028549,0.7360720964437855,0.7511501550165837
2018-05-18,0.7451232682145473,0.7360579958537679,0.7511425953002283
2018-05-21,0.7451721863240809,0.7359905196556753,0.7511165478851375
2018-05-22,0.744922507814062,0.7359862470309757,0.7511784300761916
2018-05-23,0.7448043782590303,0.7357630755412493,0.7512082997051526
2018-05-24,0.7456237104280884,0.735762180871653,0.7511308077417468
2018-05-25,0.7463061948805222,0.7359531878252773,0.7512340800681382
2018-05-28,0.7464161341256496,0.7360045802371108,0.7512555294935161
2018-05-29,0.7463842002588681,0.7358122736860719,0.7513297095389201
2018-05-30,0.7466305940840856,0.7358812042799608,0.7513108314632916
2018-05-31,0.7461358887660916,0.7357810564555453,0.7512838736098608
2018-06-01,0.7463419978527602,0.7359235532210857,0.751327008557307
2018-06-04,0.7466720108293076,0.7358953556941762,0.7514227639034535
2018-06-05,0.7467491895834797,0.7360017657716834,0.7514516803648925
2018-06-06,0.7465703033388702,0.7359282826662568,0.7514543136207082
2018-06-07,0.7463214982112575,0.7358907717440607,0.7515590835006224
2018-06-08,0.7459599191121821,0.7358353738735708,0.7515473818124591
2018-06-11,0.7461510638127192,0.735814859538668,0.7515571726899919
2018-06-12,0.7463146519129203,0.7357796290913773,0.75152763047296
2018-06-13,0.7465702803265696,0.7357947569295503,0.7515006909547672
2018-06-14,0.7464161931310752,0.735768399736229,0.7515486666074369
2018-06-15,0.7470812477267197,0.7356270579527066,0.7514075412356163
2018-06-18,0.7466637982732626,0.7354889890090379,0.7515757426123792
2018-06-19,0.747236638705893,0.735551339490544,0.7516837287452806
2018-06-20,0.7461343582095622,0.7355457409641436,0.7515437022339035
2018-06-21,0.7466996274766173,0.7356302911052609,0.7516100310405046
2018-06-22,0.7467205894401031,0.7356128343407032,0.7516855379363733
2018-06-25,0.7469761817920826,0.7355543470509198,0.7516198947426124
2018-06-26,0.7466447555207083,0.735439656505495,0.7516984886981193
2018-06-27,0.7467870177159055,0.7353651161699066,0.7517619940179954
2018-06-28,0.7468696076870945,0.7353413154845505,0.7518313389884231
2018-06-29,0.7470720547299372,0.7352982287057054,0.7518552549715205
2018-07-02,0.7469331877578519,0.7351631181545869,0.7517518984181852
2018-07-03,0.7467807929231867,0.7351494241049453,0.7518179105747208
2018-07-04,0.7463308432557718,0.7351844180327304,0.751913182743585
2018-07-05,0.7462941000603562,0.7352544578500819,0.751859441886042
2018-07-06,0.7460839448885972,0.735170349337653,0.7519235319631459
2018-07-09,0.7466654517507552,0.735117886015704,0.7520728874449909
2018-07-10,0.7463978541995558,0.735144437321548,0.751933786337015
2018-07-11,0.7467273077311427,0.7350469848811945,0.7518714793623513
2018-07-12,0.746556711384331,0.7350886824389238,0.7519738352794779
2018-07-13,0.7458163301203848,0.7350979934143126,0.7518247834687602
2018-07-16,0.7460328210756204,0.7350546426082465,0.7518295418131654
2018-07-17,0.7458678053046304,0.7350615407185885,0.7519687826043523
2018-07-18,0.7464784140221937,0.7351100235450098,0.751975577887299
2018-07-19,0.7464688246488036,0.7350590075408774,0.7520995793601042
2018-07-20,0.7468100107304441,0.7349643174674118,0.7520878067024098
2018-07-23,0.7471907278347915,0.7349120962499154,0.7520332260084517
2018-07-24,0.7474286945878839,0.7348857597385057,0.7520552878573883
2018-07-25,0.7468036989504686,0.734785984573292,0.7520451674069398
2018-07-26,0.7475885154349049,0.7349377128673413,0.7520402839372039
2018-07-27,0.7470517427792828,0.7350249136291656,0.752100079552952
2018-07-30,0.747426331341108,0.7348729610918966,0.7521528788729483
2018-07-31,0.7471427207033265,0.7348541001207802,0.7520890481455719
2018-08-01,0.7470055510933007,0.7348524009153127,0.7521535449877541
2018-08-02,0.7472231752911486,0.7348109646281481,0.7520961599477521
2018-08-03,0.7478803381235742,0.7348284436887087,0.7519489495847688
2018-08-06,0.7474784790878348,0.7348842603022837,0.752115777294595
2018-08-07,0.7474715495732349,0.7348148908633156,0.7522316295784176
2018-08-08,0.7471406253848605,0.734686853134421,0.7521915511396546
2018-08-09,0.7475505764353665,0.734619478729171,0.7522151100270292
2018-08-10,0.7468551086425412,0.7346139846746471,0.7521715440969194
2018-08-13,0.7473538247151307,0.7346815109191166,0.75216841809401
2018-08-14,0.7476090146492191,0.7346304048611272,0.7523409313655343
2018-08-15,0.7469985211490024,0.7347255952118975,0.7522189093184106
2018-08-16,0.747166433083142,0.7347086906792586,0.7521949519616988
2018-08-17,0.7469165294383832,0.7347147282588513,0.7521610241755291
2018-08-20,0.7465899681497015,0.7346502352708669,0.7522262186557024
2018-08-21,0.746918122356163,0.7346205524400085,0.7522751631579963
2018-08-22,0.746902693733894,0.7346490987256904,0.7522964239298914
2018-08-23,0.7479298696297779,0.7346413111287098,0.7522812900904655
2018-08-24,0.747766347183344,0.7345152790476468,0.7521877974665987
2018-08-27,0.7478045058355531,0.7346551536719421,0.7522817827161179
2018-08-28,0.7473975221360833,0.7345572494702945,0.7523250142634185
2018-08-29,0.7480690938099475,0.7345518848691839,0.7523509650921313
2018-08-30,0.747984561480954,0.7344577640452489,0.7523212575844564
2018-08-31,0.7482346053060427,0.7344598576009852,0.7523197268128823
2018-09-03,0.7485566038624014,0.7344895059262448,0.752300257680205
2018-09-04,0.7485159750256716,0.7345794557654393,0.7523593928758968
2018-09-05,0.7487963221328844,0.7344586418576374,0.752510995695401
2018-09-06,0.7490012379216267,0.7345269457946663,0.7524591030104617
2018-09-07,0.7487832115656726,0.7344262413608783,0.7524595955572234
2018-09-10,0.7487342729705724,0.7344629422487894,0.7524998486075694
2018-09-11,0.7486040344980962,0.7344638313693365,0.752470564870359
2018-09-12,0.7488998380737619,0.7344526712661446,0.7526190158890409
2018-09-13,0.7482034112738841,0.7344485701087806,0.7526415031829177
2018-09-14,0.7488125178439888,0.7344933566021822,0.7526897061991614
2018-09-17,0.7492250644573879,0.7344503983184107,0.7526451947633738
2018-09-18,0.74934538981101,0.7344548239835251,0.7527318094241956
2018-09-19,0.7488437645813835,0.7345285709701755,0.7528407730788177
2018-09-20,0.7490180273986696,0.734525556669763,0.752822250554702
2018-09-21,0.7491281685161448,0.7343248937351908,0.7529525852287886
2018-09-24,0.7495133823343199,0.7341710421068801,0.7529638368095667
2018-09-25,0.7494167306881537,0.7340768962430531,0.7530220567110156
2018-09-26,0.7493079613659713,0.7341320109510879,0.7530224945256482
2018-09-27,0.7491582293436212,0.7342021603586455,0.7530660529756001
2018-09-28,0.7489337616250487,0.7342809561161805,0.7531274285256033
2018-10-01,0.7493449187122386,0.7341608451998389,0.7530510075464091
2018-10-02,0.7493477049684444,0.7341020324708971,0.7530335971190328
2018-10-03,0.7500599651136369,0.7341192193268864,0.7532332095863423
2018-10-04,0.75043367795807,0.7340129481737065,0.7531288517144537
2018-10-05,0.7504757874092853,0.7341744007273453,0.7531191725292761
2018-10-08,0.7508460927949681,0.7339921062337285,0.7530822730434938
2018-10-09,0.7507711449232854,0.7339759256678164,0.7531517752274851
2018-10-10,0.7510556774957994,0.7340242019241061,0.7531880992889541
2018-10-11,0.7513176936822856,0.73386238652433,0.7532294595124845
2018-10-12,0.7516379948791335,0.733807070402994,0.7532943446153509
2018-10-15,0.751803512050059,0.7338368670722971,0.7532826943259187
2018-10-16,0.7513094718585006,0.7338306472494488,0.7532848234691425
2018-10-17,0.7508487214253025,0.7338493196942951,0.7533698895606934
2018-10-18,0.7500768377094454,0.733770496710011,0.7534176624367691
2018-10-19,0.7499809698832772,0.7337596002280882,0.7531874771066944
2018-10-22,0.7501511384906216,0.7337237952677654,0.7533112800578683
2018-10-23,0.7496549874379076,0.7337800548827939,0.753277401493162
2018-10-24,0.7499031114203871,0.7338744490834125,0.7533566255058829
2018-10-25,0.7500195679093531,0.7338924809106657,0.753227211630441
2018-10-26,0.750066404512728,0.7338874117922791,0.7533443004418673
2018-10-29,0.7496613662668933,0.7337088706032695,0.753254255179271
2018-10-30,0.7493380756038712,0.7338187839322089,0.753431610745879
2018-10-31,0.7493677197497393,0.7335761002595448,0.7533689087163408
2018-11-01,0.7483857219164151,0.7335567804473316,0.7533902792075814
2018-11-05,0.7471506409845523,0.7334910293501737,0.7534442527558578
2018-11-06,0.7473266211289904,0.7336208154731055,0.7533561547675706
2018-11-07,0.7469935387980712,0.7334709099895989,0.7535325489071095
2018-11-08,0.7463820639755901,0.7334339906552856,0.7536128304521726
2018-11-09,0.7460938729983405,0.7335503715537031,0.7534806436984061
2018-11-12,0.7463447317070736,0.7335104881542249,0.7535082253806286
2018-11-13,0.7456889141465854,0.7334814981210407,0.753524317936192
2018-11-14,0.7456494326974328,0.7334002100522976,0.7535763085719324
2018-11-15,0.7455919326624425,0.7334160527257292,0.7535659463601911
2018-11-16,0.7448007164423219,0.7334012712482263,0.7536629669023539
2018-11-20,0.7450157456244426,0.7334351823199524,0.753575506246708
2018-11-21,0.7442718061721701,0.7333293629755959,0.7534858806187508
2018-11-22,0.7444346691240674,0.7333706454717944,0.7536204965842779
2018-11-23,0.7440398091081527,0.733284370759795,0.7535536732438997
2018-11-26,0.7437514204629478,0.7332560951393313,0.753700727399856
2018-11-27,0.74368042528169,0.7332107463670893,0.7535786721995419
2018-11-28,0.7439627272764292,0.7332011264892476,0.7535026378782679
2018-11-29,0.7438649946345584,0.7333087779770067,0.7536065509091595
2018-11-30,0.7439176662291827,0.7333121534452993,0.7535320445682608
2018-12-03,0.7442081714126202,0.7331395581607701,0.7537713025170597
2018-12-04,0.7443140362428434,0.7332331747451712,0.7538074080955407
2018-12-05,0.7444358791311554,0.7331889746147765,0.7537032013102026
2018-12-06,0.7446963938957759,0.7331827222408669,0.7537445723631058
2018-12-07,0.7443136829121968,0.7331587223248303,0.7536333202765844
2018-12-10,0.7438277585000503,0.733054161823048,0.75362561416062
2018-12-11,0.7440561409051957,0.7331793969706522,0.7536059798849688
2018-12-13,0.7440976137407176,0.7332051389682442,0.7536086739714125
2018-12-14,0.7442549198708537,0.7332312627304949,0.7538362875671113
2018-12-17,0.7443091794797064,0.7331205504628787,0.7536940500361512
2018-12-18,0.7442259072620281,0.733088948554875,0.7536889848329028
2018-12-19,0.7438582767255558,0.7331164696669628,0.7536614625061362
2018-12-20,0.7437702551249259,0.7328793633342052,0.7536331362386219
2018-12-21,0.7439848318820117,0.7330108104308374,0.7537255014235775
2018-12-24,0.7439717005920263,0.732865043062951,0.753879329223124
2018-12-26,0.7444558380835937,0.7329919178831676,0.7539274564063597
2018-12-27,0.7444337912350613,0.7329496149132451,0.7538309473560907
2018-12-28,0.7444311345853422,0.7328504905675085,0.753849838466325
2018-12-31,0.7445500061079526,0.7328077432727821,0.7538337427244741
2019-01-02,0.7440461976205169,0.732793680120755,0.7538805195635901
2019-01-03,0.7430926387115483,0.7325743527352391,0.7539761369953414
2019-01-04,0.7435423232971891,0.7326861880314895,0.7539972248955438
2019-01-07,0.7425087242487837,0.7326306269281623,0.7539712063982665
2019-01-08,0.7427587385453446,0.7325507680088575,0.7538917041583912
2019-01-09,0.7429230343289942,0.7323892227224807,0.7538647729425073
2019-01-10,0.7432555363101254,0.7324806411986177,0.7539369197283109
2019-01-11,0.7433772293876652,0.732409926481117,0.7540747693279827
2019-01-14,0.7434531611458023,0.732538807643996,0.7540712982328407
2019-01-15,0.7427877272613208,0.7324944111642393,0.7541565314641779
2019-01-16,0.7431099790978305,0.7326141463150091,0.7540165813695544
2019-01-17,0.7435386185717752,0.7325589863916191,0.7540993732779322
2019-01-18,0.7440355381463624,0.7326600661021341,0.7541717581771544
2019-01-21,0.7439305587761061,0.7326114865839899,0.7542736110332672
2019-01-22,0.7440649865238055,0.7327035043164497,0.7543984288312636
2019-01-23,0.7443590272669887,0.7325399745540622,0.7541843511438063
2019-01-24,0.7448922055158346,0.7325713739543025,0.754205922855482
2019-01-25,0.7446407853482813,0.7325592946747429,0.7543316176929141
2019-01-28,0.7449878464119067,0.732382044036613,0.7541351964482921
2019-01-29,0.7455368004032829,0.7324990088938628,0.7542548322972128
2019-01-30,0.7460243362868761,0.7324654328573127,0.7544497799995908
2019-01-31,0.7453716630841112,0.7323907883142243,0.7542107931479677
2019-02-01,0.7454360345591131,0.732385321871181,0.7543037482811901
2019-02-05,0.7448780007150773,0.7324629373907146,0.7541790906603616
2019-02-06,0.7447146036298962,0.7323996533664133,0.7541926330503939
2019-02-07,0.7448757079109792,0.7323191077531438,0.7541295939898921
2019-02-08,0.7441748313382943,0.7323556124867199,0.7542925821859798
2019-02-11,0.7445834924079752,0.7322743923644903,0.7543421498857945
2019-02-12,0.7441696700005055,0.7322226399554718,0.7543358888763452
2019-02-13,0.7442017293867712,0.7323156109990697,0.7542762946281334
2019-02-14,0.7441947437887165,0.7324387540310707,0.754268577546882
2019-02-15,0.7441988302918155,0.732348016242164,0.7542169303894575
2019-02-18,0.7443613578415547,0.7323408795283635,0.754314529537595
2019-02-19,0.7441904502342856,0.7323569610325771,0.7542778362922609
2019-02-20,0.7441400556304485,0.7323085358387481,0.7542185845735583
2019-02-21,0.7443128887820057,0.7324731701159991,0.7541173216117744
2019-02-22,0.7441640317733874,0.7323570461843,0.7542446187628099
2019-02-25,0.7437527400760394,0.732376173009219,0.7541798649407131
2019-02-26,0.7440307699315466,0.7324062410006408,0.7541138004636865
2019-02-27,0.7442024268440721,0.7324581144191205,0.7542917204457287
2019-02-28,0.7448131967181009,0.7323204215538133,0.7543803045723625
2019-03-01,0.7443670550598662,0.732340013260403,0.7542444897705771
2019-03-04,0.7443688399054881,0.7321852574021475,0.7541906245225807
2019-03-05,0.7438568059070887,0.7322023963472678,0.7542367052877438
2019-03-06,0.744242014498815,0.7322695946065846,0.7541716148774071
2019-03-07,0.7437363210486846,0.7324520594256527,0.7542820556500096
2019-03-08,0.7436991206147692,0.7322578606819804,0.7541929018731302
2019-03-11,0.7440006332126714,0.7322897876261145,0.7542993202494639
2019-03-12,0.7445357598851191,0.7323860279059868,0.7541880423199091
2019-03-13,0.7439570085474231,0.73217309588204,0.7541850839795727
2019-03-14,0.7442568791099584,0.7323342913636524,0.7542714304305159
2019-03-15,0.7438392655440161,0.7323775921941074,0.7543304703182585
2019-03-19,0.7437640097925003,0.7323173000787933,0.754256917851961
2019-03-20,0.7438596342475097,0.7322795017622279,0.7541596543256718
2019-03-21,0.7442313931231812,0.7321687087111695,0.7543311459792837
2019-03-22,0.743520421910338,0.7320068052571798,0.754396854681901
2019-03-25,0.7437726593798586,0.7319294828619394,0.7543982703098737
2019-03-26,0.7436941723251387,0.7319510978445258,0.7544716760272305
2019-03-27,0.7434055740734014,0.7320517680151679,0.7546028202085217
2019-03-28,0.743484902602272,0.7319945294762531,0.7545719688645371
2019-03-29,0.7432103100963074,0.7320125504491641,0.7546385620961866
2019-04-01,0.7432639701942177,0.7320120222095224,0.7546405594803768
2019-04-02,0.7440141764032759,0.7319240124718468,0.7545895875266654
2019-04-03,0.7439078076028391,0.7320963629947326,0.7545953941977364
2019-04-04,0.7433361750392161,0.7320216373495855,0.7542988228616144
2019-04-05,0.7430892273888761,0.7320289337763537,0.7544062041801537
2019-04-08,0.7432551127970229,0.7319742224327835,0.7545385400116668
2019-04-09,0.7441332465973517,0.7319230649352184,0.7544868791119911
2019-04-10,0.7438523480867125,0.7318491233569451,0.7544462539833767
2019-04-11,0.7438109372833318,0.731771036367024,0.7546097857399112
2019-04-12,0.7441352159465209,0.7318451656384505,0.7546600413340628
2019-04-15,0.7447115458274698,0.7318728787648231,0.7546961987337427
2019-04-16,0.7445428440344756,0.7318069269051911,0.7545503126954124
2019-04-17,0.7446781063356497,0.7319324359555811,0.7545937497577011
2019-04-22,0.7440939992841,0.731767150408132,0.7546830718682453
2019-04-23,0.7442133623520282,0.7316937524102606,0.754819436113491
2019-04-24,0.7446295328927501,0.7316624924881311,0.7547702733981899
2019-04-25,0.7443796872870627,0.7314909941068323,0.7547044788459089
2019-04-26,0.7439653442355622,0.7314817249069295,0.754690536487181
2019-04-29,0.743998862965825,0.7315034104491491,0.754608559253627
2019-04-30,0.7440862764711408,0.7314961458562698,0.7548695072076058
2019-05-02,0.7439959690030797,0.7315810716278944,0.7547721267292888
2019-05-03,0.7440867974685029,0.731559060904128,0.7546887013427855
2019-05-06,0.7442877916366077,0.7313884288448473,0.754655686814752
2019-05-07,0.7440589429982704,0.7313350159095096,0.7546737605424966
2019-05-08,0.7442636416495039,0.7313290010435446,0.7547261710205814
2019-05-09,0.7443043278639485,0.7312331685472909,0.7546376002917526
2019-05-10,0.7445163666204946,0.7312486601089693,0.7548560124952678
2019-05-13,0.7439373337687096,0.7313506071789047,0.7546947277124936
2019-05-14,0.7442741173861531,0.7313509855909549,0.7548450644190025
2019-05-15,0.7449711453558072,0.7312540185114532,0.7548722341307136
2019-05-16,0.7451282109936617,0.7312021739813832,0.7548770004820702
2019-05-17,0.7445519802194255,0.7312280358630587,0.7547831293788447
2019-05-20,0.7441821779685207,0.7310898300256854,0.7548644730917125
2019-05-21,0.7444700653336789,0.731224464216362,0.7547508262300529
2019-05-22,0.7448554534333599,0.7310758959709739,0.7549534168343007
2019-05-23,0.744284406587607,0.7311084096460243,0.7549862152192881
2019-05-24,0.7444078184990776,0.7312159631692212,0.754970418233471
2019-05-27,0.7442866390984658,0.731011890830893,0.7550789951272544
2019-05-28,0.7445961064063472,0.7309386207461277,0.7549040748049187
2019-05-29,0.7446395516609718,0.7310306863489986,0.7549490721057542
2019-05-30,0.7438655973488393,0.7309655768673273,0.7550708909464355
2019-05-31,0.7444303181119843,0.73088938920664,0.7551822168030096
2019-06-03,0.7448053159944743,0.7307665510368898,0.7550576290208988
2019-06-04,0.7453845659870166,0.7307399109376758,0.7551154372557927
2019-06-05,0.744876205661874,0.7307696202610399,0.7550043897107823
2019-06-06,0.7449226723903043,0.7308434965062539,0.7551046706929883
2019-06-07,0.7451686134680446,0.7308734504434169,0.7552616783693596
2019-06-10,0.7451690044348291,0.7308402589436637,0.7551406805793188
2019-06-11,0.7456616303424074,0.7307496619032179,0.7551684697003505
2019-06-12,0.7456274087417591,0.7308182717681244,0.7552427418085945
2019-06-13,0.7457254801500733,0.7307308791700445,0.7552432495310493
2019-06-14,0.7456680217399227,0.730786159425819,0.7553310771538044
2019-06-17,0.7460397986225682,0.7308237877815389,0.7552807905021247
2019-06-18,0.7462149576541656,0.7307262327119382,0.7552426917919345
2019-06-19,0.746456525668103,0.73063192612823,0.7552888940051328
2019-06-20,0.7462827435147834,0.730596431943341,0.7553109083583842
2019-06-21,0.7466936309272356,0.7306351054347217,0.7551685244352316
2019-06-24,0.7464882844291587,0.7305101103802883,0.7552548259239424
2019-06-25,0.7462813115065023,0.7304493077659013,0.7553425746689132
2019-06-26,0.7461602337592315,0.7303665482008178,0.7553845042614167
2019-06-27,0.7460803390293033,0.7303720085606634,0.7552993162767456
2019-06-28,0.7460367646950133,0.7304160746134981,0.7554094422669001
2019-07-01,0.7456203269327977,0.7304835602125482,0.7553666511632106
2019-07-02,0.7454132622041233,0.7305363339511263,0.7554245599719608
2019-07-03,0.74544343883554,0.7304615794274687,0.7553222191927148
2019-07-04,0.7452310131357106,0.7304569534043789,0.7552204826625575
2019-07-05,0.7449765204409682,0.7304615510478821,0.7553850067358645
2019-07-08,0.7450666080453889,0.7305772656670376,0.7554685363213055
2019-07-09,0.7446156201322149,0.7305016619989377,0.7553528401525785
2019-07-10,0.7443358809137209,0.7304302131320091,0.7553263058121548
2019-07-11,0.7445057034461138,0.7304738782812151,0.7553058251102449
2019-07-12,0.7442943220205936,0.7304088950347637,0.7553458019638841
2019-07-15,0.7443720761885726,0.7303914043507105,0.7553178311807938
2019-07-16,0.744537272865089,0.7303391228093882,0.7552143443233513
2019-07-17,0.7439107686316379,0.7303214047933293,0.7551420327184079
2019-07-18,0.7438386184278393,0.730451860227416,0.7553242261752771
2019-07-19,0.744628857047772,0.7303743591161094,0.7553189400663344
2019-07-22,0.74378967455948,0.7305955206219462,0.7552297646011887
2019-07-23,0.7441980303024386,0.7305057822948512,0.7552718652358741
2019-07-24,0.7441226855932447,0.7306835087271868,0.7552613540432189
2019-07-25,0.7440925103188005,0.7304905468308194,0.755280643075573
2019-07-26,0.7439704980503163,0.7305683956844022,0.7553168618350994
2019-07-29,0.7433415632498518,0.7304884683973276,0.7554991109566666
2019-07-30,0.7440422178775586,0.7304652416829885,0.7554544294093454
2019-07-31,0.7441541954701555,0.7305040216394311,0.7555062933787934
2019-08-01,0.7443254971012648,0.7303921318580745,0.7555310924448969
2019-08-02,0.7443245173723088,0.7303487537534401,0.7554672193493431
2019-08-05,0.7447342930395574,0.7303499337882038,0.7555221186541642
2019-08-06,0.7451360513929618,0.7304967125432286,0.7555657936359835
2019-08-07,0.744287738254202,0.730414482710455,0.7556084970058985
2019-08-08,0.7443994795812496,0.7303748372642733,0.7555904033501619
2019-08-09,0.7450269882686923,0.7302734457563725,0.7556103428972292
2019-08-12,0.7449876107346758,0.7302625838226401,0.7556210915871802
2019-08-13,0.7445302135516876,0.7304002877672198,0.7555328711671548
2019-08-14,0.7441522789965347,0.7303796204112043,0.7556213039741667
2019-08-15,0.7439124984992331,0.7304579224245705,0.7555245074149569
2019-08-16,0.7438687099695169,0.7304714686860077,0.7555328044681912
2019-08-19,0.7441148244271215,0.7306182009836026,0.7555160086403101
2019-08-20,0.7438225730186191,0.7306181719397661,0.7554541535293284
2019-08-21,0.7443907412260513,0.730532156109144,0.7555713837708798
2019-08-22,0.7440993797759481,0.7304892242964999,0.7556690052185736
2019-08-23,0.743608121041127,0.7303552703320058,0.7556069586693703
2019-08-26,0.7434805992977889,0.7302276054728052,0.7556182508237007
2019-08-27,0.7437205165179565,0.7303439657056099,0.7554865807226337
2019-08-28,0.7437630184339343,0.7302916537087396,0.7555382857599946
2019-08-29,0.743097185610101,0.7302704089198843,0.7555059840784732
2019-08-30,0.7430537484840628,0.7302232796897091,0.7555643348014751
2019-09-02,0.7431377929796027,0.7301240605553382,0.755520882481927
2019-09-03,0.7432303345376264,0.7302272091093761,0.755410430858958
2019-09-04,0.7435171541348432,0.7301980105060025,0.7555495708497304
2019-09-05,0.7433411832369338,0.7301110237040837,0.7555099058607624
2019-09-06,0.7435092550873733,0.7301096010778835,0.755783174962875
2019-09-09,0.7428581686475746,0.730082597680521,0.7555924516054167
2019-09-10,0.7425855595263183,0.7298919922258051,0.7556968363558505
2019-09-11,0.7429741529583025,0.7297721411018754,0.7557498213485515
2019-09-12,0.7429192189274741,0.7298665396540736,0.755798454042113
2019-09-13,0.7429097860161716,0.7300047680185742,0.755750212357001
2019-09-17,0.7430325568700172,0.7298892213804291,0.7558695891211493
2019-09-18,0.7431976180385438,0.7300395344223193,0.7558350410016363
2019-09-19,0.7433284888834325,0.7299472433069701,0.7558170364662803
2019-09-20,0.7428686185750815,0.7299926044859774,0.7559555579211036
2019-09-23,0.7434116122533855,0.7298521123948037,0.7559446043105161
2019-09-24,0.7433650034912636,0.7298334264242143,0.7558561443167817
2019-09-25,0.7435089610896063,0.7297510504870217,0.755859638885133
2019-09-26,0.7433758850707521,0.7297002228996059,0.7558091046520545
2019-09-27,0.7438499729852185,0.7298187106275915,0.7559507957405428
2019-09-30,0.7438096824803355,0.7296215371209193,0.7558889007069332
2019-10-01,0.7435581928975168,0.729529019803567,0.7558709342092372
2019-10-02,0.7430667133176657,0.7295998143231511,0.7559383917840771
2019-10-03,0.7432602237955623,0.7295052738269697,0.7558431228121582
2019-10-04,0.7431826731936629,0.729673726105549,0.7557515957278513
2019-10-07,0.7434314702041875,0.7296566616710484,0.7557818274437109
2019-10-08,0.7425320675541554,0.7294018908606049,0.7556910124321442
2019-10-09,0.7424468641859542,0.7295687924715134,0.7557659978645571
2019-10-10,0.7428503534476715,0.7294373853950942,0.7559003069432995
2019-10-11,0.7428492400360841,0.7294984732536811,0.7559765028897154
2019-10-14,0.7428064203568665,0.7294465063212211,0.755786181190016
2019-10-15,0.742970515864445,0.7295224288488238,0.7557518862198815
2019-10-16,0.7429882753913596,0.72954419057288,0.7556498445329936
2019-10-17,0.7425277000735289,0.7295568992638168,0.7556226453353739
2019-10-18,0.742023979085074,0.7295497751602238,0.7558036902755786
2019-10-21,0.7422025142635832,0.7295628122688156,0.7558254457130764
2019-10-22,0.7421385030662577,0.7295287827863158,0.7558572723098137
2019-10-23,0.7418476704512441,0.7294452405342953,0.7560140025474512
2019-10-24,0.7421756846506236,0.7295479701051892,0.7559599276133226
2019-10-25,0.7427238931403731,0.729644571858656,0.7558419812890561
2019-10-28,0.7423591894670247,0.729753335986535,0.7560100631566702
2019-10-29,0.7421069239647549,0.7295087774576106,0.7557679790895063
2019-10-30,0.7421838002613049,0.7296339010986865,0.7559055814194446
2019-10-31,0.7426118070605172,0.7294887444948825,0.7558523587709822
2019-11-01,0.742400379589653,0.7294646773436851,0.7558287517174748
2019-11-04,0.7419460276396665,0.729416882909555,0.755770261728527
2019-11-05,0.7421025872145011,0.7294506513992861,0.75575784998779
2019-11-06,0.7420911536646144,0.7291612286182646,0.7558241880554653
2019-11-07,0.7425313493691099,0.7292947844484746,0.7557978397687011
2019-11-08,0.7424117910948065,0.7292444443148666,0.7557304783997583
2019-11-11,0.7420884523702034,0.7291932882770316,0.7560370899084006
2019-11-12,0.7417141439785906,0.7292298300388611,0.7560213319125504
2019-11-13,0.7424463500675929,0.7293116473652221,0.7560977446746284
2019-11-14,0.742688182331068,0.7291471802313441,0.7560648016418219
2019-11-15,0.7428519161588805,0.7293574562273722,0.7561027016454344
2019-11-19,0.7428486698571043,0.7293161493060948,0.7560130874903903
2019-11-20,0.7428978686205299,0.7291659557617941,0.7561771911830679
2019-11-21,0.74280082768075,0.729157818601562,0.7561654492304661
2019-11-22,0.7425145359825814,0.729072564343751,0.7560762944379514
2019-11-25,0.7423935945486182,0.729000618826758,0.7562163259484763
2019-11-26,0.7422756232368792,0.7290218145253508,0.756109891894146
2019-11-27,0.7426971393029939,0.7290912411500744,0.7562142393135418
2019-11-28,0.7429738570184418,0.7291657965015441,0.7560313607150817
2019-11-29,0.7425956558422689,0.7291336355531256,0.7561442004061382
2019-12-02,0.7423539266318091,0.7289634575853322,0.7561027213342099
2019-12-03,0.7424799528699833,0.7290251619984772,0.7563348556315993
2019-12-04,0.742519777338612,0.7289987726437288,0.7561669349898098
2019-12-05,0.7425720761326309,0.7290756028956846,0.7559866672628608
2019-12-06,0.7426992693854809,0.7290846693716757,0.7560049910899616
2019-12-09,0.7425311769589731,0.7289259892035385,0.7561711836463023
2019-12-10,0.7424094911706213,0.7289466889969947,0.7559999782531301
2019-12-11,0.7419410237972414,0.728786858469027,0.7560307103022873
2019-12-13,0.7420161741838207,0.7288768900844915,0.7560800515061413
2019-12-16,0.7421421810993423,0.7288419384130342,0.7559524738373116
2019-12-17,0.7420105659396516,0.728819557655881,0.7561546536389894
2019-12-18,0.7419851980594183,0.7289561108557269,0.7560241961140899
2019-12-19,0.7419469818009132,0.7289280189295579,0.7561129807001543
2019-12-20,0.7421060065973061,0.7288914934767854,0.7559861089399299
2019-12-23,0.7421839381909999,0.7288949802782232,0.7560432703173752
2019-12-24,0.7424423215798444,0.7289656570076872,0.7561818403882886
2019-12-26,0.7421879254153781,0.7289677404882997,0.7562845050204868
2019-12-27,0.742520522977784,0.728925768327171,0.7562425489305469
2019-12-30,0.7425624482474353,0.7288525142896857,0.7563698093822662
2019-12-31,0.741989410270906,0.7288217385526252,0.7564082598074938
2020-01-02,0.741645415099167,0.7288503916340335,0.7564274012053146
2020-01-03,0.7415872111159314,0.7288543457345427,0.7562682118801596
2020-01-06,0.7420815649405728,0.7288396842506601,0.7564492502846772
2020-01-07,0.7417590100560255,0.7287891722350724,0.7562085650425759
2020-01-08,0.7420613804867164,0.7286579736999901,0.7563010142483365
2020-01-09,0.7417193381401229,0.7286132939352691,0.7564944095576179
2020-01-10,0.7417706191046392,0.7286579870627116,0.7564476531520451
2020-01-13,0.7420191376908486,0.728635560189971,0.7565376727162813
2020-01-14,0.7420694392245102,0.7286716308218447,0.7565860067813145
2020-01-15,0.7423862663942389,0.7287576087428388,0.7565502646350806
2020-01-16,0.741721740677735,0.728715417091111,0.7565486159261214
2020-01-17,0.7414362431952428,0.7286345341967432,0.7566403087158329
2020-01-20,0.7420477553955847,0.7285239490341906,0.7566641036263017
2020-01-21,0.7422291626932954,0.7285316752992093,0.756717174740718
2020-01-22,0.7423401109162135,0.7285200739465023,0.7565799560337679
2020-01-23,0.7421773755090749,0.7285973073719669,0.7565306775640601
2020-01-24,0.7417613635608431,0.7286156806049624,0.7565860597477913
2020-01-27,0.7411058449556557,0.728598717177333,0.7564167111753202
2020-01-28,0.7409304929829733,0.7284541910509356,0.756318112552078
2020-01-29,0.7406861287855373,0.7284673981920597,0.7564331912597294
2020-01-30,0.7404031247913093,0.7283680477085638,0.7563978547813891
2020-01-31,0.7406463929870283,0.7282023314049404,0.7566420170346535
2020-02-04,0.7403056362270886,0.7283114753691757,0.756493550782649
2020-02-05,0.7397765108225097,0.7283097077110977,0.7565868753102387
2020-02-06,0.7401437846748771,0.7283479149332467,0.7564089062662361
2020-02-07,0.7400539016316067,0.7283956091157784,0.7564161873749764
2020-02-10,0.740219991994778,0.7283969951709028,0.7562100588468417
2020-02-11,0.7394787823253861,0.728226971451841,0.7561874658460609
2020-02-12,0.7398455997647746,0.7283348984932343,0.7563576132841634
2020-02-13,0.7400031366959341,0.7283538308459203,0.7561690193958047
2020-02-14,0.7398563605905253,0.728448526034952,0.7561344472920383
2020-02-17,0.740320377195399,0.7283118678105437,0.7562276507688227
2020-02-18,0.7401843162178083,0.7283401783508842,0.7562464064995394
2020-02-19,0.7404814345677152,0.7282692274839072,0.7562648020103504
2020-02-20,0.741077975981222,0.728167127191321,0.7563637697415923
2020-02-21,0.7409042259602662,0.7281606177158292,0.7564960658098383
2020-02-24,0.7409442243270433,0.7281710050896858,0.7566188947943996
2020-02-25,0.741272337638558,0.728014615330187,0.7563828473597117
2020-02-26,0.7411778010863225,0.7279887272161017,0.7564630580644118
2020-02-27,0.7406825745045126,0.7279870745664198,0.7564560095167469
2020-02-28,0.7410528346265276,0.7279985113912055,0.756422675827158
2020-03-02,0.7409530642604542,0.72783250294597,0.7564970915885947
2020-03-03,0.7407860457048395,0.7278055054600204,0.7565489476165621
2020-03-04,0.7401967419582499,0.7277705682782544,0.7565183696182265
2020-03-05,0.7401670091780334,0.7278630075986867,0.7565961454814637
2020-03-06,0.7395732363175922,0.7278855529874544,0.7566025926553589
2020-03-09,0.738785718333158,0.7280069441195881,0.7565856841643791
2020-03-10,0.7382926727815096,0.7279626214545152,0.756840034715282
2020-03-11,0.738298142468593,0.7281823027966086,0.7569084593123035
2020-03-12,0.7376722707047216,0.7281780265952348,0.7568240795326395
2020-03-13,0.7367538747349742,0.7280180587373227,0.7570304574606858
2020-03-17,0.7367050135948704,0.7281271194162597,0.7570307114325627
2020-03-18,0.736627263134725,0.727966302785095,0.7569474229999053
2020-03-19,0.7361359493490262,0.7279416113782983,0.7569190127540976
2020-03-20,0.7362269235694705,0.7279798350867198,0.7567549317671598
2020-03-23,0.7356562717031095,0.7279752008303787,0.7568987389406493
2020-03-24,0.735476407993694,0.7278006509018158,0.7570257446228513
2020-03-25,0.7345460807914148,0.7279659608580001,0.7569652883369005
2020-03-26,0.7348862515066891,0.7277801189776698,0.7571707918368641
2020-03-27,0.7337555329597556,0.7277073408509945,0.7571252530315128
2020-03-30,0.7343081489519682,0.727767799733985,0.756957627425839
2020-03-31,0.7340129933097143,0.7276780408824892,0.7569770224063804
2020-04-01,0.734004635092745,0.7277231276945917,0.7570010151715468
2020-04-02,0.7340134382887797,0.7277080152753466,0.7569075747866258
2020-04-03,0.7341376497064923,0.7277359746505927,0.7570517774834383
2020-04-06,0.7342640953194947,0.7275915706580827,0.7569604906238886
2020-04-07,0.7346207171345848,0.7276555740984385,0.7569673515902702
2020-04-08,0.7342934452993488,0.7276839832052834,0.7569932555900242
2020-04-13,0.7344156027212683,0.7277252522892382,0.7570334768501285
2020-04-14,0.7340181222501168,0.727582882341855,0.7569879216506319
2020-04-15,0.7343601468128764,0.7276449598901251,0.7569903423182399
2020-04-16,0.7349034493993212,0.7275859494949333,0.7570888008465658
2020-04-17,0.7344798212406705,0.7276709409151287,0.7572098724990199
2020-04-20,0.7345326038308405,0.7275410363398803,0.7571964998927628
2020-04-21,0.7350668325534147,0.7274094059411855,0.7572714425331268
2020-04-22,0.7348069256809344,0.7275694544041506,0.7572509650341036
2020-04-23,0.7348505024004653,0.7274419412927995,0.7572115842307396
2020-04-24,0.7345986654174651,0.7274964770682473,0.7573275740758807
2020-04-27,0.7346662859988538,0.72753978797144,0.7572784604436009
2020-04-28,0.7344545125564631,0.7275164841578751,0.7573635302155418
2020-04-29,0.7340013256940204,0.7273662483738605,0.7575557808305736
2020-04-30,0.7337275739337193,0.7273491652386961,0.7573005546936502
2020-05-04,0.7333971013217004,0.7273580752658009,0.7573683309239257
2020-05-05,0.7335263276130741,0.7274003097215758,0.7574198667996231
2020-05-06,0.7331045954701224,0.7272608816740326,0.7575249651505631
2020-05-07,0.7331340825544892,0.7272641299483348,0.7575070742671226
2020-05-08,0.7324670588164756,0.7272498162092714,0.7573127340154695
2020-05-11,0.7327333001411563,0.7272103701151479,0.7571883603899258
2020-05-12,0.7322300020619031,0.7274008294434631,0.7572764218340259
2020-05-13,0.7320317616926623,0.7272710505916239,0.7572517838089059
2020-05-14,0.7323675454917367,0.7273620449392771,0.7573923965275344
2020-05-15,0.7316072040461439,0.727415785757802,0.7572669437778554
2020-05-18,0.7312521740273547,0.7273979443917573,0.7571900161858275
2020-05-19,0.7307703213568183,0.7272207827548525,0.7572920194504648
2020-05-20,0.7311046783619303,0.7271639948114211,0.7573218266065743
2020-05-21,0.7309765965500796,0.7272486640905641,0.7573180958616565
2020-05-22,0.7305530343424123,0.7271504692570419,0.7574058762969087
2020-05-25,0.7310103825790121,0.727081238165361,0.7575889617686783
2020-05-26,0.730530730360888,0.7269939459829521,0.7574884577122349
2020-05-27,0.7306230943959438,0.7271846453445794,0.7572857661197877
2020-05-28,0.7304232221949772,0.7271456617762365,0.7573891833688059
2020-05-29,0.7307565203980779,0.7271104252113259,0.7573040158531407
2020-06-01,0.7308723445967957,0.7270841434805112,0.7573459220547435
2020-06-02,0.7307101081781364,0.7271333455246328,0.7572871824245356
2020-06-03,0.7306667068361945,0.7269987535748208,0.7574289825953954
2020-06-04,0.7315594021917909,0.7269831036624247,0.7575584326578453
2020-06-05,0.7309381610209685,0.7268347683071193,0.7573389906208604
2020-06-08,0.7295886169737995,0.7268883872042928,0.7574718796558361
2020-06-09,0.7296351808293792,0.7267605111210611,0.7573413803311994
2020-06-10,0.7293877087142717,0.7269316508318971,0.7573716437735614
2020-06-11,0.7287413846452858,0.7267564592026393,0.75736301716255
2020-06-12,0.7278139226879488,0.7267271286804707,0.7573753441171381
2020-06-15,0.727925194853984,0.7267390679110265,0.7575067221110082
2020-06-16,0.7282690458500498,0.7267425840986136,0.7573284707017082
2020-06-17,0.7280408884597981,0.7269658558765693,0.7575454961218688
2020-06-18,0.7282847554376153,0.7269311365627008,0.7576095183043213
2020-06-19,0.7279950596549716,0.7267840775214837,0.7575611414406902
2020-06-22,0.7281128617007372,0.72660900290889,0.7576494950706215
2020-06-23,0.72785659444044,0.7268674861283709,0.7575456640084028
2020-06-24,0.7274276968381678,0.7268174615795328,0.7576221313848471
2020-06-25,0.728063278918369,0.7269351106121492,0.757594383184234
2020-06-26,0.7274935816304463,0.7268059493164831,0.7576069714780115
2020-06-29,0.7273508132982099,0.7270104688251972,0.7576287412086187
2020-06-30,0.7271935132484265,0.7271914251474204,0.7575814854580745
2020-07-01,0.7272333104674505,0.727030064877391,0.7575428451149813
2020-07-02,0.7273607566647301,0.7269615595263957,0.7576292861409147
2020-07-03,0.7269931484292477,0.7268574485926269,0.757657313533861
2020-07-06,0.7269627137434266,0.7266692077829491,0.7575701085924132
2020-07-07,0.7275399318765482,0.7265529670871574,0.7576136136984408
2020-07-08,0.7278558095654911,0.726668715004466,0.7577576557387907
2020-07-09,0.7274577455547675,0.7266564692209422,0.757810465571689
2020-07-10,0.7277462350621113,0.7265533945212085,0.7577349840749666
2020-07-13,0.7270128159221685,0.7268661626272758,0.7576504646855032
2020-07-14,0.7271266434149607,0.7267936996427282,0.7577585461558749
2020-07-15,0.7278058280980665,0.7266276611838753,0.7578034331060464
2020-07-16,0.7277983413182972,0.726743461647735,0.7577515366105302
2020-07-17,0.7278003727278332,0.7265855314552488,0.7577628623808403
2020-07-20,0.7278593054300081,0.7266550942122851,0.7577609845536626
2020-07-21,0.7278528259817904,0.726574406594774,0.7575848753579977
2020-07-22,0.728063072530726,0.7267375741821885,0.7575935324769987
2020-07-23,0.7278298486312643,0.7267505102139886,0.7577349599220816
2020-07-24,0.7279039502630988,0.7265854602310406,0.7577773206755575
2020-07-27,0.7275623385240438,0.7265906818607092,0.7576397724658132
2020-07-28,0.7281540652654167,0.7267139097103357,0.7577981882260663
2020-07-29,0.7280615178922144,0.7267222913175295,0.7577508388074257
2020-07-30,0.7283711737392028,0.7266520542730541,0.7578005125509208
2020-07-31,0.7286288835111033,0.726647363677892,0.757703862590254
2020-08-03,0.728705423088393,0.7265941959015652,0.7578652917706368
2020-08-04,0.7286270613909915,0.726659949142792,0.7578415683620302
2020-08-05,0.7279094840802987,0.7266085795462223,0.7578679662851682
2020-08-06,0.7282530216013879,0.7265929452895057,0.7579742113891001
2020-08-07,0.7283289339738139,0.7268334604267027,0.7578795232695308
2020-08-10,0.7283792930707639,0.7267104458356134,0.757849473322668
2020-08-11,0.7275634763845755,0.7266817000848574,0.7579266047069478
2020-08-12,0.7278731534014352,0.7264662220105776,0.757690095979625
2020-08-13,0.7280475251914863,0.7265427875146907,0.7577625137042167
2020-08-14,0.7274474022140434,0.7263646835207098,0.7576890142732404
2020-08-17,0.7277785376540359,0.7264300588216368,0.7577457657544553
2020-08-18,0.7279278130872476,0.7263318046686741,0.7577737154018445
2020-08-19,0.727800400978059,0.7263094751616946,0.7577958098563085
2020-08-20,0.7276234749017364,0.7261570539761034,0.7578095830644166
2020-08-21,0.7271602161693158,0.7262150848677942,0.7579098997095626
2020-08-24,0.7274142944670349,0.7264005506201173,0.7579185938185546
2020-08-25,0.7280500129560139,0.7264018846324922,0.757938673574489
2020-08-26,0.7274482330668474,0.7263313160189376,0.7578837889097343
2020-08-27,0.7275781966507059,0.7263058925332355,0.7579741781071779
2020-08-28,0.7275783703733871,0.7262962460760007,0.758030144437255
2020-08-31,0.727507728891359,0.7261585345642957,0.7581584526224688
2020-09-01,0.7273822625090179,0.7263635639700037,0.7582925958515613
2020-09-02,0.7272454674054156,0.7264823463808435,0.7581304905762082
2020-09-03,0.7268110340509312,0.7264864122321696,0.7580579416423733
2020-09-04,0.72646650528629,0.7265740692499815,0.7581255653415301
2020-09-07,0.7263645651693885,0.72631994022675,0.7580678736101024
2020-09-08,0.7260936990773226,0.7263489771533039,0.7581291420107527
2020-09-09,0.7258253939133452,0.7263053846573566,0.7579048743127182
2020-09-10,0.7256303900400997,0.7263304464605691,0.7580756004534611
2020-09-11,0.724932674986513,0.7263692096105732,0.7580211788770945
2020-09-14,0.7250576177968773,0.7262463032804217,0.7580892128521814
2020-09-15,0.7254490369269968,0.7262805947194312,0.7581421663688912
2020-09-17,0.7258055096742478,0.7262270721193007,0.7581362588446692
2020-09-18,0.7262870967007455,0.7262596849255002,0.7581276622247306
2020-09-21,0.7257784036111876,0.726195130471936,0.7581963776479157
2020-09-22,0.7257244879184269,0.7261478545442853,0.7582060490070934
2020-09-23,0.7256063936743766,0.7262699819419144,0.7583860153485091
2020-09-24,0.725599561063412,0.7262574916831204,0.7581203297202911
2020-09-25,0.7256354685632493,0.726319594355748,0.7582943134908555
2020-09-28,0.7259549312810464,0.7262927924400951,0.7583002779411767
2020-09-29,0.7272557275516915,0.7261821450377126,0.7584758925508914
2020-09-30,0.7279376084018571,0.7260600839608932,0.7583805166058848
2020-10-01,0.7273406717148235,0.726083310041047,0.7583632482267474
2020-10-02,0.728067737540992,0.7260493610594603,0.75846863365847
2020-10-05,0.7289916802741118,0.7260870378349026,0.7584065300334969
2020-10-06,0.7282917698962192,0.7262189013243551,0.7585421542240411
2020-10-07,0.7284029507998574,0.7262537470147711,0.7581656937807736
2020-10-08,0.7290874582962916,0.7262150683208423,0.7584287091314881
2020-10-09,0.7284537185432631,0.7261822194230834,0.7584176068653671
2020-10-12,0.7286676744919482,0.7262608925324586,0.7583800378899576
2020-10-13,0.7291310265284643,0.726145386045712,0.7583171494019635
2020-10-14,0.7290326467624896,0.7261351679983804,0.7582501061478398
2020-10-15,0.7287699415425549,0.7260388264358159,0.7582326901129868
2020-10-16,0.7287160094366234,0.7262769039759295,0.7583251555400243
2020-10-19,0.7283357378141938,0.7261608738647675,0.7582588778904028
2020-10-20,0.7283069255424124,0.7263322817653897,0.7582620029103054
2020-10-21,0.7287296433911756,0.7262887987365102,0.7584745225887886
2020-10-22,0.7284266129466496,0.7259863258188425,0.7584475483225303
2020-10-23,0.7296554405924633,0.7260902093197301,0.7584990732062475
2020-10-26,0.7296864214109544,0.7260431267092414,0.7585277803531986
2020-10-27,0.7298428544957123,0.7261295711044378,0.7585312932142739
2020-10-28,0.7288661729087484,0.7261277746217225,0.7582673510032759
2020-10-29,0.7289533119231185,0.7261407302070771,0.758355912626625
2020-10-30,0.7291214311843784,0.7261709637529,0.7584173094902632
2020-11-03,0.7297188234451001,0.7260910546034216,0.7585329449340737
2020-11-04,0.7292578522552867,0.7260757267041666,0.7585337562663994
2020-11-05,0.7288896885382605,0.7260581168313682,0.7586077691609906
2020-11-06,0.7287659662306141,0.726030026687407,0.7586865115237218
2020-11-09,0.7282131163268449,0.7261346532346395,0.7585487449689128
2020-11-10,0.7279646701576465,0.7259291495386826,0.758791774501595
2020-11-11,0.7281800344959573,0.7260131321521015,0.7586948429091902
2020-11-12,0.7283080294626888,0.7259377597181887,0.7588301396282904
2020-11-13,0.7280576652267734,0.7259469757785277,0.7588608297552969
2020-11-17,0.727768221103664,0.7260775306890467,0.7588645130772824
2020-11-18,0.7276933340766268,0.7258962577408034,0.7588832418405538
2020-11-19,0.7276865450332023,0.7258313052390397,0.7589163519556682
2020-11-20,0.7280376609487564,0.7259788597424186,0.7590285545243269
2020-11-23,0.7276619174305187,0.725886733811848,0.7588399552054114
2020-11-24,0.7274086452748145,0.7259285831192723,0.7590336025947158
2020-11-25,0.7271932299026771,0.7260318179610544,0.7588927650652586
2020-11-26,0.7273528967599688,0.7259912513937256,0.7589078797677165
2020-11-27,0.7272260378285701,0.7258451831686148,0.7590505355087661
2020-11-30,0.7273526085689932,0.7258543238573569,0.7589073131786563
2020-12-01,0.7271111950987742,0.7259024718803054,0.7589901228935931
2020-12-02,0.7269481896507973,0.7259502210558114,0.7589220948282985
2020-12-03,0.7268939068222591,0.7257971519850542,0.7588645558381607
2020-12-04,0.7266122523829783,0.7258312250376363,0.7588978168397241
2020-12-07,0.726704372236779,0.7257847089883265,0.7589346795085469
2020-12-08,0.7272036816895218,0.7258370646625287,0.7590853436061613
2020-12-09,0.726851210182248,0.7259021970346625,0.7590290340907488
2020-12-10,0.7270740597290132,0.7258141383669393,0.7589424641063682
2020-12-11,0.7269906021039171,0.7258332354646314,0.7590537243271357
2020-12-14,0.7266517868106798,0.7259409916286639,0.7590457307052987
2020-12-15,0.7265344558956943,0.7256361809356695,0.759163451561083
2020-12-16,0.7262403823132708,0.7256750603900315,0.7590951922926983
2020-12-17,0.7257830005798273,0.7255920773248105,0.7591997803571001
2020-12-18,0.7252156709724128,0.725616592619803,0.7590521070431712
2020-12-21,0.7258316514897778,0.7255898606131339,0.7592481108873018
2020-12-22,0.7251449009671526,0.7256086364790975,0.7592874725534347
2020-12-23,0.7246092761401162,0.7256387457849156,0.7592195256934813
2020-12-24,0.7247452128830022,0.7256414816464876,0.7590560829612375
2020-12-28,0.7240453370560453,0.7256789222090007,0.7591899771055812
2020-12-29,0.7237024786188733,0.7256603943205586,0.7592881196249409
2020-12-30,0.7240116460105097,0.725806880586724,0.7590995096824006
2020-12-31,0.7237669805503529,0.7257163092775372,0.7590876014689029
2021-01-04,0.7240587035811255,0.7256471646430009,0.759033968577474
2021-01-05,0.7242270304851103,0.7257469653252602,0.7590033807182054
2021-01-06,0.7242771192251134,0.7256408964772503,0.7590168475418348
2021-01-07,0.724605432274152,0.7256666340802711,0.7588936556634239
2021-01-08,0.725254924888028,0.7256156054283864,0.7590595274323686
2021-01-11,0.7248762096314766,0.7256466941617284,0.75920239005071
2021-01-12,0.7250502528609039,0.7257184030131836,0.759173753736207
2021-01-13,0.7243690480089411,0.7256988904171484,0.7592231276376558
2021-01-14,0.7248763002281639,0.7257523258860047,0.7592177293748797
2021-01-15,0.7251609111917463,0.7258231607537183,0.7593322836511353
2021-01-18,0.7251552842957762,0.7257756592532771,0.7594338561849879
2021-01-19,0.7247668870013518,0.7257778792809396,0.759425741380955
2021-01-20,0.724186522232413,0.7256170958724745,0.7593042226783538
2021-01-21,0.7243450276235812,0.7255195863447685,0.7592995439817858
2021-01-22,0.7243631656729428,0.7254610416071435,0.759323434641642
2021-01-25,0.7240529838646059,0.725362022210398,0.7591708194060943
2021-01-26,0.7243385796408536,0.7255931641414333,0.759221077215005
2021-01-27,0.7243057206094421,0.7254848891997455,0.7593462977285258
2021-01-28,0.7245157424200623,0.7253932689733325,0.7593117826269015
2021-01-29,0.7246498846551117,0.7250703015408604,0.7595029369720778
2021-02-02,0.7240848627077435,0.7251960759651304,0.7593889517940309
2021-02-03,0.72417348039676,0.7253097815033542,0.7593594009123996
2021-02-04,0.7244606602094366,0.7252857122788275,0.7593489830474138
2021-02-05,0.7249149745478832,0.7253490380312914,0.7591780095392009
2021-02-08,0.7246651038872378,0.7250385783372786,0.7594519302639837
2021-02-09,0.7247786767270744,0.7252330991914392,0.7592833651016815
2021-02-10,0.7248841913894226,0.7251501893989185,0.7591904590525905
2021-02-11,0.724083491262893,0.7252389442486444,0.7591189032418348
2021-02-12,0.7246677684621391,0.7250814244725997,0.7592265877207245
2021-02-15,0.7246765264903144,0.7250758458762557,0.7592777357540402
2021-02-16,0.7248355548889831,0.7251516050422542,0.7592702245424341
2021-02-17,0.7249952582442304,0.7250558544379262,0.7593938733158591
2021-02-18,0.7253270592558805,0.725018203238251,0.7593320457066199
2021-02-19,0.7252881183255565,0.7251152540887574,0.7593807260844007
2021-02-22,0.7250842582759315,0.7251264253667766,0.7593743661467723
2021-02-23,0.7248462536063985,0.7251790730806229,0.7594201021442395
2021-02-24,0.7246308784713418,0.7248884571027514,0.7593658308379225
2021-02-25,0.7241865410489462,0.7249366231222598,0.7593617762748405
2021-02-26,0.7236787081005869,0.7251002126855722,0.7594564920996874
2021-03-01,0.7241763018675945,0.7251022606483175,0.7595058423930274
2021-03-02,0.7242231896885398,0.7250041487229555,0.7595045694278926
2021-03-03,0.724640333226487,0.7251149303501482,0.7594796793558133
2021-03-04,0.7252925199012781,0.7250858312160197,0.7596649931853073
2021-03-05,0.7256611865631543,0.7250404927622034,0.7595444449380497
2021-03-08,0.7256075998371829,0.7250930413562683,0.7597038643599511
2021-03-09,0.7255303048602721,0.7251082274017143,0.7596521233039201
2021-03-10,0.7256169616705612,0.7250461350668137,0.759634861166895
2021-03-11,0.7256068350470616,0.7251494861678165,0.7594316268341598
2021-03-12,0.7253080881577836,0.7250870682879307,0.7594481146583698
2021-03-16,0.724658968503342,0.7251695134890748,0.7596209844122745
2021-03-17,0.7253122282615693,0.7252247666066656,0.7596296822699388
2021-03-18,0.7249259470679302,0.7252601349000887,0.7597615164567639
2021-03-19,0.7245346292855864,0.7252673507861167,0.7594166246147537
2021-03-22,0.7246674236623927,0.7251714036378512,0.7594114637888123
2021-03-23,0.7251413864283275,0.7252837145990435,0.7594259012541991
2021-03-24,0.7249638151120329,0.725174746671805,0.7596171259660413
2021-03-25,0.7245502044997457,0.7251379713144749,0.7595313491020249
2021-03-26,0.7251648969783699,0.7249391609129675,0.7596024056696312
2021-03-29,0.724469630729474,0.7250332385740763,0.7595069707065516
2021-03-30,0.7246005878475676,0.7248457964587907,0.7595846020856571
2021-03-31,0.7243406661873648,0.7248947928799206,0.7596195374112586
2021-04-05,0.7243457255023057,0.7246746738417826,0.7593774357902636
2021-04-06,0.724525554501439,0.724737357155841,0.7595063617134772
2021-04-07,0.7242997520945851,0.7246533699063239,0.7594693552670794
2021-04-08,0.7241438864282497,0.7248444485999848,0.7594099834153282
2021-04-09,0.7240730296061845,0.7247679734114622,0.759385222467138
2021-04-12,0.7239458649272054,0.7245754192908149,0.7592467839089415
2021-04-13,0.7238741398947203,0.7246107921466427,0.7595993015014522
2021-04-14,0.7239646590241855,0.724530588470728,0.7595187961858566
2021-04-15,0.7241424926750318,0.7243065511831124,0.7594987933090154
2021-04-16,0.7240942327326949,0.7243264297887508,0.7594759838240072
2021-04-19,0.7240752628363509,0.7243143782020852,0.7593791102075983
2021-04-20,0.7240339498327684,0.7242762942598411,0.7596961742493133
2021-04-21,0.7242450541879996,0.724416829930201,0.7596081128963789
2021-04-22,0.72430390695734,0.7242691746504896,0.7594629601309028
2021-04-23,0.724635182693344,0.7242403129930947,0.7594125412921657
2021-04-26,0.7245397475192794,0.7241868414145601,0.759325448453728
2021-04-27,0.7246577064741202,0.7243014892449668,0.7594294062862503
2021-04-28,0.7243192758410674,0.724327550445206,0.75951584210648
2021-04-29,0.7246143570796669,0.7244846036735488,0.7594089155120152
2021-04-30,0.7239023942022889,0.7242943182429228,0.7596531794059486
2021-05-03,0.7240628006432498,0.7243398505482366,0.7596688785912843
2021-05-04,0.7245260256955937,0.7243705731612206,0.759773453729744
2021-05-05,0.72467015907412,0.7243840522994411,0.7594885911355912
2021-05-06,0.7246403649412757,0.7243872629121924,0.7596637831487802
2021-05-07,0.7251015341321194,0.7242995385590921,0.7597783052251482
2021-05-10,0.7251754405753137,0.7242694490650183,0.7597562977205885
2021-05-11,0.7248827272521922,0.7242798039405868,0.7596495153512675
2021-05-12,0.7249215016878992,0.7242649388054518,0.7598280895402518
2021-05-13,0.7245773334859685,0.724268313848245,0.7597616418366774
2021-05-14,0.7244875860864187,0.7243127257355948,0.7597724520089603
2021-05-17,0.7245231493721487,0.7243323047427542,0.759710137736807
2021-05-18,0.7244104209301749,0.7243979441213048,0.7598500063866316
2021-05-19,0.7241499882150864,0.7243471758393231,0.7596995453033965
2021-05-20,0.7238593289071077,0.7243387717007471,0.7597946153648115
2021-05-21,0.7238127012450407,0.7240901348197804,0.7596787986698127
2021-05-24,0.7241301631284331,0.7242173427727305,0.7597161823321061
2021-05-25,0.7239649882732205,0.724212529386791,0.7597939221793866
2021-05-26,0.7245821628335375,0.724207731649921,0.7598278473013138
2021-05-27,0.7249708774802687,0.7242581736780993,0.7595783925698478
2021-05-28,0.7251409860455809,0.7246331697505654,0.7598993739669404
2021-05-31,0.7244642121849125,0.7245693255213574,0.7597489424042974
2021-06-01,0.7246435856760284,0.7246399492732337,0.75980682500992
2021-06-02,0.7254217765170355,0.7244582002702764,0.7598503966474113
2021-06-03,0.7255863096761308,0.7243524104189412,0.7598281985142976
2021-06-04,0.7250411443280947,0.7243918991939078,0.759757145443938
2021-06-07,0.7250035071317411,0.7242770410067936,0.7597426391966696
2021-06-08,0.7245864187169794,0.7244529738529994,0.7597884702960641
2021-06-09,0.7240895531169675,0.7243362964677224,0.7596738600709261
2021-06-10,0.723783414737529,0.7245318612173426,0.7597695266829102
2021-06-11,0.7240258362250449,0.7244292176724196,0.7598526657391049
2021-06-14,0.7239482131292663,0.7245715983526231,0.7598570546334674
2021-06-15,0.7242387594513209,0.7244691992088496,0.7598001252803842
2021-06-16,0.7243180102806823,0.7246094104571242,0.7597571623973775
2021-06-17,0.7241159032703655,0.7245145409627095,0.7598021457716638
2021-06-18,0.7244901906976705,0.7244714759081268,0.7598893413139148
2021-06-21,0.7246252001774289,0.7245727686577064,0.7597873121399901
2021-06-22,0.7243861100518115,0.7244533765073888,0.7598695958067931
2021-06-23,0.7241347907962344,0.7243417513990226,0.7599252855855972
2021-06-24,0.7238353325064787,0.7245413700068979,0.7600316108226453
2021-06-25,0.7236877908752741,0.7245481088453146,0.7597214707945433
2021-06-28,0.7229622276481813,0.724528295459707,0.7599174717454101
2021-06-29,0.722970453637868,0.7243878238004052,0.7600220937387767
2021-06-30,0.7231066910843762,0.724624637865581,0.7601654814913853
2021-07-01,0.7231785404775573,0.7243496672024596,0.7599751661358084
2021-07-02,0.7237013258739765,0.7245038273327646,0.7601298414447744
2021-07-05,0.7234590156245941,0.7244650142969936,0.7602653410250977
2021-07-06,0.7231553806578239,0.724461523508753,0.7602004089069279
2021-07-07,0.7231158779786757,0.7243729387318923,0.7601161786030961
2021-07-08,0.7234508302357445,0.724295990434613,0.759884012631961
2021-07-09,0.7235287939241852,0.7244992727402596,0.7599980109832761
2021-07-12,0.7230253422596031,0.724522923877746,0.76016246744315
2021-07-13,0.7228155416875538,0.7245525772538056,0.7601195305154481
2021-07-14,0.7228737238983012,0.7244889390065823,0.7599386079590943
2021-07-15,0.7231464451468348,0.724471765959196,0.7600074079926116
2021-07-16,0.723826095358662,0.7242100724672099,0.7598974634539132
2021-07-19,0.7239624326125961,0.7242521485341548,0.7597562071798915
2021-07-20,0.7238232051350653,0.724065498089641,0.7599351048734942
2021-07-21,0.723446405256931,0.7240838687356633,0.7598022453670505
2021-07-22,0.7233123293456561,0.7241463920216387,0.7598230510479655
2021-07-23,0.7228349635571527,0.7240589704939444,0.7599306731249122
2021-07-26,0.7222350466790216,0.7240308460646478,0.7598282781447872
2021-07-27,0.7222902991683532,0.7240340806334029,0.7598677942707279
2021-07-28,0.7230687913173962,0.7240519076951135,0.7599503696850576
2021-07-29,0.72363105240834,0.7240713110625911,0.7599056581727195
2021-07-30,0.7235308728147644,0.7240769736711143,0.7599260534180876
2021-08-02,0.7236289305377115,0.7240171740357763,0.7600398954922957
2021-08-03,0.7236688137630012,0.723964408483598,0.7601573447563257
2021-08-04,0.7240654537373011,0.7240312401904743,0.7602660030139398
2021-08-05,0.7239197291439136,0.7238394589167055,0.7602019057204931
2021-08-06,0.7236852251777808,0.7239680472312938,0.760320567151184
2021-08-09,0.7230879583333405,0.7239772368851735,0.7602920302840356
2021-08-10,0.7228616763324806,0.7238808256207886,0.7603521554938729
2021-08-11,0.7230068755906335,0.7239843350341646,0.7602985353917967
2021-08-12,0.7227506798500485,0.723992153358574,0.7602231515070789
2021-08-13,0.7233909439393728,0.7240216016530469,0.760330471475175
2021-08-16,0.7231778499283779,0.7241189025466679,0.7603880044399443
2021-08-17,0.7229239047933739,0.7240616897019172,0.7601716906467467
2021-08-18,0.723150603279938,0.724171864163711,0.7601170145567296
2021-08-19,0.7230944900875929,0.7240259958075521,0.7601491571483688
2021-08-20,0.723673543081349,0.7240297801354783,0.7601286551348251
2021-08-23,0.7236428735426411,0.7240649938221678,0.7602498345628531
2021-08-24,0.7235531426922422,0.7240686597381133,0.760246387381343
2021-08-25,0.7237986209988543,0.7240103277754266,0.7604369967512798
2021-08-26,0.7236905441769652,0.7240691617223612,0.7605494641214819
2021-08-27,0.7241551547174694,0.7240601249670411,0.7604193708322752
2021-08-30,0.7242506713251252,0.7239822045592438,0.760235169949248
2021-08-31,0.7238736374901662,0.7239225743959383,0.760453475923406
2021-09-01,0.7237608725262126,0.7240091293063732,0.7604292573479428
2021-09-02,0.7239345072885582,0.7238402252625218,0.7604105492914411
2021-09-03,0.723711050177668,0.7237965594584164,0.7603240964393816
2021-09-06,0.7238591327728336,0.7238441160857045,0.7603514903729034
2021-09-07,0.7238146228866509,0.7237792901652885,0.7603387172744737
2021-09-08,0.7233710300577547,0.723778729146436,0.760264795323615
2021-09-09,0.7237016487127382,0.7239130423437737,0.760244344467255
2021-09-10,0.7234468120513255,0.7235978676269182,0.7603023901952759
2021-09-13,0.723826384871089,0.723662709524911,0.7601361456978369
2021-09-14,0.7241055350406819,0.7236622264984377,0.759939962369351
2021-09-15,0.7243458742059066,0.7233738721465222,0.7601124402159135
2021-09-17,0.7242065294573504,0.7234517389503716,0.7602990921809171
2021-09-20,0.7239471697350303,0.7235930269446909,0.7602570793933837
2021-09-21,0.7235534670950604,0.723576040968928,0.7601783559692764
2021-09-22,0.7236283001788724,0.7234821270526616,0.7599027444750842
2021-09-23,0.7234230480379783,0.7233428207467242,0.7600207507005914
2021-09-24,0.7239752018701997,0.7232640542136587,0.7601342739218429
2021-09-27,0.72406663661711,0.7233046053975922,0.7602252068202691
2021-09-28,0.724071148563448,0.7232685251220271,0.7601691839833501
2021-09-29,0.7241597501715054,0.7232064635795392,0.7604054774675495
2021-09-30,0.7243532640656951,0.7233798698083811,0.7604566145614988
2021-10-01,0.7241692303897351,0.7230444606700112,0.7603286677245882
2021-10-04,0.7239966048358673,0.7231765325277878,0.7602255010403579
2021-10-05,0.7238723670018116,0.7231858473114551,0.7601089598283954
2021-10-06,0.7240319856496809,0.7233722971043678,0.7602095715182
2021-10-07,0.7245375953781461,0.7233424787124679,0.7604560243917999
2021-10-08,0.724378545161724,0.7232655083993372,0.7603804144060985
2021-10-11,0.7241205416320395,0.7232773599262325,0.7603381416685219
2021-10-12,0.7244470230257004,0.7233785371324382,0.7603999282235177
2021-10-13,0.7243614600269017,0.7233904363513801,0.7601142937208977
2021-10-14,0.7245917072452859,0.7233752058889419,0.760395051145644
2021-10-15,0.7245446873200745,0.7233646632920738,0.7601617829922913
2021-10-18,0.7241540329552425,0.7232412003211918,0.7602117408769175
2021-10-19,0.7240810230391742,0.7230152099318207,0.7602514976215552
2021-10-20,0.7244295350702449,0.7230593344863534,0.7603657353713408
2021-10-21,0.7248671981471734,0.7229498066788163,0.760162273043247
2021-10-22,0.7246449662431492,0.7229323713481136,0.7601795645593149
2021-10-25,0.7243793737307858,0.7229313411793451,0.7601754954212006
2021-10-26,0.7247300633134575,0.7229657717182804,0.7600267851932451
2021-10-27,0.7247480087754243,0.7228856768313909,0.7601039936908437
2021-10-28,0.7247085392677317,0.722982925986321,0.7601485856995953
2021-10-29,0.7249894755174973,0.7228691470078035,0.7600712818980634
2021-11-01,0.724867694229337,0.7228405930330085,0.7601382270112926
2021-11-03,0.7252262813127841,0.7229354492578747,0.7601713254720712
2021-11-04,0.7256086011669612,0.7227596736266212,0.7602427510013506
2021-11-05,0.7260680787649572,0.7228458066861747,0.7600976295676344
2021-11-08,0.726279396282871,0.7227152339499385,0.7602299851501789
2021-11-09,0.7260407244806598,0.7228476304348385,0.7603211221554182
2021-11-10,0.7260497125992252,0.7228921009559309,0.7602812226115662
2021-11-11,0.7261858406728434,0.7228051620480612,0.7604548167602251
2021-11-12,0.7261524785840351,0.7227901825835462,0.7603441913049199
2021-11-16,0.7260143816098558,0.7227504833474547,0.7602961984310331
2021-11-17,0.7264621742460697,0.722653825648834,0.7601964956337972
2021-11-18,0.7267127067119119,0.7226371260661164,0.7602920050002189
2021-11-19,0.7268893120546465,0.7227219486820432,0.7604111732385003
2021-11-22,0.7264594436496102,0.7226481357089592,0.7603440338212009
2021-11-23,0.7268376292656739,0.7226206245848857,0.7603345214400795
2021-11-24,0.726336677191536,0.7226227661222449,0.760138200824135
2021-11-25,0.7263281095785813,0.722616181707654,0.7602718825732871
2021-11-26,0.7269119593006096,0.7225762356456191,0.7601602020571202
2021-11-29,0.7276564205113327,0.7225211285903053,0.7602064691234987
2021-11-30,0.7278374553398381,0.7223574730932794,0.7602805862192293
2021-12-01,0.727906980311617,0.7224368262310322,0.7600820709310465
2021-12-02,0.7274151966489849,0.7225072315158481,0.7602099042086814
2021-12-03,0.7279639137243111,0.7223968141637548,0.7601760482588213
2021-12-06,0.7279472478837952,0.7224564181840218,0.760268572773305
2021-12-07,0.7276366351749046,0.7223031309498693,0.7602722671259405
2021-12-08,0.7276226192449797,0.7223561873989816,0.7602616465035489
2021-12-09,0.7280867057405294,0.7223945200390938,0.7601994383935485
2021-12-10,0.7279627213004617,0.7222587642548001,0.760122814677149
2021-12-13,0.7287576583379698,0.7223125297988561,0.760165320611689
2021-12-14,0.7286826137016016,0.7222068391978886,0.7602227584747429
2021-12-15,0.7283368662552268,0.7224275163528958,0.7603378528405655
2021-12-16,0.7284257117534629,0.7223112661935975,0.7601187899980479
2021-12-17,0.7283331932868625,0.7219614757991459,0.7601263612991189
2021-12-20,0.7280690479493436,0.7220149089836942,0.7601425031203433
2021-12-21,0.7281404772561315,0.7219381952000922,0.7601649591280837
2021-12-22,0.7285421635647321,0.7219204459533283,0.7602693441257471
2021-12-23,0.728337614091454,0.7220685314229022,0.7604230989605308
2021-12-24,0.7279214256276606,0.7218342022097572,0.7603139900120124
2021-12-27,0.727684038655113,0.7218262094283991,0.7605508795327801
2021-12-28,0.7273475131265154,0.7219066906548581,0.7603175816906206
2021-12-29,0.7268677314960442,0.7218454503287588,0.7607310696615031
2021-12-30,0.7270924079010197,0.7217651041197737,0.7606438974550063
2021-12-31,0.7272555353002347,0.7219200451197026,0.7605870685743771
2022-01-03,0.7276392238391627,0.7219598288190487,0.7607284949807139
2022-01-04,0.7275897972445785,0.7219033973298833,0.7604047375758326
2022-01-05,0.7269245653107295,0.7219727285804745,0.7604166434993144
2022-01-06,0.7271261611061405,0.7221304606092466,0.7602599432422013
2022-01-07,0.7271220051433742,0.7220548622338333,0.7602234537565299
2022-01-10,0.7268771938249926,0.722007223871109,0.7604921076846061
2022-01-11,0.7266612869257852,0.7219506169697223,0.7601738542078554
2022-01-12,0.727135289962176,0.7219926451204809,0.7600550709534893
2022-01-13,0.7267878850014923,0.7218021660865168,0.760071439896044
2022-01-14,0.7268209394904132,0.7219562120131523,0.7599435805931343
2022-01-17,0.7270293751940134,0.7219160851230367,0.7601253024957011
2022-01-18,0.7267493711017369,0.7218446296764198,0.7601040644463632
2022-01-19,0.7266368646907583,0.7220130567011392,0.760209035374346
2022-01-20,0.7272230173697557,0.7220967315358813,0.7600891206989143
2022-01-21,0.7277877523902213,0.7220654345064331,0.7601267892152718
2022-01-24,0.7276277690787202,0.7221017066909137,0.7602619376155882
2022-01-25,0.7276533711621678,0.7217397394562515,0.7604160415596642
2022-01-26,0.7270947912871637,0.7218745554049588,0.7603764685393414
2022-01-27,0.7277109121525185,0.7218968660628426,0.7605079082375746
2022-01-28,0.7285930190298222,0.7221156283316746,0.7603940037189336
2022-01-31,0.7285020529087347,0.7219814017466548,0.760295850719328
2022-02-01,0.729060592970276,0.7219799719143479,0.7603041345261947
2022-02-02,0.7296918050509076,0.7218377035740168,0.7604703478717773
2022-02-03,0.7294402018532075,0.7219176901314632,0.7603063473012837
2022-02-04,0.7303129498212888,0.7218684102111821,0.76026455026974
2022-02-08,0.7304235175227031,0.7219861692091165,0.7603535514850839
2022-02-09,0.7313410710790137,0.7220676040392329,0.7604093089552861
2022-02-10,0.732065133924428,0.721971695212564,0.7604762470601675
2022-02-11,0.7316364709165483,0.7219210905073599,0.7605581536222291
2022-02-14,0.7316614958597981,0.7220379626818705,0.760563590824241
2022-02-15,0.7319676266744116,0.7219823215711643,0.7607041144800857
2022-02-16,0.7325255619312295,0.7219746959850383,0.7607506749236149
2022-02-17,0.7332110712776716,0.7219385250634331,0.7607147592355948
2022-02-18,0.7332974679954234,0.7220158176398687,0.7609483664550677
2022-02-21,0.733728287059042,0.7219799562631365,0.7608964570504887
2022-02-22,0.7331714398818415,0.7219927399597017,0.7608151173165182
2022-02-23,0.733164322837412,0.7219493261503559,0.7609059519838234
2022-02-24,0.7331348421979886,0.7218526344231797,0.760727072741342
2022-02-25,0.7332452397654783,0.7216928041102318,0.76062982699075
2022-02-28,0.7336425094235701,0.7216897828451728,0.7606296795993293
2022-03-01,0.733326023627703,0.7215473268704169,0.7607990846042106
2022-03-02,0.7331138875485649,0.7214660950924136,0.760652699788671
2022-03-03,0.7333698030245559,0.721328978489823,0.760780973192968
2022-03-04,0.7340228793326007,0.7214344852140849,0.7606979939984038
2022-03-07,0.7336282254587986,0.7216001852757836,0.7606157937322747
2022-03-08,0.7339154125702833,0.7215922135163116,0.7607863996921734
2022-03-09,0.7337239093585306,0.7216244943924525,0.7605992669015712
2022-03-10,0.7340268130406151,0.7214615668176728,0.7606398921147833
2022-03-11,0.7342018064962587,0.721598512231722,0.7606124726169706
2022-03-14,0.7341851002421146,0.7217112492592109,0.7609478585593675
2022-03-15,0.7345115201727964,0.7216440070718576,0.7607526759660472
2022-03-16,0.7343690309851506,0.7216181087293261,0.7605781175306456
2022-03-17,0.734119494356129,0.7216361972666586,0.7607745145051173
2022-03-18,0.7341226461226772,0.721821567498733,0.7607884500226084
2022-03-22,0.734275064573143,0.7217067748519018,0.7608429763117015
2022-03-23,0.7349071207057442,0.7216581991107341,0.7608900471773773
2022-03-24,0.7350088979005253,0.7215149560821715,0.7606021486439191
2022-03-25,0.7350139646777388,0.7216432880557303,0.7606409533578821
2022-03-28,0.7355755067343999,0.7215526037074746,0.7608206299525269
2022-03-29,0.7353411716115799,0.7217652580684553,0.7607970456470663
2022-03-30,0.7348397064861488,0.7215737573305235,0.7607664917606758
2022-03-31,0.7346703092133284,0.7216942499870039,0.7607901612633501
2022-04-01,0.7347566005010496,0.7217061506248239,0.7607614048715472
2022-04-04,0.7349294293017642,0.7217859711510018,0.7606666428483798
2022-04-05,0.7354436813752059,0.7217766453468897,0.7608907751227332
2022-04-06,0.7357707343108222,0.7218176500275617,0.7607196125380203
2022-04-07,0.7358100864464232,0.7213939456360695,0.7609157639776555
2022-04-08,0.7356367972563385,0.7212796314841132,0.7609479059015865
2022-04-11,0.7363170645878743,0.7214486420095975,0.7606970427476719
2022-04-12,0.7359922978782647,0.7215485230139523,0.7607339716638619
2022-04-13,0.7361077359870728,0.7214522597969366,0.7606578177915054
2022-04-18,0.7362510741947572,0.7216724179678673,0.7606270795919189
2022-04-19,0.7363985859154116,0.7212944354316837,0.7607943108769406
2022-04-20,0.7362363612338647,0.7210172513646469,0.760616458801082
2022-04-21,0.7360399237436962,0.7209988874034962,0.7606128703846872
2022-04-22,0.7363678758218553,0.7211834226722357,0.760526732304357
2022-04-25,0.736288983162197,0.7210950222302089,0.7602661781723692
2022-04-26,0.73630065087412,0.7211733262645549,0.7603671691592326
2022-04-27,0.7364433596499029,0.7211157209259033,0.760721232695787
2022-04-28,0.7370288107746976,0.7213063152768321,0.7605071338620825
2022-04-29,0.736852998812327,0.7212723901702629,0.7605699612615641
2022-05-02,0.7366078971684908,0.7212143181493387,0.7606353293014934
2022-05-03,0.7373140723790369,0.7213433280941354,0.7607915605629867
2022-05-04,0.737489974418911,0.7213066696357611,0.760876624162814
2022-05-05,0.7377751573668085,0.721396344371204,0.7609007408056476
2022-05-06,0.7384362580353678,0.7213022714506836,0.7606957467744605
2022-05-09,0.7382628603282234,0.7212732661849108,0.7608506780192127
2022-05-10,0.7380045239504097,0.721227558398824,0.7607173329858734
2022-05-11,0.7386110115830451,0.7213431267783611,0.7610045255471158
2022-05-12,0.738103184786016,0.7214012044614784,0.7609044261432415
2022-05-13,0.7384682637393937,0.7214230430634878,0.7609447228477947
2022-05-16,0.7386262698235678,0.7212279269002184,0.7610615126508696
2022-05-17,0.7382945381784101,0.7211285137952465,0.7609367658545829
2022-05-18,0.7381261929157644,0.7210240804859214,0.7610682561060518
2022-05-19,0.7379847382163399,0.7210967247723217,0.7611661365641135
2022-05-20,0.7385378431117559,0.7211132499727603,0.7611113776057647
2022-05-23,0.7386541040206205,0.7210896405903073,0.761195747601921
2022-05-24,0.7389102438762682,0.7208665593094135,0.7609709234259473
2022-05-25,0.7383659951314151,0.7208418400268416,0.7609031076544128
2022-05-26,0.7379900772214282,0.7209939003770929,0.761006865918565
2022-05-27,0.7381033757452351,0.7209603777032283,0.7609402963859027
2022-05-30,0.7374144989710575,0.720872430063025,0.7609759402306701
2022-05-31,0.7376384638336723,0.7207264517855533,0.7609388106664404
2022-06-01,0.7378404452344605,0.720719822658947,0.761122491279898
2022-06-02,0.7372940056129403,0.7207086630858908,0.761312403446573
2022-06-03,0.7377772902502504,0.7206232087483571,0.7612346377036681
2022-06-06,0.7381955827099559,0.7207470828735304,0.761017658467812
2022-06-07,0.7385602820223721,0.720843232616706,0.7610796617696642
2022-06-08,0.7389874925416892,0.7206243018859476,0.7610173303518055
2022-06-09,0.7389404331633613,0.720738660878155,0.7608966674664916
2022-06-10,0.7381352949521048,0.7209271855876456,0.760972907493591
2022-06-13,0.7377233771820683,0.7207715139584724,0.7609410612210132
2022-06-14,0.7376790825836751,0.7206567360712023,0.7607685872058382
2022-06-15,0.7383536011261401,0.7209521225348562,0.7609392012600209
2022-06-16,0.73755220436684,0.7208715618576422,0.7610185619085146
2022-06-17,0.7371717609526537,0.7208287643700678,0.7608888312030481
2022-06-20,0.737609885482144,0.7210314865385191,0.7609126810041419
2022-06-21,0.7371061633789648,0.7209660739388881,0.7608860251757601
2022-06-22,0.7374034942997578,0.7209400481776428,0.7608144321830541
2022-06-23,0.7364313821777875,0.7210042026430852,0.760811843405454
2022-06-24,0.737038953968045,0.7210152758177402,0.7607310258485906
2022-06-27,0.7371557560288602,0.721006116404863,0.7607220292495778
2022-06-28,0.7365924931581546,0.7207736056100642,0.7608994842298654
2022-06-29,0.736582916019214,0.7207805009286097,0.7607065224028635
2022-06-30,0.7363040180532,0.7205969942867081,0.7607044862869002
2022-07-01,0.7366513332516463,0.7205383393974907,0.760704884860849
2022-07-04,0.7362414120899949,0.7204312688444714,0.7606988175345754
2022-07-05,0.7370751628687178,0.7205562888968047,0.7606120962434437
2022-07-06,0.7374982228770478,0.7205928265328618,0.7606633540162124
2022-07-07,0.7375799073613449,0.7203773892780577,0.7607044629843961
2022-07-08,0.737491842104941,0.720466946586741,0.7608315721015011
2022-07-11,0.7379667371940973,0.7204589016912677,0.7608259268400037
2022-07-12,0.7375084539219358,0.7203634652889419,0.7608125828724795
2022-07-13,0.7374362562224301,0.7204475625863189,0.7606581245284576
2022-07-14,0.7373824998448638,0.7200861058280695,0.7607204538784524
2022-07-15,0.7374735820865986,0.72011447229121,0.7607255770402188
2022-07-18,0.7376487547458891,0.7201815910304648,0.7607732256547973
2022-07-19,0.7373227825871242,0.7200344631481533,0.760630159701801
2022-07-20,0.7375202934969292,0.7197670330235914,0.7606681441558373
2022-07-21,0.7384099799770735,0.7197358317542663,0.7608193350978457
2022-07-22,0.7384174616106417,0.7200192700003277,0.7608123764836981
2022-07-25,0.739057448469345,0.7199671202923127,0.7608402754434619
2022-07-26,0.7394842493524889,0.7198847207816182,0.7610278569067038
2022-07-27,0.7400159372291533,0.719949823971577,0.7608644205593704
2022-07-28,0.739131603478192,0.7201096538272839,0.7608631192389671
2022-07-29,0.7403879763975364,0.7200081896273955,0.7608975072704455
2022-08-01,0.7405274248833624,0.7201178376373775,0.7608215906940805
2022-08-02,0.7404430532438637,0.720002473013637,0.7608363052153343
2022-08-03,0.7410191723294486,0.7200884701546146,0.7609563501063836
2022-08-04,0.7410239387129463,0.7199063558650441,0.7608294745704771
2022-08-05,0.7407368133911566,0.7198504545719933,0.7607828108421509
2022-08-08,0.7409665126861904,0.7200382563250954,0.7608579437796755
2022-08-09,0.740551457141584,0.7199706768755306,0.7609519689199589
2022-08-10,0.7411424954698786,0.7197090514348663,0.7609903831698508
2022-08-11,0.7418861972812384,0.7196168780941055,0.761014588050851
2022-08-12,0.7415883480023003,0.7197937749266616,0.7609661889890065
2022-08-15,0.7419093492683154,0.7197184154658492,0.7610251853074563
2022-08-16,0.7419442147801785,0.7196150208084138,0.7610690875874788
2022-08-17,0.7416912470016007,0.7196688881117905,0.7612334325003123
2022-08-18,0.7415213366052011,0.7198824512772597,0.7613078162901972
2022-08-19,0.7411058265056707,0.7198998241069664,0.7613053809248358
2022-08-22,0.7412364196438512,0.7200891348962858,0.7612240725687923
2022-08-23,0.7412501096406061,0.7198420368766232,0.7614323664005497
2022-08-24,0.7414999107974662,0.7199327746333257,0.7613866861720234
2022-08-25,0.7415660862689856,0.7199674356049894,0.7613303968936579
2022-08-26,0.7415296280737262,0.7198991800721851,0.761405632515037
2022-08-29,0.7412025614873184,0.7200016232477062,0.7613737072355506
2022-08-30,0.7404399035807206,0.7198295865281422,0.7613625625649625
2022-08-31,0.7398594697039174,0.7198100106791935,0.7610608108782803
2022-09-01,0.7405616185262834,0.7198086816624509,0.7610519280482135
2022-09-02,0.7414319553289244,0.7196418889126318,0.7611818151014262
2022-09-05,0.7416033095085736,0.7198384525144429,0.7612536507411102
2022-09-06,0.7413503561000012,0.7200342432958567,0.7611622972548453
2022-09-07,0.7414228019652629,0.7201148729153025,0.7614116145828848
2022-09-08,0.7412115444150915,0.7198871291159744,0.76144832203519
2022-09-09,0.7407040312985033,0.7200664442277079,0.7615283891413488
2022-09-12,0.7413345629927844,0.7197812714651687,0.7615427513391934
2022-09-13,0.740543622869933,0.7197053456215633,0.761513122925842
2022-09-14,0.7404931121169127,0.7196711075116271,0.7614840381835516
2022-09-15,0.7405553283353401,0.7196630453548444,0.7614246410033797
2022-09-19,0.7401912968902326,0.7197037767415759,0.7616077416804424
2022-09-20,0.7404829532896602,0.7196546721074141,0.7616195366467932
2022-09-21,0.7408534153365417,0.7198036042187766,0.7614859942209947
2022-09-22,0.741130165344291,0.7195133292249397,0.7615262819152668
2022-09-23,0.7410188200369524,0.7197786708839018,0.7617681278437605
2022-09-26,0.7405532609343314,0.7195822224854455,0.7616316030123355
2022-09-27,0.7406844287871259,0.7198575426857651,0.7616177426722058
2022-09-28,0.7402680103001831,0.719937524081341,0.7616803008298846
2022-09-29,0.7412818091431139,0.7196063256462231,0.7617002969755425
2022-09-30,0.7407029684994028,0.7196669339436538,0.7617397526000861
2022-10-03,0.7408270920376433,0.7196030349846985,0.7618608822138889
2022-10-04,0.7405527621506499,0.7196648884408775,0.7620410321620863
2022-10-05,0.7415030076841054,0.7197686683064014,0.761886147529457
2022-10-06,0.7414110554021375,0.7195902948818083,0.7617325295243736
2022-10-07,0.7416987286821265,0.7196906777530659,0.7620099714006496
2022-10-10,0.7421029765291918,0.7198560275264997,0.7618388365744578
2022-10-11,0.7417335558134321,0.7196386432785373,0.7617742803603632
2022-10-12,0.742196576037012,0.7196075489427525,0.7618288759949208
2022-10-13,0.7423126506242399,0.7194935544659931,0.7618167596211813
2022-10-14,0.7429117394145562,0.7196172751864662,0.7615701680476367
2022-10-17,0.7428615924784152,0.7196509467616009,0.7617338955709579
2022-10-18,0.7424541923308547,0.719580926328061,0.761770493459387
2022-10-19,0.7420472282751694,0.7195420034336316,0.7617358070651131
2022-10-20,0.7422981839828479,0.7198859947767267,0.7616389596023511
2022-10-21,0.7414781797710726,0.7197423637997475,0.7620770705374147
2022-10-24,0.7416001749068676,0.719650003190907,0.7621023173712056
2022-10-25,0.741732080826024,0.7197000528955323,0.7618014833519925
2022-10-26,0.7419255722059873,0.7198059278399651,0.7619459998942784
2022-10-27,0.7416387453125894,0.720035584568126,0.7620828023641187
2022-10-28,0.7418089124908795,0.7198084391055976,0.7621889224061162
2022-10-31,0.7410778909072048,0.7198420382157262,0.7622498233441057
2022-11-01,0.7411634510887187,0.7197815031937617,0.7621535069806973
2022-11-03,0.7410354378960536,0.7197162275978185,0.7622728897894443
2022-11-04,0.7401020129296705,0.7197222306883433,0.7621566151200992
2022-11-07,0.7402432642412647,0.7194522091173714,0.7621899243756562
2022-11-08,0.7405377082145324,0.7196273185531394,0.7623862368353983
2022-11-09,0.7407392463987662,0.7195069882820866,0.7622223325161089
2022-11-10,0.7404022125866663,0.7193522121535839,0.7622855791852602
2022-11-11,0.740161705267881,0.7191919847805832,0.7621629422118171
2022-11-14,0.7395508459107899,0.7191485975639593,0.7621823358717217
2022-11-15,0.7393888466620345,0.7190701915024236,0.762058217052924
2022-11-16,0.7401307458077907,0.7189340259853652,0.7618734422457101
2022-11-17,0.740385354983025,0.7190927135010092,0.7619961894383775
2022-11-18,0.7404713989133451,0.7192216217996507,0.762137271075013
2022-11-22,0.7413506671282404,0.7190956359938404,0.76225536904884
2022-11-23,0.7412574458210066,0.7193515427616688,0.7622578776404204
2022-11-24,0.7415877080676454,0.7191978927963727,0.7623104967184442
2022-11-25,0.7418704434824394,0.7191427705265085,0.7621192758717544
2022-11-28,0.7414965709341186,0.7191914039582323,0.7621579945058218
2022-11-29,0.7411908049684044,0.7193383664320285,0.762323595057879
2022-11-30,0.7410603500086755,0.7192527213969799,0.7621916880014136
2022-12-01,0.7408459397003613,0.7192446284017829,0.7624099252441994
2022-12-02,0.7406973259005996,0.7192342085638023,0.7624317443462829
2022-12-05,0.7411365264626794,0.7192606762869606,0.7623481455958686
2022-12-06,0.7410172426587108,0.7191525928450265,0.7622641207092834
2022-12-07,0.7417303154237711,0.7191374759303015,0.7622833817549406
2022-12-08,0.7414396585416538,0.719206957130065,0.7623387829941531
2022-12-09,0.7413855367627918,0.7191341628802315,0.7623672290113429
2022-12-13,0.7415630803084962,0.7192025152844483,0.762192146596428
2022-12-14,0.7410441816898343,0.7191157441108077,0.7621886616803595
2022-12-15,0.7411677392870352,0.7191675157708907,0.7619591401827814
2022-12-16,0.7408378590602638,0.7192604211762814,0.7621297123489741
2022-12-19,0.7408325708797604,0.7190686114505959,0.7624718091167018
2022-12-20,0.7407172305480507,0.7190654211349579,0.7622408227484796
2022-12-21,0.7414166640663243,0.7189896694385247,0.7621735905368943
2022-12-22,0.7409036082135584,0.7191829262432526,0.7621979287207963
2022-12-23,0.7412900680649721,0.7192380661019464,0.7623176750568998
2022-12-26,0.7409544492068715,0.7192751893207107,0.7621954961002072
2022-12-27,0.7412138575873662,0.7193009777205366,0.7622045575421856
2022-12-28,0.740281717963035,0.7192534852432538,0.762108615800468
2022-12-29,0.7405115843160066,0.7194704148017043,0.7622276624186303
2022-12-30,0.7404611259135139,0.7191932965197662,0.7621381454940214
2023-01-02,0.7402448846254152,0.7193198047635382,0.7620261797823379
2023-01-03,0.7406634642560084,0.7193072613277044,0.7621324838164759
2023-01-04,0.741264656121373,0.7191171559731567,0.7620940583315007
2023-01-05,0.7407188662659457,0.7190902412709843,0.7622222052674053
2023-01-06,0.7397917128218845,0.7190564536166762,0.7621773501393904
2023-01-09,0.7396705915702245,0.7191266297508349,0.7621240772324966
2023-01-10,0.7396300553401707,0.7193366367774988,0.7620928859764162
2023-01-11,0.7396081260716194,0.7193257000139788,0.7620204140298386
2023-01-12,0.7397331356200207,0.7192447810612398,0.7621137227756664
2023-01-13,0.7394607046646143,0.7193059250910666,0.7620285883691451
2023-01-16,0.74003765380549,0.7192276608109884,0.7620121818255425
2023-01-17,0.7396938543815912,0.7192741939559828,0.7618555117003557
2023-01-18,0.7405757668366609,0.7191012083755975,0.7620481573039825
2023-01-19,0.7403687663529661,0.7191526205335891,0.7619985538437817
2023-01-20,0.7403494114289505,0.7190074224421277,0.7620655852101402
2023-01-23,0.7403904487293795,0.7189088176193407,0.761979777057377
2023-01-24,0.7401445548807685,0.7189916694533564,0.761826490070513
2023-01-25,0.7396894316932316,0.719014846800833,0.7618372863554261
2023-01-26,0.7395329949825238,0.7190848232682079,0.7617665726986519
2023-01-27,0.7401164780986511,0.7189044497297908,0.7617991153718061
2023-01-30,0.7395976181008964,0.7188970500155915,0.7618832249923062
2023-01-31,0.7397797144433318,0.7191114538624391,0.7619275861772958
2023-02-01,0.7397279328562245,0.7191095901278779,0.7620491205152439
2023-02-02,0.7396386327150034,0.7190805659140044,0.7620086819455393
2023-02-03,0.7400483586401935,0.7188543832395647,0.7619645775243665
2023-02-07,0.7402066994917017,0.7189097540369533,0.7619911229699757
2023-02-08,0.740037895831459,0.7189024108476351,0.7620209069355325
2023-02-09,0.7400333699887136,0.7190323793151956,0.7622630221921152
2023-02-10,0.740304716929781,0.7189413106546736,0.7620774522203421
2023-02-13,0.740372802069254,0.7190722343400097,0.7621155292525716
2023-02-14,0.7405137965323181,0.7190205546934737,0.7619729095588873
2023-02-15,0.7400001846068281,0.7188079238412763,0.7618922800691814
2023-02-16,0.739983805260126,0.7187564746695808,0.7619719536895274
2023-02-17,0.7408198008600396,0.7188210195416639,0.7621257087421864
2023-02-20,0.7412374095219023,0.7189409721766146,0.761989485769874
2023-02-21,0.7414065900144615,0.7187682651971545,0.7620689104896536
2023-02-22,0.7412041068293487,0.7187000893501232,0.7620627814378409
2023-02-23,0.7414085895226189,0.7186028202797737,0.7620295353331256
2023-02-24,0.7408213833345413,0.7188602675894197,0.7620417628323318
2023-02-27,0.7405474238336325,0.7188267917735351,0.7620412977800441
2023-02-28,0.7407749908198727,0.7189188486328283,0.762020283420815
2023-03-01,0.7406505998229097,0.7189967439304231,0.7620339822553228
2023-03-02,0.7407877912357012,0.7188619590212681,0.7620998743827275
2023-03-03,0.7403653842329873,0.7188350018982975,0.7619896402112303
2023-03-06,0.7407162111308503,0.7188939420850299,0.7618430097857897
2023-03-07,0.7405228527694224,0.7185552110163996,0.7620605973250091
2023-03-08,0.7405691436910409,0.7185389001479449,0.7621463473431753
2023-03-09,0.7413135775287745,0.718522551795803,0.7620514729665752
2023-03-10,0.7410667091616666,0.7184686896504838,0.7619715676800144
2023-03-13,0.7412787967553288,0.7186735483511096,0.7619371044065255
2023-03-14,0.7405182136013114,0.7186003762870788,0.7621273487011163
2023-03-15,0.7408698982441972,0.7186849634737276,0.7620656142858859
2023-03-16,0.7410776821642412,0.7187578766983308,0.7619850585649425
2023-03-17,0.7404939945965023,0.7186634299190612,0.7621365575159645
2023-03-21,0.7401934489277504,0.7186628471386639,0.7618809389637813
2023-03-22,0.7411468606270746,0.7187832470378346,0.7619803666257654
2023-03-23,0.7411066778611827,0.7186698690405107,0.7620884819795002
2023-03-24,0.7411680316211552,0.7186193909181544,0.7622671872848739
2023-03-27,0.7414075594247548,0.7185919496644114,0.7622462796625535
2023-03-28,0.7408683839243992,0.7184993522648223,0.7621491294102336
2023-03-29,0.7409974338679397,0.7185780981857984,0.7622138296233164
2023-03-30,0.7407606465977776,0.7184937127268369,0.76209116050311
2023-03-31,0.7412696601411339,0.7184637518754445,0.7624807964852095
2023-04-03,0.7417341038138191,0.718605282048405,0.762344154191952
2023-04-04,0.7415129198612038,0.7185860404351679,0.7620853985496038
2023-04-05,0.7414315189537058,0.7187205488394945,0.762036469915201
2023-04-10,0.7414238549468765,0.7185544713169352,0.7620171847278574
2023-04-11,0.7410036433622643,0.7185190368094511,0.7621210298024257
2023-04-12,0.7408064055662769,0.7183780435227791,0.7621580918815266
2023-04-13,0.7410960434492525,0.7186515751166266,0.7620925865428713
2023-04-14,0.7408477168236383,0.718603685986431,0.7622261225214282
2023-04-17,0.7404309199528254,0.7186522087385298,0.762137572540321
2023-04-18,0.7401415281925545,0.7185022254855704,0.7620841358841657
2023-04-19,0.7398617146567742,0.718411560524076,0.7619718341889512
2023-04-20,0.7399833476210479,0.7183572277727083,0.76209467786916
2023-04-21,0.7397270025342656,0.7183225627404389,0.7621039939387527
2023-04-24,0.7403964587760503,0.7184215059801423,0.7622952634375869
2023-04-25,0.7408544927401697,0.718452262184274,0.7624025799810789
2023-04-26,0.740440657149958,0.7182449272247313,0.7623644279041689
2023-04-27,0.740439303536032,0.7184056814118452,0.7622817043922345
2023-04-28,0.7400687625919418,0.7183312153417293,0.7622551674272079
2023-05-02,0.7406469433194778,0.7184022965168985,0.7623341712499907
2023-05-03,0.7406756011669703,0.718434670699311,0.7621897797420373
2023-05-04,0.7407782595518904,0.7184452330910053,0.7624745465538167
2023-05-05,0.7404005603373797,0.718321791963496,0.7622516172632721
2023-05-08,0.740529670274083,0.7184058068194411,0.7624709900366851
2023-05-09,0.7405246346228926,0.7184001447688475,0.7624069527060361
2023-05-10,0.7408629964456936,0.718564225612523,0.7623415991393356
2023-05-11,0.7404739026762079,0.7183754072574547,0.762462498083995
2023-05-12,0.7404291235362186,0.7183609478731168,0.7625596915631493
2023-05-15,0.7402316698167758,0.7183406337466395,0.762578698956948
2023-05-16,0.740145111379548,0.7182964847266905,0.7624593721045638
2023-05-17,0.7400231740640691,0.7181922569436935,0.7624120436448327
2023-05-18,0.7398993134366733,0.718196734983865,0.7624954902841661
2023-05-19,0.7402262288013957,0.7179484453971394,0.7625271416494087
2023-05-22,0.7405936877731785,0.7180962923933881,0.7626017712823833
2023-05-23,0.7404734235289872,0.7179885567397626,0.7625848349344465
2023-05-24,0.7401560891842399,0.7179895083272996,0.7626868916885249
2023-05-25,0.740002256902301,0.7180167633062172,0.7625788500765127
2023-05-26,0.7399966320778505,0.7178773967164187,0.7625254817373714
2023-05-29,0.7398135170899635,0.7179678300075311,0.7627386202207221
2023-05-30,0.7400933919499689,0.7181117273245377,0.7625767626786543
2023-05-31,0.7404680482009165,0.7178564720222417,0.7626203836838812
2023-06-01,0.740489896115945,0.7177835671959821,0.7626966768025896
2023-06-02,0.7398941764559639,0.717880953248394,0.7626309073810821
2023-06-05,0.7400081368098602,0.7177848952917582,0.7625345813388366
2023-06-06,0.7393820789392165,0.7177690592805369,0.7626772627204432
2023-06-07,0.7393739363949315,0.7178327128029581,0.7626213541181145
2023-06-08,0.7394672174768876,0.7176320691144936,0.7625564806151007
2023-06-09,0.7396264182884807,0.7175344833843061,0.7626037973359322
2023-06-12,0.7397489072662686,0.7177905143328108,0.7624513403449551
2023-06-13,0.7399060205677868,0.7175827040337213,0.7625516994403286
2023-06-14,0.7397352581751873,0.7177722453422505,0.7624025822210779
2023-06-15,0.739861488545194,0.7177233328629576,0.7625985582135704
2023-06-16,0.740082323317228,0.7177783626893628,0.7626941275265369
2023-06-19,0.7404221055507245,0.7178996624988013,0.7625408663852707
2023-06-20,0.7409513926686386,0.7179331947122126,0.7625028589169076
2023-06-21,0.740916307520956,0.7177434743151249,0.7625734337645147
2023-06-22,0.7404218188156616,0.7177811767570339,0.7624035375684308
2023-06-23,0.7404962909720847,0.7176933513890095,0.7624246869418921
2023-06-26,0.739914689498181,0.7178607853154219,0.7625909268495417
2023-06-27,0.7401665397090494,0.7178260178764295,0.7625827167638553
2023-06-28,0.7395819859908928,0.7177576194607524,0.762465449118826
2023-06-29,0.7393733080853706,0.7176577659751323,0.7622181318386955
2023-06-30,0.7392399690099253,0.7176590602425513,0.7621621806970064
2023-07-03,0.7386218127289147,0.7176249871230633,0.7621140616005078
2023-07-04,0.7384184456198701,0.7177009425907609,0.7620441216234477
2023-07-05,0.7385685974847109,0.717632481761159,0.7622193424428969
2023-07-06,0.7384115142876859,0.7175647907705343,0.7621726307970439
2023-07-07,0.7386290691538752,0.7174960441204284,0.7622724619255813
2023-07-10,0.7382881689457167,0.7176608831146275,0.7622957799156288
2023-07-11,0.7386306604901605,0.7175380225263811,0.762261104520123
2023-07-12,0.7389541945902925,0.71748350301125,0.7621616728836644
2023-07-13,0.7387381644026397,0.7174962192199685,0.7623525764399951
2023-07-14,0.7390129811603743,0.7174590275568528,0.762320653638828
2023-07-17,0.7392303158992766,0.7174703768405553,0.7623351791306199
2023-07-18,0.7390027101209524,0.7175059905458193,0.7622837791904534
2023-07-19,0.7388083595719411,0.717459569280567,0.7624090559592472
2023-07-20,0.7392582720805467,0.7173595027564741,0.7621635812892118
2023-07-21,0.7392928385279459,0.7174261096253695,0.7621290125760577
2023-07-24,0.7390768905724869,0.7172415000514839,0.7623132869375
2023-07-25,0.7391412624532517,0.717439706582989,0.7621310833804316
2023-07-26,0.7392367659053666,0.7174979523987634,0.7621687850977944
2023-07-27,0.7396167315597538,0.717471314856419,0.7621641278767104
2023-07-28,0.7387516922480845,0.7171826009178858,0.762201205412421
2023-07-31,0.7387019230171357,0.7172574420482216,0.7621298473238336
2023-08-01,0.7388835785760154,0.7174158199965202,0.76217650897134
2023-08-02,0.738258381342523,0.7172294439157134,0.762490358994203
2023-08-03,0.738704103291916,0.717302608789376,0.7623839401991108
2023-08-04,0.7384100394181106,0.7173031074355982,0.7625933603454497
2023-08-07,0.7381204988531188,0.7170043788573485,0.7625576999575534
2023-08-08,0.7380480831598218,0.7170299177927351,0.7624487359889972
2023-08-09,0.7375467076149603,0.7169715731466579,0.7625273588447183
2023-08-10,0.737622225346988,0.7169497323321445,0.7625662130017276
2023-08-11,0.7373189473768151,0.7171146398650097,0.7626914148304448
2023-08-14,0.7376291499368629,0.7173115318613097,0.7626273868925748
2023-08-15,0.7380917467043215,0.7168066699000964,0.7623883649820897
2023-08-16,0.7379892630864694,0.7166962921704215,0.7622129389680983
2023-08-17,0.7375792589794611,0.7168240016634922,0.7621764787779034
2023-08-18,0.7376116820427434,0.7170993480787032,0.7622744132480767
2023-08-21,0.7376218678686923,0.7169711520520629,0.7622897268729563
2023-08-22,0.7370049332078041,0.7169278064213728,0.7623394062389194
2023-08-23,0.7369354610769681,0.716864574227181,0.7619562638449632
2023-08-24,0.7368323051091545,0.7167032422398488,0.7619592165672698
2023-08-25,0.7368985804155748,0.7167148547748227,0.7622916700825216
2023-08-28,0.7371011058792418,0.7167772042433925,0.762488379288785
2023-08-29,0.7363965318418706,0.7168068702232281,0.7627064349935535
2023-08-30,0.7358962533755546,0.7167327153116827,0.7624664557124482
2023-08-31,0.7361015122396152,0.7164829499117195,0.7624855571602503
2023-09-01,0.7362449313694539,0.716478552632725,0.7623081208397571
2023-09-04,0.7360294670341576,0.7166959188060121,0.7625117899639279
2023-09-05,0.7356157608344441,0.7166258754407377,0.7624672197130302
2023-09-06,0.7357483562456856,0.7166688907034346,0.7625689848726372
2023-09-07,0.7362439058470038,0.7165454818030073,0.762667112566408
2023-09-08,0.7366340077217244,0.716696393087488,0.7626624815608772
2023-09-11,0.7363839814575421,0.7166496674309027,0.7624243970617705
2023-09-12,0.7360799032419091,0.7167038881596554,0.7622546161775937
2023-09-13,0.736411568918515,0.7166311854471521,0.7624676350336861
2023-09-14,0.7357034237313187,0.7164855803087904,0.7625588369274087
2023-09-15,0.7361681708489113,0.7165116626397627,0.7626396740766276
2023-09-18,0.7360807508238638,0.7163597602721639,0.7627663441502229
2023-09-19,0.7360030116808837,0.7164056905281873,0.7625711893733499
2023-09-20,0.73604000365659,0.716284143973884,0.7627512735887769
2023-09-21,0.7363289368606714,0.716239300064066,0.7629064201200884
2023-09-22,0.7361431571702678,0.7163305058899162,0.7630812503994646
2023-09-25,0.7354338516658807,0.7164443733642796,0.7629205570333896
2023-09-26,0.7357475770135333,0.716374235876053,0.7627192965229357
2023-09-27,0.73536943297011,0.7165121211537333,0.7626069270638619
2023-09-28,0.735321650415345,0.7164307684874359,0.7628466338950304
2023-09-29,0.7346706840826082,0.716727248904938,0.7627947783038951
2023-10-02,0.7345412600659532,0.7166218784478268,0.7629058802705719
2023-10-03,0.7348935462655616,0.7164364391891009,0.7629975055714876
2023-10-04,0.7340470285948394,0.71668819305613,0.7628850547587067
2023-10-05,0.7338709523831352,0.7166469308310099,0.7630939789454055
2023-10-06,0.7347232745321663,0.7164340971154981,0.7629566300678414
2023-10-09,0.7344307599978127,0.7163595745336978,0.762851874230073
2023-10-10,0.7341720889000045,0.7162305746959189,0.7629306669105891
2023-10-11,0.7338043518536526,0.7162371783241362,0.7628693700811471
2023-10-12,0.7338949251950464,0.7162808924880444,0.762826752885073
2023-10-13,0.7341395050847647,0.7161416282960397,0.7629063872952174
2023-10-16,0.7336765709246041,0.7159801391442121,0.7629161301014823
2023-10-17,0.7336692535540589,0.7161925592558995,0.7629190302045258
2023-10-18,0.7344796544065813,0.7160953966912668,0.7628269257912804
2023-10-19,0.7338148370679839,0.7160565802252786,0.7629633430464815
2023-10-20,0.7335312258457134,0.7159101358171458,0.7629553781260481
2023-10-23,0.733944531021019,0.7161751449729842,0.7628936129623484
2023-10-24,0.734280029610238,0.7159531989990002,0.7630153834437801
2023-10-25,0.734605418557946,0.7159071713297397,0.7627391464710219
2023-10-26,0.734938779733345,0.7159594120113253,0.7630034754216108
2023-10-27,0.7352674259961735,0.7159463563619359,0.7629311807848518
2023-10-30,0.7351962941151408,0.7159821500354253,0.7629661124132919
2023-10-31,0.7353244592716054,0.7161165332367792,0.7627684085318686
2023-11-01,0.7348330056343225,0.7159849522850368,0.7628223026093339
2023-11-03,0.7350429343231579,0.7160814985592688,0.7628581163638095
2023-11-06,0.7345697665135862,0.7161672250170639,0.76293201442557
2023-11-07,0.7340325597588998,0.7161106265796336,0.7629515130243096
2023-11-08,0.7344902607240104,0.7160154939915228,0.7630694850903856
2023-11-09,0.7351680148618894,0.7160957019908302,0.7628900315187317
2023-11-10,0.735335744744247,0.7161104433207837,0.7629037370805521
2023-11-13,0.7354045947668837,0.7160920543624989,0.7627758094096662
2023-11-14,0.7350527263180856,0.7161534467770035,0.7627524347963486
2023-11-15,0.734954652415307,0.7161746935266924,0.7627514634280216
2023-11-16,0.7348789467097034,0.7162052470035876,0.7626476872567597
2023-11-17,0.7351249222499773,0.7159539436264132,0.7630197685439176
2023-11-21,0.7356271190979272,0.715980555305402,0.7629620777258711
2023-11-22,0.73550284708896,0.7158574912725635,0.7628688838299208
2023-11-23,0.7357628874812051,0.7158208861567483,0.7629647030140518
2023-11-24,0.736105057079341,0.7159476029066236,0.7628726026713378
2023-11-27,0.7361797387866662,0.7159846797036504,0.7629175439615663
2023-11-28,0.7364319848391104,0.7158568710663431,0.7628423246499231
2023-11-29,0.7368978663530344,0.7158200617363538,0.7627985331169169
2023-11-30,0.7368956828454549,0.7161127235923203,0.7627920101098286
2023-12-01,0.73665135074733,0.71572968718031,0.7630031229393065
2023-12-04,0.7369465892622571,0.7157676227607258,0.7630985963274468
2023-12-05,0.7369865025331167,0.7158097094881992,0.7630055874136277
2023-12-06,0.7369796668546245,0.715762588455895,0.7630921082951841
2023-12-07,0.7366649540956486,0.7157941581869125,0.7628795743458228
2023-12-08,0.7367336264903938,0.7156985364629366,0.7630863192368577
2023-12-11,0.7367972184115561,0.7158960523676252,0.7631538710224083
2023-12-13,0.7367055741917623,0.716000520536022,0.7628244394694123
2023-12-14,0.7359734192513536,0.7160991276129011,0.7628884592513477
2023-12-15,0.7354992046345583,0.7157642567815156,0.7629644962725072
2023-12-18,0.7354990137469797,0.7158955112182669,0.7630046744653818
2023-12-19,0.7360274249983244,0.7157368333937083,0.7631783955655329
2023-12-20,0.735756350279292,0.7159255043029978,0.7632376156829778
2023-12-21,0.7353412235361881,0.7157557473982681,0.7629917106029362
2023-12-22,0.7354702045486671,0.715657115298223,0.7630216841017265
2023-12-26,0.7356729894468255,0.7157204960956864,0.763080608187664
2023-12-27,0.7363856469138721,0.7157111869657498,0.7628768522540551
2023-12-28,0.7360902134141972,0.7158240238329591,0.7626398086487929
2023-12-29,0.7363735303195947,0.7156239065546448,0.7628530843898091
2024-01-02,0.7356151681806198,0.715531883697009,0.7628426909603061
2024-01-03,0.7345595899997766,0.7154234528291004,0.7630187138191262
2024-01-04,0.7346036445552666,0.7154536814163316,0.762972549292646
2024-01-05,0.7347181141567463,0.7155346894527918,0.7632332316941765
2024-01-08,0.7344307977904565,0.7154798870706088,0.7632463857071474
2024-01-09,0.7338801971032457,0.7154350582610174,0.7632367083544768
2024-01-10,0.7339235384749812,0.7154105028670391,0.7632335957818064
2024-01-11,0.7336301722525748,0.7153873216890525,0.7630501148876855
2024-01-12,0.733483594796979,0.7153625495449238,0.7630051896816412
2024-01-15,0.7335528499240699,0.7154000957484858,0.7629742924765964
2024-01-16,0.7332808549238867,0.7154663414256269,0.7627975964715904
2024-01-17,0.7329582018804037,0.7155517037014102,0.7629896021223826
2024-01-18,0.7329883489935876,0.7152928946966214,0.763053422714481
2024-01-19,0.7326436383202864,0.7154098745482278,0.7629998017376779
2024-01-22,0.7328076982684988,0.7155796867741917,0.7629184895898802
2024-01-23,0.733266301401363,0.7154985577106933,0.7629054373374845
2024-01-24,0.733432544518651,0.7155574980251538,0.7628690347776467
2024-01-25,0.7336516344024337,0.715385529118119,0.7630849390616923
2024-01-26,0.7337344862212979,0.7153472771796426,0.7630203474167595
2024-01-29,0.7339042517405255,0.7152842250998386,0.7629343481942381
2024-01-30,0.7338272369242338,0.7153323645825456,0.7627920916955685
2024-01-31,0.7342210681300934,0.7154640868558291,0.7628071874853637
2024-02-01,0.7344985465353955,0.7154328070975499,0.7628409933801674
2024-02-02,0.7351224950142566,0.7153067032567629,0.7627619071611537
2024-02-06,0.7349398461496586,0.7152100831398276,0.7628244849330184
2024-02-07,0.7344250261730803,0.7152465882094449,0.7628794638848578
2024-02-08,0.7342649183107389,0.715370492341403,0.7628253639182506
2024-02-09,0.7342992020910878,0.715142043064307,0.7630066587642325
2024-02-12,0.7348811942614696,0.7153026292116988,0.7631238654074072
2024-02-13,0.7346218951925981,0.7150797497491225,0.7629137301593298
2024-02-14,0.7350435759241395,0.7146966617166468,0.762878185433242
2024-02-15,0.7350879280382411,0.7148866736896234,0.762857518545569
2024-02-16,0.7350061193039691,0.7150840440326569,0.762752721700898
2024-02-19,0.7356423026231256,0.7149048152646462,0.7626693734913514
2024-02-20,0.7354804297980448,0.7149941301891511,0.7627372406976703
2024-02-21,0.7354669349682968,0.7147935237057609,0.7626814849564589
2024-02-22,0.7354685581254577,0.7147892803195179,0.7629417588037014
2024-02-23,0.7360780988497451,0.7149264863706962,0.7626530229722516
2024-02-26,0.7358158460146715,0.7150351718628176,0.7627607507244546
2024-02-27,0.7355596954048188,0.7150258807730979,0.7628716005489635
2024-02-28,0.7356200565872952,0.7149880996042886,0.7630439916495215
2024-02-29,0.7359993754323678,0.7148094006926781,0.7630102331169709
2024-03-01,0.735723382565991,0.7149072849299655,0.7629897054509991
2024-03-04,0.735706797147619,0.71482933528347,0.7628041519171728
2024-03-05,0.7356237478498914,0.7150453927243111,0.7627672342465012
2024-03-06,0.7358196818146974,0.7151385071250413,0.7627570152427513
2024-03-07,0.7359051479802753,0.7152633726838611,0.7628636241615452
2024-03-08,0.7360463985523346,0.7150993087694644,0.7630557229146644
2024-03-11,0.7358455560614854,0.7151114544142705,0.7630136450607705
2024-03-12,0.735500603480136,0.7150152779425752,0.7629711820846583
2024-03-13,0.7353344927761876,0.7148845804163363,0.7630423474868255
2024-03-14,0.7351929730877523,0.7148690658010335,0.763001693364383
2024-03-15,0.7347775689067468,0.7149885633815452,0.7630344692653124
2024-03-19,0.7352750661207941,0.7148422274350045,0.7627267440780613
2024-03-20,0.7350285646692719,0.7149892474159617,0.7628211168401324
2024-03-21,0.734357134990821,0.714853178898596,0.7626037950936116
2024-03-22,0.734895077758806,0.7148146407153855,0.7627974069326602
2024-03-25,0.7347005911433274,0.7150166949371464,0.7626467839528165
2024-03-26,0.7341715328749822,0.7146318799466168,0.762760267845883
2024-03-27,0.7341981611340302,0.7147916496058244,0.7626971201165913
2024-04-01,0.7339829587844106,0.7146155144286007,0.7627176972981791
2024-04-02,0.7337593122654379,0.7144045529202063,0.7625514824068035
2024-04-03,0.7345383977544389,0.7143910423683572,0.7626403994994074
2024-04-04,0.7343025246502946,0.7144487048712792,0.7628937879275217
2024-04-05,0.7343930616850004,0.7145643773595467,0.7629114349250824
2024-04-08,0.7346357564774055,0.7146014851867373,0.7627758831605514
2024-04-09,0.7342900753837741,0.7145568366178346,0.7628189769722319
2024-04-10,0.7340401107144128,0.7145188104206053,0.7628823645290312
2024-04-11,0.7339689023290612,0.7144866407568699,0.7627914171469017
2024-04-12,0.7339364908420978,0.7145507668218223,0.7626740222249625
2024-04-15,0.734412662083113,0.7147867297903544,0.7628323948386406
2024-04-16,0.7345302766137138,0.7146754575073508,0.7628055444745422
2024-04-17,0.7344059648197467,0.7147924666017662,0.7628291897861367
2024-04-18,0.7345663525668535,0.7146266282534934,0.7627207284300465
2024-04-19,0.7340693669267616,0.7148674671912852,0.7629493863680913
2024-04-22,0.7339772449361862,0.7149086539303365,0.7627390010214908
2024-04-23,0.7335839622313206,0.7147228679102696,0.7627912416783909
2024-04-24,0.7334315392407598,0.7148377140422084,0.7627442825184759
2024-04-25,0.7331669258329603,0.7147490000962902,0.7628559203016907
2024-04-26,0.7328017412491077,0.7147221516803689,0.7629069376395529
2024-04-29,0.7330488625049166,0.7147686577288457,0.7628283998319366
2024-04-30,0.7331424354586832,0.7144729208419642,0.7626145254027877
2024-05-02,0.7327493893323911,0.7145811528106786,0.7627609297222115
2024-05-03,0.7327976544203555,0.7145354456759552,0.7628159893018107
2024-05-06,0.7326404773650279,0.7144242445709712,0.7626797228112469
2024-05-07,0.7326700738918746,0.714478935681943,0.7626670393523214
2024-05-08,0.7329317481215258,0.7143741081278043,0.7626200412002018
2024-05-09,0.733612152574759,0.7145562047398036,0.7627057752260318
2024-05-10,0.7340893868570949,0.7144800717662622,0.7624698486383488
2024-05-13,0.7332479187632536,0.7143547721829445,0.7625578724769492
2024-05-14,0.7332411228806928,0.714424414463299,0.7626846779282208
2024-05-15,0.7338496220496981,0.7143496492246885,0.7626107868763726
2024-05-16,0.7343007479114524,0.7145489444475374,0.7627964939780518
2024-05-17,0.7338859071101563,0.7145360896730993,0.7626948453418791
2024-05-20,0.7336934085226444,0.714591575101313,0.7626417365092755
2024-05-21,0.7334897185542176,0.7146566654212864,0.76264021436803
2024-05-22,0.7335070780191894,0.7146062052614581,0.7627116331890459
2024-05-23,0.7339144421182173,0.7144491586979048,0.7629039848031032
2024-05-24,0.7337576217840414,0.71461088762935,0.7627280639638845
2024-05-27,0.7343123195509861,0.7146654519278943,0.7627275908979878
2024-05-28,0.7346398192073372,0.7147338514907466,0.7630501961550413
2024-05-29,0.7348488645687506,0.7147597470529469,0.7627782783678977
2024-05-30,0.7341200574026921,0.7147296466268205,0.7628919317250777
2024-05-31,0.7340777509226908,0.7147495605246503,0.7626101786820089
2024-06-03,0.7332351021499885,0.7148186623981744,0.7626667792339524
2024-06-04,0.7323048679594465,0.715059508030039,0.7625926275174203
2024-06-05,0.7328097471687273,0.7147105487877424,0.7626348489426924
2024-06-06,0.7327745495067086,0.7147151909727358,0.762636624800777
2024-06-07,0.7322765190784104,0.7148032356488849,0.7625625085778337
2024-06-10,0.7325262915651728,0.7146813455289189,0.762682946314699
2024-06-11,0.7324952052097556,0.7145816693766336,0.7628726745520374
2024-06-12,0.7326460472959798,0.7146603950523635,0.7628839788956708
2024-06-13,0.7324004028667614,0.7146842546803858,0.7627925374978051
2024-06-14,0.7321966957068171,0.7147960308896253,0.7626109634394211
2024-06-17,0.7326214281794874,0.7144700030479331,0.7627865381563138
2024-06-18,0.7316938675592735,0.7144406541243293,0.7629484595371714
2024-06-19,0.7318823819189306,0.7144510636347681,0.7630734823696517
2024-06-20,0.7317976132489633,0.7146133832675746,0.7630484867373954
2024-06-21,0.7312209441011968,0.7145371257319131,0.763092795680553
2024-06-24,0.7315937431220466,0.7146633273016241,0.7630846444163497
2024-06-25,0.7313370372478109,0.7145011495448201,0.7630771467801446
2024-06-26,0.7324275356090536,0.714641756593792,0.763157121562907
2024-06-27,0.732392348794088,0.7146351391281812,0.7631466457273416
2024-06-28,0.7323123216292662,0.7147025045783933,0.7631198830988604
2024-07-01,0.7323961439188544,0.7147752392847548,0.7630419789433509
2024-07-02,0.731291648233426,0.7145789987668706,0.7631344974812795
2024-07-03,0.7310014681795054,0.7145559046647357,0.7630849658850876
2024-07-04,0.7311979996652932,0.7147819875904071,0.7630965289825113
2024-07-05,0.7312102578792976,0.7148109761494861,0.7630248112391766
2024-07-08,0.7312548069082528,0.7146748657502177,0.7630396605680126
2024-07-09,0.7308718184461742,0.7143541644972846,0.7629777296887107
2024-07-10,0.7302885075988436,0.7142598095106192,0.7631541864089192
2024-07-11,0.7304242297821256,0.7142927862746057,0.7633196126694675
2024-07-12,0.7303302475533041,0.7144901284749462,0.7630645568181916
2024-07-15,0.7304476275223424,0.714469829646125,0.7632145462681993
2024-07-16,0.7303424820899184,0.7143410784179307,0.7631638557058915
2024-07-17,0.7306620199103511,0.714474088781194,0.7631161410397903
2024-07-18,0.7309176710740467,0.7144798585355061,0.7631232296984011
2024-07-19,0.7306017812729904,0.7144488775681601,0.7631277354933311
2024-07-22,0.7302974071489223,0.7144853470885832,0.7631970326305726
2024-07-23,0.7303247247550958,0.714579518281455,0.7629480428737523
2024-07-24,0.7306848718219919,0.714591998922234,0.7631091612786731
2024-07-25,0.7309318099173051,0.7145148441786233,0.763248314600147
2024-07-26,0.7312961360115863,0.7143786164495094,0.7633119257825373
2024-07-29,0.7312138964971439,0.7145001288524265,0.7632839370731982
2024-07-30,0.7310561383705322,0.714411276205765,0.7632533009804376
2024-07-31,0.7304594863941168,0.7142461831743643,0.7634208243343429
2024-08-01,0.7304925106536253,0.7143076700459695,0.7634681287703435
2024-08-02,0.7297413276363142,0.7144308777368139,0.7631795198101761
2024-08-05,0.7298025824294089,0.7142371409998878,0.7632607880775362
2024-08-06,0.7294894908966052,0.7143614008213748,0.763074582209309
2024-08-07,0.7296631852381913,0.7142501080403318,0.7632140367636516
2024-08-08,0.7300397239581643,0.7143058066865222,0.7632111359587513
2024-08-09,0.7301424397977667,0.7143512362605431,0.7630479810531899
2024-08-12,0.730503476178839,0.7144441139402259,0.7632346458436239
2024-08-13,0.7299135009287747,0.7141580329140941,0.7632128770201699
2024-08-14,0.7302704194248608,0.7144192083049475,0.76325458326259
2024-08-15,0.7305797395173713,0.7144279875551893,0.7632015484349229
2024-08-16,0.7307996900901702,0.7143035800852283,0.7632403369242837
2024-08-19,0.7308714249477807,0.7142521794811394,0.7634279584240694
2024-08-20,0.7310849995848556,0.714124334845389,0.7634269745708184
2024-08-21,0.7313746846795298,0.7143620402185767,0.7632810125945011
2024-08-22,0.7315549795003262,0.7142093632134636,0.763263527090562
2024-08-23,0.7314713893542317,0.7141837524657144,0.7630535579067794
2024-08-26,0.7316221574799951,0.7141998677292469,0.7630844280192022
2024-08-27,0.7318647664191392,0.7141639190349656,0.7629795058871442
2024-08-28,0.7319528765158838,0.7142557829005293,0.7631656378637703
2024-08-29,0.7318894881436744,0.7141964581195366,0.7631354068748248
2024-08-30,0.7318758368183828,0.7140492099645903,0.7632102061821305
2024-09-02,0.7315769382854445,0.7141830546865293,0.7629919867716939
2024-09-03,0.7313314224334713,0.7140769851383967,0.7629991218635314
2024-09-04,0.7313017735589835,0.7141365525636616,0.7629554227245164
2024-09-05,0.7317603797561297,0.7140745568811304,0.7629530990775963
2024-09-06,0.7313621478897834,0.7139588034592854,0.7630692522257606
2024-09-09,0.7317940835881915,0.7142215396547877,0.7630019058842074
2024-09-10,0.7314419323730478,0.7138526734591549,0.7632422523228373
2024-09-11,0.7316991949612229,0.7139589847261892,0.7631449209486422
2024-09-12,0.7315752547432536,0.7139576771739322,0.763145304743083
2024-09-13,0.7320795183633775,0.7140660951366041,0.7632615626587801
2024-09-17,0.731500993424366,0.7140575976000996,0.76302581113794
2024-09-18,0.7315209099164963,0.7140211702998186,0.7631361953946102
2024-09-19,0.7315637455799738,0.7141703261249408,0.7631486380827743
2024-09-20,0.7310917226836214,0.7142357191755713,0.7633249247513704
2024-09-23,0.731308756669903,0.7141000992932229,0.76295426320552
2024-09-24,0.7312147949748535,0.7140360622097172,0.7629486694697474
2024-09-25,0.7310487229379303,0.7138205946615894,0.7630220611306112
2024-09-26,0.7310946985371743,0.713923157778197,0.7632520617899045
2024-09-27,0.7308378543825576,0.7140997149642266,0.7631257576141984
2024-09-30,0.7307824834738339,0.7139961885665284,0.7631337547755935
2024-10-02,0.7313127910068027,0.7137883684622927,0.7632191094307764
2024-10-03,0.7308852345362993,0.7137000374242557,0.7633345067817756
2024-10-04,0.7300688461780629,0.7138650385967872,0.7634837108299425
2024-10-07,0.730426946861749,0.7137835426336105,0.7634508437232222
2024-10-08,0.7303554556545564,0.7138276279417619,0.7634837374771691
2024-10-09,0.7305715888625883,0.7137040792978484,0.7633318630204663
2024-10-10,0.7306599429942849,0.7137916313278317,0.7632544466710591
2024-10-11,0.7309100240533907,0.7136275086986607,0.7635283142932958
2024-10-14,0.7303970966869964,0.7135604677968791,0.7634166980764793
2024-10-15,0.7308208170585966,0.7135895113396286,0.7634147418109503
2024-10-16,0.7307268969833143,0.7137543714732503,0.7633306362635534
2024-10-17,0.7311573763452437,0.7136736665464506,0.7633962398377141
2024-10-18,0.7308276778637264,0.7135468448468766,0.7633943711626469
2024-10-21,0.7303248100858356,0.7136588985561387,0.7632369880851543
2024-10-22,0.7306715610069897,0.7135458876856348,0.7630888040105551
2024-10-23,0.7303185506159641,0.713520096268953,0.7633751080869986
2024-10-24,0.7303560341405465,0.7134978012224604,0.7634406511444556
2024-10-25,0.7308695082694474,0.7135712476686971,0.7633153027456633
2024-10-28,0.731840966011629,0.7135094227935674,0.7632452802357073
2024-10-29,0.7319149654047423,0.7133718001015665,0.7631440509667241
2024-10-30,0.7315774852164636,0.7134932462292661,0.7631641171819673
2024-10-31,0.7320819950040839,0.7134693291146726,0.762984052187724
2024-11-01,0.7318210789776286,0.7133963199629353,0.7629990157227228
2024-11-04,0.7317023948210776,0.7133836639537491,0.763236866799734
2024-11-05,0.7319742061931745,0.7131309495512691,0.7632192543002101
2024-11-06,0.7321983911939096,0.7132505520820939,0.7628194605240485
2024-11-07,0.7320435187960489,0.7132226699042983,0.7628370786198586
2024-11-08,0.7317479959535165,0.7132760546407013,0.7626662295662047
2024-11-11,0.7325350957027802,0.7131828697735171,0.7626454604675766
2024-11-12,0.7322156903498658,0.7133017860828609,0.7625983212856117
2024-11-13,0.7320239878680179,0.7131146778531996,0.7627336205385208
2024-11-14,0.7321566419580442,0.7131357786266187,0.7627117952153004
2024-11-15,0.7318790558299504,0.7131351113934543,0.7628928123382028
2024-11-19,0.7317415048266783,0.7133695556234417,0.7628664672359681
2024-11-20,0.7323937784263603,0.7131661331158203,0.7627160397637084
2024-11-21,0.7324116134563099,0.7129375854572712,0.7625490614087139
2024-11-22,0.7323412338844761,0.7132304182156758,0.7625597901772984
2024-11-25,0.7328432289057605,0.7129919980925339,0.762348330022044
2024-11-26,0.7330116968441261,0.7131202172709501,0.7625020022743162
2024-11-27,0.7331579523862339,0.7130987729753876,0.7624930424080849
2024-11-28,0.7328577664077818,0.713043489515176,0.7625618691895285
2024-11-29,0.7324225227567226,0.7130902654262442,0.7627290625773557
2024-12-02,0.7331293506423959,0.7130132845657167,0.7627000383776399
2024-12-03,0.7327438592554927,0.7130982112275351,0.763047043743751
2024-12-04,0.7334918384482298,0.7129004092306205,0.7628523410922148
2024-12-05,0.7335335739858249,0.7129247864688946,0.7628234858242604
2024-12-06,0.7334354456464515,0.7127743231243394,0.7629330879186308
2024-12-09,0.7337235805548343,0.712788556622596,0.7628976733350682
2024-12-10,0.733790340327712,0.712943625419195,0.7630724740159548
2024-12-11,0.7342157003749077,0.7132120126595637,0.7630319891066736
2024-12-13,0.7338935245380737,0.713094132486224,0.7628763235589116
2024-12-16,0.7343177544719003,0.7130384699173125,0.7628661352714478
2024-12-17,0.7342748049332903,0.7130729977659416,0.7627673406693224
2024-12-18,0.7343532518745969,0.7129486371613547,0.7627252079731391
2024-12-19,0.7344386499563246,0.7130643687492162,0.7629039050634782
2024-12-20,0.7345456360291959,0.7130812684759553,0.7628703675275263
2024-12-23,0.7350046194942502,0.7128341375749909,0.7628366533186751
2024-12-24,0.7352406515795066,0.7130362174006613,0.762829038336451
2024-12-26,0.7351091967962785,0.7128744679910319,0.7630367313624193
2024-12-27,0.7347755854144767,0.7128066814331191,0.7632175665789769
2024-12-30,0.7343563042505757,0.7128161154353858,0.763291424260078
2024-12-31,0.7343068587646026,0.7128717355961709,0.763185771047119
2025-01-02,0.7345320528849639,0.7127147941497772,0.7632129517907567
2025-01-03,0.7346451842147125,0.712779551757646,0.7632690010710415
2025-01-06,0.7345609252499137,0.7129079899378251,0.7631054745165933
2025-01-07,0.7344794818336333,0.7128770240895598,0.7633258239378327
2025-01-08,0.7345137489278099,0.7129171717988684,0.7632340686380178
2025-01-09,0.7341292473223539,0.7127883268773066,0.7633238448979153
2025-01-10,0.7340949589516077,0.7128751471258475,0.7632268232524317
2025-01-13,0.7343411536450567,0.7126899014281731,0.7632433741901915
2025-01-14,0.7348115415626776,0.7126823244346706,0.7632711086740019
2025-01-15,0.7346873359331259,0.7126948650518357,0.7631928523462618
2025-01-16,0.7346427998675451,0.7126887027306784,0.7632903229445293
2025-01-17,0.7344431866047052,0.712667282592331,0.7632575315749193
2025-01-20,0.734767249552046,0.7128798629429864,0.7632070555427029
2025-01-21,0.7356223646325453,0.7126904965179947,0.7633314290008834
2025-01-22,0.7348422555552591,0.7127452161943444,0.7634422479069235
2025-01-23,0.7351323627139797,0.712675441890679,0.7634655912350841
2025-01-24,0.7353875367487263,0.7127769786193899,0.7631616561439403
2025-01-27,0.7354253795482542,0.7128285899127499,0.7632733606615483
2025-01-28,0.7355366471049967,0.7127007337594494,0.7633928549709005
2025-01-29,0.7352015564909171,0.7126878875754886,0.7633398492783748
2025-01-30,0.7355305087178723,0.7126570597687925,0.7632084897024017
2025-01-31,0.7352348492023786,0.7127674479318912,0.763438967931023
2025-02-04,0.7348628625347701,0.712551156645482,0.7634406507960024
2025-02-05,0.7348378756711981,0.7128982566891553,0.7634632449487815
2025-02-06,0.735134750754497,0.7128120608720842,0.7634078335187
2025-02-07,0.7350405446138575,0.7128034297555508,0.7635350469327441
2025-02-10,0.7354547495782615,0.7126590536860601,0.7633931386684848
2025-02-11,0.7349961240251619,0.7127950892453632,0.7633744127870976
2025-02-12,0.7351026471451036,0.7128080213745929,0.763236836814545
2025-02-13,0.7355453054709932,0.7130715519088606,0.7631080429013901
2025-02-14,0.7355104062928081,0.7129424994919245,0.7632561307299717
2025-02-17,0.7357506464040858,0.7126441692524367,0.7632308422109836
2025-02-18,0.7355005098211184,0.7128990557838177,0.7631387883680724
2025-02-19,0.7357638523816847,0.7128022334062285,0.7632111793228327
2025-02-20,0.7356361678371166,0.7128211681818031,0.7632417687898538
2025-02-21,0.7354573931458472,0.7128285514427823,0.763307449092035
2025-02-24,0.735773133189822,0.7127891235040917,0.7632715556662838
2025-02-25,0.7355063272200284,0.7126729462056367,0.7632203817193814
2025-02-26,0.7358362068974283,0.7126294585890274,0.763293720619111
2025-02-27,0.7350864652493116,0.7125361255396307,0.7632584589746532
2025-02-28,0.7355459726328617,0.7122495203199508,0.7631912458283512
2025-03-03,0.7352650027081551,0.7123652500401736,0.7635435519812329
2025-03-04,0.7352721049594231,0.7123574939896435,0.7635123822172374
2025-03-05,0.7362257227062934,0.7121587632793245,0.7634432868157842
2025-03-06,0.7364003295013758,0.7122983757604271,0.7634425294157772
2025-03-07,0.736355732638022,0.7121680573895389,0.7634353873206304
2025-03-10,0.7358564426842571,0.7121975922987073,0.7633715270444565
2025-03-11,0.7357467527723491,0.7121762434528199,0.7633547276574275
2025-03-12,0.7365528664304484,0.7119904701539769,0.7632276375877227
2025-03-13,0.7365475166354484,0.7119042767889263,0.7632962954342745
2025-03-14,0.7361041285116178,0.7118915701144104,0.7633724040506604
2025-03-18,0.7360886668967995,0.7120123158208452,0.763528436985725
2025-03-19,0.7363133221961802,0.7120239031284019,0.7636008550031129
2025-03-20,0.7363727318581956,0.7119491047710724,0.7634564928112956
2025-03-21,0.735622398543059,0.7120559871541634,0.7633061217905265
2025-03-24,0.7361376503325364,0.7118073128608899,0.7635194429482363
2025-03-25,0.7361766005142135,0.7120267049571992,0.7636243339969566
2025-03-26,0.7362485736885429,0.7120879503799155,0.7634618297950754
2025-03-27,0.7362088575233763,0.7120140005023221,0.7633387783327668
2025-03-28,0.7363439056848917,0.71232328261183,0.7634524182190215
2025-03-31,0.7365927228081524,0.7123217077538343,0.7631971548460976
2025-04-01,0.7362578685020948,0.7122747408365894,0.7633241869865249
2025-04-02,0.7362949735621781,0.7123066739140188,0.7633468889549805
2025-04-03,0.7364699089512685,0.7125072469961016,0.7634351139212378
2025-04-04,0.7355680169405989,0.7121918661981418,0.763454618252565
2025-04-07,0.7358092019028774,0.7121768461860348,0.7632248738905042
2025-04-08,0.7361743230582664,0.7124015967086821,0.7633836609544384
2025-04-09,0.7359699640582174,0.7126132590029428,0.7635413640258938
2025-04-10,0.7352175672712055,0.7123496767259198,0.7636737573046497
2025-04-11,0.7350106543561942,0.7121977665452336,0.7634680868003069
2025-04-14,0.7346408058953693,0.7122401093393445,0.7635976977332792
2025-04-15,0.7349751710663156,0.7122043351305589,0.7636118361653601
2025-04-16,0.7356605118408123,0.7123957586559471,0.7633413519863418
2025-04-21,0.7353206750255571,0.7120570339892146,0.7631916787048002
2025-04-22,0.7347876512232165,0.7122046685189879,0.7634380955386072
2025-04-23,0.7343449801400681,0.7123317431951198,0.7635014701072248
2025-04-24,0.7345129892990265,0.712140188966397,0.7634708254033218
2025-04-25,0.7346078018251321,0.7122774553751191,0.763484463856058
2025-04-28,0.734450328120919,0.7123642711780493,0.7635447253000545
2025-04-29,0.7340347952969095,0.712284490702041,0.7635820670601027
2025-04-30,0.7339437945324266,0.7124605743566915,0.763336131645839
2025-05-02,0.7342346675132144,0.7121969029096159,0.7636083922042907
2025-05-05,0.7342987022890133,0.7123422797841855,0.763741184008208
2025-05-06,0.7336517205126794,0.7123457027397838,0.763796524448294
2025-05-07,0.7333657916689529,0.7124126449190008,0.76366869181489
2025-05-08,0.7332099629985197,0.7125176255527684,0.7638343174345804
2025-05-09,0.733162300325021,0.7125060656544197,0.7634349164490459
2025-05-12,0.7332469761802668,0.7124604520582644,0.7634932753748946
2025-05-13,0.7333780470337882,0.7123989019075635,0.763492425943488
2025-05-14,0.7335433955861884,0.7122598261417259,0.7638192709652938
2025-05-15,0.7339623802333527,0.7122830636416082,0.7637757317608491
2025-05-16,0.7339289296415451,0.7123516908760434,0.7639695501787558
2025-05-19,0.733722174111334,0.7122340075044442,0.7641283946582127
2025-05-20,0.7339256389919617,0.712229654832441,0.7640518487454294
2025-05-21,0.7338673569973659,0.7121892329320998,0.7640676225412492
2025-05-22,0.7341115799704252,0.7122060407032277,0.763569121112689
2025-05-23,0.7339375688474278,0.7121919487689253,0.7637759457003803
2025-05-26,0.7333873718066789,0.7122683794707719,0.7635047020055286
2025-05-27,0.7335936137156951,0.7121214129413944,0.7639608401828003
2025-05-28,0.7342234734967101,0.7123459741159653,0.7635165287440567
2025-05-29,0.7342146389370005,0.7124345390026711,0.7638004661383038
2025-05-30,0.7344401679820498,0.7123417262829808,0.7636719550390549
2025-06-02,0.7344834210512378,0.7123614338527162,0.763805109882145
2025-06-03,0.7354556325604612,0.7123003541192752,0.7637947362920774
2025-06-04,0.7349840111970495,0.7123199961783805,0.7640011728665764
2025-06-05,0.7351259810898537,0.7123133275277175,0.763846883930552
2025-06-06,0.7358055837332683,0.7122052124810834,0.7638830835174293
2025-06-09,0.7358222763363509,0.7119342349808963,0.763928416250004
2025-06-10,0.735788288821466,0.7121339656306257,0.7638786892357624
2025-06-11,0.7357073663453502,0.7120541193578219,0.7640533334630273
2025-06-12,0.7355843572164102,0.7119604262650965,0.7636878630485446
2025-06-13,0.7359727982683102,0.7118091369801726,0.7636288197086782
2025-06-16,0.7358273287530686,0.7120027598821462,0.763746457325406
2025-06-17,0.7355711196690115,0.712158745091244,0.7635263996686883
2025-06-18,0.7356772565951514,0.7119478011743111,0.7635736390826354
2025-06-19,0.7356390505750516,0.7121758965123721,0.763938540568553
2025-06-20,0.7355372524455404,0.7119142012043497,0.7638537011989794
2025-06-23,0.735871533485155,0.7120119167360053,0.7638981667705325
2025-06-24,0.7360059496406612,0.711853395984284,0.7638955704171246
2025-06-25,0.7357352101415295,0.7118306372411677,0.7637965479498567
2025-06-26,0.7362627074784215,0.7115396917857308,0.7640400004639898
2025-06-27,0.7355620157044749,0.7117576398659197,0.7641142451096179
2025-06-30,0.7357803142719163,0.7117322452419453,0.7640142281504195
2025-07-01,0.735694427045613,0.7116118569392658,0.7638975998239353
2025-07-02,0.7354806329745697,0.7116919767339855,0.7636722756062765
2025-07-03,0.7365575406797493,0.7113525546704753,0.763607257177676
2025-07-04,0.73665021927926,0.7115682234963684,0.7636469026262521
2025-07-07,0.737167765537726,0.7115957817152422,0.7636547256307781
2025-07-08,0.7369856274987443,0.7114820156042222,0.7637692270363503
2025-07-09,0.7369793205024175,0.7113341973946127,0.7636970423004594
2025-07-10,0.7369715221704195,0.7112880119698756,0.7637467468278105
2025-07-11,0.7369213008481867,0.711289212737871,0.7638050628864718
2025-07-14,0.7370076009806114,0.7113705184752354,0.7637800601382141
2025-07-15,0.7365249932500723,0.7111361335822307,0.764070446154322
2025-07-16,0.7361145547235073,0.710936582835685,0.764025882591627
2025-07-17,0.7362935660886555,0.7111643406830055,0.7638958927017003
2025-07-18,0.7359579077692557,0.710924455122473,0.7642847788779048
2025-07-21,0.7362917232254795,0.7110933166683693,0.7641865183838707
2025-07-22,0.7363157144864052,0.7112292069772786,0.7640378539006076
2025-07-23,0.7364102607102209,0.7113153807186201,0.7639240527335122
2025-07-24,0.736163954240669,0.7111672795842258,0.764030944670285
2025-07-25,0.7367515833278692,0.71122034148181,0.7638438917988726
2025-07-28,0.7368522905737369,0.7113596356809005,0.7638805183493438
2025-07-29,0.7368856459262938,0.7112640897533868,0.7638346823523271
2025-07-30,0.7365691982766865,0.7112198055179396,0.7641076258541439
2025-07-31,0.7365061176972554,0.7112069827558094,0.7641472313098486
2025-08-01,0.7369666125354264,0.7110983155874779,0.7642656473264764
2025-08-04,0.7367312353785349,0.7111417931301242,0.7641789484202385
2025-08-05,0.7369749922821225,0.7110433918075199,0.7642206087156673
2025-08-06,0.7372257881238535,0.7110536260778768,0.7643304036216945
2025-08-07,0.737176157299576,0.7108030881055484,0.7639049044598841
2025-08-08,0.7368887851614218,0.7109031913739398,0.7640521823280193
2025-08-11,0.7364385816629622,0.7109614647959718,0.7643361660419109
2025-08-12,0.7368131710860627,0.7108489779760488,0.7643370879051881
2025-08-13,0.7363134662353041,0.7109167777752224,0.7642712202258238
2025-08-14,0.7364391573543313,0.7108866435903282,0.7642868263859888
2025-08-15,0.7363067325169809,0.7108808500056099,0.7645997646507598
2025-08-18,0.7365458820857298,0.7109029132298688,0.7642658078571966
2025-08-19,0.7363319315768081,0.710830541712358,0.7644160374261502
2025-08-20,0.7361939545384066,0.7110226749342385,0.7644575820180121
2025-08-21,0.7363803165632404,0.7109681777732267,0.7643972876246325
2025-08-22,0.7363360516619687,0.7110529836253193,0.7645469255742285
2025-08-25,0.7361010529362122,0.7108950102757281,0.7645601719215197
2025-08-26,0.7367711136586288,0.7108811018687647,0.7646803772305261
2025-08-27,0.7373507584725886,0.7108165016064115,0.7645262409001294
2025-08-28,0.7369797534048828,0.7109426479249951,0.7643230535953358
2025-08-29,0.7365970394401024,0.7111736251417998,0.7641695634992622
2025-09-01,0.7376021362232519,0.7112336047400165,0.7643660799438026
2025-09-02,0.737635730032788,0.7112491033778651,0.7645546330155991
2025-09-03,0.737837474971787,0.7110922569378338,0.7644428766534218
2025-09-04,0.7375050405255628,0.7108767643640552,0.7642094338612868
2025-09-05,0.7379146998755434,0.7109202704070227,0.7646078011220035
2025-09-08,0.7374104623669286,0.7110704177087015,0.7646159958550677
2025-09-09,0.7372471620039809,0.7110002266144275,0.7643455836997233
2025-09-10,0.7378490598282837,0.7108809808095718,0.7642157400667934
2025-09-11,0.7376235092919697,0.711054908257949,0.7641615596100485
2025-09-12,0.7382525252902559,0.71081481252325,0.7641917463350946
2025-09-15,0.7388167507443129,0.7111890342334353,0.7642219704032336
2025-09-17,0.7388066208623078,0.7111471734318959,0.7642624218913621
2025-09-18,0.7385112191395375,0.7110117238005147,0.7643376517944623
2025-09-19,0.7385106476152575,0.7110478001492226,0.7644189969768723
2025-09-22,0.7383487611715296,0.7110328639467187,0.7643781238683247
2025-09-23,0.7383483124552537,0.7109479653276051,0.764576403226974
2025-09-24,0.7383436980604943,0.710897186053892,0.7643126366563495
2025-09-25,0.7380271450302281,0.7108820712916366,0.7641502437772771
2025-09-26,0.7376657828176436,0.711008869654958,0.7645772922811119
2025-09-29,0.73754532298964,0.7111872477878394,0.7643678838174319
2025-09-30,0.7379286397483644,0.7110526079183124,0.7644007670925907
2025-10-01,0.7368010054822546,0.7110909376748825,0.7641337030918983
2025-10-02,0.7364900740974258,0.7110285905867142,0.764352477783337
2025-10-03,0.7361656561769508,0.7108962830788518,0.7643564400406127
2025-10-06,0.7367836315446047,0.7107183590492162,0.7644587666811504
2025-10-07,0.7368039327965652,0.7108542498392454,0.7645370551114109
2025-10-08,0.7368518093174413,0.7108536220553722,0.7646155403702353
2025-10-09,0.7366044888588414,0.7108009476640422,0.7645261692946761
2025-10-10,0.7364015179527899,0.7109932169566389,0.7642996671019666
2025-10-13,0.7362070466404284,0.7109702157220419,0.7644307996831552
2025-10-14,0.7363673480049303,0.7109019765829063,0.764441741094193
2025-10-15,0.7366706661345299,0.7107958525675594,0.764492714019007
2025-10-16,0.7365147542397954,0.7108604856387011,0.7644376308988388
2025-10-17,0.7364757016486257,0.7109924134845255,0.7644252643301448
2025-10-20,0.7363979291110768,0.7109291573139175,0.7642978863393588
2025-10-21,0.7361798616975951,0.710800808217787,0.7641569494389489
2025-10-22,0.7363982237401674,0.7109268115629146,0.7642159649598361
2025-10-23,0.7363070567914415,0.7108823304580023,0.7642664967800752
2025-10-24,0.7366699407059599,0.7109298527804915,0.764197880643381
2025-10-27,0.7358335059781216,0.7108120020540917,0.7642328063946175
2025-10-28,0.7359936637983241,0.7107650848310643,0.764384162577713
2025-10-29,0.735615188551818,0.7107941586498213,0.7645063706717465
2025-10-30,0.7360540259702179,0.7107201962546819,0.7641739330026391
2025-10-31,0.7364777561281624,0.71080249826854,0.7643988734595516
2025-11-03,0.735922201886066,0.7109077987688529,0.7646032432272488
2025-11-04,0.736093836599638,0.7109316878238561,0.7645004646880956
2025-11-05,0.7359906219642639,0.710647653596163,0.7645275609197804
2025-11-06,0.7357836959528368,0.7108168857311505,0.76443307961808
2025-11-07,0.7360384034363155,0.7104357957350693,0.7645434795935098
2025-11-10,0.7356944065273625,0.7104565132400654,0.7644937051147839
2025-11-11,0.735094735882329,0.7106962864044423,0.7647978436642806
2025-11-12,0.7359826540400446,0.7105461784045118,0.7646072042589633
2025-11-13,0.7362798914569801,0.7105759526281349,0.7646273931463488
2025-11-14,0.7367038264418615,0.7105237045474452,0.764629141727744
2025-11-18,0.7363608146072992,0.710451531096116,0.7645679106923099
2025-11-19,0.7369420674043637,0.7104291220309507,0.7646676517557224
2025-11-20,0.7372647371951638,0.7104993673560663,0.764740468764368
2025-11-21,0.7370081944418376,0.7105808197307786,0.764854008170915
2025-11-24,0.7367945816358435,0.7105108096781685,0.764923528687671
2025-11-25,0.7367131624406634,0.7106779915466103,0.7648710393210189
2025-11-26,0.7368500248855081,0.7104917054256972,0.7648622982346245
2025-11-27,0.7363767106139026,0.7104732943224564,0.7649323791576746
2025-11-28,0.7366833557679732,0.7105220526531314,0.7650809461267992
2025-12-01,0.7373550571497506,0.7104860224027979,0.7650378078048203
2025-12-02,0.7382661004642357,0.7103797446358064,0.764961365272272
2025-12-03,0.7382413496091625,0.7104610171379883,0.7651278914668507
2025-12-04,0.7378700247125625,0.7105183780414698,0.7651559043848936
2025-12-05,0.7382401003891249,0.7103954634861382,0.7652686037588214
2025-12-08,0.7382021368423478,0.7103259714172483,0.7652777586932221
2025-12-09,0.7384779360802132,0.7102383932900401,0.7651244459640564
2025-12-10,0.7381413232000711,0.7105135421635715,0.7651532169172115
2025-12-11,0.7377913488540252,0.7105608633124375,0.7649557879185047
2025-12-15,0.737589052203299,0.710436876283046,0.7647540035538883
2025-12-16,0.7377920081446385,0.7103584432233996,0.7648157731243801
2025-12-17,0.7381053532968698,0.7103839298093176,0.765072890027816
2025-12-18,0.7382684557836672,0.7102774472954534,0.765108422296927
2025-12-19,0.7383426863164532,0.7104934928438265,0.7649707160936617
2025-12-22,0.7385917613850186,0.7103800367320147,0.7652621533541815
2025-12-23,0.7387139464646407,0.7106366586602046,0.7651331578470777
2025-12-24,0.737642313133452,0.71061813178777,0.7651399460050174
2025-12-26,0.7379541835547991,0.7106833422819829,0.7650525755218908
2025-12-29,0.738116462385372,0.7108579446245622,0.7651472041665655
2025-12-30,0.737663410228512,0.7108376014809193,0.7651873724824054
2025-12-31,0.7377372613011497,0.7107236363162813,0.7650225273128983
