Date,NTL,CI_low,CI_high
2016-06-08,1.1486152843682813,1.1486152843682813,1.1486152843682813
2016-06-09,1.1472639041514432,1.144210404029591,1.1530260283171374
2016-06-10,1.1460044972423886,1.1421068679339188,1.1556923136291826
2016-06-13,1.1477930741627365,1.1402675223148022,1.1573511592650916
2016-06-14,1.1464186816093114,1.1389113762030587,1.159902412388813
2016-06-15,1.1467045053044573,1.136952739026337,1.160549568701884
2016-06-16,1.148158619360893,1.1358276118905801,1.161865757179263
2016-06-17,1.1478283651887549,1.1350107967225966,1.163379387271656
2016-06-20,1.1468326797284694,1.133562557171004,1.1647965969131846
2016-06-21,1.1465784356807343,1.131723874885041,1.1660620770509904
2016-06-22,1.1450565537342317,1.13039386595303,1.1665390806164808
2016-06-23,1.1426164071270037,1.1291632953978648,1.168965618102078
2016-06-24,1.1342442341248622,1.128315613939326,1.171139403525773
2016-06-27,1.1325211431466087,1.1275570912916777,1.1719981074314547
2016-06-28,1.132120092821158,1.1257328625390666,1.1730633201694218
2016-06-29,1.1363809813113122,1.1249794511433713,1.1736421791992064
2016-06-30,1.134230868456581,1.122551380819136,1.1756871993012776
2016-07-01,1.132667083473095,1.121688384498881,1.1780702561283183
2016-07-04,1.1309573624302889,1.1207033261987362,1.1786422185960816
2016-07-05,1.126940902022843,1.1179700382389932,1.17993568268561
2016-07-06,1.1254226674774859,1.115550736412215,1.1801452426353392
2016-07-07,1.125862501793255,1.1094328091469086,1.1823416849597257
2016-07-08,1.1256742350637068,1.1050454691408544,1.1849430424064538
2016-07-11,1.123654814885391,1.1012296397073063,1.1848884225449607
2016-07-12,1.1241949755134204,1.0977048003119314,1.1866284730378567
2016-07-13,1.136995804203433,1.0922937123124836,1.18875805429164
2016-07-14,1.1385304476871603,1.0919934354918286,1.1912892222842646
2016-07-15,1.1367132861550722,1.0924869420471788,1.1914822202869637
2016-07-18,1.1373328276344103,1.0914048711859445,1.1934123150295661
2016-07-19,1.1363779110222239,1.0902578008434054,1.195380227456585
2016-07-20,1.1354551371805677,1.0873995719331373,1.1953093131982293
2016-07-21,1.1501986813274572,1.0870776645717466,1.1994084341541227
2016-07-22,1.1485545332094216,1.0842107727177432,1.2019545330274428
2016-07-25,1.1463211061760576,1.083416728384469,1.2026142154954338
2016-07-26,1.1477558107468129,1.0817415710659875,1.2052706421401076
2016-07-27,1.1504501903700777,1.0807512410961422,1.2078892125001808
2016-07-28,1.151440676863501,1.079743903320186,1.2083412348522324
2016-07-29,1.150571609955375,1.0784212377287492,1.2110533986183032
2016-08-01,1.1500496854012363,1.0796982206567691,1.211064791354627
2016-08-02,1.1534994531138962,1.0781803617289203,1.2124462093467636
2016-08-03,1.152282472024576,1.0794005672945501,1.2137940452376434
2016-08-04,1.155686413001178,1.0781052713874901,1.2142639746049866
2016-08-05,1.1543651809854598,1.0767927655048315,1.2141810856392878
2016-08-08,1.1588818187388934,1.0760721413249434,1.2156629698879904
2016-08-09,1.1600852616787434,1.0734190019099779,1.21651592833214
2016-08-10,1.1594389266638625,1.0723523655178135,1.217378934651284
2016-08-11,1.157676445993768,1.0720860800996324,1.2187664630535269
2016-08-12,1.158991485126336,1.0704178553886903,1.221009962118493
2016-08-15,1.1596041977167615,1.0700380306154142,1.2215631818847104
2016-08-16,1.1572051807142563,1.0682529750551126,1.2235317035880429
2016-08-17,1.1592498796455988,1.0662016839411448,1.2228805484941574
2016-08-18,1.158732813982579,1.0641301658334554,1.2249917982865497
2016-08-19,1.1586458940792888,1.0637265732231291,1.2256330707384178
2016-08-22,1.159611219419261,1.062688064096659,1.225393155158817
2016-08-23,1.1552247678678658,1.0615297016954417,1.22606375748948
2016-08-24,1.1531609960054676,1.0602896706422762,1.2257512007662155
2016-08-25,1.1539085095435986,1.058968392547275,1.2257170961118162
2016-08-26,1.1526404564567607,1.0590544115326583,1.2279091269048006
2016-08-29,1.148409778676124,1.0583533631256317,1.2270483012764852
2016-08-30,1.149094097354697,1.0572528780282644,1.2269793706898844
2016-08-31,1.1494678725332812,1.0564720242052326,1.2274537839209305
2016-09-01,1.1489157443537334,1.0543206986744158,1.2271836994135363
2016-09-02,1.1488647441760393,1.054311062075671,1.2288158913600014
2016-09-05,1.150256938773135,1.0520373272647088,1.2287013644098201
2016-09-06,1.1522727154216166,1.0521045526053536,1.2303531773288907
2016-09-07,1.1481168279727072,1.0526400967482867,1.23061290780551
2016-09-08,1.147067201923039,1.0525546562105088,1.230574141950258
2016-09-09,1.135698331983596,1.0520655914625912,1.2297831182928307
2016-09-12,1.1326835786379406,1.052415171930922,1.2308259425347627
2016-09-13,1.134011874294055,1.0529266548531706,1.231472612406299
2016-09-14,1.1290783129089883,1.0527555029541544,1.2313053382233232
2016-09-15,1.1296625336599315,1.0519564445381935,1.232208279212138
2016-09-19,1.1284875834267893,1.052368523834629,1.2331022702883503
2016-09-20,1.129541438698133,1.0507299409717936,1.233274961220302
2016-09-21,1.1310058597145265,1.0481276895178981,1.2336149148368867
2016-09-22,1.1266987973972367,1.046792181966523,1.233623702934248
2016-09-23,1.12549077348798,1.047294988455975,1.2336663159082355
2016-09-26,1.1226619540035783,1.046025592037586,1.234019012606791
2016-09-27,1.1168236296914618,1.0493374807120843,1.2346718047761374
2016-09-28,1.1148557446362444,1.0493966944049324,1.2339271178749343
2016-09-29,1.1129676443502154,1.0489899050370426,1.2350942164404897
2016-09-30,1.113438896676666,1.0490065548031728,1.2361675824960445
2016-10-03,1.1113485905566436,1.0479579400112409,1.2376686667616796
2016-10-04,1.111864509814127,1.047790612153061,1.238163444276597
2016-10-05,1.1153024243499683,1.0472837448246215,1.238130300220538
2016-10-06,1.1145316638850504,1.0471911735026016,1.2386411310684584
2016-10-07,1.1142415657110918,1.046068804458244,1.2391306759374248
2016-10-10,1.1114908732292819,1.0451863051528638,1.2399856077210352
2016-10-11,1.1129957515607491,1.044110359761956,1.2411758561389559
2016-10-12,1.111431839198858,1.0460053775058977,1.2428687678793635
2016-10-13,1.1129076836447194,1.0441603536727604,1.2426351019419168
2016-10-14,1.1098443205873898,1.0443089063563247,1.244396200700012
2016-10-17,1.1077002316538866,1.0420730964411238,1.2443000234365118
2016-10-18,1.1091135425352687,1.0411672404874293,1.244689832694134
2016-10-19,1.1042363620418887,1.039586697788462,1.2446353294909624
2016-10-20,1.1034212635630885,1.0401741936681896,1.2455205115938641
2016-10-21,1.1025149181490217,1.0389002770601359,1.2448513156475347
2016-10-24,1.103407280122524,1.0394893883533043,1.2436249568563789
2016-10-25,1.104092598958309,1.0393406700488776,1.2458798400382871
2016-10-26,1.1055095269650077,1.0355052306199424,1.2470036919894925
2016-10-27,1.1041978594546318,1.0336365230920872,1.2486704578445476
2016-10-28,1.1022303037503658,1.0327877945480237,1.2490617453068882
2016-10-31,1.0998706190563263,1.0337825242937795,1.2494918223468463
2016-11-01,1.0960452782631724,1.0322280882845902,1.2500314265982257
2016-11-03,1.091624554831,1.0324454040352615,1.2501957499697967
2016-11-04,1.0934590744746395,1.0328435512553031,1.2512884325605116
2016-11-07,1.0789674959085143,1.0324790657466967,1.2522848188615614
2016-11-08,1.0775196821350117,1.031908329804291,1.2533628009321227
2016-11-09,1.0525800266824457,1.033188702895184,1.2521804185012384
2016-11-10,0.9970355311469496,1.0320690467485298,1.2527737169091866
2016-11-11,0.9955278687423873,1.0299202681570132,1.252633835343527
2016-11-14,0.998533397900642,1.0287515661512783,1.251636233771127
2016-11-15,1.0012289835834696,1.0298449260591818,1.2516611867614336
2016-11-16,1.0036455510732234,1.0278374906040388,1.25276932468957
2016-11-17,1.0067450140795338,1.0264179649402447,1.2561944169069148
2016-11-18,1.0098205259211739,1.0281489156810726,1.25687988192717
2016-11-22,1.0114379801645557,1.0282318005413047,1.2567261706159991
2016-11-23,1.0117838707116236,1.028484149876436,1.2571676555442146
2016-11-24,1.0121640444021351,1.0251769620795101,1.2573928200056195
2016-11-25,1.012136650328914,1.0253204949231065,1.2586058853546254
2016-11-28,1.0124304278517304,1.0229787570399183,1.2601617813540924
2016-11-29,1.0131441070268226,1.0227124499988929,1.2615045743954827
2016-11-30,1.0156025030428721,1.0237951525394282,1.2618987192984887
2016-12-01,1.0190790958266098,1.0228612641471806,1.2627917351051148
2016-12-02,1.0217719645496204,1.0198010103385446,1.2630046000621196
2016-12-05,1.0221812259805685,1.017767928007834,1.2635742976420146
2016-12-06,1.0231136904492415,1.0174217967681394,1.2642578422450406
2016-12-07,1.0219642920816154,1.0168925986708421,1.265093569649437
2016-12-08,1.023778698461938,1.0163797161387804,1.265185930142046
2016-12-09,1.0221341982176715,1.015631747939659,1.2641294883763785
2016-12-13,1.0221031777425607,1.0164846832356935,1.2642551446668873
2016-12-14,1.0232049207870897,1.0175127211893749,1.2645236168072052
2016-12-15,1.0321319151277561,1.0185301862607987,1.2647178653348077
2016-12-16,1.0307215633252884,1.0169624371161579,1.2651222622874352
2016-12-19,1.0319391068378554,1.0142659130530916,1.2653155381328876
2016-12-20,1.0344628179768687,1.0156864080686125,1.2665457513027296
2016-12-21,1.036601995752387,1.0176750803832366,1.2659824707478202
2016-12-22,1.0354818439847782,1.0154756327996488,1.2673107703983333
2016-12-23,1.0357600655559753,1.0133545852832562,1.2679540963051947
2016-12-26,1.0360043634768998,1.0130272826188313,1.2694598735353193
2016-12-27,1.03465585105565,1.0128842661083364,1.2709978850858235
2016-12-28,1.0321242444666736,1.013111568212634,1.2702711016613197
2016-12-29,1.031364461632592,1.0112933941398543,1.2702512042820735
2016-12-30,1.031995364595351,1.0107318590490175,1.272279458726735
2017-01-02,1.0313782404812701,1.009547433064733,1.2712480961045685
2017-01-03,1.032092306667558,1.010069074809724,1.2702274936240732
2017-01-04,1.0320808330433253,1.0061943317375412,1.2704791932859532
2017-01-05,1.0349010119614865,1.0079461941774661,1.2703182543010125
2017-01-06,1.0329061554551837,1.0066405497501911,1.2727365800908315
2017-01-09,1.0280158156844614,1.0070997354937123,1.273372055707179
2017-01-10,1.0306972974440678,1.0062222472867504,1.2750920276830577
2017-01-11,1.0331433029135713,1.0041301753743652,1.2752291253110248
2017-01-12,1.0331175851370502,1.0027744323718562,1.27365454235264
2017-01-13,1.0326983611009155,1.0012666065990576,1.27413705025208
2017-01-16,1.0308195274911411,0.9999575720389009,1.2752807843601506
2017-01-17,1.0303194482375506,0.99814660212767,1.2767571965602893
2017-01-18,1.0302240107298644,0.9983160579209202,1.27878596560281
2017-01-19,1.029512571308631,1.0006788795730666,1.2792539559289593
2017-01-20,1.0304063859356036,1.000204457907214,1.2766343266497777
2017-01-23,1.0253918455945572,0.9995266255146725,1.2780377510949317
2017-01-24,1.020625327269283,0.9987628232769699,1.2787693064351726
2017-01-25,1.023036314210849,0.9976035637114862,1.2790064816606272
2017-01-26,1.022462014125647,0.997256411239025,1.2792224562130972
2017-01-27,1.0231536201445692,0.9963716990941477,1.2792100328958387
2017-01-30,1.0224863039225642,0.9953054983716978,1.279957643834425
2017-01-31,1.023549945576973,0.993764019490015,1.2815092957345358
2017-02-01,1.023883631589554,0.9932573671529318,1.281468335912936
2017-02-02,1.0265799255454366,0.9932101516221352,1.2815074651802507
2017-02-03,1.0243121006717244,0.9938371189558007,1.2819834689044227
2017-02-07,1.0289665427612855,0.9926717933762612,1.2824699994678572
2017-02-08,1.0302020697328673,0.9925236875703304,1.2807011282709773
2017-02-09,1.0324109449375731,0.9919458177334658,1.2822339015262996
2017-02-10,1.0310574015820644,0.9935946354114427,1.2807409359619217
2017-02-13,1.032548751592306,0.9913248176581437,1.28319252903237
2017-02-14,1.031640983360296,0.9917327204734,1.2861877997150155
2017-02-15,1.0346568983600133,0.9925364214655179,1.285466148033038
2017-02-16,1.0351381530230417,0.991119382712635,1.2858558332789132
2017-02-17,1.0373884502503095,0.9909544502924453,1.2859582192697785
2017-02-20,1.037578169214592,0.9914084782828582,1.2862090118830907
2017-02-21,1.0368860973001957,0.9903652962494137,1.2872369847772043
2017-02-22,1.037550079383784,0.9932388213100415,1.2858511110077961
2017-02-23,1.0363021007076525,0.9928373797663832,1.2872955655915137
2017-02-24,1.0385422829213027,0.993794423178259,1.2865004146784733
2017-02-27,1.0389566058451003,0.9920524559387965,1.2869437617677193
2017-02-28,1.0390430968383908,0.9925089190797044,1.285466298059794
2017-03-01,1.039986794605803,0.9927233841608277,1.288128303361265
2017-03-02,1.0404169455062589,0.9918430377940703,1.287755287184761
2017-03-03,1.0436235906291618,0.9895967949210183,1.2891170411568147
2017-03-06,1.0432686784702279,0.9891371139466993,1.2865437513468936
2017-03-07,1.0430339596739506,0.9906909698742905,1.2867224998262508
2017-03-08,1.0445842034635016,0.9901700937289936,1.2881770936035666
2017-03-09,1.0431125604023184,0.9892721077075464,1.2885205124511003
2017-03-10,1.0430427849610993,0.990563633205852,1.2905015509207733
2017-03-13,1.0434766553506185,0.989942848449068,1.2902206018792173
2017-03-14,1.0439971669636183,0.988596143645454,1.289241194000006
2017-03-15,1.0462653593552105,0.9887207990224494,1.2901521377317258
2017-03-16,1.044939751806508,0.9886125886139069,1.289575884043838
2017-03-17,1.0426132758540778,0.9868719998706366,1.2904870714121341
2017-03-21,1.0461762918333377,0.9873538577065308,1.2903460459929255
2017-03-22,1.0449186870770295,0.9866216477695033,1.2888744196864852
2017-03-23,1.0451053282651108,0.983567301687787,1.2904589490812683
2017-03-24,1.0447824126369816,0.9827005776447709,1.291450413508076
2017-03-27,1.0479122075158476,0.9846749768543221,1.2936231222106431
2017-03-28,1.0506267005319816,0.9860987871837011,1.293612003095012
2017-03-29,1.0507396063924952,0.9836241266041287,1.2947887120484154
2017-03-30,1.050282671763908,0.9828333697492314,1.2944219668159693
2017-03-31,1.0493915756569296,0.9836644215756312,1.295474223374346
2017-04-03,1.0504233779916643,0.9829570749783063,1.297938478819777
2017-04-04,1.051642177901905,0.9836135923132548,1.297358825434756
2017-04-05,1.0519163108300689,0.9828738654879113,1.2968888331532662
2017-04-06,1.0513322668032812,0.9822631004974017,1.2972585214859855
2017-04-07,1.0526681822735597,0.9851334695669708,1.2980824047962034
2017-04-10,1.0536246170452004,0.981657846925422,1.2989598502522357
2017-04-11,1.0540000282152346,0.9816198829129872,1.2994749125228804
2017-04-12,1.0536598214999184,0.9811147850454909,1.2972990142153786
2017-04-17,1.0532713024112386,0.9816489285299361,1.297118589879424
2017-04-18,1.053431273443007,0.9830300176742867,1.296772541926365
2017-04-19,1.0536406902640956,0.9819971119295317,1.3013282425582657
2017-04-20,1.0534886562821593,0.9811096330342938,1.3008301491387961
2017-04-21,1.0532730201271794,0.9790146929464354,1.3019528881626246
2017-04-24,1.0509658894661198,0.9797628217072301,1.3013872504603374
2017-04-25,1.0507546031299064,0.9804551681787588,1.3019939132410865
2017-04-26,1.0493744607749822,0.9797728002037903,1.3020172843843763
2017-04-27,1.0550419999968867,0.978715468590855,1.3020453784205044
2017-04-28,1.0582754826064833,0.9796475431079311,1.3030669974872684
2017-05-02,1.0558282515682018,0.9791542807884815,1.3024352352373243
2017-05-03,1.0631577620521944,0.9804549020827773,1.3018515809174418
2017-05-04,1.0631452199876967,0.9808824691289229,1.3028983348821404
2017-05-05,1.0702340466440485,0.9805634243674163,1.3015179743885403
2017-05-08,1.1214130267782771,0.9805446432881159,1.302914689316571
2017-05-09,1.126285229842658,0.9797667232371495,1.3031194934236219
2017-05-10,1.1269563933897448,0.9797952304391175,1.3036347374884236
2017-05-11,1.1305636327597313,0.9798908930290822,1.3042070490022297
2017-05-12,1.1300864452217843,0.9798251679500473,1.3055131012737786
2017-05-15,1.1303016911499508,0.9788308221689512,1.3067536868349168
2017-05-16,1.1337650859372561,0.9775127352609992,1.3074000087596254
2017-05-17,1.1282628962596422,0.9781420720905935,1.3072953124046247
2017-05-18,1.126592484515939,0.9768604726057882,1.3063596778649502
2017-05-19,1.1280032633522807,0.977568510259354,1.3077794135449747
2017-05-22,1.1280091922046664,0.9789027273996407,1.3074313661540597
2017-05-23,1.1299331746777446,0.9784079758305839,1.3067817510069804
2017-05-24,1.1290132227356564,0.9760543541328992,1.3056923415130621
2017-05-25,1.1263119357381495,0.9747751082880536,1.3042299106432023
2017-05-26,1.1283091486362018,0.9736725318858429,1.3037816537042763
2017-05-29,1.1299819901157646,0.9706099414871607,1.305217008859833
2017-05-30,1.1262241706867333,0.9672794929493831,1.3044188371371732
2017-05-31,1.1241060293441953,0.9698537910059225,1.3052485532575089
2017-06-01,1.1239470295487368,0.9702769801886189,1.306604739184703
2017-06-02,1.1226157502323866,0.9684731612765954,1.3059574012147315
2017-06-05,1.123576084512713,0.9705136206464814,1.3078969186245295
2017-06-06,1.1210144907717312,0.9702911279706672,1.307327855026132
2017-06-07,1.1222442281234715,0.9698027317340719,1.3074322056555427
2017-06-08,1.1236794315839622,0.9680733466055021,1.3083377665497053
2017-06-09,1.1251048074697927,0.9650294237360864,1.3087110856987698
2017-06-12,1.1252439061272326,0.9653605840372723,1.3095607685299775
2017-06-13,1.1266676511414888,0.9658258691231836,1.309778113813361
2017-06-14,1.1258112533490015,0.9650875641400115,1.3094824560240703
2017-06-15,1.1245220467101558,0.9655601888754474,1.3097646089106703
2017-06-16,1.1270894548887822,0.9614146116282047,1.3107023803964313
2017-06-19,1.126445081552569,0.9623562120108523,1.3103109859981128
2017-06-20,1.1264896189752807,0.9624768997953511,1.3106201919761842
2017-06-21,1.1275651449779354,0.9625626845769198,1.3113651195034175
2017-06-22,1.1305438579410063,0.9615852829303725,1.3107324051032763
2017-06-23,1.1311459144458509,0.9619505947113993,1.311220330747095
2017-06-26,1.131108181020818,0.9607862903471206,1.3110101983787747
2017-06-27,1.1303567459996575,0.960067464443897,1.3117045650285644
2017-06-28,1.1305020455937487,0.9580987626158229,1.3128126379995408
2017-06-29,1.1289166767191825,0.957775917253594,1.3133944129535569
2017-06-30,1.1309014676071316,0.9573771451297732,1.315541546458028
2017-07-03,1.1390662776258957,0.9571608791686894,1.3130028200284778
2017-07-04,1.1362937744671262,0.9572215628672287,1.3125254504428916
2017-07-05,1.1362828339776987,0.9575885288248931,1.3121319971588636
2017-07-06,1.1342960753939249,0.9584084376206181,1.313184013521199
2017-07-07,1.135928944244649,0.9571337175316563,1.3131719627188478
2017-07-10,1.136881738230316,0.9568345708624213,1.3132016638918083
2017-07-11,1.1356588773769964,0.9574136145880333,1.31312596605382
2017-07-12,1.1310265537266497,0.9565861571242534,1.3130883851412973
2017-07-13,1.1308987908094494,0.9559339604730642,1.3121390779958362
2017-07-14,1.129220005176819,0.956213710702915,1.3118065557825558
2017-07-17,1.138451350272523,0.9545904427409514,1.311883398368615
2017-07-18,1.1504797623913365,0.9535834016029446,1.313866032785043
2017-07-19,1.1538281445550151,0.9550026388664623,1.3136812938807536
2017-07-20,1.1604219206881523,0.9545320930620865,1.3145247827476525
2017-07-21,1.1619856901187522,0.9530799284177318,1.3143545514361077
2017-07-24,1.1616781057751466,0.9544682548008679,1.3151837661761143
2017-07-25,1.1605565023542823,0.9537412478892031,1.3149146363886832
2017-07-26,1.1596367513622552,0.9532927812098737,1.3163363320429189
2017-07-27,1.1594824840138895,0.953269072870109,1.3163096240472654
2017-07-28,1.159886384090529,0.9548438987823594,1.3153929082636084
2017-07-31,1.1635147422448857,0.9553425587212436,1.315394793359042
2017-08-01,1.162698828132288,0.9555108059245742,1.3146732023964105
2017-08-02,1.16264958157749,0.9550761182750671,1.3155322832096301
2017-08-03,1.161918011465621,0.9546864356983262,1.3161748851550406
2017-08-04,1.1634357718475563,0.953920787395257,1.31596825518497
2017-08-07,1.1647247603647104,0.9538529767198228,1.315629591371164
2017-08-08,1.1697340935018534,0.9542160637387694,1.3162235068941734
2017-08-09,1.1688683931462434,0.9529848420282143,1.3165366593151617
2017-08-10,1.1668850459672437,0.952204380239728,1.3167911676706696
2017-08-11,1.1682362809833902,0.953962919761689,1.316593500932873
2017-08-14,1.1686308156321774,0.9535907656808545,1.3173139761623764
2017-08-15,1.169437350457794,0.9508795813581624,1.3179461309668157
2017-08-16,1.1712048445813086,0.9512202391643327,1.3169918080101692
2017-08-17,1.1681706990902254,0.9504072367247025,1.317716811376162
2017-08-18,1.1660469695276188,0.9486872064109912,1.318807548954048
2017-08-21,1.1656366852207543,0.949291782710229,1.3202714183797875
2017-08-22,1.1658033910428478,0.9484674521469133,1.3209756094245293
2017-08-23,1.1653054565591392,0.9491885603835412,1.3210199044393454
2017-08-24,1.1650918175916312,0.9475176275447706,1.3201523781734583
2017-08-25,1.1651953947377047,0.9465850066092603,1.321530131712636
2017-08-28,1.1667824075586508,0.9476165376373084,1.3204884258513425
2017-08-29,1.1664477207423167,0.945689886215798,1.320352358950474
2017-08-30,1.1667703760947763,0.9477376266987232,1.3214325072412367
2017-08-31,1.166773324948258,0.943837668192942,1.3223441848104878
2017-09-01,1.1679042965915087,0.9431112163813774,1.3229552627815788
2017-09-04,1.1662610288048423,0.9440215987396935,1.323810612300404
2017-09-05,1.1628141165407755,0.9433918138110345,1.3230176400133078
2017-09-06,1.166200052275377,0.9435107443807434,1.3230324850659367
2017-09-07,1.1675551569710936,0.9431524463458686,1.3226526027858745
2017-09-08,1.165513713731593,0.9434076678081051,1.3217992932577156
2017-09-11,1.1649561449638084,0.9433319522255552,1.3210786813196198
2017-09-12,1.1631676324896807,0.9411335422120699,1.3223405098199956
2017-09-13,1.164217762873006,0.9400783868879657,1.3235154030385599
2017-09-14,1.1632197753691997,0.9376475669818449,1.3266371393434386
2017-09-15,1.1662810469471623,0.9385737047205073,1.3262918997645379
2017-09-18,1.1666522988677428,0.9376251561046014,1.325922398382781
2017-09-19,1.1675672386904286,0.9368944026131264,1.3267424831848733
2017-09-20,1.1651541403917403,0.9358515174719853,1.3252274171653797
2017-09-21,1.1648075549986112,0.93701166209703,1.3249736519298665
2017-09-22,1.167563430118337,0.9360821514841756,1.3245541005678003
2017-09-25,1.1699384302587545,0.9335963596975162,1.3257356611759752
2017-09-26,1.1713699540983877,0.9364337257644421,1.3254439725400993
2017-09-27,1.1710949199112637,0.9354369017054924,1.3246185555498633
2017-09-28,1.1742462727731438,0.9340431749634213,1.3240515789205989
2017-09-29,1.1728998253116596,0.9343847428145756,1.3257929838211342
2017-10-02,1.1767769098268488,0.9349197581601673,1.3255856915719841
2017-10-03,1.1765952804292505,0.9351257815692658,1.325111846028234
2017-10-04,1.177779619207549,0.9336016365976205,1.3269148508614221
2017-10-05,1.1770607719246045,0.9341658721768281,1.3254713023800637
2017-10-06,1.179430169570863,0.9347181596246247,1.3263733124779489
2017-10-09,1.178962950695291,0.932555469612614,1.326444971617973
2017-10-10,1.1841477407007306,0.9335120249812672,1.326060654235963
2017-10-11,1.1839049183800263,0.9345220964729739,1.3258441112614525
2017-10-12,1.182645763957691,0.9344426275184938,1.3254493881261855
2017-10-13,1.178922810025439,0.9339349732903263,1.3261166862791554
2017-10-16,1.1779654537839566,0.933672967977624,1.3269940427610092
2017-10-17,1.1754641277146027,0.9333601063034458,1.3268121083782927
2017-10-18,1.1762393798383666,0.9343355932807064,1.3274980367916231
2017-10-19,1.179396668153295,0.9336092502136156,1.3286100048743605
2017-10-20,1.1832772912987608,0.9299681000952431,1.3269324465864032
2017-10-23,1.1834906172425765,0.9290277246889774,1.3277336616266613
2017-10-24,1.1806863823185585,0.9275822447449557,1.3276739179546297
2017-10-25,1.1780116967178884,0.9273648124835417,1.3299938027759093
2017-10-26,1.1779060303454854,0.9275731514126763,1.3302811385773798
2017-10-27,1.1770429414324484,0.9281482420474507,1.3309707347195148
2017-10-30,1.1778188578178135,0.9250021424969849,1.3321050389077853
2017-10-31,1.1771930573872174,0.9237141242638746,1.3325438301523111
2017-11-01,1.183242433020534,0.9242417532399133,1.3343080766079036
2017-11-03,1.1789599430284152,0.9242861708960418,1.334929456990911
2017-11-06,1.178088131203287,0.9232040988406737,1.3362321820252423
2017-11-07,1.178997594707726,0.9229472512705709,1.3372107136022997
2017-11-08,1.1758377039982433,0.9233347305452163,1.3373750789386427
2017-11-09,1.1789818378731685,0.9231283418390988,1.3368802600560075
2017-11-10,1.170858777081412,0.9238666414118964,1.3364879348281962
2017-11-13,1.1702569748962675,0.9244986680045325,1.3379894067901934
2017-11-14,1.1712610733861766,0.9233992250095846,1.3388356575293316
2017-11-15,1.171653231104106,0.9231887396946342,1.338379034670536
2017-11-16,1.172810836293884,0.9218098880515226,1.339381707145397
2017-11-17,1.1742260244174003,0.9217197832193907,1.3411019904522614
2017-11-21,1.1729634041358727,0.9209556886738349,1.341310026717447
2017-11-22,1.1767639183265124,0.9250727126879448,1.3424494964344198
2017-11-23,1.177902532939741,0.9210686762325115,1.3414389774733684
2017-11-24,1.1770773365829201,0.9221167283058512,1.3409121277285083
2017-11-27,1.176978923969838,0.9224166485491205,1.3415885533242393
2017-11-28,1.1776192412372068,0.9219696989019031,1.3431889839258178
2017-11-29,1.1768463107622649,0.9222856725408829,1.3428874503108463
2017-11-30,1.1759102804689499,0.9226973182775646,1.3436950797125913
2017-12-01,1.175946570938359,0.9236192763470042,1.3444488808223125
2017-12-04,1.1767587376808273,0.9234144690237891,1.3454492168737857
2017-12-05,1.173976752833127,0.9232396484534953,1.3459179168847422
2017-12-06,1.1703576991058908,0.9221131820461028,1.3473009110749272
2017-12-07,1.1697360779165258,0.9208930689325475,1.3468739364702604
2017-12-08,1.1640590868391347,0.9204126643486945,1.347447056198767
2017-12-11,1.1643796224904606,0.9207132839694016,1.3478979661443333
2017-12-13,1.1616455895968434,0.9193599151929187,1.3482486079123612
2017-12-14,1.1625452742940912,0.9182838958712491,1.3486451686123746
2017-12-15,1.1634497929614747,0.9159778576428399,1.3492952544230805
2017-12-18,1.1600730318513433,0.9171301131563592,1.3479877548039834
2017-12-19,1.1579136554432734,0.9193519820507785,1.348690009425379
2017-12-20,1.1592999700798414,0.9189495147116871,1.349035900832795
2017-12-21,1.1606203932880372,0.9179157403453646,1.3494579177837682
2017-12-22,1.1619531594043433,0.9194589789960854,1.3484505888610732
2017-12-26,1.1622960906958424,0.9204742212673624,1.3492789210359362
2017-12-27,1.1647088375582042,0.9226177232839712,1.3477399941781008
2017-12-28,1.16371998316318,0.9201590848663779,1.3494924276738054
2017-12-29,1.164439455444496,0.9217262183422356,1.3505364058468365
2018-01-02,1.1613510110971965,0.9217069925558083,1.3519551665160794
2018-01-03,1.1654210965971985,0.9225875465298703,1.3518495186893809
2018-01-04,1.1643727974429385,0.922189272466474,1.35188966637274
2018-01-05,1.1623069724029491,0.9212696922375487,1.3517672098241373
2018-01-08,1.1624801042577328,0.9226485834634397,1.3511450836681447
2018-01-09,1.1634375395894805,0.9211187534137689,1.3514891228959505
2018-01-10,1.1579589154770762,0.920768964712051,1.3529790471258516
2018-01-11,1.1581043300927685,0.9194446609875893,1.3521126793464768
2018-01-12,1.1583585451379497,0.9194180565310601,1.3515071887235306
2018-01-15,1.156664807977722,0.9174675816808381,1.3516240557222172
2018-01-16,1.1519031698223818,0.9186798975138912,1.3528162089864115
2018-01-17,1.1487391319649845,0.9177414966585321,1.3527017572400488
2018-01-18,1.1493165228306859,0.9149414207852282,1.3522643480823615
2018-01-19,1.147858661789031,0.9155249875652182,1.351942556468845
2018-01-22,1.146541294061382,0.9149927467000725,1.3522854698162605
2018-01-23,1.1469168050162812,0.9143380308002881,1.35330754834009
2018-01-24,1.1458842016909503,0.9146375871348414,1.3529157240767524
2018-01-25,1.1458430906942454,0.9139170541808145,1.3529377686049955
2018-01-26,1.1437204881382101,0.9140416899877001,1.3521147582446984
2018-01-29,1.1443956872500802,0.9142585914570622,1.3528141024554747
2018-01-30,1.1420599818546582,0.9100459258125497,1.3528713076282164
2018-01-31,1.1421246710630737,0.9113140919135143,1.3567585746322044
2018-02-01,1.1446745086079202,0.9111789593502502,1.3551538224337052
2018-02-02,1.1450734989909765,0.9108305514542384,1.3547673460080465
2018-02-06,1.1378713791077149,0.910980010342664,1.3550867954635657
2018-02-07,1.13803825009419,0.9098920780429531,1.3542608266004634
2018-02-08,1.1279040607940916,0.9090394118087639,1.3532704752365254
2018-02-09,1.1299915603644395,0.9074960213349487,1.3555386603071395
2018-02-12,1.1302112206592725,0.9079260529639335,1.3549943999855592
2018-02-13,1.1312659177767257,0.908535492444419,1.356298359082009
2018-02-14,1.1331273203086565,0.9099116422811911,1.3600837742658753
2018-02-15,1.1321538863913272,0.9082171709470023,1.3600862373200948
2018-02-16,1.13361852532977,0.909021376254287,1.358453220143127
2018-02-19,1.1341188396622326,0.9080620891181186,1.357516288372986
2018-02-20,1.1332171406711258,0.9083804360593292,1.3602143797660917
2018-02-21,1.1350604161589672,0.9075174240408067,1.3616236208026458
2018-02-22,1.1339581427056462,0.9075913188111523,1.3610045584428545
2018-02-23,1.1345320589960006,0.9069716767515061,1.3614724227018549
2018-02-26,1.1354460962139352,0.9108933924025728,1.3631943039015535
2018-02-27,1.1349787742850308,0.9098309436931789,1.362899709357694
2018-02-28,1.1400608837022521,0.9097747781212734,1.3621436257460977
2018-03-01,1.1400175147396023,0.909173098402122,1.3624617564467671
2018-03-02,1.1396465575417374,0.9100885423214516,1.3613156911460735
2018-03-05,1.1396340181106868,0.9104406757271567,1.36184510113057
2018-03-06,1.1410714572589504,0.909977056265453,1.3619215075577369
2018-03-07,1.1418148045915264,0.9097972993098711,1.3643950256776534
2018-03-08,1.1428653288300392,0.9083955918506882,1.366007381889227
2018-03-09,1.1405641423536637,0.9097441971076419,1.3658673342555012
2018-03-12,1.1402682100090107,0.9094311637019776,1.3666353716992297
2018-03-13,1.1396072520786316,0.9098473183727223,1.3661084648295605
2018-03-14,1.1387386926989571,0.9100124802869612,1.3657424089619794
2018-03-15,1.1390075513955575,0.9107837669486969,1.3646639649545422
2018-03-16,1.1373066556075737,0.9110066401286964,1.3654779050659034
2018-03-20,1.1387171918526853,0.9119254041440706,1.3657132367126665
2018-03-21,1.1355454186026015,0.9117212033409534,1.3648239390535997
2018-03-22,1.1345752171207442,0.9143760247292266,1.3660397933777455
2018-03-23,1.13157520837455,0.9151233900235498,1.3660129033316681
2018-03-26,1.132419556382854,0.9140631932344766,1.3665672050842081
2018-03-27,1.1335601320603403,0.9135922058670513,1.3659441494803344
2018-03-28,1.1300149584117083,0.9153487492735698,1.3662598229250416
2018-04-02,1.1297538422831552,0.912846556698843,1.3671233511455718
2018-04-03,1.1276759541544035,0.9122144617817486,1.3678822088926574
2018-04-04,1.126134487874567,0.9115767683329306,1.367041426034988
2018-04-05,1.122920398161307,0.9122394031045247,1.3697960052979594
2018-04-06,1.1245822459802859,0.911599949353645,1.3702050627861395
2018-04-09,1.123283737749907,0.9105922414447192,1.370071119801799
2018-04-10,1.1240323830415784,0.9122237625735349,1.369331195571738
2018-04-11,1.1257507932393778,0.9138880741316825,1.368219388210001
2018-04-12,1.1261383904944475,0.9130264032752343,1.368229929405204
2018-04-13,1.1259095882577792,0.9127086996396344,1.367890837526257
2018-04-16,1.1280041876046403,0.9119073147557143,1.3675761996419402
2018-04-17,1.1271990771138025,0.9122665693804125,1.369126638783728
2018-04-18,1.1263856307392208,0.9129213026407479,1.3690068726372815
2018-04-19,1.1264529053221155,0.9122481862703783,1.367930335501872
2018-04-20,1.1274630901392102,0.9100087712915939,1.367979680961805
2018-04-23,1.1305605237204785,0.9109303871091354,1.3683796786476357
2018-04-24,1.134042265036594,0.9089442057108914,1.3688402152833965
2018-04-25,1.1329613626331703,0.9089528606080183,1.369278677562653
2018-04-26,1.1368644238160475,0.9003090136818795,1.3690824480577302
2018-04-27,1.1364755561874336,0.9013574149564667,1.3702823919547968
2018-04-30,1.1361258796298348,0.9021312740602558,1.3695962557820198
2018-05-02,1.1364927196411847,0.9044265553424904,1.3696854860145635
2018-05-03,1.1244527781017806,0.9040543466318035,1.369049447581655
2018-05-04,1.127589620781025,0.9029380327711364,1.3688072168234775
2018-05-07,1.1254132425892582,0.9023750241625533,1.3690618267150554
2018-05-08,1.1278509447457359,0.9034928191676757,1.369047163979353
2018-05-09,1.128330880158396,0.9007573034376546,1.367755212274306
2018-05-10,1.1292104108319612,0.9013872729922646,1.3700787747333993
2018-05-11,1.1312004036031669,0.9003357531208381,1.368018063796744
2018-05-14,1.1315693668291427,0.8996462566123978,1.368833392600916
2018-05-15,1.1316011440457916,0.8980092968028415,1.368844500702844
2018-05-16,1.1330900611899488,0.8949417957094219,1.3700197778930314
2018-05-17,1.128094171150131,0.8949605696186702,1.372525371746733
2018-05-18,1.1299503056053548,0.8926673978653105,1.3725481818528111
2018-05-21,1.1290704139058627,0.8907433022205745,1.3736077227670922
2018-05-22,1.1273056647709305,0.8910082953423689,1.3753137731223681
2018-05-23,1.128089926241873,0.8909817563543646,1.3749052063459446
2018-05-24,1.129442898789953,0.8918794550260354,1.3743690668368058
2018-05-25,1.1285005608369598,0.8932788837527907,1.3746747371141237
2018-05-28,1.129511100732814,0.8920425822900144,1.3737604835841295
2018-05-29,1.1282069095914151,0.8941253167719644,1.3763822988651655
2018-05-30,1.1270530022604377,0.8945840383438066,1.3752751615966163
2018-05-31,1.127545433825977,0.8955406569784429,1.3761028094068959
2018-06-01,1.1278347799230406,0.8966500518329774,1.3757904230027642
2018-06-04,1.1277587894322094,0.8962461623891503,1.3768177282891987
2018-06-05,1.127743639138248,0.8953275850605887,1.3755253468816762
2018-06-06,1.1315724599261074,0.8940568378227759,1.3774469816636445
2018-06-07,1.1320284134996654,0.8937203676675793,1.3746963038622786
2018-06-08,1.134168573991443,0.8926531149479014,1.3762917245624766
2018-06-11,1.1342563055214938,0.8936692974563135,1.3753028368331202
2018-06-12,1.1322814940468267,0.8948419224693132,1.3767992760622212
2018-06-13,1.137695380068486,0.8930057434464639,1.377447879515389
2018-06-14,1.137365438925905,0.8922261280552681,1.379888882650538
2018-06-15,1.1376795936111848,0.8933777655602485,1.3760291582820134
2018-06-18,1.1387102441293526,0.890934267139613,1.3775512363969158
2018-06-19,1.1407963963457362,0.88859123161533,1.379454822254319
2018-06-20,1.1404095756939778,0.8886536803833378,1.3790280358241949
2018-06-21,1.1416834468398163,0.8876848487674646,1.3774252001321716
2018-06-22,1.1424210933675791,0.8884423470812358,1.3794160507625235
2018-06-25,1.1442541513932323,0.8875523760056852,1.3806498773794182
2018-06-26,1.1474734642117284,0.8873089409997722,1.3812234841771929
2018-06-27,1.1476379934764034,0.8897900018387283,1.3831792320486558
2018-06-28,1.1467102392132151,0.8869086047347912,1.381709470989094
2018-06-29,1.1452199899982598,0.8878371511465631,1.3816599528349889
2018-07-02,1.1412421484995985,0.8857814160031564,1.3808832261579065
2018-07-03,1.140554707647077,0.8868900950816772,1.3822461376949795
2018-07-04,1.1442188280150618,0.8853494771612958,1.3814555231872654
2018-07-05,1.1346326101669892,0.8841212745121548,1.3824668585914943
2018-07-06,1.1337673703356048,0.8819880965004233,1.386238379379258
2018-07-09,1.1355073329863923,0.8834897973692989,1.385849284155604
2018-07-10,1.137099445957061,0.8852706737655842,1.3876241398650848
2018-07-11,1.1380534698822056,0.8860532994325861,1.3894416299289494
2018-07-12,1.1385844069058821,0.8875411189076833,1.3895519603400215
2018-07-13,1.1393589341836414,0.8879582325579295,1.3879876298572398
2018-07-16,1.1384095674719612,0.8861430069656361,1.3885268500115728
2018-07-17,1.136631458343129,0.8840049504523462,1.3880183008470357
2018-07-18,1.138096869528825,0.8844903610202105,1.3876568620706966
2018-07-19,1.137478627381667,0.8854033120792594,1.3878925596568077
2018-07-20,1.1353854355632755,0.8862282474501358,1.3866999559906679
2018-07-23,1.136449610643122,0.8857992819310098,1.3867787440903339
2018-07-24,1.136944279766809,0.8862237616020228,1.3868698575240128
2018-07-25,1.1369236709419221,0.8864455975351505,1.3859108524474741
2018-07-26,1.1385220507300973,0.8875895024897688,1.3850738579203856
2018-07-27,1.1411024334733708,0.8879380390277036,1.38831769112667
2018-07-30,1.1511251804883624,0.8882290095556864,1.3897951916401632
2018-07-31,1.146998816314662,0.8873295599470001,1.3891651807444683
2018-08-01,1.1546013960042936,0.8872151651693091,1.3894625907247888
2018-08-02,1.152816469457938,0.8870319612318396,1.3865129419151125
2018-08-03,1.1506676409180383,0.8877525150516968,1.3874753892293865
2018-08-06,1.1521368997408383,0.8885590554446031,1.389664217130304
2018-08-07,1.148415814762367,0.8875359510978765,1.3892471362138323
2018-08-08,1.1477265964192573,0.8883204474989029,1.3893808668208696
2018-08-09,1.145181235887783,0.8869636530824582,1.3898564325100724
2018-08-10,1.1387181716141495,0.8868293095722753,1.3891446119889144
2018-08-13,1.1354861846271151,0.8870202546702923,1.3911421047285353
2018-08-14,1.1345349980859547,0.8873971126791165,1.3880711785216497
2018-08-15,1.1315001632637445,0.8876067689258218,1.3879492718630628
2018-08-16,1.1302543447051772,0.8871517857956436,1.387906190774039
2018-08-17,1.129650554626674,0.8863782168324993,1.387708786604978
2018-08-20,1.1313447601199644,0.8869562728636552,1.387953548861108
2018-08-21,1.1299543402505017,0.8861004131050632,1.387338061531232
2018-08-22,1.1271584979152456,0.8859872067091336,1.3865646543102619
2018-08-23,1.12731167594288,0.8846445451443297,1.3855193902767635
2018-08-24,1.127748005793043,0.8839007597746145,1.3886706884547506
2018-08-27,1.126181595219681,0.8840518599922256,1.3883887851943113
2018-08-28,1.1253600832499546,0.8831645192629538,1.3902075703530594
2018-08-29,1.1258322898296116,0.8838965459284855,1.3898019040891365
2018-08-30,1.1251732323135506,0.8849668688064698,1.390177314380785
2018-08-31,1.1262005569610305,0.881989072229376,1.3933315331903955
2018-09-03,1.127697330643435,0.8808996389909868,1.392941236459043
2018-09-04,1.1264009691928858,0.8802899224771903,1.3953116301304254
2018-09-05,1.1261314192343566,0.8803581493324507,1.394469109320467
2018-09-06,1.12626528795584,0.8792833106353051,1.3932596232954324
2018-09-07,1.1262810406141923,0.8801301724141971,1.392822704439903
2018-09-10,1.1252583744388465,0.8796270294363867,1.3930524059450144
2018-09-11,1.1251003236553745,0.8809735639316174,1.391902333012543
2018-09-12,1.1304487786428405,0.8812322967915539,1.3918082693724791
2018-09-13,1.1297015281855054,0.8781866382156882,1.3912904747781132
2018-09-14,1.1281813798261284,0.8779099586967359,1.3925963074836423
2018-09-17,1.132858642457278,0.8789615967414095,1.39294274336361
2018-09-18,1.1336015939005577,0.8779862005047725,1.391380183119431
2018-09-19,1.1337670273455047,0.8778516509446769,1.3930033993994366
2018-09-20,1.137989492544961,0.87739614689291,1.3924814019039287
2018-09-21,1.1394447539951744,0.8764443673164953,1.3927034034055297
2018-09-24,1.1368807428852719,0.8765984879393655,1.3918883540623301
2018-09-25,1.1362493726697798,0.8762202938141611,1.3922120156811597
2018-09-26,1.1338861268559657,0.8769444460909135,1.3932345248749982
2018-09-27,1.133249936805391,0.8753085510844831,1.3921606999987237
2018-09-28,1.1367179922033515,0.8746056167435594,1.3902440942316217
2018-10-01,1.1366732333321163,0.8738824349104856,1.3957831479004363
2018-10-02,1.1377488123675938,0.8736111989764493,1.394154335351193
2018-10-03,1.1412996488077047,0.8719999188027526,1.39394078082925
2018-10-04,1.1401981388488949,0.8718346792766695,1.3952508304344855
2018-10-05,1.1418111697665072,0.8726284218976051,1.3948692003684315
2018-10-08,1.1404049407919945,0.8721856016181062,1.3955424321106125
2018-10-09,1.14047286006946,0.8706711701071391,1.3945542491620766
2018-10-10,1.139376709329596,0.8708939000095113,1.3964073382453186
2018-10-11,1.1367264451012677,0.8711519843950862,1.3971733931699855
2018-10-12,1.135708358332407,0.8719235559743123,1.3968949020229726
2018-10-15,1.1321351072318406,0.8713914160907459,1.3987762807730664
2018-10-16,1.1311648125943143,0.8718102632520957,1.3990240639589067
2018-10-17,1.1303746111975048,0.8717554655386525,1.398847114936419
2018-10-18,1.1283976502445416,0.8715545186218115,1.3983113305772226
2018-10-19,1.1270701094831042,0.8730292896277118,1.3992474167345526
2018-10-22,1.1278682356244063,0.8729830763764792,1.3976336418976876
2018-10-23,1.1292373477683468,0.8718486863249137,1.398172106932634
2018-10-24,1.1258991903211746,0.8716677469990917,1.3977835062465123
2018-10-25,1.1295669665825607,0.8708910928068795,1.3971972891544708
2018-10-26,1.1319368308408913,0.8683650574009695,1.3973099461467113
2018-10-29,1.0967350704680268,0.8670195458321127,1.3984803237501966
2018-10-30,1.0973928477964199,0.8651454583202942,1.3991834129457676
2018-10-31,1.0945570045414819,0.8679806502884183,1.3989455687863412
2018-11-01,1.081122555586828,0.8664514836739037,1.3992782012113367
2018-11-05,1.0694827055967076,0.8653465163422733,1.3985802094519633
2018-11-06,1.0709007877096806,0.8638155567123468,1.3979679547437356
2018-11-07,1.071758202674654,0.8643337024479608,1.3971536887427483
2018-11-08,1.0258228919351746,0.8643706353562425,1.3990358246541255
2018-11-09,1.0299072907055766,0.8650458823914262,1.398402027371308
2018-11-12,1.0299357697395848,0.8658484050760176,1.3997207201154187
2018-11-13,1.029128261146719,0.8661650201601186,1.3973378417228883
2018-11-14,1.032973015436696,0.8673092457652909,1.396994348509404
2018-11-15,1.0311840964438244,0.8665164084078743,1.3960521317334413
2018-11-16,1.0264972797521563,0.8663415474838935,1.398135691828979
2018-11-20,1.0264438918797318,0.8651712334152671,1.3995593701933384
2018-11-21,1.027855510020047,0.8647512440901216,1.3990705696978127
2018-11-22,1.0263824033809543,0.8629331453206855,1.4006993345348564
2018-11-23,1.0270695941695762,0.863236237430613,1.4034319378404294
2018-11-26,1.0228101771686597,0.8620590561498641,1.4026135151261143
2018-11-27,1.0220574254629187,0.8636560966725317,1.4033136429886328
2018-11-28,1.0149936703555587,0.8641149052797791,1.40305102377712
2018-11-29,1.014297071952431,0.8641734919707416,1.4022489251043493
2018-11-30,1.0154451187945557,0.8631118543611754,1.4035009693457354
2018-12-03,1.0153618698496323,0.8623073072630995,1.4022930943356067
2018-12-04,1.0145062965527156,0.8624665866311678,1.4033671293216718
2018-12-05,1.013935291821518,0.8629602407472194,1.4061684401981773
2018-12-06,1.013873262207345,0.8618847229678063,1.408271344050837
2018-12-07,1.0159421214391484,0.8628598112195195,1.4072381841898833
2018-12-10,1.0154486646922336,0.8645029606735021,1.4065592448405049
2018-12-11,1.0153314095990609,0.8640204670598209,1.4059519707331931
2018-12-13,1.0138699179959991,0.8643979381983989,1.406381536997094
2018-12-14,1.0140877897450782,0.866775565340081,1.405264836218318
2018-12-17,1.0123759846955074,0.865162343143424,1.4055700215400344
2018-12-18,1.0127302415317079,0.8665465346560836,1.40472592078829
2018-12-19,1.0145170647585575,0.8645021961725298,1.405972262274397
2018-12-20,1.0176500000829893,0.8665102881986194,1.4056572906566511
2018-12-21,1.0175266029716405,0.8631787054005279,1.4071921840595267
2018-12-24,1.0173350565618238,0.8643792879671292,1.4071445480289493
2018-12-26,1.0256472865439128,0.8633224594172,1.4040892999873655
2018-12-27,1.025677533849823,0.861444600817346,1.4050636776733727
2018-12-28,1.0255217826201246,0.85922612809253,1.404441433819367
2018-12-31,1.026066609609156,0.857517963828894,1.4034999826086765
2019-01-02,1.0216572566268372,0.85938908943522,1.4044910654478693
2019-01-03,1.020785744509368,0.8609293064360539,1.405793883290323
2019-01-04,1.0195854733804806,0.8578348323545183,1.4045414763507826
2019-01-07,1.0180242750928779,0.8599854829946588,1.403192219187794
2019-01-08,1.014504547117407,0.8590586255946798,1.4053185582758416
2019-01-09,1.0151583922375214,0.8593441104803949,1.4038045265958015
2019-01-10,1.0181429145739922,0.8587148886585184,1.4035431580664777
2019-01-11,1.018473940387662,0.8588482233767275,1.404554295094735
2019-01-14,1.0188632038728327,0.85842167592128,1.4052616409444867
2019-01-15,1.0198885934403648,0.8584744066175408,1.4038120592533896
2019-01-16,1.0182676623774185,0.8579296352465118,1.4025849514696611
2019-01-17,1.0169318708282162,0.8574248307165234,1.4033987010160247
2019-01-18,1.0133975581624284,0.8578382106346152,1.4071260064765985
2019-01-21,1.0135201115150105,0.8577545627747033,1.4053353234460104
2019-01-22,1.0164969826266457,0.8567952124324253,1.4065246288955635
2019-01-23,1.0168484553165218,0.8550462532400097,1.4067203893294185
2019-01-24,1.018506194711802,0.8562872491054585,1.4056107023496798
2019-01-25,1.017868916212152,0.851220386015435,1.4063675628845818
2019-01-28,1.017823568533848,0.8510428807691688,1.4062793396075812
2019-01-29,1.0187459021006215,0.8510786596120037,1.4064484878018932
2019-01-30,1.0191125684084565,0.8520838834111865,1.4055517947846667
2019-01-31,1.0187421531720917,0.8518693340689153,1.4074795527775337
2019-02-01,1.0226218479476996,0.8494522172010985,1.406721138982016
2019-02-05,1.0210222438043566,0.8487367146081364,1.4063598233243222
2019-02-06,1.0216765102231011,0.8491620326678349,1.4064442459839905
2019-02-07,1.0235961794658168,0.846218563011875,1.4077607815398887
2019-02-08,1.021048718183918,0.8482382456302081,1.4096538864650476
2019-02-11,1.022263546382118,0.8457829617792638,1.4098351694830362
2019-02-12,1.0235346014446902,0.8446498524536001,1.408742478321421
2019-02-13,1.022339085073446,0.84724428115227,1.4078328982050807
2019-02-14,1.0253125696098848,0.8428376292304616,1.4072568867745978
2019-02-15,1.0251985547217004,0.8456580438604567,1.4065316877403353
2019-02-18,1.0257948505491847,0.8450739688169308,1.4061578346829666
2019-02-19,1.0285295332096966,0.8464437333418708,1.4063923582881197
2019-02-20,1.0277128725300486,0.8444986264377204,1.408734580712737
2019-02-21,1.0271698201209707,0.8429522259532723,1.4094239752816728
2019-02-22,1.0288591639118936,0.8398290393417951,1.4093111030352732
2019-02-25,1.0273377488299804,0.8382494456618403,1.411606183337376
2019-02-26,1.0292837590826684,0.8371318092224418,1.4122207567179916
2019-02-27,1.030406454579914,0.8379044907588786,1.4126104832972317
2019-02-28,1.0325039587757703,0.8376049215781445,1.4120499607285417
2019-03-01,1.0325641314211553,0.8366907759509529,1.412365225638638
2019-03-04,1.0332843632508544,0.8380857634758682,1.4128258928676514
2019-03-05,1.0321477834839978,0.8386252365340993,1.4114441080047555
2019-03-06,1.0329667357698218,0.8382784592523789,1.410379481740329
2019-03-07,1.0320360198100094,0.8373499641009008,1.4099086783375514
2019-03-08,1.0337768412608732,0.8357821016162621,1.4118758915311111
2019-03-11,1.033881477813236,0.8359364688009177,1.411431453092157
2019-03-12,1.0322536360929548,0.8345686595548961,1.4115195396076436
2019-03-13,1.0339700047344367,0.8343121873717317,1.4141610554415869
2019-03-14,1.0340768722992182,0.8341120651731968,1.4134979893608748
2019-03-15,1.035084616092164,0.8330212362055804,1.4142024301622533
2019-03-19,1.0342688928521724,0.8344193824080353,1.4156712319975673
2019-03-20,1.0314206704249604,0.835362246023818,1.413122471319729
2019-03-21,1.0314929338909749,0.8353386328869904,1.4131854696256294
2019-03-22,1.0276104180885435,0.8347399835091236,1.4118449138517084
2019-03-25,1.0287197819443268,0.8367739149843378,1.4110769663842835
2019-03-26,1.0271734851813112,0.837270619281171,1.4120770247483465
2019-03-27,1.0275950008287245,0.8385299389809417,1.4128817510384573
2019-03-28,1.0280938385900913,0.8376623911144085,1.4127570278550687
2019-03-29,1.0268167213325057,0.8377150597500351,1.4119744156401233
2019-04-01,1.0271795168023763,0.83859511917414,1.4112752309689063
2019-04-02,1.0273651109023962,0.8375184007076687,1.411510843441756
2019-04-03,1.0274210115443252,0.8340289639377259,1.4121593998593747
2019-04-04,1.026853456931589,0.8336357633290239,1.4126374509866644
2019-04-05,1.0247825680573723,0.8323222008351346,1.4142097810882162
2019-04-08,1.025780022467271,0.8323633388679205,1.4136270948277931
2019-04-09,1.0260724542389688,0.8317994426047277,1.4128998850751049
2019-04-10,1.0255929297138011,0.8303972921948313,1.4140215377072511
2019-04-11,1.0259589512870533,0.8293184481861954,1.4148567437343356
2019-04-12,1.0259743899802007,0.8296930181277371,1.4135827297540924
2019-04-15,1.0310745225670461,0.8298920138495143,1.4138985276585034
2019-04-16,1.0295966115986288,0.8298169557393288,1.4155289261063773
2019-04-17,1.0297812540588607,0.8299192819503826,1.4178535536607229
2019-04-22,1.029893583958326,0.8289532380043749,1.419337437528568
2019-04-23,1.0309629633957127,0.8286951279001522,1.4191785702001292
2019-04-24,1.0301267979438995,0.8249449775687504,1.4177076760145244
2019-04-25,1.031247878802127,0.827209716931376,1.4173129262676305
2019-04-26,1.0511625561542584,0.8301278080035469,1.4147613861253996
2019-04-29,1.0517349449053852,0.8284446690355405,1.415637852742588
2019-04-30,1.049486228318794,0.8278223879476706,1.4147757594002737
2019-05-02,1.0604152678505756,0.8272020429116914,1.4151110971750527
2019-05-03,1.0721440690360438,0.8245035576688922,1.4147915040511778
2019-05-06,1.0708486529922439,0.8241450655874205,1.417451860089366
2019-05-07,1.067925692603264,0.8253434200967001,1.4163719941628015
2019-05-08,1.102239142676928,0.8261801024805018,1.4168507427221098
2019-05-09,1.1007519613153993,0.8283336594602477,1.4168303084064626
2019-05-10,1.1032056088037807,0.828139031689067,1.417157170082379
2019-05-13,1.1063004651686774,0.8287266539074816,1.4161847379166386
2019-05-14,1.1059315919183579,0.8283590512104232,1.4162744211161278
2019-05-15,1.1080912000617509,0.8290650194681368,1.4158898889239415
2019-05-16,1.1131578320069915,0.8285621800601318,1.4160778048721212
2019-05-17,1.116039322937099,0.8247306146041654,1.4162576978190713
2019-05-20,1.1160018325273668,0.8259802163312385,1.4165183535144277
2019-05-21,1.1175499267081404,0.8245315719602184,1.416649904478124
2019-05-22,1.1163197874542456,0.8232042345546772,1.4169370094584675
2019-05-23,1.1236522896011538,0.8236074331200833,1.4200426011984773
2019-05-24,1.1245501524999189,0.8266226984198553,1.4211028355533122
2019-05-27,1.1391322369013193,0.8274724809519427,1.4225016910538988
2019-05-28,1.138680929704541,0.8239784091054276,1.4226509253413162
2019-05-29,1.1396765793748558,0.8243702364843412,1.4216739625350994
2019-05-30,1.1368650229981105,0.8220713008648836,1.4227811962303254
2019-05-31,1.1339094097687246,0.8215250848351067,1.4226312826342669
2019-06-03,1.135382473236187,0.8219111339284332,1.4235455599350455
2019-06-04,1.1347071930737254,0.8215056707665791,1.4232111970675665
2019-06-05,1.1345513815805628,0.8234078625111452,1.4220828622832287
2019-06-06,1.1388759704390323,0.8225268022427505,1.422914078870147
2019-06-07,1.1408925652650417,0.8225275533885461,1.4232548965176748
2019-06-10,1.1363455233737694,0.8226825345009953,1.4239161146198218
2019-06-11,1.1360239565991483,0.8226586961874989,1.4218276228081363
2019-06-12,1.1420013931065018,0.8214783028320334,1.424992121127264
2019-06-13,1.140623621501942,0.8230400677580725,1.422647506310685
2019-06-14,1.140453230130637,0.823380839521279,1.4219444864071962
2019-06-17,1.1412850213152852,0.8227306542427497,1.4228569552064612
2019-06-18,1.1427241303826183,0.822200649559184,1.4231700555097961
2019-06-19,1.1420897841364113,0.8213818130081346,1.4237657897605878
2019-06-20,1.1417446707716103,0.8213423489182979,1.4228151996119713
2019-06-21,1.141103809153703,0.8220254815421237,1.423863327353345
2019-06-24,1.1401964236676254,0.8225346681563638,1.4239494697007202
2019-06-25,1.1380808584570796,0.8192265876740839,1.4260284209359537
2019-06-26,1.143474264913255,0.8198332303632287,1.426187503907825
2019-06-27,1.1427120034592235,0.8198065190800451,1.427458304543596
2019-06-28,1.147990622356514,0.8190065675881245,1.4283322624470147
2019-07-01,1.151456274031554,0.821294450136899,1.4307784646723507
2019-07-02,1.1542746857530788,0.817110916596294,1.4294754830390477
2019-07-03,1.1534215446675125,0.816486426444391,1.428040911901259
2019-07-04,1.1494468192455636,0.8173011789608118,1.429613389539691
2019-07-05,1.1501519879360287,0.819182900026442,1.429272088838257
2019-07-08,1.1503218011150995,0.8182627909240007,1.4292979133787032
2019-07-09,1.1463282697793036,0.8187630680362796,1.4286893900608086
2019-07-10,1.1464890439721274,0.8200046711452855,1.4303169630162473
2019-07-11,1.1466137276034578,0.8211218710869369,1.4300329234510876
2019-07-12,1.1458476543055285,0.8207648500337308,1.4291230477066132
2019-07-15,1.1445815579837364,0.8218044907041223,1.429808628889524
2019-07-16,1.1451872870309747,0.8203394968055808,1.4297789610803502
2019-07-17,1.1400133249332303,0.8216050004932811,1.4303565909270428
2019-07-18,1.132765041074315,0.8252897336262788,1.430683299126163
2019-07-19,1.1335567202258043,0.8274229451313697,1.4317335179782416
2019-07-22,1.1290445291788656,0.8258989455212744,1.431098101226974
2019-07-23,1.1284230992744422,0.8273245929386616,1.4313258377613798
2019-07-24,1.127082253196126,0.8284391332097049,1.430891076854256
2019-07-25,1.1307862996986155,0.827650292211478,1.430787011422049
2019-07-26,1.1300219211003486,0.8271135068640492,1.4315357285483752
2019-07-29,1.1306582745562903,0.823344498417844,1.4321035776088131
2019-07-30,1.1321918877512136,0.8262052158102624,1.4334519453177033
2019-07-31,1.1319255635593015,0.8261363509053292,1.4341765365197008
2019-08-01,1.1370356283584009,0.8259768184315521,1.4278088019407893
2019-08-02,1.1334432010737956,0.8245817529515366,1.4315021325680728
2019-08-05,1.1335829937418673,0.8250177756579312,1.4311216068671326
2019-08-06,1.1396133610634078,0.8234259747502723,1.4307010566154186
2019-08-07,1.1368855673630034,0.8222419654640553,1.4338569404302264
2019-08-08,1.1392687243444286,0.823845524579627,1.4337497371044043
2019-08-09,1.1393263345201292,0.8249581095556027,1.4348884433103657
2019-08-12,1.1337941985811193,0.8218959614335263,1.434822291616484
2019-08-13,1.132380957322907,0.821899097703333,1.4369566157049047
2019-08-14,1.1226527610541852,0.8204643871533742,1.4326218074823323
2019-08-15,1.1203105644833773,0.8203820858847128,1.4318221281689452
2019-08-16,1.1169777030048742,0.8195520698175461,1.4319932902197816
2019-08-19,1.1146272511868247,0.820610451948227,1.4338245765586004
2019-08-20,1.1134517656771943,0.8190457643926724,1.4347898281152427
2019-08-21,1.1103769905399006,0.820742234202468,1.4347371456689577
2019-08-22,1.113526196110619,0.8188640460308779,1.4355866637728771
2019-08-23,1.1135176590889735,0.818745307250326,1.4359342378113464
2019-08-26,1.1142701691981518,0.8210974789623207,1.4341535122890756
2019-08-27,1.1116450160816742,0.8196261814104637,1.4334449404628513
2019-08-28,1.1139525439290188,0.8193811189684658,1.4329093050986905
2019-08-29,1.103947867668938,0.8166931735956935,1.434483753938887
2019-08-30,1.0976525268584905,0.813634015878437,1.4369049755345698
2019-09-02,1.0964058327715733,0.814384390797188,1.4346597468795523
2019-09-03,1.0926807488898658,0.812393125798822,1.4370535526642447
2019-09-04,1.0922083879913849,0.8148757859428404,1.4393360242566513
2019-09-05,1.0899848952182192,0.815866596146998,1.4407296611194778
2019-09-06,1.0901184740900693,0.8145635016092415,1.438484074847157
2019-09-09,1.092052309452886,0.813897453126051,1.4426181393904143
2019-09-10,1.092418694725538,0.8152859836980035,1.4467560989566288
2019-09-11,1.0997011121145126,0.813605236525361,1.440351791620077
2019-09-12,1.1041866750593161,0.8133790772232695,1.4425542685095225
2019-09-13,1.1015237284014985,0.8130845931195843,1.4445190768430562
2019-09-17,1.098157203992214,0.8102754110447451,1.443723250045824
2019-09-18,1.0963094911584674,0.8109793395206601,1.4428199927082714
2019-09-19,1.0949787565669462,0.8112056452934358,1.438623692838157
2019-09-20,1.0922055422899446,0.8081095111816237,1.4432293885748533
2019-09-23,1.0936288124333142,0.8071862481400044,1.441927653369868
2019-09-24,1.0911625464063874,0.8065981538918136,1.4438106063818141
2019-09-25,1.0884700309010518,0.8033017422177361,1.442375089924927
2019-09-26,1.093987657983978,0.8041189864864887,1.4423666273564661
2019-09-27,1.0932989170711138,0.8071221419166388,1.442287751211975
2019-09-30,1.0905994868941908,0.8068806425067898,1.4423309764710592
2019-10-01,1.0900098829598923,0.8049201191757361,1.4427798594053547
2019-10-02,1.0881502452609162,0.8070187487508202,1.4404756651412347
2019-10-03,1.0880397840915081,0.8053625015224624,1.4427942125653541
2019-10-04,1.0842645064814367,0.8054234776503023,1.4409183515430866
2019-10-07,1.0834498622494306,0.8058797128983899,1.4437871726614144
2019-10-08,1.0857742308399219,0.8051616329587086,1.4448455953071482
2019-10-09,1.0857995464244456,0.8054564807347611,1.4438177629596005
2019-10-10,1.0866409056162452,0.8057020059471566,1.4439395092046838
2019-10-11,1.0859006491290846,0.8049834513317774,1.441281673719896
2019-10-14,1.0848432595861022,0.8053784982191603,1.442451757361646
2019-10-15,1.087496455076854,0.8060841946906151,1.4424670917518365
2019-10-16,1.0887857433448904,0.8039228130165561,1.441144052682793
2019-10-17,1.0875330762049327,0.802839935068836,1.4415542349608796
2019-10-18,1.0818814344616219,0.8031037352816327,1.4412552101745442
2019-10-21,1.081339858340527,0.8032903311701991,1.4383334843895328
2019-10-22,1.082201725945362,0.802079928863547,1.4384842982756167
2019-10-23,1.0843522784226194,0.8025784053592971,1.4385601118278712
2019-10-24,1.0884250052859574,0.8026756853004755,1.4396705587427627
2019-10-25,1.0922377273044086,0.8031920666177668,1.4411800588064103
2019-10-28,1.088999914098922,0.8013890533276339,1.4422799843569691
2019-10-29,1.0910191742802389,0.7997817196401702,1.4441402855227174
2019-10-30,1.09232528740454,0.800428286573944,1.4432627803420934
2019-10-31,1.090761212033561,0.8020837849346866,1.442490883295183
2019-11-01,1.0902636719996794,0.7980182913573476,1.4429011624558534
2019-11-04,1.0905494933645938,0.7990228607083548,1.4439618794973363
2019-11-05,1.0897616528508214,0.8005673637520665,1.4432065487783392
2019-11-06,1.0894942076682468,0.7988941943035144,1.4389209897490876
2019-11-07,1.0902801260778308,0.8008311358601335,1.4402926443005748
2019-11-08,1.0896548002204205,0.799526163328744,1.4422348768260538
2019-11-11,1.0901302531311696,0.7986925846542734,1.4426490546666515
2019-11-12,1.086886512023036,0.7972966694509811,1.4429749716906701
2019-11-13,1.0865464587272715,0.797744804541844,1.4458652683396342
2019-11-14,1.0878009809692666,0.7991874688460814,1.4455298398368934
2019-11-15,1.0890127061297674,0.7992105925931113,1.4442415325293887
2019-11-19,1.0912849613929008,0.7984803227640649,1.4461479280114076
2019-11-20,1.091752552144002,0.8012023675772622,1.445962770118411
2019-11-21,1.0898856672519477,0.8008100171654825,1.446196487082329
2019-11-22,1.0895308877097454,0.8003120265827341,1.4450568384892621
2019-11-25,1.0921509205490558,0.8004678343856764,1.4435845865259391
2019-11-26,1.0888042512458167,0.8013931853196141,1.4436411910946056
2019-11-27,1.0921311895668435,0.8021812892426436,1.444246448886686
2019-11-28,1.091463019109709,0.8013426519643885,1.4453246971047538
2019-11-29,1.0897433098849236,0.7999953044460391,1.4442358021844117
2019-12-02,1.0896299706246577,0.8008041711400862,1.4424323575163611
2019-12-03,1.0914851148511147,0.7994181214448292,1.4448164405654806
2019-12-04,1.0910393737289792,0.7994540918152673,1.4427962051904368
2019-12-05,1.0917000289312422,0.8023548577983287,1.4422995362597357
2019-12-06,1.0912521786180542,0.8014071513595116,1.442948720683872
2019-12-09,1.0908821410235827,0.8013951548132153,1.4450907124749552
2019-12-10,1.0879037986302618,0.8048580863917781,1.443895584961626
2019-12-11,1.0862781432813648,0.8042571346108222,1.4445775106937595
2019-12-13,1.0804536552332114,0.8035949805357827,1.444987489428138
2019-12-16,1.0821970793906706,0.8034216626240321,1.4461150611715132
2019-12-17,1.0838826062484441,0.8036790516864876,1.4446650634446714
2019-12-18,1.081156495622188,0.8038399696371376,1.4452102755144949
2019-12-19,1.0801967690433696,0.8052463678570042,1.4449984099763158
2019-12-20,1.0816168865250302,0.8042921675390877,1.44486351353929
2019-12-23,1.0807833981480452,0.80217367069689,1.4447112745771726
2019-12-24,1.0806142761603783,0.8070048604807627,1.4447568386898084
2019-12-26,1.080255519305715,0.801165635519203,1.4433050628156343
2019-12-27,1.0803606723665427,0.8016030788574037,1.4442396264870192
2019-12-30,1.0830749637219677,0.8031873333545835,1.4438430298321001
2019-12-31,1.0818470588162383,0.8006070707065542,1.4431340670790618
2020-01-02,1.0791274790853103,0.8028138157423645,1.4447164988941323
2020-01-03,1.07770264986697,0.8044470987594347,1.4446419556995633
2020-01-06,1.0775060217662826,0.8014675811038279,1.4440638935416552
2020-01-07,1.07854910085748,0.8001000222617521,1.4440743581489
2020-01-08,1.0805173374372374,0.7980376369613068,1.4458500149179527
2020-01-09,1.0855632611837276,0.8020992833685819,1.447228564249834
2020-01-10,1.087202014683039,0.8024018700016015,1.4478319729829383
2020-01-13,1.0895704495570349,0.8001354974383217,1.4468843558472098
2020-01-14,1.0912427564316742,0.7996175878651942,1.447658436688161
2020-01-15,1.090600963822308,0.799295373166693,1.447917336527523
2020-01-16,1.0860527214450924,0.7969918805850978,1.4499295801825325
2020-01-17,1.08506315621683,0.7981161005874422,1.450375578984652
2020-01-20,1.086171813915191,0.802180325475805,1.4507676184729725
2020-01-21,1.0856898042878245,0.7969450047074906,1.4524330132397802
2020-01-22,1.0855755473521338,0.7976483219548054,1.4536764290743012
2020-01-23,1.0847460702531428,0.7970930206974058,1.4535783680428829
2020-01-24,1.0828880691529792,0.79685002697975,1.4531268643884248
2020-01-27,1.0745149000710728,0.7985011500998441,1.453591101290185
2020-01-28,1.0710110640513895,0.7996760808778318,1.4535937334331008
2020-01-29,1.0750869173312136,0.7989573107415188,1.454251359268627
2020-01-30,1.076240686358766,0.796738208567679,1.4550244831458956
2020-01-31,1.0750832604713436,0.7982809086036264,1.4559156864383322
2020-02-04,1.0753548976022378,0.7992761225034322,1.4579127504413
2020-02-05,1.075972942348288,0.7985628565277599,1.4575232394339435
2020-02-06,1.0808982462024765,0.7976939998604802,1.4572953638777533
2020-02-07,1.081966082403732,0.7983271937958244,1.4594380129538669
2020-02-10,1.0842543533849824,0.7988464333906199,1.4585678404159403
2020-02-11,1.0828655899080697,0.7986138315287259,1.4607693950037255
2020-02-12,1.0827636774919882,0.800870344111189,1.459689282780215
2020-02-13,1.0794086169786303,0.8030403232156974,1.4597495484512562
2020-02-14,1.0800649190578702,0.8010164612096274,1.4585417789729724
2020-02-17,1.0811311303653799,0.8002307828931234,1.4589413590956644
2020-02-18,1.079000169251376,0.7983162413721464,1.4593462147455583
2020-02-19,1.0823612278998251,0.798372443415983,1.459694654074997
2020-02-20,1.0825213366337805,0.7986930497304681,1.4606357012863218
2020-02-21,1.0927042110987404,0.7951608128965525,1.4593767092763434
2020-02-24,1.0939345404212446,0.7962523100305421,1.4621862860684676
2020-02-25,1.0903965033864544,0.795384782020754,1.4634639798137785
2020-02-26,1.0934993671475586,0.798136066773772,1.4643118837374534
2020-02-27,1.074204890122659,0.7990245116221412,1.4639440363181753
2020-02-28,1.0802150198846774,0.7980966453760496,1.4654328264943388
2020-03-02,1.0768742481703095,0.7982457721556483,1.4654009430736525
2020-03-03,1.074869451318861,0.7978919758152169,1.4656846739120397
2020-03-04,1.070365831735947,0.7985402797524643,1.461788106521491
2020-03-05,1.065961186799553,0.7996887203256687,1.4622684419959637
2020-03-06,1.0555707517232886,0.799865719484813,1.4630310297807507
2020-03-09,1.0105519164121375,0.8007250655379031,1.462157729508159
2020-03-10,1.004588441325226,0.7988923732491042,1.4637915919863367
2020-03-11,0.9963269095603549,0.7999889107984008,1.465390573133685
2020-03-12,0.9636177153338982,0.7990230879699218,1.4658565333038398
2020-03-13,0.958571108236684,0.7990023221870148,1.4661143659543692
2020-03-17,0.9158081386546473,0.796567008815048,1.4668610442135508
2020-03-18,0.8965444981527904,0.7960562280023137,1.4678255240201536
2020-03-19,0.9075497605974395,0.7960553667034383,1.4684621536726963
2020-03-20,0.9108026547121898,0.794362733810712,1.4678877442069596
2020-03-23,0.8992504781394224,0.7952376683572276,1.466910857332205
2020-03-24,0.894030264838453,0.7952029215639516,1.4693037817115122
2020-03-25,0.8915355557612664,0.794676706212972,1.4675316365080993
2020-03-26,0.8960197442939389,0.7965567489480954,1.4644915124017988
2020-03-27,0.886654672138971,0.7947538732025016,1.4638639502337607
2020-03-30,0.893192384547862,0.7957559424690122,1.463250558353328
2020-03-31,0.9009626010911217,0.793264380599778,1.4620568575163368
2020-04-01,0.9003153222539234,0.7959393129922622,1.4606606029460254
2020-04-02,0.9076977291403525,0.7932882850497418,1.4636088456484548
2020-04-03,0.9119712515540663,0.7934325521231355,1.462516583774392
2020-04-06,0.9114371511495238,0.792434575140853,1.4609853920756473
2020-04-07,0.9134769326609942,0.7914382316928691,1.464448144137595
2020-04-08,0.9143805985722497,0.7912151850951624,1.4628875353688926
2020-04-13,0.916133363970695,0.7904358860868311,1.464820741677583
2020-04-14,0.9173249274482946,0.7917154909872067,1.4670080084250425
2020-04-15,0.9173477885520885,0.7928058193650351,1.4652956877345165
2020-04-16,0.9198511159815252,0.7904550433712072,1.464962859365163
2020-04-17,0.9167323538787315,0.7884822040063181,1.4651828663542692
2020-04-20,0.916698868867141,0.7886777954235209,1.4660416306138493
2020-04-21,0.9180042839510536,0.7898259571728825,1.4659103672518292
2020-04-22,0.9177020999977346,0.7851318767347858,1.4655635863384069
2020-04-23,0.9213108282386202,0.7819895127629631,1.4674999435565363
2020-04-24,0.9256261340420887,0.7810759269496306,1.4666641286973825
2020-04-27,0.9283390203314299,0.7815546910555438,1.465055954562942
2020-04-28,0.9298616056130818,0.7829973004713775,1.465856522265851
2020-04-29,0.9274195615872741,0.782827806309173,1.4705089691762787
2020-04-30,0.9292083039840441,0.7829940607385671,1.4668989198079208
2020-05-04,0.931941403239261,0.781135708318114,1.4665506072104122
2020-05-05,0.9319071220680941,0.7836709909681516,1.4662985975622216
2020-05-06,0.9329653434807784,0.7868421468032639,1.4667423978540082
2020-05-07,0.9344722649127524,0.7870293884427374,1.4678652442531968
2020-05-08,0.9348719262679607,0.7863362141258973,1.4690102648465384
2020-05-11,0.9358913101829027,0.7855010198292813,1.4693575012505888
2020-05-12,0.9368225394513485,0.7869558547463206,1.4651746212146042
2020-05-13,0.9350144353459486,0.7838052580564582,1.467920281299241
2020-05-14,0.9360003427165468,0.7837753216593988,1.46793039778925
2020-05-15,0.936336714954296,0.7895442075945613,1.4696681844565236
2020-05-18,0.9366063147620267,0.7884182183929388,1.4692100380667499
2020-05-19,0.9347805744593243,0.7865791392859948,1.4679891760380934
2020-05-20,0.9370535502842856,0.7852460764743627,1.4687808281782067
2020-05-21,0.938388303840509,0.7867531320676527,1.4681017554133278
2020-05-22,0.938958980101517,0.785593274916812,1.4699562488981817
2020-05-25,0.9404619056110729,0.784979929635677,1.4691953120091732
2020-05-26,0.9405354127854832,0.78479148003469,1.4671204141821805
2020-05-27,0.9404778163199706,0.7866458766413055,1.4658630836299915
2020-05-28,0.9403039424657083,0.7855116888388963,1.4655658038816084
2020-05-29,0.9417596015593643,0.7830129398113194,1.4667458028880591
2020-06-01,0.9434260519494018,0.7820539509931561,1.4674722578506132
2020-06-02,0.944127143621571,0.786909269669641,1.4690721670188949
2020-06-03,0.9443209637816407,0.7822054595949353,1.4683905348029846
2020-06-04,0.9459102670749869,0.7859596442480692,1.4690863200196416
2020-06-05,0.9444826177324301,0.7864424556721678,1.4700852453534659
2020-06-08,0.9421852560681733,0.783850768045766,1.4704039202769863
2020-06-09,0.9431077720779413,0.7817964249781925,1.4713906810634745
2020-06-10,0.9421913399627447,0.7847855758299509,1.4720485266929473
2020-06-11,0.9373392453206345,0.7839326290550651,1.4753454872282428
2020-06-12,0.9371122002288781,0.7837959035336284,1.4747250803138496
2020-06-15,0.9397880049431494,0.7799685150453355,1.4734671662443006
2020-06-16,0.9402525178344253,0.7802761147075651,1.4743668970904373
2020-06-17,0.9422892277622251,0.7791014728586381,1.475269073573697
2020-06-18,0.9438807380230363,0.7783297666800163,1.4750913792833413
2020-06-19,0.9446239883447222,0.7769094015807785,1.474230842381771
2020-06-22,0.944873597164187,0.7773509549347196,1.4726931636485379
2020-06-23,0.9447132094083824,0.7771138770484057,1.4724604598264681
2020-06-24,0.9453568776256349,0.7793958490102821,1.4729941429367701
2020-06-25,0.945776613412251,0.7767526277790098,1.4733902907835532
2020-06-26,0.9461372512323569,0.7763878411533639,1.4713776812243258
2020-06-29,0.9471555950160305,0.776948071727504,1.472379485964791
2020-06-30,0.9474745307639614,0.7736291134028115,1.474616183537478
2020-07-01,0.9477396861180313,0.7726005717734301,1.4756018329150833
2020-07-02,0.9476911104612936,0.7730318357768484,1.4753058299189767
2020-07-03,0.946281970020583,0.770057437904675,1.4751642973549963
2020-07-06,0.9464446192639395,0.7683299306119481,1.4760764639862944
2020-07-07,0.9463885909279394,0.7646239236059147,1.4739435784487955
2020-07-08,0.9484223969709856,0.7646145106378782,1.4757619447846702
2020-07-09,0.9485262686528358,0.7661246620804882,1.476790494681
2020-07-10,0.9486530774658177,0.7658017945547309,1.4778690493664646
2020-07-13,0.949042647383159,0.7665849862335847,1.478540224962521
2020-07-14,0.949042721833164,0.7688811455890185,1.4772379321878149
2020-07-15,0.9499420261553193,0.767862098534773,1.4782230961073088
2020-07-16,0.9502001259581367,0.7688876794281023,1.478137945090542
2020-07-17,0.9513398176771078,0.7699365553722757,1.4770369538554164
2020-07-20,0.9530124771048013,0.7692291251707771,1.4783131057013768
2020-07-21,0.9547332320310955,0.7692352530194703,1.4796986144204567
2020-07-22,0.9539537054960064,0.7686584372196652,1.4799488936321985
2020-07-23,0.9532331532366182,0.7677229092084631,1.481426251320852
2020-07-24,0.9529419100767579,0.7667343958706287,1.4804629336555788
2020-07-27,0.9532947915792931,0.7655500721442322,1.4783828150119658
2020-07-28,0.9564408472535154,0.7680234617528205,1.479074138448444
2020-07-29,0.9570465142053242,0.7673903786832496,1.4783099281225769
2020-07-30,0.9568211497291986,0.7679455754486458,1.4747990360930288
2020-07-31,0.9588500794164557,0.7708227142286244,1.474498407190249
2020-08-03,0.9642325364443312,0.7697255151667813,1.475766671639599
2020-08-04,0.966781443249329,0.7689353504291405,1.4756852080631357
2020-08-05,0.9662222013917389,0.770969309482062,1.4767457153623036
2020-08-06,0.9664458339748999,0.7688530005276082,1.4756815515144182
2020-08-07,0.9665984684818332,0.7731379004990917,1.4763321339025908
2020-08-10,0.9669365098485853,0.7759344544250243,1.4743314814769237
2020-08-11,0.965679888318068,0.7742024431852511,1.477149317661083
2020-08-12,0.9659321967130334,0.7729348121550897,1.4762099488890972
2020-08-13,0.9653409398003966,0.7743054543343724,1.4781275015849995
2020-08-14,0.9652223650697588,0.7727321347748128,1.4771454971587135
2020-08-17,0.9658038711513283,0.7691318068712447,1.478856235892565
2020-08-18,0.9655413439769011,0.7703651732696225,1.4793947630641235
2020-08-19,0.9677692691685595,0.7675346107654478,1.4782957558289385
2020-08-20,0.9654436451899102,0.7688656879047969,1.4786111571864402
2020-08-21,0.9650404331357213,0.7710930093409895,1.480928780867858
2020-08-24,0.9647008546183575,0.7702314138925431,1.479106392242338
2020-08-25,0.9668497437668985,0.7709891972985078,1.4779873821937175
2020-08-26,0.9678741141772411,0.7660572539614376,1.4784932340304027
2020-08-27,0.9698620116495579,0.7636639619216741,1.4789762022500421
2020-08-28,0.982541618725463,0.7634311850469546,1.4803039489021836
2020-08-31,0.9823437177164026,0.7644445433746928,1.4798538061653215
2020-09-01,0.9824070918759288,0.7683640751232749,1.4789002118680694
2020-09-02,0.9917727757054294,0.7669892169076455,1.4823318647655281
2020-09-03,0.9903648336145743,0.7636787056714633,1.480038742514485
2020-09-04,1.0006018552888647,0.7616121332542509,1.4837344984785326
2020-09-07,1.0171465325625901,0.7644638815973837,1.4811892351608542
2020-09-08,1.0130846863295608,0.7668152879307619,1.48199008814509
2020-09-09,1.0117643592033418,0.7697593526755909,1.480045209052
2020-09-10,1.0270769045544805,0.768993793915118,1.4793733693863207
2020-09-11,1.033530736697409,0.7692677503407539,1.4806901534215644
2020-09-14,1.0411564901459087,0.7652314280365544,1.4774159027749076
2020-09-15,1.0391089337247352,0.7663697195026992,1.4780286508322285
2020-09-17,1.0598502432052714,0.7669663045415809,1.476311213690701
2020-09-18,1.060404685715108,0.76520095455727,1.475789604850571
2020-09-21,1.0567978909380848,0.7643550273080126,1.4738959015277524
2020-09-22,1.0605957480206374,0.7649933628687315,1.4739567042272204
2020-09-23,1.0633986646645397,0.76310132428408,1.4738551323889557
2020-09-24,1.0630224495549307,0.7666532885054164,1.4719245435979869
2020-09-25,1.0708066306683914,0.7635700803656874,1.4721272721671534
2020-09-28,1.0646146763959392,0.7626250780975732,1.472721107087241
2020-09-29,1.0633687980027826,0.7635791671157908,1.47225878757092
2020-09-30,1.0550374775720623,0.7663414741314998,1.4756672402246442
2020-10-01,1.051593998983848,0.765819880757856,1.475630935357828
2020-10-02,1.0533553007799792,0.7670679024018378,1.4770401498386163
2020-10-05,1.0497596132345537,0.7671734089478712,1.4764315707454516
2020-10-06,1.054602315087115,0.762953768979879,1.4745364291401715
2020-10-07,1.0544430576982051,0.7629428752769444,1.4738043338137448
2020-10-08,1.052024512988353,0.766002682070395,1.4753324763876834
2020-10-09,1.0528697071180804,0.764510251591569,1.475364644777244
2020-10-12,1.0503910458870238,0.7648932045565182,1.4750021473404478
2020-10-13,1.050513178939199,0.7641903666837593,1.4756498142131231
2020-10-14,1.0497484375917878,0.7627671712628288,1.4752290160656998
2020-10-15,1.0510157724307916,0.7638847484246291,1.4770849842800282
2020-10-16,1.0549159976944313,0.7633701335032406,1.477997697841833
2020-10-19,1.0540032026233659,0.7644088232016897,1.4767570074264926
2020-10-20,1.0538291761391443,0.7617233056147248,1.4744153961655801
2020-10-21,1.0546785154873721,0.7614778935989186,1.4746391859620858
2020-10-22,1.0526429703871918,0.7620246328551795,1.4743183382487568
2020-10-23,1.0534402068936009,0.7630345029944591,1.4747152722442947
2020-10-26,1.0514205400288485,0.7631798514013637,1.4777983800638632
2020-10-27,1.047797770202803,0.7574867952940543,1.4779083610019847
2020-10-28,1.0390641442858708,0.756114447580307,1.4774660114360403
2020-10-29,1.0441710169543061,0.7572325975690154,1.4761938271652366
2020-10-30,1.046178972408109,0.7561383951178545,1.4760081956977278
2020-11-03,1.04736018576419,0.7569985879097733,1.475307736310743
2020-11-04,1.0602688697300242,0.7575741606171735,1.4752776247482198
2020-11-05,1.0649391682242737,0.7569775623468155,1.4767273839737496
2020-11-06,1.0643294372352425,0.7559768403068483,1.4777418042249488
2020-11-09,1.0543696494410806,0.7569798279302167,1.47865313006896
2020-11-10,1.056841894879099,0.7538736164726614,1.4790847822463435
2020-11-11,1.0568103539414682,0.7547443810942094,1.478893961040645
2020-11-12,1.0595733526646154,0.7520195668303631,1.4775896923952667
2020-11-13,1.0604304275694207,0.7522438290922687,1.4790591868043388
2020-11-17,1.0570129668507893,0.750813881917627,1.4779287212130723
2020-11-18,1.0579585668051859,0.7493766231443483,1.4799503668353162
2020-11-19,1.0552537150055177,0.7494282565243389,1.477136270510419
2020-11-20,1.0561272059210562,0.7515453439420813,1.4777848689925484
2020-11-23,1.0580019090797268,0.7522681865523143,1.4797683616864417
2020-11-24,1.0551890648761493,0.7524713433810992,1.476550255132613
2020-11-25,1.0611437127499892,0.7528688318057385,1.4790338859110201
2020-11-26,1.064956894435457,0.751461916935565,1.4801359246378754
2020-11-27,1.0688635805861593,0.7496927665338724,1.4791321880036774
2020-11-30,1.0717169872385501,0.7482620091177584,1.4751596286119228
2020-12-01,1.0871662849534307,0.7484212970617435,1.4753040900395908
2020-12-02,1.0829545467269124,0.7470845434951873,1.474652121458079
2020-12-03,1.0857031169425644,0.7463731481595918,1.4807554201187556
2020-12-04,1.0868177068566858,0.7477736602775004,1.4794733520681316
2020-12-07,1.0843704809355026,0.7469328875504928,1.4793439942270274
2020-12-08,1.0876782564933893,0.7478154733964187,1.4793913637969058
2020-12-09,1.0895747334187003,0.7469735685717837,1.480758086634407
2020-12-10,1.0883259138681767,0.748233011113481,1.4798919727411732
2020-12-11,1.0874770038100279,0.7486071330315477,1.4814326809370824
2020-12-14,1.0894144225818574,0.7458771817779648,1.483171394666429
2020-12-15,1.0903448156789786,0.7465990579206165,1.4812264329539193
2020-12-16,1.0916889134660472,0.7496961414427858,1.4852417644549492
2020-12-17,1.0916840398785503,0.7479955248912208,1.4861324558297353
2020-12-18,1.0898609754285051,0.7435608685302318,1.4843780635070398
2020-12-21,1.088816157899596,0.7420089363532337,1.485138905783047
2020-12-22,1.087115897998472,0.742415305385897,1.4846193571353787
2020-12-23,1.0859700263035699,0.7450102556331611,1.4828327671668593
2020-12-24,1.0863345105299635,0.7441833369542196,1.4816065569441088
2020-12-28,1.085379822817362,0.7436611990924266,1.4836180537851442
2020-12-29,1.0832093083217071,0.7428967028848308,1.481578961345851
2020-12-30,1.0852253911770113,0.7385816223985828,1.4819494678970484
2020-12-31,1.0864587556225485,0.7385902562026636,1.4822263645729337
2021-01-04,1.08446787107958,0.7389627169233134,1.4868891539313465
2021-01-05,1.0831578325120004,0.7389887945220581,1.486610889920217
2021-01-06,1.0829193527356902,0.7398479646213254,1.486142598806913
2021-01-07,1.0813834523738295,0.7408842954110623,1.4868041023187764
2021-01-08,1.0832732251299948,0.737938469657907,1.4883049151634684
2021-01-11,1.083500775576092,0.7369198467485477,1.4894711154878213
2021-01-12,1.0822304417580821,0.7351189050270447,1.4872491093001854
2021-01-13,1.082477289688564,0.7352235127267781,1.4864323981235568
2021-01-14,1.0837307242338279,0.7355099989519933,1.4852969794619344
2021-01-15,1.085687048581851,0.7336279590959809,1.4879066850083857
2021-01-18,1.0853712419024748,0.7342622593854713,1.4890571713694456
2021-01-19,1.0782890014882944,0.732359018301436,1.4865600752837183
2021-01-20,1.076362529857271,0.7320935875739066,1.4862743852330083
2021-01-21,1.0764040166748299,0.7318405316083417,1.4888209620642971
2021-01-22,1.0753603400070244,0.7321553050711259,1.4900046042584334
2021-01-25,1.074612831952998,0.7323798546859329,1.4882150590352081
2021-01-26,1.0724945696111334,0.7307938092883284,1.491589681439272
2021-01-27,1.0728439423080134,0.730177760015439,1.4916105813290446
2021-01-28,1.0741944553956824,0.730516817055902,1.4926594429994509
2021-01-29,1.0658466846572308,0.7301461485465093,1.490630842844142
2021-02-02,1.0632409777301515,0.7256731140553785,1.491983485311483
2021-02-03,1.0641048070362389,0.7300471242099533,1.491958008836757
2021-02-04,1.0653071859761472,0.7315897814967466,1.490438511012692
2021-02-05,1.0661495000547447,0.7299188846558317,1.490270548313309
2021-02-08,1.0672496692947062,0.7280170283973683,1.4903519125045879
2021-02-09,1.0674040840372767,0.7278589962649585,1.4899307229397283
2021-02-10,1.0663435685202853,0.7253532076660518,1.4895105785027252
2021-02-11,1.062921698154661,0.7243959858701212,1.491754846560401
2021-02-12,1.0628636764546593,0.7252631751188596,1.4907164368189898
2021-02-15,1.065324802879319,0.7250475946819673,1.488799572419048
2021-02-16,1.061577673631725,0.7267815634940832,1.488765679270953
2021-02-17,1.0605533916614336,0.7276283411278063,1.487686536265709
2021-02-18,1.061917069964769,0.7283499140942423,1.4875445187071836
2021-02-19,1.063062162475923,0.7261463041842762,1.4875024859137347
2021-02-22,1.0651047515691259,0.7274842134782629,1.4882215736164779
2021-02-23,1.0712012326607279,0.7268820704337243,1.4848286447054697
2021-02-24,1.076606383601399,0.729521952838428,1.4865505333803446
2021-02-25,1.0784450680074387,0.7299787210979517,1.4880710115140423
2021-02-26,1.0805360852913914,0.7282031583522816,1.4880788776297815
2021-03-01,1.0803097207891894,0.7253622462483982,1.4883943439487013
2021-03-02,1.0791463793934088,0.7265987013890892,1.4903548903548207
2021-03-03,1.0797505046496056,0.7256325150574203,1.4884283102356703
2021-03-04,1.0823321657730336,0.7285541650501935,1.4897851051580915
2021-03-05,1.0840143278866898,0.7309478762249668,1.4896046775848355
2021-03-08,1.085088249709522,0.7314982925916637,1.4920301705100825
2021-03-09,1.0865024466651265,0.7309746770309291,1.4907486922185995
2021-03-10,1.0860082857779527,0.7356458894650764,1.4910801787181596
2021-03-11,1.0873857649408,0.7355849633875085,1.4904462120976587
2021-03-12,1.0909908911223274,0.7341533525199057,1.4906962512616337
2021-03-16,1.094982036985489,0.7372930470499315,1.490559684573677
2021-03-17,1.096046013383572,0.736050791035863,1.4895401678520563
2021-03-18,1.0945954716480013,0.7359447072376709,1.489195558091769
2021-03-19,1.0932383874204152,0.735205640859275,1.4897900886094513
2021-03-22,1.0923974643173513,0.7356683594693181,1.4882193262997323
2021-03-23,1.0937495532122965,0.7335151339029321,1.4902251871487282
2021-03-24,1.0927263817876969,0.7343283541444278,1.4903499477272641
2021-03-25,1.0927736444294482,0.734079792096978,1.4934225075309076
2021-03-26,1.0960199318015904,0.734230535973142,1.492945752252535
2021-03-29,1.0972227640113013,0.7330599920976337,1.489720883044108
2021-03-30,1.0948624363408608,0.7317965874037543,1.4929420200818693
2021-03-31,1.0908669080649909,0.7331834107385182,1.4923037289737637
2021-04-05,1.0885786464880187,0.7368686468754966,1.4917788993129109
2021-04-06,1.092544514148133,0.7372186350371613,1.4926080028928825
2021-04-07,1.0934444452375573,0.7372162918614529,1.494221491624049
2021-04-08,1.0924012918197958,0.732851928829489,1.4911987710362657
2021-04-09,1.0916754999526916,0.7396296383260581,1.4910791663869456
2021-04-12,1.0899353442520419,0.740337081340861,1.4888959079782793
2021-04-13,1.0897102554312663,0.7395745838353146,1.4921506945542253
2021-04-14,1.0920410294689216,0.7327676066511506,1.4894836768058541
2021-04-15,1.0930846597535577,0.7331348666835508,1.489739462638589
2021-04-16,1.0905747265785986,0.7350619444089553,1.4895066797744014
2021-04-19,1.0889395556574621,0.7351719276017576,1.4908368603756916
2021-04-20,1.0891827528578772,0.7335533263119303,1.4876114485460932
2021-04-21,1.089365156680613,0.7330023163735535,1.485485631587955
2021-04-22,1.0909321679571937,0.7322895913858758,1.4856424889310347
2021-04-23,1.0910553864372579,0.7313001678105038,1.4870201834174455
2021-04-26,1.0938667657256598,0.7315954648328208,1.4863567756366944
2021-04-27,1.0964844130414253,0.7328263221377224,1.488257752901502
2021-04-28,1.0960170937341371,0.7289970280063668,1.4849577389652882
2021-04-29,1.0942410272269516,0.729523238637342,1.486332783833429
2021-04-30,1.0926374615273882,0.7276567480982172,1.487236936003469
2021-05-03,1.0971324564459255,0.7300040810704402,1.485241922539142
2021-05-04,1.0943077012629252,0.729821275941602,1.4897857865502266
2021-05-05,1.1060145095390885,0.7302658093587868,1.4904204379549681
2021-05-06,1.1059004194175814,0.7275816434069153,1.490657454784263
2021-05-07,1.1103086685900572,0.727494572008805,1.4904040214893715
2021-05-10,1.1081210405574442,0.7272124930504635,1.4911678535686537
2021-05-11,1.1083083336193802,0.728179137749397,1.4890811471457872
2021-05-12,1.1087079547343612,0.727146817543311,1.491067819768723
2021-05-13,1.1070247616014213,0.7278740569716015,1.491967127071449
2021-05-14,1.1080596970654841,0.7266767028850437,1.4921648429285244
2021-05-17,1.106809547664007,0.726586868499139,1.4921072098066435
2021-05-18,1.106027622063701,0.7266826186638625,1.4917068536764437
2021-05-19,1.1044912982350992,0.7258994297261986,1.489866986052531
2021-05-20,1.1059948269113908,0.7273290812907489,1.493041463937366
2021-05-21,1.1055831340268871,0.726694002834989,1.4947074271637346
2021-05-24,1.1075580013057726,0.7276778870086739,1.495003888449825
2021-05-25,1.105193540374334,0.7280196366263377,1.4939735105086025
2021-05-26,1.1085797427500321,0.7279311417908854,1.4943989848339299
2021-05-27,1.111433415140581,0.728935566727495,1.4941768782207907
2021-05-28,1.1097727323070592,0.7288966413349358,1.4950769112721267
2021-05-31,1.1074497148943026,0.7261532883813205,1.495449892256968
2021-06-01,1.1071375221704214,0.7262037510761651,1.4948793562890577
2021-06-02,1.1050788525203068,0.7274539384090812,1.4961135771724214
2021-06-03,1.1059322927018886,0.7268005643644856,1.497480862326956
2021-06-04,1.1054249898746324,0.7268735684537259,1.4977313522818565
2021-06-07,1.100270359892996,0.7279246587880149,1.4963001814479953
2021-06-08,1.0969583682289181,0.7277946996790661,1.4951950185839449
2021-06-09,1.095487727598334,0.7281990854412455,1.4951301539925816
2021-06-10,1.095433866445699,0.7271243384380515,1.4938365550937518
2021-06-11,1.0924712834444574,0.7282176535721975,1.493100106843132
2021-06-14,1.0919094938794824,0.7264763445854245,1.4931586592828943
2021-06-15,1.0898402306808521,0.7268565273583286,1.4932045950393549
2021-06-16,1.0940741450687186,0.726721748166078,1.4940782895961218
2021-06-17,1.1009542954619553,0.7261961926264786,1.4963188186817467
2021-06-18,1.1010267121309194,0.7253970007619821,1.4953577325333631
2021-06-21,1.1017502506650636,0.7246201424815478,1.496752235300765
2021-06-22,1.1046685382959773,0.7258145590380007,1.49707267028941
2021-06-23,1.1045835089208569,0.7239949311457554,1.4955784481817778
2021-06-24,1.1051040623264565,0.7248357951530218,1.4947630763580775
2021-06-25,1.1029768908203743,0.7255637649978584,1.496751169220184
2021-06-28,1.1008620560962057,0.7260326208788338,1.4967892524256945
2021-06-29,1.1009987382401845,0.726814345600242,1.496509065762139
2021-06-30,1.1019739952983303,0.7244660509712344,1.495693104006798
2021-07-01,1.1018171366153517,0.7237893332238283,1.4968109799438776
2021-07-02,1.103737958255703,0.7234584688383985,1.497067529949509
2021-07-05,1.102786783104277,0.7231186279029278,1.4988971786023317
2021-07-06,1.102831318666198,0.7221279711668336,1.498788168680863
2021-07-07,1.0992718351169999,0.7230479234738354,1.4977485796110745
2021-07-08,1.0999770287429786,0.7226120917397354,1.497738001324686
2021-07-09,1.0995626805102408,0.7241723751196089,1.4975427021171646
2021-07-12,1.1040727155833352,0.7240913021194697,1.4980670122490076
2021-07-13,1.0995956672134206,0.723823136915336,1.4983708367704778
2021-07-14,1.0994412037560541,0.720674383181162,1.4968503631580083
2021-07-15,1.100418484684673,0.7215632328987776,1.4989499473198724
2021-07-16,1.1008326237565058,0.7206055367125469,1.5008431759544527
2021-07-19,1.0940961614482614,0.7189493237190092,1.4998149685695465
2021-07-20,1.0964612612972509,0.7196754166229529,1.499366419379248
2021-07-21,1.0983463108540112,0.7198154215690502,1.5002943707683394
2021-07-22,1.1061701002240247,0.7165731233997834,1.4998129858598048
2021-07-23,1.110121194680167,0.7157870196872298,1.5002030343265136
2021-07-26,1.1090437480085742,0.7159774528310092,1.5002658650061118
2021-07-27,1.1064416015968646,0.7129199205090844,1.5022519970872912
2021-07-28,1.105318694364295,0.7136809990289842,1.5023781568551862
2021-07-29,1.1057103648027367,0.711142276779853,1.5008275748247613
2021-07-30,1.1066839545935516,0.710859744746659,1.5026719550670233
2021-08-02,1.1059009271984601,0.7113502636896322,1.501677952191947
2021-08-03,1.1090144589464683,0.7121524520184188,1.5026251700895206
2021-08-04,1.1100934064170065,0.7123863358472498,1.5039380139468637
2021-08-05,1.1093897709187643,0.7125615475850301,1.5049134818404566
2021-08-06,1.108726668471876,0.7123071617657842,1.5048000129890917
2021-08-09,1.1077563069337133,0.713725633676866,1.5022001219802157
2021-08-10,1.1107464790019765,0.7119981390137163,1.504510976236188
2021-08-11,1.1111131353880297,0.7125473687867372,1.5042936035499486
2021-08-12,1.1126872190948391,0.7103245506167217,1.5024515260054874
2021-08-13,1.1124934631868482,0.7072253456111925,1.5023391561649
2021-08-16,1.110418036837218,0.7062024908956099,1.502365585019395
2021-08-17,1.110557216037848,0.7046425564207135,1.5028033775231309
2021-08-18,1.1148486529143613,0.7055484173770208,1.5036313248813773
2021-08-19,1.1096186175371636,0.706117081936399,1.5037140366188533
2021-08-20,1.1104291508059743,0.7051110343872039,1.5052035958174812
2021-08-23,1.1099884370202588,0.7043112637352691,1.5052508230687551
2021-08-24,1.1095949110618648,0.7021597706999533,1.5038060250186889
2021-08-25,1.1083900701714033,0.7042474697310522,1.5030851117918702
2021-08-26,1.1074868320118145,0.7041503533115074,1.5035279522604394
2021-08-27,1.1052096338121613,0.7050964788686004,1.5028338045963245
2021-08-30,1.1046039648717842,0.7042501253368668,1.5033731887983575
2021-08-31,1.1030233578943476,0.7035979008841158,1.503093638172118
2021-09-01,1.1019446650151512,0.6988084450169788,1.503223288650361
2021-09-02,1.106859502723624,0.7002338961744557,1.505899504838046
2021-09-03,1.1065595700594126,0.6999658442554102,1.5065795239694453
2021-09-06,1.1073988563648853,0.7017148621748944,1.5054971009561795
2021-09-07,1.1095774238430134,0.6994701366553233,1.5049898809039122
2021-09-08,1.107369685080849,0.7026792413507515,1.504770138083475
2021-09-09,1.1094124033653432,0.7027122377130962,1.5057709002374198
2021-09-10,1.1079856645326374,0.7024607114543989,1.5068047886720377
2021-09-13,1.1077281555894347,0.7038053629173734,1.5067557168246357
2021-09-14,1.1073440961551926,0.7047900240229982,1.510195737781361
2021-09-15,1.1069791871705794,0.7053753923842785,1.5097751741395773
2021-09-17,1.108283612552971,0.7033183372765981,1.511310594827986
2021-09-20,1.1100372266714353,0.703570620049283,1.509795003485272
2021-09-21,1.114495371371519,0.7024414230189491,1.5095990448407042
2021-09-22,1.109614379382864,0.702049886964666,1.5126338277043452
2021-09-23,1.1093381599256718,0.7025983728520508,1.5098303530940378
2021-09-24,1.1082739728210744,0.7043389637154386,1.5119250801197972
2021-09-27,1.109063650808443,0.705378028820185,1.5102156166036778
2021-09-28,1.1103768890192907,0.7018437037909202,1.5092774903506372
2021-09-29,1.1107409807439526,0.704822387408776,1.508548042392134
2021-09-30,1.1113584030931205,0.7017005590893154,1.5099007171558267
2021-10-01,1.111888319450606,0.7018602800243886,1.5101775592312106
2021-10-04,1.1100581309502646,0.7041714472032506,1.5094579492415265
2021-10-05,1.1113054942882068,0.7042087795817632,1.5094852481850227
2021-10-06,1.1151182402205455,0.7053105143533211,1.5101216945313771
2021-10-07,1.116264771864328,0.7050766398705414,1.5115126153577476
2021-10-08,1.112906674663782,0.7027237598330742,1.5105412949617338
2021-10-11,1.11313910286182,0.7080594773538971,1.5097698062450922
2021-10-12,1.114080554213283,0.7080699316248784,1.5071883031081272
2021-10-13,1.1131874710134957,0.7077995039543146,1.5058087759602143
2021-10-14,1.113056562817018,0.707054950485674,1.5082838714592357
2021-10-15,1.1085372780421405,0.7054577931125954,1.5073383893957402
2021-10-18,1.1133235997887978,0.7065426139740871,1.5064887794019546
2021-10-19,1.1127606024501087,0.7061050220603826,1.5044054860855778
2021-10-20,1.1135953302043164,0.704605485752497,1.5043582973317573
2021-10-21,1.1144280396376547,0.7023128308919512,1.5069088122721987
2021-10-22,1.1178220415098374,0.7006590974919263,1.504679914337706
2021-10-25,1.116174948738403,0.7006525761821955,1.5042402106026158
2021-10-26,1.117918937558324,0.7027438659015518,1.5040172713098816
2021-10-27,1.1195612137987334,0.7010542473958231,1.5039086079685762
2021-10-28,1.1225994057798923,0.7018398429696857,1.503416373204881
2021-10-29,1.12574370866949,0.699704952359971,1.5045812654247364
2021-11-01,1.1287048594071947,0.697874872486595,1.5042992617801054
2021-11-03,1.1311900708975473,0.6982400535118785,1.5057821152911777
2021-11-04,1.1326154922273592,0.6972082765835923,1.505400496670375
2021-11-05,1.1328022518823673,0.6962070341722425,1.5047385795557338
2021-11-08,1.132550305020148,0.6964916123074074,1.5065183675388578
2021-11-09,1.1319935012180933,0.6993740137760585,1.5064091914645688
2021-11-10,1.1306817091506827,0.6970851633590711,1.504984342363655
2021-11-11,1.1355509684360519,0.6981324199800668,1.5059102984820292
2021-11-12,1.1358264364234856,0.6982550097862746,1.5070014041920399
2021-11-16,1.1365638813658963,0.6971761096254869,1.5052527474115982
2021-11-17,1.1367434990072707,0.6970063924889442,1.5054810868390158
2021-11-18,1.1405404026151675,0.6985110601822216,1.5050114824342493
2021-11-19,1.142137468738886,0.6970486253624473,1.504511409063145
2021-11-22,1.1437361624959734,0.6962058883307823,1.5034200182508244
2021-11-23,1.1458771519915922,0.6976623770241607,1.5046286794795825
2021-11-24,1.1434682499467308,0.6983092715436893,1.5077162191163667
2021-11-25,1.1537092755996827,0.6998266017626483,1.5093494614873109
2021-11-26,1.1469123922208362,0.6966043259924508,1.5097682881447778
2021-11-29,1.1424954234698612,0.7010605960347661,1.5083243632718724
2021-11-30,1.1420291480360385,0.7010299749367309,1.5072435512289792
2021-12-01,1.1409678084896964,0.7013966999525056,1.507362826054378
2021-12-02,1.1369110717132525,0.7058563826686203,1.5083807407805647
2021-12-03,1.137784837681847,0.704237024564614,1.5078799754421406
2021-12-06,1.137343121968082,0.7029953447157345,1.508481983660264
2021-12-07,1.1356472138059337,0.7033132262446073,1.509869068259987
2021-12-08,1.1364082360013352,0.7030286551776089,1.5096644081680743
2021-12-09,1.1373396380181555,0.7046137763614553,1.5096675301083171
2021-12-10,1.138848454308152,0.7042653037862429,1.5096011400788563
2021-12-13,1.1383350928739642,0.7058039740967564,1.5104469909722118
2021-12-14,1.1359016894987133,0.7063223100592525,1.5095515007611289
2021-12-15,1.1360529981852903,0.7063067118875579,1.5094790821255812
2021-12-16,1.136263777810128,0.704127519691766,1.509217715074142
2021-12-17,1.1360780207986771,0.6963419754802707,1.511151549869465
2021-12-20,1.1315736293676468,0.6967426393072065,1.5120718210633945
2021-12-21,1.129739353640734,0.6977659095546966,1.5140486313818784
2021-12-22,1.1279660736108221,0.6985277039524017,1.5154878753872822
2021-12-23,1.1267649318096422,0.6987928806002015,1.5096475855370886
2021-12-24,1.1276284642134082,0.7011575915395271,1.5106469956638553
2021-12-27,1.1270595240717203,0.7013999811698923,1.5113078063554986
2021-12-28,1.1281633905604567,0.7005138964961335,1.5123264986231568
2021-12-29,1.1269758680798454,0.7024438490880687,1.511897751884049
2021-12-30,1.127373336412568,0.7013319567877955,1.514131214267316
2021-12-31,1.12894488547487,0.703457095306157,1.5155219884001074
2022-01-03,1.1265386974802318,0.7018566132997506,1.5177508677563882
2022-01-04,1.1273146963340783,0.7014553832572835,1.5177958452584681
2022-01-05,1.1285001977197933,0.7005927900296081,1.5179728955572518
2022-01-06,1.1379160182663854,0.702283513145884,1.518523261916122
2022-01-07,1.1405401468627958,0.7017411387425053,1.5172477014073626
2022-01-10,1.1429006704427689,0.7003063777814132,1.518147803370923
2022-01-11,1.142550665750088,0.6984388023626251,1.5179163294185833
2022-01-12,1.1388546301277909,0.6975787193999328,1.5175690845515168
2022-01-13,1.1391385279946595,0.6963051627687936,1.5177672619106042
2022-01-14,1.140848393800293,0.6913880432901263,1.5184073174120003
2022-01-17,1.1393531217697743,0.693405865647966,1.5199005796273206
2022-01-18,1.1362330573006187,0.6928488387827171,1.517817591974327
2022-01-19,1.1408093090161644,0.6907656092416,1.517016838825714
2022-01-20,1.1407935277325347,0.6902263140581091,1.5173525302482092
2022-01-21,1.1379485894178047,0.6901051913924684,1.5155723912594268
2022-01-24,1.1315428867424122,0.689059656864071,1.516342947909279
2022-01-25,1.131319916848196,0.6877707825023989,1.5156154526404584
2022-01-26,1.1326420272939557,0.6881162451714533,1.515437157802779
2022-01-27,1.1353867954135222,0.6844507362508294,1.5154891839350628
2022-01-28,1.1350622008554647,0.6835280107611378,1.5142566383467313
2022-01-31,1.129977298700231,0.6830284004301257,1.5141866657536125
2022-02-01,1.1291951861809582,0.6850879334361504,1.5142613948718489
2022-02-02,1.1297929811045615,0.6849752366489585,1.5148131913350276
2022-02-03,1.1268320913810614,0.6880105848577278,1.5140620699214051
2022-02-04,1.1274655043670965,0.6898900073909092,1.516526056534173
2022-02-08,1.1268203624980866,0.6911370606143011,1.5151069823703673
2022-02-09,1.1279219199282229,0.6881955514905369,1.5169744650079224
2022-02-10,1.1317337994789027,0.6900604399774499,1.5173408062908769
2022-02-11,1.1340760807121917,0.6893921837641136,1.5173646268757663
2022-02-14,1.1308574262226836,0.6860411990749833,1.5187060774555667
2022-02-15,1.1294801560145051,0.6901030008058755,1.5174152966659669
2022-02-16,1.1292159449853305,0.6924790430651241,1.5165083740460805
2022-02-17,1.1332689249372567,0.693455391154789,1.5180587121618632
2022-02-18,1.1366463739964257,0.6926358388528181,1.5195843751214586
2022-02-21,1.1365162349498632,0.6923628650892617,1.5197950297272351
2022-02-22,1.1405765105691803,0.6895963372365068,1.5193339436368045
2022-02-23,1.1334692470370864,0.6895181714192664,1.5193754354485813
2022-02-24,1.1344704977546995,0.6896149186088971,1.5177245881202157
2022-02-25,1.1305163370708127,0.6922799849255385,1.519085937076983
2022-02-28,1.1291789893318331,0.6892770193916882,1.5193008916792834
2022-03-01,1.1276360593885193,0.6900235187234921,1.5194684402819896
2022-03-02,1.129410208728257,0.6903854587758458,1.5194806020800005
2022-03-03,1.1297835719218956,0.6899832661482411,1.5220637783243374
2022-03-04,1.1276612255346965,0.6913459819338589,1.5215756020678584
2022-03-07,1.1176931467564475,0.6919519132552052,1.5237312257269722
2022-03-08,1.1161588072738002,0.6911829094644124,1.521956133461255
2022-03-09,1.1105792923600006,0.6910489582932117,1.5224106360154566
2022-03-10,1.1156034495011005,0.6882293130394203,1.5247004194714164
2022-03-11,1.118213545333689,0.6916673815214125,1.5253772570347048
2022-03-14,1.1178817189647783,0.6913331456060222,1.5257617501526681
2022-03-15,1.1183535113870453,0.6921599848365032,1.5246037621918227
2022-03-16,1.1182606442965268,0.6929972183660421,1.5253593229017122
2022-03-17,1.1161098650770176,0.6924424849139139,1.5247178149193823
2022-03-18,1.1172006897983815,0.6936320943693673,1.5279136351761775
2022-03-22,1.1169502609979596,0.6956167422527112,1.5270488256610146
2022-03-23,1.1160255649853674,0.691247384963174,1.5272677712364544
2022-03-24,1.1168347660991416,0.6887305780520482,1.5297126738230968
2022-03-25,1.1169531703221556,0.6864336801891638,1.5289997371772293
2022-03-28,1.117500470209439,0.6871828928892548,1.5269043415774968
2022-03-29,1.113877172769994,0.6872503882413088,1.524863318092165
2022-03-30,1.114073567742005,0.6861807246113454,1.522606510843946
2022-03-31,1.1131512518478286,0.6855006516362551,1.5230956332227477
2022-04-01,1.1129559859368747,0.6831067100532691,1.5231663169083909
2022-04-04,1.1130383182958472,0.6821953601100312,1.5245180702921903
2022-04-05,1.112413062766642,0.6830862876659403,1.5242559716986133
2022-04-06,1.1128946132905375,0.6827695569080163,1.5238034796267255
2022-04-07,1.1171883572751398,0.684102534645138,1.5264349667442179
2022-04-08,1.1151257275870154,0.6848273099736896,1.5265086096461014
2022-04-11,1.115541677515797,0.6864608762706429,1.528614802939886
2022-04-12,1.1144436990970368,0.685842726556659,1.5253152813016781
2022-04-13,1.1092706696636174,0.6875537860206907,1.525237038505414
2022-04-18,1.1074919685636992,0.6865950362485683,1.5270385169886647
2022-04-19,1.1088316704671335,0.6866079284382742,1.5291715297186153
2022-04-20,1.1074956905582536,0.6864560837019417,1.5284126801644637
2022-04-21,1.1039780215397401,0.6847916847655082,1.528221500259168
2022-04-22,1.10608447249535,0.683270809516228,1.5273113853607632
2022-04-25,1.1046896125845498,0.6847659270958455,1.524970369077419
2022-04-26,1.1065071381587948,0.6820741894998187,1.5279540532111147
2022-04-27,1.1080967165849294,0.6809994311914744,1.5272439480305668
2022-04-28,1.1076483445409353,0.6846439562465051,1.5265490503513997
2022-04-29,1.1062388230417473,0.6839142304478503,1.5281220247094027
2022-05-02,1.1065503883269039,0.6856582475233457,1.5252470417756214
2022-05-03,1.108460283313857,0.6858625923711418,1.5272297623943627
2022-05-04,1.1100769538546966,0.6862638446058368,1.5262688099320578
2022-05-05,1.106722421461374,0.6850391968611608,1.5268530247005052
2022-05-06,1.1057565847073403,0.6850342951361914,1.5276227019045898
2022-05-09,1.1050647229681443,0.6833373264577096,1.5268519837205305
2022-05-10,1.1038379537278376,0.685117097564621,1.5264810004123208
2022-05-11,1.1037673702512796,0.6850970797915606,1.5256480601186466
2022-05-12,1.1039844957307208,0.6885288479086431,1.525675051835845
2022-05-13,1.1035119433321556,0.6863742543738024,1.527268953449111
2022-05-16,1.1010775743304555,0.6868026995650659,1.5278158553820256
2022-05-17,1.098687565448872,0.6844198266520115,1.534295458823117
2022-05-18,1.0926176093611188,0.6861955361473655,1.5337702621244165
2022-05-19,1.0907612157063478,0.6845227018331972,1.5288030542648428
2022-05-20,1.0879247669071561,0.6851100250872015,1.5313222930744177
2022-05-23,1.0863045957369237,0.6841688888284255,1.530073779321642
2022-05-24,1.08397885712815,0.6849266426571036,1.5311017724965674
2022-05-25,1.0861705927238647,0.6836038210162558,1.5330249998559773
2022-05-26,1.086720522123474,0.6838630345565093,1.5333281677082145
2022-05-27,1.0850892873054452,0.6838958133613006,1.5328813736305968
2022-05-30,1.086687048303732,0.6819582919341702,1.5336054116705236
2022-05-31,1.0892276600825472,0.6787216138763708,1.5342353243922031
2022-06-01,1.0919997713614067,0.6779723464547784,1.532435784780227
2022-06-02,1.0880929731286084,0.6769420049565678,1.5342238849366578
2022-06-03,1.090442501445072,0.6753357902355331,1.5377915448349555
2022-06-06,1.0893069750655957,0.6752378433037897,1.5349366450554194
2022-06-07,1.0894563624421782,0.6848556371456972,1.5336555877268947
2022-06-08,1.090927742650914,0.6857867620622767,1.5361826628932407
2022-06-09,1.087728429604633,0.6756969770428977,1.538145166006766
2022-06-10,1.0849988601833127,0.6749005498106854,1.5374311600982937
2022-06-13,1.0832915288334408,0.6768029610703518,1.5378130679566553
2022-06-14,1.0859064684145538,0.6810970127248366,1.5368868567986012
2022-06-15,1.0893301772914783,0.6782656149754067,1.5381681664740663
2022-06-16,1.0794722836505108,0.6770477786574179,1.5387913429253643
2022-06-17,1.082243666786462,0.6773458672589371,1.539412534811025
2022-06-20,1.0831036264730156,0.6736082115322053,1.5402166094135203
2022-06-21,1.0843184919205462,0.6759246901480398,1.5404756154399475
2022-06-22,1.0843731665636354,0.6760617659720112,1.5407077979178454
2022-06-23,1.08300927815036,0.6785663287835232,1.5398222899613325
2022-06-24,1.0765438264454616,0.6786843307542197,1.5401194861064507
2022-06-27,1.0762774454764859,0.6783909908137302,1.5393844932125293
2022-06-28,1.075057990208548,0.6767430829205883,1.5411785697738105
2022-06-29,1.0728867583573336,0.6755838822497928,1.5404858235779302
2022-06-30,1.0723615129545652,0.6755500183807446,1.5410800912559672
2022-07-01,1.0722371591669457,0.6754013599626177,1.5405428722512944
2022-07-04,1.07227490851342,0.6769909778773281,1.5400187482623113
2022-07-05,1.0772233108054583,0.6771383490605953,1.5403044266854735
2022-07-06,1.077065098322673,0.6745077721437943,1.5438769906630903
2022-07-07,1.0778538556807913,0.6732940561913561,1.5433794978271262
2022-07-08,1.077353401313556,0.6739788771863715,1.545188480867058
2022-07-11,1.0784857100357417,0.6752602639922423,1.5440313695197359
2022-07-12,1.0791631851868322,0.672903880538984,1.54440543074733
2022-07-13,1.0797125796328146,0.6714060134561325,1.5439784147334263
2022-07-14,1.0797778831390497,0.674486858139873,1.5425249500280998
2022-07-15,1.083030467637743,0.6747845824971327,1.542776439842687
2022-07-18,1.0837679331252659,0.6752088648556166,1.5407734594570295
2022-07-19,1.084343193112067,0.6746528248908031,1.5378631294345624
2022-07-20,1.0840746212124501,0.6756720826496109,1.5420142266774117
2022-07-21,1.0830051299515353,0.6770343068572775,1.541794015778213
2022-07-22,1.0893255862175333,0.675845210666117,1.539990514357143
2022-07-25,1.0895393970179432,0.6755630419778073,1.5399018133657272
2022-07-26,1.0890716908302693,0.6756004075229041,1.5393332045010022
2022-07-27,1.089078208767483,0.6750704302892431,1.539634967673659
2022-07-28,1.085345485798792,0.6747201040419452,1.5385205108745388
2022-07-29,1.0884118814395718,0.6749759410253622,1.5380778515332831
2022-08-01,1.0901208001738556,0.6777468930326208,1.5389331820056835
2022-08-02,1.0922187113179782,0.6769826686708251,1.5402079918902987
2022-08-03,1.094254577133665,0.6727764339430581,1.539918201297307
2022-08-04,1.0962948191689945,0.6734884599029298,1.5378837372113492
2022-08-05,1.097198318745701,0.673764616634066,1.5411273571716935
2022-08-08,1.096732026795626,0.671506661706154,1.541436893158172
2022-08-09,1.0948413392618455,0.6734828004697769,1.5426099169990626
2022-08-10,1.0946362768226574,0.6713060268070272,1.5444762457364085
2022-08-11,1.0931852486169515,0.6692350517739503,1.5430606203024044
2022-08-12,1.092201440898156,0.6687545255247531,1.5399395830554248
2022-08-15,1.0975524727072394,0.6693139642035895,1.540486995945671
2022-08-16,1.098592778777678,0.6680183272866184,1.5419500132907709
2022-08-17,1.1007456308134602,0.6679158115887441,1.5419487413476494
2022-08-18,1.1020188258302959,0.6670442002856527,1.5393030592160182
2022-08-19,1.1021075027989056,0.6663171282939955,1.5423163487383706
2022-08-22,1.1010013262791818,0.6690561220357895,1.5409878175815115
2022-08-23,1.1022901393465396,0.6678070610915489,1.5394564358310312
2022-08-24,1.1006065039489883,0.6738201892950927,1.5412636646554934
2022-08-25,1.1093813173193376,0.6724363154760681,1.5435433791555149
2022-08-26,1.1101015310412758,0.6725043052301363,1.5439623564915639
2022-08-29,1.1107477740945741,0.6662521095643744,1.5465959489350258
2022-08-30,1.1071684899934036,0.6689590015457422,1.5444290760207606
2022-08-31,1.1016804984797086,0.6671189525413529,1.544389703330524
2022-09-01,1.0974154686410165,0.6649849808811452,1.5473052032008772
2022-09-02,1.0971580553172602,0.6636161488061688,1.5488186731120084
2022-09-05,1.0989180722748433,0.6662614171290719,1.5465853804419973
2022-09-06,1.099280931693007,0.6623355324432705,1.5469534477081732
2022-09-07,1.1034321627084984,0.6626876684295335,1.5456717172770587
2022-09-08,1.107893335423711,0.6628857623605845,1.5471011626704683
2022-09-09,1.105081916507047,0.6633996619742654,1.5463099341993238
2022-09-12,1.1024748018747301,0.6646978371435889,1.5487481275871477
2022-09-13,1.099303120628747,0.6623306055816065,1.5484298944835466
2022-09-14,1.0987332239015937,0.6593282236477344,1.547820445964149
2022-09-15,1.1026169178153564,0.6595938834027406,1.5470083771916445
2022-09-19,1.1026243705065162,0.6610026908842838,1.5470063663427325
2022-09-20,1.1052372806924113,0.6613923843791852,1.5439717783706524
2022-09-21,1.1060117630367183,0.6622127664627535,1.544239391356852
2022-09-22,1.1037880819668453,0.6640322917676604,1.5478796051323724
2022-09-23,1.1005432647709699,0.6664312929972365,1.5484875909796365
2022-09-26,1.0967212974235114,0.667295832180924,1.5466651612900137
2022-09-27,1.09515071830057,0.6665720247576312,1.5480736827604984
2022-09-28,1.0939532038900313,0.6668099063922481,1.5479675403890087
2022-09-29,1.0935130675904357,0.666887776129923,1.5471424829652367
2022-09-30,1.095560097704761,0.660432876001981,1.5468800145171355
2022-10-03,1.0930339097776665,0.6590290806790344,1.5495936718290864
2022-10-04,1.0902816963138158,0.6594462264435415,1.547279497629349
2022-10-05,1.091948381292897,0.6615247584297227,1.5463265947940468
2022-10-06,1.0933607483304713,0.6635708907523,1.5426088433177767
2022-10-07,1.0941980223818484,0.6622603684456537,1.5418110975768191
2022-10-10,1.0944153317185774,0.6627657725151912,1.543005234268838
2022-10-11,1.0958098017157565,0.6648281599370977,1.5429483349215842
2022-10-12,1.0935252774128472,0.6641885070490459,1.5434474408593741
2022-10-13,1.0905308127048892,0.6628852906346627,1.5397144169624364
2022-10-14,1.0895317754762592,0.6625129528549707,1.541989655599955
2022-10-17,1.087656453020487,0.6580348894473215,1.541054620360942
2022-10-18,1.0854445990780475,0.6607577200174363,1.541257732491649
2022-10-19,1.085578968199474,0.6581693221999191,1.5454726476702538
2022-10-20,1.0919901572953028,0.6572992153018172,1.5448699433284048
2022-10-21,1.0913257267979555,0.6568876805133955,1.545659745779649
2022-10-24,1.0921709361922576,0.6581415446748666,1.5489000423735533
2022-10-25,1.0903701404991477,0.6566647234216202,1.5483847837225762
2022-10-26,1.0868138602734556,0.659035101596631,1.5467593989127788
2022-10-27,1.0889023212059565,0.6588980424568318,1.5446398872193519
2022-10-28,1.0910739603576547,0.6595124172622006,1.5442152596817313
2022-10-31,1.0900740909603082,0.6628879762775948,1.545519101445764
2022-11-01,1.0930007695031794,0.6633701626385882,1.546434898768528
2022-11-03,1.0947090517664804,0.6597169893565806,1.547503390671497
2022-11-04,1.0959807336335285,0.6631418101235672,1.5467723877642092
2022-11-07,1.1001426800657852,0.6629202284150636,1.5477818967480594
2022-11-08,1.0987009763260118,0.6638843832554023,1.5496687581022697
2022-11-09,1.0970054624870067,0.6626661121980865,1.5485942813086562
2022-11-10,1.0949042753500204,0.6621758036448909,1.5480588337819892
2022-11-11,1.089109842494521,0.662299028297215,1.5493328366495553
2022-11-14,1.0877761895042986,0.6630728378593528,1.548644905409003
2022-11-15,1.0876294599558232,0.6622877776371475,1.5483041005845997
2022-11-16,1.0871685603128771,0.6622720431163542,1.5486474905972576
2022-11-17,1.0881753983293523,0.6615806341202185,1.54795628429257
2022-11-18,1.0875402139750596,0.6644882960901523,1.5491425570155661
2022-11-22,1.089713472474312,0.6628410870858924,1.5503708600915331
2022-11-23,1.0901413321649063,0.6624864143432836,1.5511174893070063
2022-11-24,1.087757325654121,0.663365570641722,1.5513117800898708
2022-11-25,1.0848359726944405,0.6627395409276631,1.5508875580834331
2022-11-28,1.0857760251509205,0.6631829214821924,1.5497199761700433
2022-11-29,1.0861042620766295,0.662471445263577,1.5507157153676216
2022-11-30,1.086675791703369,0.6634079449638313,1.5523354264296099
2022-12-01,1.0883969018181319,0.6631154257573891,1.5501954616020228
2022-12-02,1.0884021448170653,0.66347612748403,1.5491173241867127
2022-12-05,1.0861048278645278,0.6633157941401286,1.549187574915097
2022-12-06,1.09620944363619,0.6622323564924582,1.548582433772514
2022-12-07,1.0946019640066347,0.6608150318133663,1.5487189028534762
2022-12-08,1.0934833654965337,0.6602360107122991,1.5475789058388214
2022-12-09,1.093023320736414,0.6579077353769117,1.5480090150137125
2022-12-13,1.095720383779412,0.6557952029322633,1.5489717494052302
2022-12-14,1.0937977430608095,0.6567376187817724,1.5496883657011844
2022-12-15,1.0953225415671788,0.6549179522554863,1.5506482016117933
2022-12-16,1.0991106232800836,0.652444409534333,1.5494504782696528
2022-12-19,1.0991127209859357,0.6541367310049313,1.5497585147139408
2022-12-20,1.099616500182468,0.6536128006942737,1.5521556377665537
2022-12-21,1.1020169515177822,0.6535931879434428,1.551606875805909
2022-12-22,1.0999513158823666,0.6543215763203617,1.5524051620995478
2022-12-23,1.0983799429280958,0.6540802251204695,1.5520773143907447
2022-12-26,1.0954094090246778,0.6544815377849723,1.554050822207475
2022-12-27,1.0956466616881282,0.6522457132605602,1.5540086293127038
2022-12-28,1.090247407717144,0.6513000882155142,1.5548558383986621
2022-12-29,1.0895864161212845,0.6528814234794583,1.5538021138965248
2022-12-30,1.0855587700070464,0.6526227981916045,1.5529994470205877
2023-01-02,1.0840282129367007,0.6542196114364924,1.5517086020472268
2023-01-03,1.0854046800088533,0.6537636113523336,1.5545352576713853
2023-01-04,1.0785984637771941,0.654459496595468,1.5517463740362345
2023-01-05,1.0769507353298358,0.6546122735967566,1.5508501449092218
2023-01-06,1.072080159050764,0.6522081409235769,1.5504878909212185
2023-01-09,1.072528960391167,0.6516280385226993,1.5527203127185054
2023-01-10,1.0720159391343145,0.6518321873806036,1.5503782630893859
2023-01-11,1.0719257590411337,0.6529135571262434,1.5507042075948767
2023-01-12,1.0699636594583446,0.6522539073777336,1.5530356532234626
2023-01-13,1.0714707036504638,0.6529959862427304,1.5515923081576952
2023-01-16,1.074853107837332,0.6531234703810335,1.5543529806782697
2023-01-17,1.0731552533476574,0.6530760262155862,1.5527758583154085
2023-01-18,1.0766199829897953,0.655434893815452,1.5533497111159724
2023-01-19,1.075164700210759,0.6529509836622693,1.5532402626478112
2023-01-20,1.0723888968262436,0.653517426526825,1.5547341685627505
2023-01-23,1.0716673202998435,0.65500274776319,1.554530654955068
2023-01-24,1.0687212375342805,0.6530157406992985,1.554565176177408
2023-01-25,1.0689389334682813,0.6551477572564605,1.5546929971287955
2023-01-26,1.0699954581511562,0.6571476177362512,1.5529823196678536
2023-01-27,1.069119260455495,0.6570393588307907,1.553758776384399
2023-01-30,1.067969396745989,0.6508137770588934,1.555293131580607
2023-01-31,1.06680861004586,0.6525062801770904,1.5550132406728563
2023-02-01,1.0664966902340995,0.6522117384234287,1.5576617143502478
2023-02-02,1.0666471065406027,0.6532953606575922,1.5579450140912798
2023-02-03,1.0662664295301818,0.6538941827900236,1.5561860653065804
2023-02-07,1.0614779471677511,0.6553287876517944,1.5538026847233517
2023-02-08,1.0616284891790553,0.654944437508176,1.554361437291414
2023-02-09,1.0610793458776997,0.6499362419752324,1.5549450625161594
2023-02-10,1.062142692881546,0.649564417807078,1.5544128126580914
2023-02-13,1.0638518607870957,0.6506948053249301,1.555014654467032
2023-02-14,1.0642711671593061,0.6502755746172459,1.5538155608574045
2023-02-15,1.063514103407445,0.6506962196182632,1.5520623004661096
2023-02-16,1.0668151276236684,0.650516145808936,1.5523776266435991
2023-02-17,1.0681356600164933,0.6508819093115549,1.5523972759632496
2023-02-20,1.0747078694747836,0.6497067346965439,1.5537641632075425
2023-02-21,1.0741010580299284,0.6484303201139361,1.5524313057146066
2023-02-22,1.08037868481797,0.646899608061981,1.5521832304154302
2023-02-23,1.0801500105340585,0.6468560966883748,1.5542144314352515
2023-02-24,1.0815354554296752,0.647385257437182,1.5545996420135462
2023-02-27,1.0812238916946715,0.6477448020748093,1.5544444309181566
2023-02-28,1.0828993288854718,0.6491160466736514,1.5529876890523615
2023-03-01,1.082528942850244,0.6478946662635657,1.5519883158373755
2023-03-02,1.083152564261005,0.651194188284861,1.551752703071216
2023-03-03,1.0827986281232107,0.651705054994813,1.5526584636456102
2023-03-06,1.0832291765601563,0.6511991873647961,1.5529046132954911
2023-03-07,1.0830640294429885,0.6531873427723566,1.551928050818441
2023-03-08,1.0827593432748546,0.6534580878127492,1.5524456272436014
2023-03-09,1.0813554889454557,0.65157193367573,1.5516460048079184
2023-03-10,1.0783326395663724,0.6516426174027283,1.552707570427011
2023-03-13,1.0806777027462933,0.6532708937810254,1.5528425861132762
2023-03-14,1.079443943735767,0.6548321056312,1.5534770042326589
2023-03-15,1.079089200717744,0.6566921693012827,1.5540712169931836
2023-03-16,1.0858838844053011,0.6567370327689068,1.5539287295385804
2023-03-17,1.0922754104811918,0.6552748529465017,1.5529281489833866
2023-03-21,1.0916156349266033,0.65626336853566,1.5523397417742077
2023-03-22,1.0910002205127705,0.6578857312404429,1.5522296436388918
2023-03-23,1.0901521494491981,0.6568617919064703,1.5530699111241606
2023-03-24,1.0863607450290313,0.6515102109822586,1.5557008490577684
2023-03-27,1.086262901361929,0.6509712018612446,1.5540084360493052
2023-03-28,1.0881321187981277,0.6503414734161503,1.553733857986517
2023-03-29,1.0886659584074474,0.649018757736484,1.5511535295162904
2023-03-30,1.0852054270747022,0.6492849752017245,1.55277818679125
2023-03-31,1.088464999474334,0.6509706718545476,1.5543481643810002
2023-04-03,1.0900396803830459,0.648926646574592,1.5543152653228964
2023-04-04,1.090013259533604,0.6491593483729001,1.5536257266682278
2023-04-05,1.0853467550745222,0.6491704325808241,1.5529803127734039
2023-04-10,1.083048852080505,0.6491021853767657,1.5552782639589118
2023-04-11,1.0835444205082716,0.6532566042083325,1.5536000932527871
2023-04-12,1.0857082125789674,0.6517675396152084,1.556238569316098
2023-04-13,1.0852889526514247,0.6522787626092066,1.5569182056600235
2023-04-14,1.0839611791221389,0.6507300881442932,1.5565617058954535
2023-04-17,1.0842513293766507,0.6521536560905812,1.556466248494247
2023-04-18,1.0836796625580076,0.6517745667291007,1.5556444612503415
2023-04-19,1.0831386004358763,0.6522246996407165,1.5557335677624684
2023-04-20,1.08358603351014,0.6532190595465448,1.5542558260061903
2023-04-21,1.0843084821631295,0.6513650241531219,1.5529313907149378
2023-04-24,1.0809960020292806,0.6546720754865274,1.5523308139370842
2023-04-25,1.0786041255369985,0.6531112667856305,1.553329852141822
2023-04-26,1.079962423567537,0.6508598136383046,1.5539059783212918
2023-04-27,1.0811845670568823,0.6532625813087738,1.5556010988217397
2023-04-28,1.0779403816829651,0.6524589155189118,1.5543146561878447
2023-05-02,1.0844949503157588,0.6502149620991933,1.5550864430668891
2023-05-03,1.0845033128458035,0.6500557281354526,1.5543163790141452
2023-05-04,1.0843168682335835,0.6512516247168562,1.5557970513196762
2023-05-05,1.0843419469155675,0.6516933783241351,1.556493710977523
2023-05-08,1.0879762402584987,0.6523680376273474,1.5556471538391976
2023-05-09,1.0965445503731033,0.653437869100143,1.5544579026683754
2023-05-10,1.0964375971794063,0.6514323934664514,1.5538576784531086
2023-05-11,1.096671251922078,0.6533122323660616,1.555019904181585
2023-05-12,1.0955086069366837,0.6526205143829898,1.553667609994694
2023-05-15,1.094355602891154,0.6508310514166719,1.555965517278117
2023-05-16,1.0933665238468508,0.6517766561725324,1.5547283062162227
2023-05-17,1.0929835985963001,0.6519248150042326,1.5550787093052452
2023-05-18,1.093150137269098,0.6541587316777663,1.5553905806362085
2023-05-19,1.0909288974019935,0.6530006970295055,1.5584472935048412
2023-05-22,1.0874842681899275,0.6564402739991697,1.5590792256912223
2023-05-23,1.0861630613285111,0.6581756608626538,1.5582338795882178
2023-05-24,1.0893625435612182,0.6524636140695096,1.5571821317090007
2023-05-25,1.0915611585057245,0.65323780347639,1.5586639070727195
2023-05-26,1.0911656426950334,0.6522296952184472,1.5607104913744951
2023-05-29,1.0947572355740187,0.6514688209438347,1.5588291282592108
2023-05-30,1.0947388138572018,0.6511049892288491,1.5582285787079027
2023-05-31,1.09576782568557,0.6510509030435238,1.5578771189631084
2023-06-01,1.0941877706963123,0.6525161154739962,1.5578614642175281
2023-06-02,1.096370008297216,0.6515347877145998,1.5585642208702406
2023-06-05,1.0970636337005877,0.6531274165339548,1.5578806716534084
2023-06-06,1.0911131976373354,0.6526324805551639,1.557397364749438
2023-06-07,1.092193275164998,0.6504469056979238,1.5561336242604729
2023-06-08,1.0940032590571866,0.6502497582943483,1.5563767333692662
2023-06-09,1.0903358377226042,0.6491476762517095,1.557059087171712
2023-06-12,1.0906475271712406,0.6494940333424603,1.5559123219628923
2023-06-13,1.0907147850654482,0.6502289154231597,1.5559139293917685
2023-06-14,1.0907267610913856,0.6515047085585631,1.5554196440162262
2023-06-15,1.0925256615425112,0.6515288471487138,1.5562476055332704
2023-06-16,1.0931214386154575,0.6520405335578585,1.5575639475906533
2023-06-19,1.0910800399524754,0.6531308834116564,1.557249125901054
2023-06-20,1.091832969033612,0.6529828995844874,1.5587630387220806
2023-06-21,1.0949807299193193,0.6524028215872554,1.55815933538414
2023-06-22,1.0915885074606915,0.6506664055122418,1.5579452784207601
2023-06-23,1.0941122279798134,0.6522450565297271,1.5598089663853179
2023-06-26,1.0955018771979477,0.6510729195281612,1.5614505923370106
2023-06-27,1.094575192498379,0.6504441641832407,1.560900737303408
2023-06-28,1.097816445035269,0.6509770964212127,1.5637091549592768
2023-06-29,1.0975813082875037,0.6518369791569687,1.5624324722047525
2023-06-30,1.1021452157729927,0.6537232438843589,1.5605226619344892
2023-07-03,1.099797835517807,0.650920737240459,1.559392385343096
2023-07-04,1.0969169043825353,0.6487294338329853,1.557548321369465
2023-07-05,1.0998901827425116,0.6490675983862403,1.559416654200091
2023-07-06,1.0971445190075688,0.6491826559156938,1.5583238083223772
2023-07-07,1.094151969622668,0.6497745349710558,1.5587749383159022
2023-07-10,1.0936569534828997,0.650137460588706,1.5584644034870725
2023-07-11,1.09357786738833,0.6508850668874551,1.5564676293525046
2023-07-12,1.0931346310836272,0.6513916564263998,1.5599610957102066
2023-07-13,1.0938727577535285,0.6513707316079016,1.5595844506471197
2023-07-14,1.09361826721811,0.6503656492610408,1.5608334040089795
2023-07-17,1.0941019691692855,0.6505820712697806,1.5608157521743735
2023-07-18,1.0927302338576101,0.6511822495420456,1.5602090106675546
2023-07-19,1.0925932216220264,0.645825444260247,1.5569887381592042
2023-07-20,1.0911794420905983,0.6452586888555051,1.5612184272633818
2023-07-21,1.0916789020825517,0.6463011443304236,1.557018022996955
2023-07-24,1.0909938059982003,0.6451748854411666,1.5613212315606428
2023-07-25,1.093000487185599,0.6452640910370392,1.56051175653513
2023-07-26,1.094309388002793,0.6447503713658246,1.5601630019453165
2023-07-27,1.0982172053331345,0.6419500044092159,1.558248001659236
2023-07-28,1.0973176001067975,0.6449022862878719,1.5592117181370393
2023-07-31,1.1002924918077313,0.6440387653226636,1.5585250261941033
2023-08-01,1.0969208318471462,0.642750835843677,1.5593237581449235
2023-08-02,1.0911811626975074,0.6411541397432388,1.5608301303807615
2023-08-03,1.0934591353106,0.6403637193207307,1.560303525724756
2023-08-04,1.0901018656988515,0.6396749691583472,1.5586609526241526
2023-08-07,1.0912837239612418,0.6400529236067354,1.5581462612353663
2023-08-08,1.0914324648994564,0.6373450962276048,1.5594175253817768
2023-08-09,1.0917432548682677,0.6375933832385613,1.5591651007169036
2023-08-10,1.0931018572443998,0.6372160135107817,1.5601766196787519
2023-08-11,1.0891251848685075,0.6364683990546395,1.559463215978341
2023-08-14,1.0926618982256298,0.6346114689829998,1.5623768847283586
2023-08-15,1.0895017281344912,0.6353160187439837,1.5623397776117132
2023-08-16,1.0885629195231907,0.6327169141076938,1.562706450898547
2023-08-17,1.0847791893358367,0.6353978523691971,1.5632201476746748
2023-08-18,1.0840503143849716,0.6328952832069562,1.5609293999645053
2023-08-21,1.0827357786544063,0.6337375460292531,1.5603463330578542
2023-08-22,1.0858021345996545,0.6302931758894146,1.5599827517823943
2023-08-23,1.081722365669289,0.6317960255422231,1.5611266581922338
2023-08-24,1.0879895987633115,0.6325014464123232,1.5608566549650413
2023-08-25,1.0888156658681902,0.6332831363546123,1.5609496800947869
2023-08-28,1.0934370833852953,0.6330122057739991,1.5615382917630343
2023-08-29,1.0904469133179961,0.6318530849417077,1.561027149335593
2023-08-30,1.0893112900510915,0.6250037142877696,1.5618274253099644
2023-08-31,1.0854447553263513,0.6273345450113087,1.5631572838815848
2023-09-01,1.0881738845033475,0.6247847911742173,1.5629325350731116
2023-09-04,1.0883960883718529,0.6273141743330299,1.566575972939586
2023-09-05,1.0910725162180732,0.6259100475421381,1.5660957706077432
2023-09-06,1.0917738108602975,0.6217280098149602,1.5648473900015154
2023-09-07,1.0900934725875122,0.6231393260811201,1.5661181615786923
2023-09-08,1.089708858015475,0.6262708390835633,1.5647213915837517
2023-09-11,1.0907479395697763,0.6247098236942668,1.5647049385741285
2023-09-12,1.091313330824255,0.6231434381335481,1.5655199684966783
2023-09-13,1.088456060135864,0.6236846900253137,1.5650444609777119
2023-09-14,1.0874093736290495,0.6237194524599503,1.5650153318601794
2023-09-15,1.0883110023544762,0.624593653600537,1.5647004018120927
2023-09-18,1.0889424441884805,0.625518195777284,1.5672522947515561
2023-09-19,1.089412672898562,0.6250063134536131,1.5674360352999541
2023-09-20,1.0851098577755351,0.6251372414256435,1.5659962890385346
2023-09-21,1.0835320596917388,0.6239358862674912,1.566903401867529
2023-09-22,1.0806346918466032,0.6242229145984979,1.5660321372880717
2023-09-25,1.083625356276518,0.6257777695416094,1.5672416824345572
2023-09-26,1.0848564126069953,0.6282394248236307,1.566584522688516
2023-09-27,1.0846942860501294,0.6248982576753819,1.5669784968507305
2023-09-28,1.0833736632624547,0.6227176895924694,1.5661331108642016
2023-09-29,1.0776563824357355,0.624860413937822,1.565681648194148
2023-10-02,1.0804610647750794,0.6232900299219,1.5668279275888035
2023-10-03,1.0816023221748545,0.6244571478262848,1.5664679402996227
2023-10-04,1.082984347191184,0.6244347111681079,1.567671434353226
2023-10-05,1.0730893821665544,0.6255787328682112,1.5676100759627567
2023-10-06,1.0750427409616208,0.625070058633858,1.5686813662678079
2023-10-09,1.0764463558249542,0.6278640399031062,1.567879998609179
2023-10-10,1.0707369405320872,0.6252720310015848,1.5676443602681605
2023-10-11,1.0715108265877225,0.6233953811030566,1.5681406694606255
2023-10-12,1.0689830005752088,0.6215536127800297,1.5674892129043907
2023-10-13,1.06985378051586,0.6173773519671585,1.5699746122196137
2023-10-16,1.0713947721435546,0.6258631273158493,1.565301534465781
2023-10-17,1.070357338838044,0.6240598327225255,1.565918671900612
2023-10-18,1.070146410144659,0.6238135428481614,1.5650607566989105
2023-10-19,1.068763649912228,0.6227341365106458,1.5659633466698268
2023-10-20,1.0692356494503064,0.623269081976106,1.566287429529508
2023-10-23,1.0692663900944546,0.6244172014041592,1.5689395918966986
2023-10-24,1.0721040746113215,0.6240225066903344,1.569117411195821
2023-10-25,1.06988164954234,0.6243313796432484,1.5666134845133115
2023-10-26,1.0760725917689684,0.6249817519903277,1.5657446221917104
2023-10-27,1.0760708831085832,0.6226450289017967,1.571384462745429
2023-10-30,1.079059654529292,0.6243600405984336,1.5727029925290013
2023-10-31,1.0806429941025162,0.6245855324575592,1.57309058512662
2023-11-01,1.0771238645777164,0.6257785502436791,1.5737099716736551
2023-11-03,1.0654200966212297,0.6255562066339837,1.5734255036192335
2023-11-06,1.064790729106265,0.6259578629311268,1.5746307660583243
2023-11-07,1.0669706795338108,0.6261155978042738,1.572983888356239
2023-11-08,1.0681182210780522,0.6236560130839559,1.5742765646480588
2023-11-09,1.0649834120347634,0.6230205017682644,1.5748797171448088
2023-11-10,1.065005585943521,0.624887856436237,1.5721599627083862
2023-11-13,1.0659112778255075,0.6261454259815492,1.5728439889742027
2023-11-14,1.058172380430908,0.6262491701029727,1.5738473766431398
2023-11-15,1.057856617289292,0.6283904453072395,1.5721717417586387
2023-11-16,1.0622470276993539,0.6300619038646578,1.5719999693645992
2023-11-17,1.0608760586673784,0.6287548575126145,1.5727178351760696
2023-11-21,1.066015510954904,0.6281306194250187,1.572551767461439
2023-11-22,1.0671438969659304,0.6271526306021358,1.5728232856144682
2023-11-23,1.0711844293750996,0.6282928318099252,1.5732611314484375
2023-11-24,1.0709330263111534,0.6282973397773262,1.5736473689990165
2023-11-27,1.0744339141185546,0.6284265064832094,1.5743493500189683
2023-11-28,1.0773204559172576,0.6306040952056453,1.5732619655165838
2023-11-29,1.0762148976235018,0.6316743734440416,1.572237163804158
2023-11-30,1.0718844475976803,0.6317597205803643,1.5696935870658877
2023-12-01,1.0711812246494734,0.6313576644555893,1.5696027319459418
2023-12-04,1.071332779385818,0.6308505516136539,1.5707367830123253
2023-12-05,1.0720822923283078,0.6304518744373603,1.570903055283692
2023-12-06,1.0725649625683413,0.6299006909409534,1.5710451800176217
2023-12-07,1.0734762089188186,0.6307498305821325,1.5740604403053664
2023-12-08,1.073291609411995,0.6291715898802801,1.5744139618205164
2023-12-11,1.0758513820361344,0.6291277271528676,1.5746779066250827
2023-12-13,1.0756993276928413,0.6288973183543223,1.5709067823334928
2023-12-14,1.0650401359059836,0.6278668225620138,1.5707880182501481
2023-12-15,1.0677669978969808,0.6316975940711589,1.5741383746328104
2023-12-18,1.0699513364057014,0.6300060463644087,1.5739028042441303
2023-12-19,1.0691640236451576,0.6327331528480024,1.575041122854738
2023-12-20,1.0656299055421992,0.6345179432459368,1.5767882789734016
2023-12-21,1.0661971969660706,0.6346596771518684,1.5776319329833508
2023-12-22,1.0673958283778096,0.6340667501156206,1.5798753188626065
2023-12-26,1.065814120624176,0.6360969022323817,1.580067163266435
2023-12-27,1.0686324317124698,0.631867015516411,1.5804301262210243
2023-12-28,1.0711502422332844,0.6322214816708955,1.582031908868751
2023-12-29,1.071426433781345,0.6322656418354522,1.5812091394305159
2024-01-02,1.071187077528794,0.6337993755672904,1.5821224726940901
2024-01-03,1.0647803960248126,0.6336512914615731,1.582581621612527
2024-01-04,1.0661979625010773,0.6346974798288239,1.5825106879814708
2024-01-05,1.065090753371594,0.6343222504142045,1.582914345647903
2024-01-08,1.066072562982681,0.6359028480502424,1.584028584525527
2024-01-09,1.0621886959681321,0.6341019352388102,1.5850513693457564
2024-01-10,1.0626929588559753,0.6331115773713034,1.583082219653043
2024-01-11,1.0630800238936668,0.6365705789359756,1.5842404141725603
2024-01-12,1.063114104018041,0.6367089749356836,1.5806072071288197
2024-01-15,1.0625606020517726,0.637895417368746,1.578936666392781
2024-01-16,1.0595058384434572,0.6360366223161577,1.5795829302236055
2024-01-17,1.0544174175425476,0.6375332760773821,1.5779554137061664
2024-01-18,1.0528297328586544,0.633623848217191,1.5786150913100103
2024-01-19,1.0493126305047753,0.6278936464660256,1.578060115140482
2024-01-22,1.0470129410732687,0.6291869526592856,1.5743330660565578
2024-01-23,1.0493188774352924,0.6283089974117724,1.5781497449217496
2024-01-24,1.0535227217190155,0.6287466931527207,1.5781698495471461
2024-01-25,1.0506111331417296,0.6286458378119234,1.5771433171825338
2024-01-26,1.0507966776534883,0.628667872287756,1.5777225036053049
2024-01-29,1.052917095246405,0.6295095225351675,1.576764224394925
2024-01-30,1.053237234856921,0.6293765611016657,1.5765187613456892
2024-01-31,1.0548037607763363,0.6305636445068186,1.5769349855703583
2024-02-01,1.0554796576818382,0.6324611393516283,1.5768224249491025
2024-02-02,1.0576229616970592,0.6328395566580945,1.57809905039077
2024-02-06,1.058746867548774,0.6359823784943783,1.5765341819561292
2024-02-07,1.059401073345816,0.6350494330980896,1.5780168034974957
2024-02-08,1.057580653875231,0.6345400030726712,1.5782342137194147
2024-02-09,1.0572991320406095,0.6348413539065026,1.5776665579193232
2024-02-12,1.0574104673953306,0.631815927190507,1.576613928334806
2024-02-13,1.0554358175217033,0.6328994458223024,1.5775123616035538
2024-02-14,1.0540794194755456,0.631314086052256,1.5788314288274627
2024-02-15,1.0567595342301423,0.6307277015758335,1.578971038816794
2024-02-16,1.059752011621181,0.6308187959814949,1.578697879671866
2024-02-19,1.0590183225728163,0.6315822218848288,1.5787276973840514
2024-02-20,1.0611459899739137,0.6256057182344035,1.578415278049692
2024-02-21,1.0626315639030943,0.624448856172085,1.5781825665338562
2024-02-22,1.062572860701963,0.6237502228526715,1.5779629268639452
2024-02-23,1.0693340462651597,0.6221089078095007,1.575579183881832
2024-02-26,1.0643574365849209,0.6225857808400795,1.5752031663959263
2024-02-27,1.0614015252687752,0.6245120206323859,1.574197746898138
2024-02-28,1.0593782364105973,0.6243487652009616,1.5734289069103389
2024-02-29,1.0586652664568563,0.6246178130585034,1.5743599045020955
2024-03-01,1.0581349194955887,0.6242394477608217,1.575068546996733
2024-03-04,1.0581617916496726,0.6257135268605738,1.5767603440370672
2024-03-05,1.0593143304520056,0.6259624745316501,1.577051280732263
2024-03-06,1.0601654095501274,0.6249751129223198,1.5760536864988368
2024-03-07,1.0621507527896759,0.6269177961323484,1.575325850708524
2024-03-08,1.062309891994225,0.6276280580366027,1.5757193311091156
2024-03-11,1.0609715421975903,0.6263603631364923,1.5730893250299507
2024-03-12,1.059289281970771,0.6288468839484885,1.5754251306911495
2024-03-13,1.0577569514395786,0.6268157182466555,1.57600474372413
2024-03-14,1.0585972485442314,0.6258208511048019,1.5762978484029895
2024-03-15,1.0636934038029617,0.6272618389232892,1.576029877768679
2024-03-19,1.066575386872037,0.6258644633378626,1.5751285842914764
2024-03-20,1.0639319935513127,0.6263798464078014,1.572850144324808
2024-03-21,1.063578523956842,0.6257384578253011,1.5734921887764692
2024-03-22,1.0632848451682821,0.6227737303322153,1.5749295366154772
2024-03-25,1.0635454248463148,0.624843593828342,1.5739358276052375
2024-03-26,1.0664954955422514,0.6238553206552545,1.573685669811798
2024-03-27,1.066108302717383,0.6247359200146745,1.5767628118582644
2024-04-01,1.0674647786482285,0.6229323343250367,1.5767869904121183
2024-04-02,1.066704576297381,0.6240044700475731,1.5764808053026287
2024-04-03,1.0738237969270021,0.6210127562474708,1.5769422791975602
2024-04-04,1.0737201623273815,0.6228820794935737,1.575957029090179
2024-04-05,1.0746580838780146,0.6258913254214795,1.576891453907201
2024-04-08,1.079717359995656,0.6232639210363239,1.5785438917261343
2024-04-09,1.0790226806680012,0.6225308663312539,1.5789295679025777
2024-04-10,1.0750705286825288,0.6227233134938959,1.5771734335051129
2024-04-11,1.0757391292591267,0.6227765665464025,1.5768984984596894
2024-04-12,1.0777707331770463,0.622118261536644,1.5772932979232177
2024-04-15,1.0744272613020591,0.6200511626085055,1.5765235627713372
2024-04-16,1.0734808286105342,0.6210264664234011,1.5762069511267682
2024-04-17,1.074889203335931,0.619260100116799,1.578483988060259
2024-04-18,1.0770951216133924,0.620193355504467,1.5787260505499179
2024-04-19,1.0777469612230444,0.6193033853537868,1.5773070654965928
2024-04-22,1.0758384437808208,0.6198722668151099,1.5771883993507514
2024-04-23,1.079332585087018,0.6195319392374985,1.5762233416559335
2024-04-24,1.0787865114400172,0.6186787987242219,1.576008469693691
2024-04-25,1.0809183010615864,0.6173717675814027,1.5769997785894174
2024-04-26,1.0798126121183613,0.6189937179632368,1.5800245244721751
2024-04-29,1.0773477205115658,0.6209745983455855,1.5824875534498082
2024-04-30,1.0726552222315289,0.6205978968467355,1.5807023909653235
2024-05-02,1.0833774847169761,0.6196652788398576,1.5798542524248136
2024-05-03,1.0834992683280618,0.6182992099162291,1.581901285527349
2024-05-06,1.0846596327058013,0.6172203826611095,1.5794678271839233
2024-05-07,1.0834929914050169,0.6168960692072758,1.5820460236401521
2024-05-08,1.0827930012975984,0.6185358044840422,1.579656459662561
2024-05-09,1.0807771181780328,0.6150616419164269,1.5808155138866278
2024-05-10,1.0799594243052049,0.6167400065306479,1.581557402226652
2024-05-13,1.0844425237355282,0.618588510604882,1.5813050657541459
2024-05-14,1.0829098076628745,0.6188355589529173,1.5807405415161675
2024-05-15,1.0836003830407128,0.6124824599239309,1.582436723027714
2024-05-16,1.0845488115906672,0.611684691671458,1.5838305901863798
2024-05-17,1.0829801537959682,0.6130144607157553,1.5829179116918457
2024-05-20,1.0839263561046366,0.6119546799180954,1.5833804131731286
2024-05-21,1.0809270670187707,0.6125439968052258,1.5833146576114618
2024-05-22,1.081752670070121,0.612304599089519,1.583688386066812
2024-05-23,1.0768867958933122,0.611700374734201,1.5824644183042968
2024-05-24,1.0757895013564227,0.611183267817127,1.5839265053366784
2024-05-27,1.0796095311496572,0.6132267188619421,1.5836262683196687
2024-05-28,1.083972879017537,0.6158058445242609,1.5852047143987036
2024-05-29,1.0829086195279198,0.6146574816998643,1.5847147875877603
2024-05-30,1.0822031741333151,0.6157434385055975,1.5857347204499876
2024-05-31,1.0833803025577167,0.6150622314609016,1.5853121940841717
2024-06-03,1.0189867544441122,0.6148782974607923,1.5887877032307585
2024-06-04,1.0094067511011584,0.6145231948289981,1.5882791572071622
2024-06-05,1.0060852178792798,0.615294807452311,1.5874537087880547
2024-06-06,1.0060626201939655,0.6138191368923507,1.5888476585075368
2024-06-07,0.9962359910277421,0.6146956688528774,1.5926695766855943
2024-06-10,1.0142426779203666,0.6158765771810425,1.591403930092674
2024-06-11,1.0141258880713873,0.6159198798146149,1.59281816242145
2024-06-12,1.0145108102766418,0.6122804283237039,1.5940429771822002
2024-06-13,1.0106970663797055,0.6152355416932084,1.5930731785928949
2024-06-14,1.013548533400475,0.6076192881329555,1.5937826159343125
2024-06-17,1.0160020296767198,0.6071543945516364,1.5910507460810934
2024-06-18,1.009698030967198,0.61331282788927,1.592224677333654
2024-06-19,1.0098071533086355,0.6137815291480843,1.5916801184444878
2024-06-20,1.0100669532843003,0.6039735677407135,1.5923756344184519
2024-06-21,1.0102433934032793,0.604138641804055,1.5922796475156509
2024-06-24,1.0108830477041615,0.6056805183098177,1.5918750680824607
2024-06-25,1.0102733933548813,0.6062359980198011,1.5934351027159217
2024-06-26,1.0157326846725587,0.6048475801764012,1.5929067410408384
2024-06-27,1.0175362072319638,0.6068564518499397,1.5954672658140188
2024-06-28,1.021009814631293,0.6081641689294904,1.5952625384283023
2024-07-01,1.0212152354037531,0.6093075246179006,1.5960855561226142
2024-07-02,1.0226822509172262,0.6109185705861158,1.5951743904439082
2024-07-03,1.0217915970981313,0.6126571235815093,1.5945018459524452
2024-07-04,1.0222624182207363,0.6095474591876044,1.594064300070131
2024-07-05,1.0218229978935485,0.6071358035767415,1.5958103645283372
2024-07-08,1.0186700227674266,0.6101008315469538,1.5948815061836648
2024-07-09,1.0196003516756893,0.6113513136254666,1.5938446952707657
2024-07-10,1.0211531021345188,0.6114498330806168,1.5936862989068203
2024-07-11,1.025816846854043,0.6096992564796812,1.59656271675279
2024-07-12,1.0271752687005897,0.6140530933816315,1.5950203131695913
2024-07-15,1.0269276194745487,0.6141832732709792,1.5950048454006889
2024-07-16,1.0277441581248834,0.6150550750739627,1.5940240624141853
2024-07-17,1.02540303261886,0.6086330110125212,1.5925256446178941
2024-07-18,1.027701472435285,0.6058215808193687,1.5937792104840918
2024-07-19,1.0290822740818584,0.6094481749953372,1.5925642873791372
2024-07-22,1.0286105019431286,0.6088037329141589,1.5926875614893994
2024-07-23,1.0289901654290587,0.6084233057443752,1.5944703252463628
2024-07-24,1.0300668133312911,0.6050818752700818,1.5910116645933645
2024-07-25,1.031048566154572,0.605081195641766,1.5937751698167375
2024-07-26,1.0296818904727245,0.6058961551008412,1.591844731269224
2024-07-29,1.0313124463852423,0.5992519046748389,1.5900542684788601
2024-07-30,1.0316447537691287,0.5981389697871239,1.5914161246218357
2024-07-31,1.030233263168702,0.60224603977192,1.5912478358431947
2024-08-01,1.0287315640945485,0.600945216252288,1.5911645513679715
2024-08-02,1.0265432135186436,0.6060612108501499,1.5921617577168024
2024-08-05,1.0262711978702181,0.6019824548303271,1.5913518214540334
2024-08-06,1.024852877203866,0.6036471044176153,1.591551651922015
2024-08-07,1.0254242690282467,0.6040137483356368,1.5946882462229155
2024-08-08,1.0221030908487097,0.6037351032106127,1.5958447001498606
2024-08-09,1.021620180254731,0.6041855161260478,1.5936323624794353
2024-08-12,1.021305329951078,0.6051535744432577,1.5916166028564402
2024-08-13,1.0187225569989786,0.6045814675712686,1.5895873862735963
2024-08-14,1.0184442098541036,0.6018814961995389,1.5912109926040119
2024-08-15,1.017480862117046,0.5953885279609097,1.5921408663318433
2024-08-16,1.0179339352860295,0.5949370731296961,1.5943644953184324
2024-08-19,1.0180076842948584,0.5976129745255135,1.5952307830499077
2024-08-20,1.0202175797014963,0.5970016168864591,1.5939524862018175
2024-08-21,1.0199471906765094,0.5955689322227817,1.593719208077757
2024-08-22,1.0207329594720338,0.5942959530958266,1.5948234562613564
2024-08-23,1.0231220252659812,0.5978436154208238,1.5944333448978767
2024-08-26,1.0220085795626828,0.5973485934430222,1.593555334294057
2024-08-27,1.0230991358039774,0.6101246002993294,1.5932890352686897
2024-08-28,1.02423132629282,0.6120345449099409,1.594202641252868
2024-08-29,1.0246062504600044,0.6112839969083488,1.5961495821453027
2024-08-30,1.0235865369684698,0.6066111634989321,1.5932091988796602
2024-09-02,1.0228024124462824,0.6019640523624801,1.5911473678215575
2024-09-03,1.0198258290581417,0.6005894047573912,1.5941799453001555
2024-09-04,1.0208645008306416,0.597908176371003,1.5939246587881062
2024-09-05,1.0195183953266491,0.6007586455621724,1.5947183635497861
2024-09-06,1.0179368070467238,0.6019155517330149,1.5960634683296733
2024-09-09,1.0205909614801651,0.6017336913138895,1.5970555548556495
2024-09-10,1.0216299671404876,0.600413510062228,1.5976481877368256
2024-09-11,1.0220967290094307,0.5987110035587039,1.5985499085538457
2024-09-12,1.0219519521816205,0.6000020271223538,1.596684760120115
2024-09-13,1.0244147121486842,0.6006782189162517,1.5966497594987927
2024-09-17,1.0226323718674897,0.5996661527481916,1.5961924223823303
2024-09-18,1.022550679221754,0.6004148808593668,1.5973129476551962
2024-09-19,1.0212140882452172,0.6019299008095222,1.5982289151905233
2024-09-20,1.0215251157064626,0.6014968705881898,1.5986015619461158
2024-09-23,1.020753438019771,0.6038739230827175,1.5985584433462512
2024-09-24,1.0160047614967618,0.5988108541861407,1.5979780805760206
2024-09-25,1.0157229470920481,0.5988375167648725,1.5976057304199445
2024-09-26,1.014931600317811,0.6006790737040761,1.5988810147734613
2024-09-27,1.020322927410586,0.6016600051463856,1.5984624747032468
2024-09-30,1.0178099776357008,0.6021747178873481,1.5994493194555774
2024-10-02,1.0160538511952693,0.6023461500516922,1.6009963204904123
2024-10-03,1.0160199730764476,0.6036032933062182,1.5992931357999876
2024-10-04,1.0109743376037759,0.6029522623380654,1.5995419437859646
2024-10-07,1.0111332371406325,0.6022033123915207,1.5986535913929607
2024-10-08,1.011315984252015,0.6011921493778293,1.5992573949137776
2024-10-09,1.0110522387548575,0.6023641627409506,1.5983564469518847
2024-10-10,1.0146536031472844,0.6026387071945296,1.5984600242499158
2024-10-11,1.0198100427751946,0.6018744478658637,1.5992361966587907
2024-10-14,1.0187129956580574,0.6019326352922335,1.6012928604425039
2024-10-15,1.0183623500220713,0.6026853330822332,1.5996617722697508
2024-10-16,1.0205052610141492,0.6043608798158847,1.602936900286177
2024-10-17,1.0204586920122636,0.6070731084644219,1.5999756889795496
2024-10-18,1.0221290551099915,0.6042671296325379,1.5985468056590886
2024-10-21,1.019584985276963,0.601831602908856,1.602293599719508
2024-10-22,1.0170603172695807,0.5970608000667479,1.6023312541130676
2024-10-23,1.0190339226471599,0.5978150308247401,1.6011374208055662
2024-10-24,1.0180450798925627,0.5972621976560042,1.5975270442216496
2024-10-25,1.017708053922371,0.5988636775332511,1.5976978042961363
2024-10-28,1.018981368411836,0.5966347599991172,1.5968901800658215
2024-10-29,1.0208711634163938,0.5973577540233244,1.5972805149678204
2024-10-30,1.0212075586109348,0.5973837794215888,1.5980594161335266
2024-10-31,1.0223761923786792,0.5971592784844227,1.5963362321079655
2024-11-01,1.0234949438793353,0.5996701236589081,1.595154223804245
2024-11-04,1.0246679034180488,0.6000032522885164,1.5945337446690588
2024-11-05,1.0253660714344817,0.5987227670079976,1.5952033342757344
2024-11-06,1.0256908138249161,0.5994270897339246,1.5951864002299316
2024-11-07,1.0244527089268551,0.5974044392836665,1.5947359466948754
2024-11-08,1.0239539468542127,0.597463615963501,1.5943216785485335
2024-11-11,1.0231122470448408,0.5971432626483634,1.5947174764099454
2024-11-12,1.0224491412522403,0.59660343531138,1.5947383994876108
2024-11-13,1.0209432584173967,0.5964330813692121,1.5976762959187492
2024-11-14,1.0202822947518007,0.5966794185806291,1.5965176896440856
2024-11-15,1.0234804891981049,0.5969304720930916,1.5971587451011602
2024-11-19,1.024785517393851,0.5976092946389548,1.5939960302215839
2024-11-20,1.0239017957329883,0.5966835967499228,1.5947173413834572
2024-11-21,1.0788620216817595,0.5984743045960534,1.592255091103965
2024-11-22,1.0939409564656042,0.598802101112776,1.5906511158471948
2024-11-25,1.1041905085250208,0.5976150330797982,1.589915629538316
2024-11-26,1.1008547194321114,0.5993173207725311,1.5913377826016806
2024-11-27,1.1127289557057194,0.5992359175004852,1.593217599888647
2024-11-28,1.1096153975657925,0.5988537175037367,1.5937664155592932
2024-11-29,1.1119645890074403,0.5973330628027417,1.5946210548626514
2024-12-02,1.11175945684427,0.5963144254180683,1.5942266360441717
2024-12-03,1.1132499106749534,0.6003294639298443,1.5926210787890902
2024-12-04,1.1129181867475106,0.600493475695963,1.5927369022119218
2024-12-05,1.1131780830966689,0.6003493862152708,1.5941646979106427
2024-12-06,1.1192081183384213,0.6019843134271413,1.5944563116489348
2024-12-09,1.1144065889991712,0.5997973296422785,1.5938252282682892
2024-12-10,1.1151152933530477,0.5998131650180202,1.5940668520976597
2024-12-11,1.1137106350605608,0.5989944963298612,1.5933204556375662
2024-12-13,1.1150001715582532,0.5997409760496634,1.5961427479253845
2024-12-16,1.1135539281061566,0.5981623063240614,1.5954240401744613
2024-12-17,1.1118497395438733,0.6003115973744918,1.5946946765255594
2024-12-18,1.1095254907207892,0.5994434593874473,1.5962355120758613
2024-12-19,1.107757936601596,0.5975715684976252,1.5931576473847446
2024-12-20,1.1077582658374197,0.597440703597681,1.5945315175753996
2024-12-23,1.1122510437561093,0.5960878903378799,1.5985020895730022
2024-12-24,1.115755963321936,0.5973379258747264,1.5948493257339051
2024-12-26,1.11508280501397,0.5961957971122684,1.594619242095792
2024-12-27,1.1159654842409021,0.5990006011150159,1.598163612350323
2024-12-30,1.1167014980818621,0.5989930327138622,1.5991423371013407
2024-12-31,1.1155144275578932,0.5977164875486068,1.5998742350808528
2025-01-02,1.1188657611388164,0.5988910818572746,1.5997200407503656
2025-01-03,1.1170170249749898,0.5975544192626336,1.5989683195883289
2025-01-06,1.1208819491741593,0.6008272010936302,1.5985973200553092
2025-01-07,1.1195985536238062,0.602426973407781,1.5952844952704697
2025-01-08,1.1181494166431902,0.6045115922810678,1.5972161057912628
2025-01-09,1.119822865552524,0.6045093160445502,1.5969658793310884
2025-01-10,1.1199413042168924,0.6053132419054801,1.5980007287493532
2025-01-13,1.121740653827021,0.6031434993927488,1.5987973960195823
2025-01-14,1.1234432509592005,0.6028650687975853,1.600507849777852
2025-01-15,1.1248060817296017,0.6037490226170074,1.601227971607825
2025-01-16,1.1232369637528654,0.6021489572693667,1.6011285621687834
2025-01-17,1.1239200074944593,0.6017972140869101,1.6004948379104265
2025-01-20,1.1230238529452565,0.6025776982662273,1.5990715570830436
2025-01-21,1.125180501552668,0.6037850928769705,1.595508354970238
2025-01-22,1.1222196946968432,0.6051451745177242,1.5944062747318608
2025-01-23,1.1249882994488891,0.6028691724992042,1.5934720195500334
2025-01-24,1.1293651656865504,0.6031318132516449,1.593404228476733
2025-01-27,1.1292949752636832,0.6017757548279304,1.5932042045856003
2025-01-28,1.1308304479009448,0.6005323995434375,1.594364422707569
2025-01-29,1.1338479843612528,0.5964750874475816,1.5963916477400584
2025-01-30,1.1326733190592835,0.5967623687653876,1.598172003981915
2025-01-31,1.1287806603344719,0.5981801993368197,1.5961636719936385
2025-02-04,1.1287021837228381,0.5982385928134283,1.5972230274556087
2025-02-05,1.1280049397480352,0.5945847540439554,1.5958595168034888
2025-02-06,1.133344958205686,0.5939203060639752,1.596861823419399
2025-02-07,1.1331586800911497,0.5949347123333828,1.5967838506168301
2025-02-10,1.130988067617169,0.5968525198375549,1.6007273015691192
2025-02-11,1.130397531892725,0.5944870069887979,1.5996058438499614
2025-02-12,1.1290911411979396,0.5967681207696368,1.6025593368170585
2025-02-13,1.128279665233249,0.6008745443017016,1.6018688344124512
2025-02-14,1.1277080905460644,0.5988234713048969,1.6021110359638497
2025-02-17,1.130724346594969,0.5976807925108728,1.601457824894411
2025-02-18,1.1295329384257298,0.5964796589211858,1.6001798924765172
2025-02-19,1.1266849202336453,0.5969827410292883,1.5986069213854561
2025-02-20,1.1295438216925673,0.5938292314768866,1.5972451364932458
2025-02-21,1.125638257571925,0.5927856704164268,1.5965972914374102
2025-02-24,1.1259793757598122,0.593663126978758,1.5972928550015968
2025-02-25,1.1210211541841226,0.5950719932743538,1.5979601858854557
2025-02-26,1.1225104441260458,0.5972328182687661,1.5995245820644544
2025-02-27,1.124671973946501,0.5973880531439227,1.600336612662555
2025-02-28,1.1259435924945347,0.5945154083250204,1.5976312554930647
2025-03-03,1.125250923119012,0.593164132413473,1.5978532641208634
2025-03-04,1.1281514677135625,0.5933182186549026,1.598294886488268
2025-03-05,1.13080621714902,0.5943686931484797,1.5983837576384257
2025-03-06,1.132540279630284,0.5933296319027012,1.5983572363892273
2025-03-07,1.1325529640301866,0.5949692910161081,1.5971566420198386
2025-03-10,1.1273608218395674,0.594058000746643,1.5987419329778636
2025-03-11,1.1272991862424353,0.5959097323032525,1.5982002886308544
2025-03-12,1.127688430028502,0.5963282352926057,1.598612850498389
2025-03-13,1.1262949041806392,0.6004494755772912,1.5975364531974656
2025-03-14,1.1252699953109984,0.5984253619007952,1.5973259927249188
2025-03-18,1.12739198975556,0.5973919355947356,1.5975453899661018
2025-03-19,1.127638554869693,0.5962710542933237,1.5973295212341037
2025-03-20,1.1363336645912345,0.596872082864653,1.5979946320857155
2025-03-21,1.1366827113972071,0.5973112841159925,1.600163288702005
2025-03-24,1.1365787272959544,0.5959764805884508,1.5996897503973806
2025-03-25,1.1373107302092573,0.5973369661523463,1.5989964613907695
2025-03-26,1.1396377485387044,0.599039071664072,1.5995918777172342
2025-03-27,1.1389629283696636,0.6001493226287499,1.601231350043665
2025-03-28,1.142458477442846,0.5986422710164239,1.60014258412545
2025-03-31,1.151253139936645,0.5993279242928699,1.599192318687444
2025-04-01,1.148294844093141,0.5983777719747205,1.5950247398491388
2025-04-02,1.1469185734462268,0.5992393450384651,1.597071257163484
2025-04-03,1.139779080277523,0.5997354264595419,1.5961171873855755
2025-04-04,1.1040094940353589,0.5998236926041625,1.5977839954115673
2025-04-07,1.0967128675184725,0.6016856505745809,1.5992926485341967
2025-04-08,1.098324869544933,0.6009305160650993,1.6012086025410157
2025-04-09,1.0744690697993293,0.5994722555152591,1.6004450552433518
2025-04-10,1.0680383893759522,0.6013867137265185,1.6000484767320158
2025-04-11,1.0664364942293887,0.6002787641663913,1.5996516974234345
2025-04-14,1.0679138103119583,0.6016335137129207,1.6022187472564384
2025-04-15,1.0690689456174038,0.6017825125072718,1.601155942836884
2025-04-16,1.0704855176370145,0.6015011768492823,1.6015938106904084
2025-04-21,1.0691524193994821,0.6004778403507098,1.6016930509805836
2025-04-22,1.0680056358891528,0.6013677177122019,1.6013711717263948
2025-04-23,1.0589705072534803,0.5993590494899226,1.6037761662784538
2025-04-24,1.0568679997494286,0.598510599882342,1.6023279092765288
2025-04-25,1.0537759861574376,0.5973730541000387,1.6023947811950927
2025-04-28,1.0530577508899335,0.6004844587299563,1.6013586985131913
2025-04-29,1.0428250770481708,0.601925442509958,1.5993766997134733
2025-04-30,1.0439887193479116,0.5974991110651172,1.598868512923289
2025-05-02,1.0447180445519981,0.5964119192948897,1.6006368252033558
2025-05-05,1.0467433997332136,0.5944842644471944,1.6004644708580633
2025-05-06,1.0372580095868262,0.5971305097563814,1.6004324041620628
2025-05-07,1.040172938045693,0.5970806050905781,1.6004117843818768
2025-05-08,1.0369873434597796,0.5967347371486177,1.5990243121459644
2025-05-09,1.038475608422861,0.5906171004289807,1.6016356114267425
2025-05-12,1.0368390183412193,0.5918594814072267,1.6009862958974643
2025-05-13,1.0373948427877095,0.5922475097916413,1.6013593969130464
2025-05-14,1.0381603339917458,0.59194717677335,1.601075339130847
2025-05-15,1.0382810284889457,0.5937029510307845,1.6020700739927536
2025-05-16,1.0387931604485252,0.5943910240184551,1.6012456768509902
2025-05-19,1.0380661705513494,0.5910604591972034,1.601200666934969
2025-05-20,1.0351351243770222,0.5898355189416677,1.6001558076713407
2025-05-21,1.0348701121072288,0.5956473062357713,1.6005784186513141
2025-05-22,1.0319025650482596,0.5905877321778642,1.601389821571751
2025-05-23,1.0326605319297284,0.5900397823006596,1.6007314001531892
2025-05-26,1.031639638608599,0.5903034506371739,1.5999357809738917
2025-05-27,1.032729786867787,0.5893743471611519,1.6003573502613178
2025-05-28,1.031813982470611,0.5910921506128667,1.6017114561512606
2025-05-29,1.0313661848659763,0.5911967489217038,1.601777563875781
2025-05-30,1.0307797562744427,0.5907834196273242,1.601454707710488
2025-06-02,1.0322764909677913,0.5913066684333607,1.6010471310262366
2025-06-03,1.0318185428444457,0.5895056483062056,1.6000917833533137
2025-06-04,1.0317910924297937,0.5887471114171803,1.6006253517326976
2025-06-05,1.0324222595175938,0.5879878339961487,1.5999745493987358
2025-06-06,1.033345638848901,0.5887190002508405,1.601126783808159
2025-06-09,1.031142406826358,0.5869001732476308,1.6022071833947937
2025-06-10,1.0292600893087946,0.5872532973922323,1.60123512059666
2025-06-11,1.030283356850319,0.588518340470841,1.6031745238678472
2025-06-12,1.0312477510099987,0.5877880002733686,1.6029436628954308
2025-06-13,1.0343935266349793,0.5887091933535753,1.6031392449296358
2025-06-16,1.0366877143510518,0.5905664877665251,1.6034045320475065
2025-06-17,1.0344581963213755,0.5909826833827931,1.603896920850049
2025-06-18,1.0335336538299844,0.5929359505479773,1.6042581800651081
2025-06-19,1.0343880640951777,0.5910221846182115,1.6041039455936716
2025-06-20,1.039566700908844,0.5905409869099868,1.6021477291380495
2025-06-23,1.0417303683549444,0.5894017385557934,1.6014940807978844
2025-06-24,1.0421030748169915,0.5901642904291222,1.6016373781077695
2025-06-25,1.0439332740320209,0.5934298103766551,1.600403593264382
2025-06-26,1.0468190039738676,0.5912836541317242,1.6012852457216777
2025-06-27,1.0481293211254237,0.5947317494629594,1.598732556549626
2025-06-30,1.0474408713968117,0.5912060107187861,1.6007600319150719
2025-07-01,1.0474696551902511,0.59052092461966,1.5993236667942081
2025-07-02,1.0476567403824317,0.5861134952401628,1.5996444979778897
2025-07-03,1.0482655501367095,0.5869339158915543,1.5990940004934557
2025-07-04,1.0472647795443748,0.5891510822523123,1.598498827885231
2025-07-07,1.045584371878558,0.5858815891720057,1.5983806372643514
2025-07-08,1.043823933461068,0.5855747719061992,1.598888584782039
2025-07-09,1.0464825009629872,0.5859585018798276,1.5969531154209193
2025-07-10,1.0508661057432493,0.5871540288909756,1.5987057911438727
2025-07-11,1.0508779349415067,0.5862013652107709,1.5986038836417789
2025-07-14,1.0507330057880844,0.5854525726818588,1.5970632740918076
2025-07-15,1.049048905828842,0.5856831758136888,1.5988187445137039
2025-07-16,1.0522961562252375,0.5856808034488221,1.600369067698701
2025-07-17,1.0527660896512268,0.5839215315123129,1.5985261353242095
2025-07-18,1.0504678454940555,0.5818456667923757,1.6013901364943288
2025-07-21,1.0507843698596027,0.5843860440370022,1.5993934214289258
2025-07-22,1.0504819582736706,0.5846470499927913,1.6019298118923424
2025-07-23,1.047899157789221,0.5805553163219008,1.6022963162581607
2025-07-24,1.0486648984710156,0.5807256614507028,1.6005421719271302
2025-07-25,1.0549921062045031,0.5818595396659049,1.6021690819791197
2025-07-28,1.0580037750558384,0.582718515493962,1.6013672622277537
2025-07-29,1.05782729755105,0.5827843884180214,1.5981187876078842
2025-07-30,1.0563041970099991,0.5793541819926354,1.599859192720927
2025-07-31,1.0556687600120749,0.5776397005362035,1.5976643692879229
2025-08-01,1.0551688269637185,0.5802175657645381,1.598857250638342
2025-08-04,1.0554253337380661,0.5783613535268844,1.5985254242694313
2025-08-05,1.0541385660701597,0.5803902813059033,1.599186638103789
2025-08-06,1.0541241977744777,0.5783313822272818,1.6008586244658842
2025-08-07,1.0536614643275644,0.5775748518212478,1.60327254879819
2025-08-08,1.0521899180992347,0.5812396809702293,1.6024256102426286
2025-08-11,1.051504730540193,0.58349479363108,1.6021123950518845
2025-08-12,1.0537652627275724,0.5790569977118444,1.6028966947041619
2025-08-13,1.0531795468577492,0.5796679987673713,1.5992643571659668
2025-08-14,1.0554691227018653,0.5801289594606813,1.599607541363704
2025-08-15,1.0544806040592518,0.5794526408793228,1.6032242729292583
2025-08-18,1.0576626739906565,0.5812705962862279,1.6049477435161215
2025-08-19,1.0561248310105233,0.5792110341469904,1.603317007162427
2025-08-20,1.0581900866958935,0.5834323847136687,1.6026123899767635
2025-08-21,1.059766497124703,0.5799550206851929,1.6044498901381783
2025-08-22,1.0593134566394713,0.5776579241071531,1.6027841178973004
2025-08-25,1.0582643134264107,0.5762625338242616,1.603628588691676
2025-08-26,1.0581414882348255,0.5769501532098592,1.6035433029003239
2025-08-27,1.0556978086469524,0.5755862007865511,1.6035692092028357
2025-08-28,1.0548801915084471,0.577731634603948,1.6037121549875155
2025-08-29,1.0603014509660458,0.5770499761748386,1.6038315139292199
2025-09-01,1.0598331921365776,0.578033738755841,1.6054242857199923
2025-09-02,1.0569741250859896,0.5791675396501461,1.602730623636575
2025-09-03,1.0562083692818849,0.5784066128836749,1.605028937367563
2025-09-04,1.057103182232841,0.5767212250051521,1.6047182508418667
2025-09-05,1.0544789808542299,0.5769049906625837,1.6046227616886184
2025-09-08,1.0544553239879746,0.5770852525614976,1.6049428458883184
2025-09-09,1.0531741639890249,0.5756687660573987,1.6049191448541291
2025-09-10,1.0526992777288964,0.5748161845565954,1.6025181517606433
2025-09-11,1.048949986773124,0.5743795915389774,1.6018155921885946
2025-09-12,1.0494065493795866,0.5733843903770702,1.6028520877098318
2025-09-15,1.0506720500002642,0.5737290065904758,1.6036876041911474
2025-09-17,1.0493431728356875,0.5755658091156212,1.6037374959827695
2025-09-18,1.0491194122773198,0.5768084425232031,1.6042421021818516
2025-09-19,1.049473853418317,0.5795586035045963,1.603581291013269
2025-09-22,1.0509749381382838,0.5772980173997037,1.6043924618240972
2025-09-23,1.051880500965987,0.5796859059295685,1.6045804031077164
2025-09-24,1.0544307627016565,0.5795529361125108,1.6051805197502185
2025-09-25,1.0906856538651126,0.5814808230031536,1.6041724941027553
2025-09-26,1.1006553052899894,0.5826607731712699,1.6063210803742256
2025-09-29,1.0986030354914167,0.5810521026662188,1.6048082029820865
2025-09-30,1.1228280189314803,0.5810717686921358,1.6043350200762925
2025-10-01,1.1254527086084742,0.5768184145908634,1.604453677924537
2025-10-02,1.1266725890128078,0.5760396075264278,1.6043996881837768
2025-10-03,1.1273006252536526,0.5754516886416384,1.6024842787222733
2025-10-06,1.129234138308556,0.5739140707860502,1.6030997982618227
2025-10-07,1.1262682600907732,0.5752361740128665,1.6040268898842884
2025-10-08,1.1270074331350124,0.5748221953210901,1.604009559014635
2025-10-09,1.1285981487560162,0.5730309708381469,1.60300479039637
2025-10-10,1.1389159517024363,0.5747694649917332,1.6001532792505262
2025-10-13,1.1409216975996652,0.5760563298317924,1.598043346723869
2025-10-14,1.1379890496056873,0.5751331782845597,1.599971327569271
2025-10-15,1.138313487398436,0.5726960138556142,1.6009197942588882
2025-10-16,1.1520614626216514,0.572046548674972,1.6024142157818257
2025-10-17,1.1465992947790669,0.5736086215349754,1.6015438870231868
2025-10-20,1.1477416593042373,0.57143652854825,1.6049407363143011
2025-10-21,1.1429795255516932,0.57227552686561,1.6035726698330344
2025-10-22,1.1524249946966734,0.573187730235731,1.6040375651402183
2025-10-23,1.1532324610426126,0.5734424841020691,1.6011057355870706
2025-10-24,1.1578920729240305,0.5717531335081367,1.601673599093213
2025-10-27,1.1560175080344994,0.5689668978847949,1.601517156945961
2025-10-28,1.148750270371118,0.5689304660287225,1.602204597388017
2025-10-29,1.147769871002585,0.5712409297231719,1.601784141652148
2025-10-30,1.1458442078086872,0.5676786069290729,1.6011060089826286
2025-10-31,1.1464231390507165,0.5693939748552261,1.6010580472544536
2025-11-03,1.1448349445032961,0.5674805642584919,1.5998949026294806
2025-11-04,1.1440248627806646,0.565434059512692,1.601560303737749
2025-11-05,1.139899722581169,0.5657810313205885,1.600029592842438
2025-11-06,1.1400883572984304,0.565679722195344,1.6021912727409076
2025-11-07,1.1410878445087649,0.5645628514769817,1.6021909021466616
2025-11-10,1.1405558698583322,0.5640687382473368,1.6010589332463883
2025-11-11,1.1364989018775034,0.5603213840494088,1.60056641608318
2025-11-12,1.1346526412581568,0.5614757175547807,1.6018091807190156
2025-11-13,1.134033615951779,0.5630490920906425,1.600759176174964
2025-11-14,1.135007051122049,0.5625566947906192,1.6008264332207105
2025-11-18,1.136155669271766,0.5619749678585139,1.599716895597176
2025-11-19,1.135662657465266,0.5642405592530678,1.5975716225018919
2025-11-20,1.134965983498536,0.566046307882184,1.6005785610687473
2025-11-21,1.1334866483308599,0.566023206163176,1.6008002575800473
2025-11-24,1.134175181767674,0.5654963850974277,1.6018630190252754
2025-11-25,1.1324935911486322,0.566248837641486,1.6016165598939254
2025-11-26,1.1337114122713006,0.56730353262354,1.6023615633097488
2025-11-27,1.1326213390290962,0.5701683644559636,1.6030204707911888
2025-11-28,1.1302517489883572,0.5670711795437909,1.6015833331249916
2025-12-01,1.133727093410531,0.5644107639023108,1.601499162677972
2025-12-02,1.1328063840085119,0.5658543040212525,1.602208829126528
2025-12-03,1.1301869691448827,0.5695345112851418,1.6037723212588177
2025-12-04,1.1328359769982614,0.5674462567851349,1.6030037247556754
2025-12-05,1.131340916002812,0.564408301508243,1.6027762382303334
2025-12-08,1.1321235050754719,0.5634702449693012,1.603029373500606
2025-12-09,1.1312145484992318,0.563258194263111,1.600296046761658
2025-12-10,1.1310276734067253,0.5635899140812065,1.601144561203903
2025-12-11,1.1291093924129822,0.563386329664033,1.6021630440549521
2025-12-15,1.1251598183491376,0.5625275410230786,1.6041578751296017
2025-12-16,1.1246440794687016,0.5633997591979248,1.6064750608698068
2025-12-17,1.124041884075656,0.5678175588664529,1.6067369327483325
2025-12-18,1.1202668131038622,0.5679244610626272,1.6062412199516598
2025-12-19,1.118244685129742,0.5710678160029328,1.606466487116111
2025-12-22,1.118031135040821,0.5647470683421804,1.6083013467692082
2025-12-23,1.115974946209448,0.5681682281776852,1.6087240873639836
2025-12-24,1.1169857920218875,0.565711769020622,1.6110873534162777
2025-12-26,1.119232781041213,0.5628987521323234,1.6105803135932018
2025-12-29,1.1174128087145783,0.5618593460109871,1.610238199249731
2025-12-30,1.1121705800884032,0.5619090761352048,1.6104303342411077
2025-12-31,1.109699221060035,0.5622667391529814,1.6082812822307253
