Date,NTL,CI_low,CI_high
2016-06-08,1.1691767103990562,1.1691767103990562,1.1691767103990562
2016-06-09,1.1678415140594478,1.1644659022797974,1.173843636871316
2016-06-10,1.162904814698625,1.1620588692751204,1.175973278000118
2016-06-13,1.1636025919787065,1.1602156242339976,1.1776221307449224
2016-06-14,1.1628041676660708,1.158396870161349,1.1789094021968105
2016-06-15,1.1627881353329694,1.1569647773427993,1.180307955116722
2016-06-16,1.163802546044744,1.1551386980875693,1.1814012728310492
2016-06-17,1.1629606199761937,1.1542234450202866,1.182790839763347
2016-06-20,1.1614280744705405,1.152996847575604,1.1840857440705712
2016-06-21,1.1610805932585166,1.1522761774549746,1.1853274016461637
2016-06-22,1.161891502981037,1.151361364281329,1.1861110548288505
2016-06-23,1.1612217659115094,1.1506545142486853,1.1865365104101129
2016-06-24,1.1599643700020978,1.149860581181185,1.1877219317668954
2016-06-27,1.156648527030232,1.1487016210047631,1.1883049703788624
2016-06-28,1.1561841775684174,1.147482811014461,1.1889078607383226
2016-06-29,1.1582204438158858,1.1467968061863927,1.1897994638221483
2016-06-30,1.1563272824274973,1.1464609036980948,1.1907680843522512
2016-07-01,1.1558789674019838,1.1451216010721066,1.1916391633568273
2016-07-04,1.1542562073908094,1.1446858673581077,1.1923487784045161
2016-07-05,1.1506399310241917,1.143480806502065,1.1931922575022411
2016-07-06,1.1493999133507964,1.1429604283095944,1.1937811447305817
2016-07-07,1.154008786215293,1.1418872651438707,1.194389785585658
2016-07-08,1.1549042205181999,1.1405251909901561,1.1951564833830848
2016-07-11,1.1514397887393264,1.1395031346701012,1.1964166175198783
2016-07-12,1.1502939749013978,1.1387551878543947,1.196463251448905
2016-07-13,1.1507853817149003,1.1374592861411938,1.1980604651161235
2016-07-14,1.1491613372529106,1.1372256580955378,1.1989398923893757
2016-07-15,1.1490264297990718,1.1374744876045697,1.1987518868069345
2016-07-18,1.1501220394042653,1.1371115517187225,1.1996239942203724
2016-07-19,1.1507736050644461,1.1359614379614926,1.1993414283450787
2016-07-20,1.1502470314257298,1.1348485452747337,1.2001863764604823
2016-07-21,1.1588718978129067,1.135132465643969,1.2004547527347338
2016-07-22,1.1579964870725508,1.1344357239193312,1.201031698784054
2016-07-25,1.1529563987278326,1.1341135362257408,1.2026107785526263
2016-07-26,1.1556708529205284,1.1325720351861073,1.2025533927723984
2016-07-27,1.1599386127116418,1.1324304236408627,1.2029731833128516
2016-07-28,1.1609992024663867,1.1318770515881351,1.2036542364453848
2016-07-29,1.159755212567391,1.1316354012043812,1.2046731461882159
2016-08-01,1.1609863070189606,1.1305496640609831,1.2053706662693757
2016-08-02,1.162215309318579,1.1305094517851182,1.2053191796997174
2016-08-03,1.1609634464037564,1.130512946148061,1.2059733504499222
2016-08-04,1.1658977653140736,1.1301575799766241,1.2059084669264393
2016-08-05,1.1643122621475686,1.130056624408064,1.2063086729532693
2016-08-08,1.1674266990211841,1.1296114897892406,1.2068170760739032
2016-08-09,1.1676686868309298,1.1287259742010198,1.2074188831943238
2016-08-10,1.1659286215391838,1.1283947615290133,1.2078438369075457
2016-08-11,1.1625393824815184,1.1274651444960355,1.2089235513184573
2016-08-12,1.1637397218603245,1.1284074817750485,1.2103513682254066
2016-08-15,1.163681017150574,1.1271556383207064,1.2116845615955845
2016-08-16,1.1637381227395862,1.126293410770958,1.2116469161774974
2016-08-17,1.1629726316203062,1.1249179665910287,1.2117748041032699
2016-08-18,1.1628251544690977,1.1244073681830962,1.212530565259453
2016-08-19,1.163297666249347,1.1235020393242132,1.2123959482276443
2016-08-22,1.164795532134695,1.1233278868817922,1.2126685882686419
2016-08-23,1.1604653195071906,1.1227625350087853,1.2131776623795947
2016-08-24,1.1582490976717903,1.1226812509360755,1.213792190214815
2016-08-25,1.1617989180635322,1.123534842130186,1.2141554866912048
2016-08-26,1.1612173444606322,1.1220163860435415,1.214495567957121
2016-08-29,1.1583167437015087,1.1214149331190457,1.2151658931009275
2016-08-30,1.158667798153203,1.1209566325894122,1.2157865831264263
2016-08-31,1.1566761693691985,1.120916493666583,1.2166188209316666
2016-09-01,1.1550046358855999,1.119910905085793,1.2154378255433564
2016-09-02,1.153393805442263,1.119778408130314,1.2156514861303038
2016-09-05,1.1562635875403156,1.1197330414614761,1.2167595846638568
2016-09-06,1.1581555997606585,1.1197139934543578,1.2162457880889337
2016-09-07,1.153976075854819,1.1186311507331335,1.2178253491120332
2016-09-08,1.1537955208711217,1.1188753151855362,1.2180353228928527
2016-09-09,1.1434277416176786,1.1182542179434418,1.217561646922229
2016-09-12,1.141446334825616,1.1176487894180738,1.2182377390471102
2016-09-13,1.1410120308799125,1.1159222190175258,1.21858045906082
2016-09-14,1.136933537295181,1.1157373061929146,1.218933589667352
2016-09-15,1.135619335154919,1.115076694208764,1.2189454426693438
2016-09-19,1.1362958175018139,1.1149319027391775,1.2194414671950649
2016-09-20,1.1377933865862746,1.1140432645515543,1.2196208728765519
2016-09-21,1.1391598680058799,1.1142184317243051,1.2206629812187817
2016-09-22,1.1332704634347457,1.113462341667378,1.2202303412952342
2016-09-23,1.132385126289475,1.1131241566514187,1.2208846704354652
2016-09-26,1.1305266141040893,1.113136005569153,1.2211641722850461
2016-09-27,1.1249006207462007,1.111816361295749,1.2218222369790996
2016-09-28,1.1250075808268305,1.111119575617992,1.2229504932800932
2016-09-29,1.1225013992257744,1.1103928728770969,1.222594021816751
2016-09-30,1.1204414286475357,1.1094160906242938,1.2231414060382086
2016-10-03,1.1190676564533426,1.1097367325967438,1.223484715086315
2016-10-04,1.118407463729282,1.109597301360014,1.223714423711417
2016-10-05,1.1214252888246035,1.1104817124636805,1.2230421477875926
2016-10-06,1.1216268902845916,1.1105151249247673,1.224143719051913
2016-10-07,1.119863349612649,1.110196304622987,1.2250759885564397
2016-10-10,1.1158185582335414,1.1105568516551627,1.2250888693970616
2016-10-11,1.1165562619694835,1.1086188760033238,1.225235362377367
2016-10-12,1.1151551063134502,1.107858622688865,1.225549398872424
2016-10-13,1.1181655269661661,1.1079475137691315,1.2260023702831062
2016-10-14,1.1165054722318706,1.1076112064861114,1.2260153014794966
2016-10-17,1.1152738989331112,1.1075244878425954,1.2257893001174713
2016-10-18,1.1152931764668295,1.107893907841261,1.226196573249851
2016-10-19,1.112808581603272,1.1073372456025077,1.2266063806508096
2016-10-20,1.1117546833435215,1.1073018576732176,1.227502811599922
2016-10-21,1.1116690345335927,1.1075424975562689,1.2270717055702807
2016-10-24,1.1114473954262056,1.107464600785492,1.2270253904283397
2016-10-25,1.1115761793463808,1.1065966994581968,1.2269479556435183
2016-10-26,1.1125464211979479,1.107385804899795,1.2268313186268147
2016-10-27,1.1109609777470106,1.1045786054645041,1.226835274095377
2016-10-28,1.110266331409749,1.103649850005165,1.2264217426101882
2016-10-31,1.1105061430744494,1.1052923680501894,1.2269188328579188
2016-11-01,1.1066436642709454,1.104286515267707,1.2277348757633184
2016-11-03,1.1006889424878716,1.1041743058009232,1.2279063833010786
2016-11-04,1.1020066496237038,1.1039741310222118,1.2286657143586295
2016-11-07,1.0922563434300243,1.103743815001366,1.229076577289995
2016-11-08,1.0923705522809408,1.10345550388879,1.2294372604140817
2016-11-09,1.0856710659193032,1.1023997574230533,1.2289634342687217
2016-11-10,1.0742906477025993,1.1032245002457033,1.229294963389581
2016-11-11,1.0746984444828,1.1033602622424357,1.229857457337817
2016-11-14,1.0737873564885858,1.1024193416901922,1.230850742400493
2016-11-15,1.073283542385966,1.1031312032332679,1.2318818282183839
2016-11-16,1.0735595223123502,1.1025333775118749,1.2324953441900748
2016-11-17,1.0731334206319298,1.101672661492317,1.2325453738634906
2016-11-18,1.0753727015587586,1.100717682189633,1.2327544714791039
2016-11-22,1.076979795647236,1.1005434076009342,1.2321580052582821
2016-11-23,1.07591591328589,1.0996960152588862,1.232680356630907
2016-11-24,1.078358713774241,1.0990313057654875,1.2333534838782616
2016-11-25,1.0783659841624893,1.099382774982538,1.2336899207024856
2016-11-28,1.077585770379424,1.0995006567951284,1.2340434632874298
2016-11-29,1.080210241900014,1.0983542362057117,1.234166853825091
2016-11-30,1.0853887553967017,1.0980508898006374,1.2339686635403075
2016-12-01,1.085232351838859,1.0985656598235658,1.2346376046640843
2016-12-02,1.0851817388623004,1.0973811715760744,1.235222300312323
2016-12-05,1.0853483740360663,1.0967817264255482,1.2356792636433553
2016-12-06,1.0841490511513225,1.0964651902027027,1.237826106358183
2016-12-07,1.0834505636195109,1.0954684158787478,1.2365410484663892
2016-12-08,1.085696890555679,1.0953577069872784,1.235413867528953
2016-12-09,1.0832505052282217,1.0944163530999056,1.2363987684024125
2016-12-13,1.0832216202522522,1.0927764123452515,1.2372769252455342
2016-12-14,1.0836083617298675,1.0929810484179456,1.2372029841791303
2016-12-15,1.090327544616939,1.0929931820661312,1.2361590075544293
2016-12-16,1.0891279740678,1.0929377338956876,1.2361681009792314
2016-12-19,1.0909242232642349,1.0929295000958965,1.2370662077077283
2016-12-20,1.0958738892653308,1.0929514011503112,1.2372774962321444
2016-12-21,1.0992586755308233,1.093153083294029,1.2360537043492337
2016-12-22,1.098831040201681,1.091785637729675,1.2381395290262618
2016-12-23,1.0990515396440894,1.092092398166022,1.2368939105305214
2016-12-26,1.1016476559689923,1.0917713801588627,1.238150840696509
2016-12-27,1.1020300025837149,1.0915154377280116,1.2380723111541956
2016-12-28,1.1024281472626258,1.0904231795811834,1.23904591337229
2016-12-29,1.1010596472445886,1.0910341900693497,1.2399771308688479
2016-12-30,1.100595761038086,1.0899085659119843,1.2413171663541887
2017-01-02,1.1015364765558657,1.0902061899077697,1.241771715098888
2017-01-03,1.1024897894273378,1.0886916407074476,1.2429421152932885
2017-01-04,1.104156519475242,1.0901904268019227,1.2416395369776947
2017-01-05,1.1074993955686079,1.0915721534019596,1.2415201843587125
2017-01-06,1.105570227684625,1.091644308135779,1.241523727039894
2017-01-09,1.1006723340022793,1.0914914389844053,1.2421978624105912
2017-01-10,1.1006451625359976,1.08962572944248,1.2439807429125678
2017-01-11,1.10245308062545,1.0891448962073131,1.2438581784295157
2017-01-12,1.1050274155393798,1.088547495880185,1.2435186203121005
2017-01-13,1.1058162076176057,1.0879241559354893,1.2443378949768797
2017-01-16,1.1031887312792592,1.0881175143261974,1.2450193512231424
2017-01-17,1.103280648439315,1.0892099623255844,1.2443614490839576
2017-01-18,1.1015744305368436,1.089602535449039,1.2446361249188023
2017-01-19,1.1003150282859402,1.0887013159798646,1.2448508644546465
2017-01-20,1.0985040408158873,1.0904334839492882,1.2455615220026692
2017-01-23,1.092397493543225,1.0891332332179864,1.2451721364114465
2017-01-24,1.0847978744597047,1.0891253547668605,1.2450003239639111
2017-01-25,1.0884087599989212,1.0879488069592063,1.2453534163812892
2017-01-26,1.085883476823688,1.08906999462866,1.245425930211403
2017-01-27,1.0861426852773481,1.088944172644449,1.2450700562859875
2017-01-30,1.0846525985243882,1.086082735714601,1.2448402179154672
2017-01-31,1.0854918351229066,1.0854347164215026,1.246295211819287
2017-02-01,1.0847627448181396,1.0845667213398311,1.2458391999862208
2017-02-02,1.085124838845554,1.0836597926580092,1.2460624839720613
2017-02-03,1.0841321386890728,1.0839354975834776,1.246495967937653
2017-02-07,1.0857126142098834,1.083614077494272,1.247918623977994
2017-02-08,1.085511966915482,1.0831310962596392,1.2485701393335311
2017-02-09,1.0876517904292178,1.0817378420679218,1.2477455857507869
2017-02-10,1.0860123386334308,1.0827884221067439,1.2464260841563986
2017-02-13,1.0863545838290594,1.0821906785389204,1.2479279176397446
2017-02-14,1.0857456392740013,1.08236815385257,1.2485132629621585
2017-02-15,1.0892307480845735,1.0834218477837039,1.248724186673014
2017-02-16,1.0897079352910461,1.0816374348404172,1.248942764468552
2017-02-17,1.0902254653652796,1.0810069876635955,1.2504763508400119
2017-02-20,1.0904449837941452,1.0805629113090671,1.2494305069198601
2017-02-21,1.0893335080818078,1.0815591129672342,1.2503880828706955
2017-02-22,1.0889944571013543,1.0816194023092658,1.2494913898835096
2017-02-23,1.086681143866398,1.0815734436841586,1.2491730139957669
2017-02-24,1.0872349308585771,1.0813466071407067,1.2490234462705354
2017-02-27,1.087141326087122,1.0814963441998524,1.2503899416165205
2017-02-28,1.0891453942216183,1.0811020113733096,1.2500950192499873
2017-03-01,1.0896166441783044,1.0818244557071361,1.250552241340311
2017-03-02,1.089837724444698,1.0819019003957442,1.2496097385927991
2017-03-03,1.0951179940334914,1.0817980473333724,1.2509768659283906
2017-03-06,1.0956832656478694,1.0810063711830706,1.2517876176652145
2017-03-07,1.0960339710691382,1.0811396775519804,1.2516355645015687
2017-03-08,1.0984591388154759,1.0803922563363475,1.251633767574133
2017-03-09,1.0979156887317079,1.0806121297414912,1.2516222105368815
2017-03-10,1.0962958871172348,1.0795820717483435,1.2515934959819304
2017-03-13,1.097542584079429,1.0779914923133518,1.2530055492241885
2017-03-14,1.0991461067914483,1.0791621560350135,1.2527837158367154
2017-03-15,1.1029465653240627,1.07873428765921,1.252097329276906
2017-03-16,1.0986574989458457,1.0786549876795521,1.250952962749091
2017-03-17,1.099549611264014,1.0784288543820535,1.251186727830747
2017-03-21,1.104217474262814,1.0770295840124855,1.253620692439964
2017-03-22,1.100087316995106,1.0776791366499299,1.2538043368912137
2017-03-23,1.1004728571973341,1.0765663445971854,1.2525106437530291
2017-03-24,1.1006791977267902,1.0767834189762355,1.2533672705748968
2017-03-27,1.1026393039850086,1.0756040517209173,1.2540502343315314
2017-03-28,1.1095167455835429,1.076577380296952,1.2523071269000008
2017-03-29,1.1092632329699588,1.0747375608352072,1.2539044803270614
2017-03-30,1.1092374998559467,1.0743749922385206,1.255107052684115
2017-03-31,1.108882037470789,1.0738437792304605,1.2560902968238041
2017-04-03,1.1108634797714476,1.0729867531438486,1.2562785804401333
2017-04-04,1.1099260249450416,1.0722828898092498,1.2571376326823027
2017-04-05,1.110744958907234,1.0719348060102658,1.2558630660965486
2017-04-06,1.1097464516736313,1.0725881994855753,1.2581281659144494
2017-04-07,1.1082809084651162,1.072901351025736,1.256798748227263
2017-04-10,1.1092744593857622,1.0731680231829863,1.2583021538909163
2017-04-11,1.111260008551054,1.0737814347396566,1.258497380359155
2017-04-12,1.110728792813057,1.0738770482174314,1.2601721559090098
2017-04-17,1.1117910377355207,1.0734700168826234,1.2579341034026883
2017-04-18,1.1111246611061625,1.0727662488959737,1.2577057901473967
2017-04-19,1.1105981363677022,1.0726760347532143,1.2580994120711146
2017-04-20,1.112256645840711,1.0721939109053913,1.2598477246874893
2017-04-21,1.1107847206055848,1.0719175581910143,1.2593436578429438
2017-04-24,1.1057333823273126,1.0701955393806382,1.2598087628437753
2017-04-25,1.1037893041683446,1.0709528090324492,1.2594803865999005
2017-04-26,1.103441069453901,1.072011562972032,1.2593303460272263
2017-04-27,1.111200469585848,1.071502408497393,1.2585358811693041
2017-04-28,1.114520015123645,1.072206617063734,1.2592985800446606
2017-05-02,1.1155570765222673,1.0711155348587305,1.2587831435921026
2017-05-03,1.1237341371585772,1.070655391794749,1.2603589418452334
2017-05-04,1.12415050894426,1.0709952384698802,1.260100334986422
2017-05-05,1.1264016532889785,1.0705061931085573,1.2596041014082544
2017-05-08,1.1382081445078054,1.0696745685867466,1.260044858722722
2017-05-09,1.141041140786593,1.0701458545735003,1.260039839769205
2017-05-10,1.1427379345693403,1.0705014455777397,1.2613402044148647
2017-05-11,1.1445362682529763,1.0701729934695063,1.2620107297688394
2017-05-12,1.1444484632092482,1.0682403813405004,1.2615722626749997
2017-05-15,1.1453453701474825,1.0683293596456915,1.263725984693645
2017-05-16,1.145893703896747,1.068785285362993,1.262846243779038
2017-05-17,1.140546838259806,1.0687900499345022,1.2626705158141667
2017-05-18,1.13671530112922,1.0672900084800634,1.2632548992557109
2017-05-19,1.1372463953740826,1.0677097742219006,1.262898985895475
2017-05-22,1.1381421859482523,1.0672847729315227,1.2628118383950617
2017-05-23,1.1378902951783672,1.0667178597632612,1.2618983573171334
2017-05-24,1.1370066062272464,1.0674915027385505,1.2624645398941299
2017-05-25,1.1344248356741762,1.0662937044690068,1.2611049867810733
2017-05-26,1.1361702565298428,1.0668271021361646,1.2618767188302205
2017-05-29,1.1377208529685696,1.067655921425093,1.2625793476976908
2017-05-30,1.1345641737131018,1.0667481749134944,1.2620696366176838
2017-05-31,1.133941805051494,1.0666884733121273,1.2615755426520188
2017-06-01,1.1322901759479709,1.0658577422423057,1.2621571693602736
2017-06-02,1.132335011899423,1.0656487271530202,1.260573115131976
2017-06-05,1.1318950522473568,1.0645502896690293,1.2616596000005647
2017-06-06,1.1305826025129488,1.0635460383375908,1.2616822547792301
2017-06-07,1.13086670079385,1.0639788750924266,1.2623804821654199
2017-06-08,1.130145876656304,1.0635327576811433,1.2622547799029824
2017-06-09,1.1334930777984074,1.0635915186315963,1.2626902385220193
2017-06-12,1.1331225226002166,1.0636422458456838,1.262918853415903
2017-06-13,1.134453447869069,1.0640629715393664,1.263922175750301
2017-06-14,1.1337163620429738,1.0642683656164635,1.2648933536082032
2017-06-15,1.131676847890624,1.0641708762878512,1.2650548611609163
2017-06-16,1.1336187737165242,1.0634583887542164,1.2653977565306547
2017-06-19,1.1329808678853992,1.0620832027191243,1.2666758661654014
2017-06-20,1.1342735956071617,1.0610133166704083,1.2670072447538396
2017-06-21,1.1371263720397604,1.0608700744261446,1.2674192223841232
2017-06-22,1.140716043799742,1.0632623520254119,1.2660008952766277
2017-06-23,1.1408969292124103,1.0629510135963942,1.2666837610270303
2017-06-26,1.1397381931890853,1.0628696894029355,1.2670349833732477
2017-06-27,1.1397827379417023,1.061991826389501,1.265889264549677
2017-06-28,1.1383783042228905,1.0613087732588538,1.2662638091483778
2017-06-29,1.139291708204879,1.0616339283007963,1.2684649457184647
2017-06-30,1.140351447476007,1.0601974092831659,1.2687839910375336
2017-07-03,1.1490520152072121,1.0605829441956192,1.2672500832942712
2017-07-04,1.149766534968343,1.0604369652732188,1.2696260437102003
2017-07-05,1.146885273753411,1.0597799682768236,1.2708526934289597
2017-07-06,1.1445175394132896,1.0595708158015913,1.2706441040130139
2017-07-07,1.1460629521076409,1.0585050095975335,1.2680936974533878
2017-07-10,1.1455046546539607,1.0602750985145792,1.2697288716461768
2017-07-11,1.1468140648796652,1.060254676335564,1.270098061632135
2017-07-12,1.1401232606450438,1.0602000973570418,1.2691684997922799
2017-07-13,1.139836535239548,1.0586225852334925,1.2677729997523957
2017-07-14,1.139640436087235,1.058800023566263,1.267957863905813
2017-07-17,1.1450965362194059,1.059136082397749,1.2681071449214132
2017-07-18,1.1518471366984462,1.0589083446229999,1.2687881846619833
2017-07-19,1.155250287838725,1.058216363534224,1.2683301291014915
2017-07-20,1.159145202520222,1.0578318058738696,1.2692500946976624
2017-07-21,1.1594806564242202,1.0587992548124163,1.269080057121562
2017-07-24,1.1582075769307039,1.058292292300157,1.2686979996477334
2017-07-25,1.1582867731937738,1.0583828913052682,1.2700788394671234
2017-07-26,1.1604356832380958,1.0580913042393643,1.2695079731911736
2017-07-27,1.1600322005030341,1.0580920562052374,1.2686107111276015
2017-07-28,1.1612721247031665,1.0573124802485123,1.2702675661851106
2017-07-31,1.163890223152176,1.057013872867793,1.2696452387877597
2017-08-01,1.161886294589598,1.056843656577544,1.2701069400712646
2017-08-02,1.1626869969847982,1.0573693930988743,1.270516237845465
2017-08-03,1.164030737441182,1.0576290433811835,1.2723531931227954
2017-08-04,1.1633846214387684,1.0569892080987735,1.2722900129352517
2017-08-07,1.1648740010569745,1.0571345951878102,1.2725707036988558
2017-08-08,1.1646652161325566,1.057446227465661,1.2732724179159367
2017-08-09,1.1640102587362051,1.057360855306011,1.2721326733534222
2017-08-10,1.1614888754466037,1.0573519223916028,1.2724099382120146
2017-08-11,1.1621448112096788,1.0567761969205631,1.27249835567017
2017-08-14,1.1635805720371746,1.0557340070347678,1.2729466010478079
2017-08-15,1.1662960531150406,1.0569304206820143,1.2734507661195855
2017-08-16,1.169047526216785,1.0565809392786902,1.273247638541387
2017-08-17,1.1667279812416904,1.0561757892164094,1.273014410965082
2017-08-18,1.164420606893298,1.055945892108368,1.273936386431933
2017-08-21,1.1670168902360583,1.055930395834069,1.2737306569563418
2017-08-22,1.1642067595950916,1.0551375615587542,1.2745486075380705
2017-08-23,1.165662993967888,1.0542435346434123,1.2743410390663648
2017-08-24,1.164651974793241,1.0538950095266721,1.2750158207678641
2017-08-25,1.164817705342642,1.0536193122512956,1.2742686164174983
2017-08-28,1.1687844891197419,1.0525084742706141,1.2755695673094634
2017-08-29,1.166431570384633,1.0533208622243682,1.2762049073706512
2017-08-30,1.165294065892936,1.0529576440373882,1.2765057755033749
2017-08-31,1.1650692524673574,1.0524663060674968,1.2759972849810013
2017-09-01,1.1642894059291022,1.0520313903822043,1.2769954975744906
2017-09-04,1.161514239292488,1.051242185636125,1.2770356456227452
2017-09-05,1.1591822255520334,1.051953333546832,1.2777055740160657
2017-09-06,1.1640910749565485,1.0507989731966387,1.2774777757448257
2017-09-07,1.1674823176540845,1.052944600840984,1.278314614480543
2017-09-08,1.1650489532202908,1.0521429239304734,1.2781082122303022
2017-09-11,1.1638883592260232,1.0511727627559095,1.2774229336872838
2017-09-12,1.1625076376865646,1.0512379831573484,1.276739645973359
2017-09-13,1.1653957882070134,1.0517102496021906,1.2764822931133541
2017-09-14,1.165115924078747,1.0511311003320145,1.2769960336420934
2017-09-15,1.1668261015372372,1.0494280947587047,1.2766390594187036
2017-09-18,1.1676844176023036,1.0492262191592931,1.2767623466810463
2017-09-19,1.1704426726734096,1.047815081690847,1.2772700703618727
2017-09-20,1.1718509932881962,1.0483358205371096,1.2777469216886475
2017-09-21,1.1710001289998817,1.0485761863731795,1.2782002339343934
2017-09-22,1.1759646454151955,1.0485709014656044,1.278167756550091
2017-09-25,1.1791147764268346,1.0493193594257249,1.2779572877744902
2017-09-26,1.1812802004791578,1.0485384792830381,1.2780876801286896
2017-09-27,1.1782941218477856,1.0485341565258917,1.2779881683727432
2017-09-28,1.1823155241174503,1.0480544770898061,1.2792424785026149
2017-09-29,1.182633998655776,1.0485150824318898,1.2786099877093642
2017-10-02,1.1870628383177073,1.0479525886544496,1.2794426812105004
2017-10-03,1.1874154173366835,1.048705960404043,1.2799087727637706
2017-10-04,1.189704098124986,1.0478204513316927,1.2794534256072856
2017-10-05,1.1896924051815214,1.0479520579594657,1.2794513665378358
2017-10-06,1.1911871825987121,1.048526383020136,1.2804539405760094
2017-10-09,1.1919353567761997,1.0476731757294309,1.2800941337011007
2017-10-10,1.1954394910166444,1.048302410201763,1.2807177763955002
2017-10-11,1.1943626320525058,1.0475533729310285,1.2803264725594163
2017-10-12,1.1919360825060321,1.0472404588586834,1.2803642559040902
2017-10-13,1.1914359280991158,1.0470243914082669,1.2802418738268737
2017-10-16,1.1911727263752874,1.0467715433365377,1.2807128897641404
2017-10-17,1.1889814217574013,1.048129189786657,1.281193233584099
2017-10-18,1.1917973500170338,1.0475829135052526,1.2805887510598566
2017-10-19,1.1919827206637439,1.0477918040252132,1.280725302059635
2017-10-20,1.1960565007627955,1.0476193643045815,1.2814990559498358
2017-10-23,1.1939934974140716,1.0485673774942328,1.281940434258399
2017-10-24,1.1935523559402497,1.0476521625113873,1.2832203597734873
2017-10-25,1.1917337450714083,1.0485891090222024,1.2827313941153944
2017-10-26,1.1915696180385253,1.0479849173702624,1.281605829968006
2017-10-27,1.1896478774796753,1.047790574306637,1.2824743912746144
2017-10-30,1.189150260333735,1.0467453095448864,1.2829185271663945
2017-10-31,1.191364708650127,1.0460494773705764,1.2819900559120039
2017-11-01,1.198213057784551,1.046005059695939,1.2822615038017677
2017-11-03,1.1969647619995294,1.04658067735634,1.2824358801058677
2017-11-06,1.1942211341778401,1.0464651783426253,1.282209765290371
2017-11-07,1.1939307293457442,1.0469065213410467,1.2826414047085697
2017-11-08,1.1947714574231956,1.046129798717957,1.2833428014003232
2017-11-09,1.1978108216320138,1.045250369167341,1.2824499847714228
2017-11-10,1.1897191789152513,1.044938324129643,1.2832301666312564
2017-11-13,1.1915672767327068,1.0433154938252611,1.282687414407897
2017-11-14,1.1913892058894513,1.0437595472358143,1.2814773670025594
2017-11-15,1.1930508170646419,1.0435175964776042,1.2822658241145943
2017-11-16,1.1941947913643354,1.0433096204899135,1.282732414832817
2017-11-17,1.1930823098376424,1.0425253602786415,1.2820459893194274
2017-11-21,1.1926498299504356,1.0415645977510544,1.2834103642305112
2017-11-22,1.1961773550488022,1.0415035624848323,1.2829342027473842
2017-11-23,1.1988143795852582,1.0420201916619214,1.2816479934211467
2017-11-24,1.1981483719753865,1.041872460846901,1.2830827365901138
2017-11-27,1.1958448326771085,1.0412648619691072,1.2831658151285508
2017-11-28,1.1966214464869893,1.0425860341062139,1.2835485373497852
2017-11-29,1.1958999192752078,1.0423761383993175,1.2828904970079478
2017-11-30,1.1941541435635517,1.0419277990357745,1.282890139371214
2017-12-01,1.194349285839042,1.040795281539431,1.2824513192377334
2017-12-04,1.1937712158065192,1.04019893601623,1.2829766339006632
2017-12-05,1.1901662046371104,1.0406278383572207,1.282833325201495
2017-12-06,1.1875921426214924,1.0396359091634568,1.2820965019865256
2017-12-07,1.184821472792469,1.0396976854740991,1.2825256846147646
2017-12-08,1.1812914564349215,1.040393608818007,1.2830764876846685
2017-12-11,1.179366965103203,1.0393675186498623,1.283785172472651
2017-12-13,1.1777467634857026,1.0403438406004148,1.2855743930255903
2017-12-14,1.1780950931386844,1.0405070981796143,1.2860697431541408
2017-12-15,1.1787965499386919,1.0396621317345172,1.287133071299439
2017-12-18,1.174581028057804,1.03960854293644,1.2867659329176255
2017-12-19,1.175703661982098,1.0396328542399753,1.2859437678509025
2017-12-20,1.1772664619278337,1.0391044735206572,1.2878886452928842
2017-12-21,1.1797614120758946,1.0388840690229348,1.2873703009535373
2017-12-22,1.1811077921572444,1.0386876720618026,1.2876419284916223
2017-12-26,1.1813822285248905,1.0391648312553174,1.287844872617497
2017-12-27,1.1817008605579309,1.038290384635211,1.289025185304136
2017-12-28,1.1798179192639484,1.0391760483634922,1.2894888782956595
2017-12-29,1.1781386368863735,1.0399145071911031,1.2895481621707947
2018-01-02,1.1753976875601977,1.0390817611662944,1.2892725018108426
2018-01-03,1.1795978582491533,1.0403966788953152,1.291026734417659
2018-01-04,1.1815361277614844,1.0395123930841328,1.2904628849200364
2018-01-05,1.1802427997713345,1.0387484033190173,1.2902626323045343
2018-01-08,1.1828236238649203,1.0392655672263662,1.2887499614353515
2018-01-09,1.184201516001323,1.037306229866312,1.2884989677441105
2018-01-10,1.177492215197399,1.0381057238685212,1.2902701848404405
2018-01-11,1.1764029075275628,1.0371237488784648,1.2907752974449573
2018-01-12,1.1740570496188265,1.0363085366833993,1.2902804148262161
2018-01-15,1.171431182956459,1.0347740230383002,1.2909720006262895
2018-01-16,1.1684855779770529,1.0351055748037927,1.2905652800685128
2018-01-17,1.1659170923941415,1.033753884765483,1.2906928110852698
2018-01-18,1.1654571990974247,1.0342886183988327,1.2913496215275422
2018-01-19,1.166331862867662,1.035055758733567,1.290548586237064
2018-01-22,1.164592190830494,1.0346101257244062,1.292149071172107
2018-01-23,1.1675045826010209,1.0348996487083402,1.2918773017540606
2018-01-24,1.1641784150331955,1.034889987302147,1.2922797391813292
2018-01-25,1.1670401638300503,1.0351823110583294,1.2929004256085632
2018-01-26,1.1671335543169281,1.0329216813480733,1.2924802018828137
2018-01-29,1.1661964425282627,1.0325064508756707,1.292633958333967
2018-01-30,1.1642681792677765,1.0319705027700457,1.2932330619196126
2018-01-31,1.1634033839082687,1.034009038114209,1.2934078858914928
2018-02-01,1.1652140454676447,1.0333083394604932,1.2935504951517245
2018-02-02,1.1627562657588366,1.033337719319597,1.2934068414422848
2018-02-06,1.1570321748584191,1.0318128985526793,1.2927659463401606
2018-02-07,1.1558235890338435,1.0313354312085847,1.2932409187013654
2018-02-08,1.1488272766646603,1.0313117078784177,1.293301679566494
2018-02-09,1.1492218150039744,1.0311392977591027,1.2926421791100515
2018-02-12,1.15055074447724,1.0304086357374773,1.293090831369886
2018-02-13,1.1507612805284364,1.0310321795326065,1.2928766396128033
2018-02-14,1.153606689105638,1.0308572119434904,1.293305956866233
2018-02-15,1.1513576373215535,1.0314491955836447,1.2937115253990725
2018-02-16,1.1527407443374726,1.0309041877615663,1.2920939293389424
2018-02-19,1.1529285363322372,1.0310275384350014,1.2934243760900141
2018-02-20,1.1536055571176842,1.030039799807127,1.2941818043541207
2018-02-21,1.1566801382377214,1.0294010932393942,1.2927764171337999
2018-02-22,1.1564308910031071,1.0302394333669709,1.2942065676334533
2018-02-23,1.1573342945840235,1.0302442127539744,1.293057977022482
2018-02-26,1.1578281645564918,1.0303373854648792,1.2944827528147833
2018-02-27,1.1582062573509695,1.029791337609085,1.2948457802458562
2018-02-28,1.160918552629182,1.0297929596231565,1.2945229198709947
2018-03-01,1.160316389881908,1.029542802925745,1.2950475633068375
2018-03-02,1.1595099057748193,1.0290932432978057,1.293844929918069
2018-03-05,1.1589105816138705,1.0292929450322779,1.29596694537886
2018-03-06,1.1602656720151945,1.029449427182633,1.2955284333947792
2018-03-07,1.1586740414928423,1.031067297227816,1.296502094999329
2018-03-08,1.1584279478400366,1.029723043987724,1.2968352484539603
2018-03-09,1.1537187153188804,1.0297038979967317,1.297063882406684
2018-03-12,1.1535181590628396,1.0294839135673948,1.2969233828808024
2018-03-13,1.1516656300827188,1.02946973494111,1.2976407500746243
2018-03-14,1.1500684858499512,1.02991352496873,1.2966699875157937
2018-03-15,1.1494273134969804,1.0293190808204387,1.297182427502682
2018-03-16,1.1483239792962978,1.0313076680354167,1.2984516238961643
2018-03-20,1.148822126917011,1.0294886864853987,1.2987525625621452
2018-03-21,1.1448819573279272,1.0283335438183394,1.2997166303100391
2018-03-22,1.1429069991818106,1.027354925608225,1.2999608048306035
2018-03-23,1.1389996063016699,1.0271317556697894,1.2993237028338898
2018-03-26,1.1412539216759026,1.0251313847689114,1.2993633413879997
2018-03-27,1.142135707714923,1.025563756530146,1.2994610484802422
2018-03-28,1.137550963461086,1.024529840992794,1.3023354425920959
2018-04-02,1.1358184139818626,1.0243355262939167,1.3010995475609877
2018-04-03,1.1337979496563482,1.024411347982207,1.3017281507115384
2018-04-04,1.1335448224965083,1.0237799878623564,1.3027987989584275
2018-04-05,1.128217537308517,1.0237577029232026,1.3012475844354898
2018-04-06,1.1289686345126517,1.0225862062936781,1.3003741482208315
2018-04-09,1.1290131576538025,1.0233303715725959,1.3020722097282005
2018-04-10,1.1302823974245708,1.021773747827422,1.30288229599254
2018-04-11,1.1301448406107377,1.0239169720981667,1.3026090206499583
2018-04-12,1.12864074674739,1.0239934934106572,1.302093436928623
2018-04-13,1.1286966496125672,1.0225228311986052,1.3014142017178252
2018-04-16,1.1282350815758002,1.0223137719622253,1.3013679497579351
2018-04-17,1.1264741154371973,1.0218418406672904,1.3005349408081024
2018-04-18,1.126884001913286,1.0228734819205352,1.3014045239163643
2018-04-19,1.129156743365682,1.022128162948002,1.3020012873509899
2018-04-20,1.130959917028068,1.0221683158184611,1.3010060913520285
2018-04-23,1.134418038185764,1.0224403395169344,1.302527494183595
2018-04-24,1.138173059249395,1.0216910687835232,1.3030355051744047
2018-04-25,1.140097925838759,1.0209682615848945,1.30445218275012
2018-04-26,1.1441283969015887,1.020276983023128,1.3043630790983918
2018-04-27,1.1428643259830533,1.021927697201805,1.3036100250538756
2018-04-30,1.1409841964394942,1.021673662033611,1.3028660431560168
2018-05-02,1.1414561318190233,1.0212696911953318,1.3037762226722194
2018-05-03,1.135034825793426,1.020086537082222,1.3029099743610015
2018-05-04,1.135838115212834,1.0203750966774925,1.3016007677493426
2018-05-07,1.130653509812977,1.0211737562309247,1.300997514849532
2018-05-08,1.1291757333644756,1.0204076890989868,1.3025924734455527
2018-05-09,1.129116097439786,1.0209228791041625,1.302101477309487
2018-05-10,1.1310793553208933,1.0199033495059497,1.301876370226959
2018-05-11,1.1319398824057287,1.0198502951511965,1.303005306582957
2018-05-14,1.1336542544425297,1.0194564733408689,1.30310614828352
2018-05-15,1.132643442821105,1.0196459416779882,1.3040123884348216
2018-05-16,1.1319369434982756,1.0192257491739227,1.305756646217735
2018-05-17,1.1282116778978775,1.0185559992899693,1.305100909488743
2018-05-18,1.1300367188526022,1.0179208109260254,1.3065056914566437
2018-05-21,1.128249149978139,1.016759739794322,1.3048136885276742
2018-05-22,1.125853706440436,1.016379836853873,1.3048920523381624
2018-05-23,1.1250077158369294,1.0161170873425718,1.3051052120912323
2018-05-24,1.1274310858059944,1.0160529074321893,1.3066998407402064
2018-05-25,1.1261655796511667,1.0137876449541003,1.3061656404362847
2018-05-28,1.1261384910535372,1.014954100140301,1.306150266765194
2018-05-29,1.1249783316508046,1.0161972550092129,1.3065746913876854
2018-05-30,1.1246664548169991,1.0162816488966167,1.3078173846796393
2018-05-31,1.1273242819554488,1.0163782492880078,1.3076610370826143
2018-06-01,1.1277319287344583,1.016699494363274,1.307499228415559
2018-06-04,1.1302381526826657,1.0161274904629682,1.3062529147367143
2018-06-05,1.1305732704349023,1.0161172227690909,1.3054670886428996
2018-06-06,1.1352947824830668,1.0158595195657836,1.305946180843585
2018-06-07,1.135501483296013,1.015180268763998,1.3050723231397325
2018-06-08,1.1388625502684728,1.01402834715621,1.3055701311428205
2018-06-11,1.138221627300642,1.0134250590376057,1.3058066101165877
2018-06-12,1.1378768674286566,1.0130037515220347,1.3061177439880216
2018-06-13,1.143700910930657,1.0139546239542208,1.3044298855332188
2018-06-14,1.143944144418709,1.0131741067356674,1.3042700403226952
2018-06-15,1.1438810476612067,1.01319506115084,1.3026189738569525
2018-06-18,1.1448814408552055,1.0143101061412196,1.303326658683424
2018-06-19,1.1456795368813832,1.0139141841672863,1.3044848384119
2018-06-20,1.143577970366052,1.0122795533443958,1.3043483622473102
2018-06-21,1.1429906810157202,1.0139507062543354,1.3036628399179533
2018-06-22,1.1436024448953392,1.0128994844024812,1.304275786473178
2018-06-25,1.145164740118988,1.0131001293341857,1.3047516006507787
2018-06-26,1.148891351211603,1.012900828593561,1.3054231193645327
2018-06-27,1.1502063181026136,1.0124677369521506,1.307524439444321
2018-06-28,1.149961227511193,1.0117792245030683,1.3062082652368612
2018-06-29,1.1477441015614165,1.011979101640519,1.3066291663574983
2018-07-02,1.1446579555380592,1.0116559578150324,1.3064080871105428
2018-07-03,1.143037094295862,1.0114408247021025,1.307552080141947
2018-07-04,1.1466595534491844,1.012625161217007,1.307686050351221
2018-07-05,1.1403387831964784,1.0116430060829453,1.3085850515246504
2018-07-06,1.142235799093595,1.0131165808794942,1.3067154587792074
2018-07-09,1.142776586285211,1.0124558042287268,1.3059303297770601
2018-07-10,1.1456877331215949,1.0143266613000834,1.307263603494509
2018-07-11,1.1467617019143048,1.0127242563002032,1.3075368798016376
2018-07-12,1.14663895711894,1.013557081894827,1.3076642212947425
2018-07-13,1.1443096798136436,1.0131934166719,1.3076075935672844
2018-07-16,1.1476840328936642,1.0118806412405128,1.3053201936888275
2018-07-17,1.1467185324049534,1.0118097525316012,1.3055560841624938
2018-07-18,1.1459103946905087,1.01226251088892,1.3066786120638039
2018-07-19,1.1434060095392533,1.0121544653822692,1.307924851408673
2018-07-20,1.141785530437962,1.011966176900549,1.306672125084971
2018-07-23,1.1427480320688623,1.0107311865062807,1.3057884553313412
2018-07-24,1.14173795854658,1.0108802570629434,1.3037701266322992
2018-07-25,1.1417641976778077,1.0106525523218974,1.3045820505884684
2018-07-26,1.1452628570999135,1.0115048042587127,1.306422063388962
2018-07-27,1.1464425484317857,1.010914648231156,1.3056265123696122
2018-07-30,1.1565498543524046,1.0098643358638184,1.3073238275753813
2018-07-31,1.1548121110352487,1.0088325443045236,1.3065317134848966
2018-08-01,1.1622206561997928,1.0087069421611337,1.3080534858204453
2018-08-02,1.1584668462046626,1.0088071597837307,1.3085123365409792
2018-08-03,1.1556995524521447,1.0081797165076098,1.3080706330524439
2018-08-06,1.1551139786023443,1.0092048658892852,1.307946354203079
2018-08-07,1.1522769316695012,1.0082443903191316,1.3075086103652307
2018-08-08,1.1513198367211366,1.0078369123410784,1.3080985013229274
2018-08-09,1.1501330614339211,1.0087286540655647,1.307318125355405
2018-08-10,1.1436016406713856,1.007142938826724,1.3079571967569406
2018-08-13,1.1395126929981312,1.0062370652118455,1.3083938092433793
2018-08-14,1.136176566498602,1.005483001819078,1.3083160894700219
2018-08-15,1.1324609803875498,1.005854012354744,1.3075119040371959
2018-08-16,1.1322461377195987,1.0053388998227006,1.307871783659291
2018-08-17,1.1344045339503934,1.0056235203599695,1.30815768710729
2018-08-20,1.1340574197369657,1.0052939793814064,1.3092103938733888
2018-08-21,1.1313278689637327,1.0044394016807199,1.3089810469989869
2018-08-22,1.129529529618161,1.003392637970119,1.3088550645849
2018-08-23,1.1296413780850678,1.004831469886918,1.3090158125138405
2018-08-24,1.1303300607556694,1.005964288729434,1.3085733674930269
2018-08-27,1.1269893191258835,1.0051761703452735,1.3087268537257366
2018-08-28,1.1258534985896045,1.0036249520253355,1.30949602107248
2018-08-29,1.1261227849879931,1.0050465841652279,1.3102507410461808
2018-08-30,1.1265022002110525,1.0035986545190057,1.3100394783926013
2018-08-31,1.1290738114567416,1.0035790853732964,1.3103123088633557
2018-09-03,1.1295269584154026,1.0016652349706834,1.310738199052413
2018-09-04,1.1284679834268225,1.0026026340875343,1.3119688391695024
2018-09-05,1.12750934841671,1.0030189692326663,1.3109968384676165
2018-09-06,1.129206948305959,1.001789117825737,1.311437611720426
2018-09-07,1.1290885735259673,1.0014240047313707,1.3111015412207356
2018-09-10,1.1305638630729988,1.0013613107105894,1.312371165748247
2018-09-11,1.131364223552377,1.0035683787467307,1.3117548162664048
2018-09-12,1.136188622687285,1.0061028557717306,1.3103694250592
2018-09-13,1.135022688958215,1.003552297800933,1.3095888165376641
2018-09-14,1.1338924176146845,1.0035797616431097,1.310332971378051
2018-09-17,1.1405385303018722,1.0045954567408169,1.3108062876476094
2018-09-18,1.1408081722516104,1.0040020736007251,1.310441574637022
2018-09-19,1.1432458746981573,1.0047485073048814,1.3112249473532658
2018-09-20,1.1458653064212285,1.003053416268131,1.3107917614177
2018-09-21,1.146426377564872,1.0043867366526655,1.3114775207615217
2018-09-24,1.144152261617418,1.004908286601688,1.3115061962598897
2018-09-25,1.1411405916398816,1.004877184466193,1.3123217342261475
2018-09-26,1.1391111838665064,1.0039992124229535,1.311597164124155
2018-09-27,1.1391838640591232,1.0035063332829175,1.3120785153198742
2018-09-28,1.1431548654729624,1.0055265816525585,1.3124770413869595
2018-10-01,1.1439390306024826,1.003946228029183,1.3124723501135458
2018-10-02,1.1453040826440988,1.0050545958550885,1.312869365854123
2018-10-03,1.1472259018632496,1.0045624105983442,1.3140924138704864
2018-10-04,1.1451897817543342,1.0067029275984254,1.3142261084248137
2018-10-05,1.1435609735644696,1.0071296724592862,1.314518190869297
2018-10-08,1.1431736030439754,1.0057206360151991,1.3149969006631832
2018-10-09,1.1432908791849843,1.004960835360052,1.3138726800318208
2018-10-10,1.1403855619968906,1.004927396129455,1.3142485918415205
2018-10-11,1.138417062875393,1.005283043093042,1.314794698022895
2018-10-12,1.1377136809721553,1.0037403825734588,1.3147755961109115
2018-10-15,1.136910730320646,1.0031284942334175,1.3149370185357991
2018-10-16,1.1356894510418045,1.0044041382761926,1.31543384620384
2018-10-17,1.133335841658424,1.001739478347607,1.3154657553603046
2018-10-18,1.1328169391856004,1.0014356655503263,1.3154600414005009
2018-10-19,1.1349778364802332,1.0019203413079734,1.315472397528816
2018-10-22,1.1370514055891603,1.0013776017985236,1.3161727346438852
2018-10-23,1.1391820314031527,0.9991118764592011,1.3179115948069204
2018-10-24,1.1352280374745543,0.999466762387296,1.3178596420433215
2018-10-25,1.139691421303508,0.9990088285007364,1.3183461756389847
2018-10-26,1.1394546972945063,0.9987788540913781,1.3164338174348507
2018-10-29,1.1266217724736365,0.9962647932693617,1.317740796938633
2018-10-30,1.1281724193891933,0.9949461380194872,1.3178198810621777
2018-10-31,1.1280485543647316,0.9968311493187819,1.319290284163343
2018-11-01,1.1226789569066289,0.9966189933847387,1.3201726900145672
2018-11-05,1.112966523816557,0.9955854273293969,1.319063756102783
2018-11-06,1.1146075473380448,0.995772566888253,1.3185442153903262
2018-11-07,1.1133524786995093,0.9961880944117996,1.3193596916109245
2018-11-08,1.1012890327672011,0.9953572554867693,1.320166847325013
2018-11-09,1.1031750375227263,0.9943947680111924,1.3199796141247246
2018-11-12,1.0997559997309179,0.9950038045356052,1.3195988815042476
2018-11-13,1.0955063356986736,0.9939247688818756,1.318996169111015
2018-11-14,1.09708511209124,0.9951365445997263,1.3189527005735822
2018-11-15,1.0962076005240937,0.9936993211188694,1.3186918436262862
2018-11-16,1.089967270967304,0.9928550786275359,1.3176144733308122
2018-11-20,1.0866831741978176,0.9934421032295006,1.317888573813972
2018-11-21,1.0855401366133064,0.9943848774176508,1.3181375126322337
2018-11-22,1.0831321235308842,0.9932311559722022,1.318346505829075
2018-11-23,1.080277384809834,0.9941545865927167,1.3179045221438468
2018-11-26,1.075309040986666,0.9954097696126096,1.3183714419016481
2018-11-27,1.0747613173911885,0.9952735918577198,1.3186343645655936
2018-11-28,1.0699165980489114,0.9954498487974652,1.3174945464442311
2018-11-29,1.0695428825014375,0.9964866844682808,1.3185520989903745
2018-11-30,1.0696702318909106,0.9962159927766123,1.3198882205737652
2018-12-03,1.06886680522205,0.9963211495368922,1.3204894789557327
2018-12-04,1.0667717127735674,0.9948942713034987,1.3211565768724742
2018-12-05,1.0657816679769616,0.9937371449260458,1.3204247203267496
2018-12-06,1.066425061013747,0.9943277328939577,1.3215434064523337
2018-12-07,1.0677558603200374,0.9933929016231533,1.322779469241142
2018-12-10,1.0658517752955956,0.9945332153013391,1.3229965266879895
2018-12-11,1.0649712991240965,0.9951825784037228,1.3228075208331456
2018-12-13,1.0632676211354009,0.9926412695224236,1.321473333756117
2018-12-14,1.0623144908522373,0.992674917236852,1.3211796677015035
2018-12-17,1.0595367240813396,0.9938947125609706,1.3208620039828214
2018-12-18,1.0597341433524805,0.9933417078988873,1.321655773121714
2018-12-19,1.060785048749598,0.993135404434569,1.320633090904591
2018-12-20,1.063641192750639,0.9931284289520912,1.3208211018864786
2018-12-21,1.0617627651396242,0.9927081978789118,1.3201740720592183
2018-12-24,1.0603480551223539,0.9923952388299833,1.321039417330961
2018-12-26,1.0660089614790773,0.9925802292899191,1.321049288034104
2018-12-27,1.0657073336082155,0.9919197207038554,1.3187949956635292
2018-12-28,1.0665420809246398,0.9935171917100506,1.318538776581817
2018-12-31,1.0681309503664207,0.9933383672171444,1.3183811821471334
2019-01-02,1.0633128151517377,0.9937702803795928,1.3178358006732742
2019-01-03,1.0616606999421478,0.992066438695793,1.318308948748404
2019-01-04,1.0589161852796525,0.9914226667357534,1.3186711486247613
2019-01-07,1.056465825168626,0.9915743153048118,1.3193751451104936
2019-01-08,1.0515981841779702,0.9917234223397019,1.32099919135373
2019-01-09,1.0510796612580482,0.9915247740222854,1.3207105503859393
2019-01-10,1.0531662499961778,0.991446299078932,1.320853946397978
2019-01-11,1.0553893203328584,0.9909578950177013,1.3197171884392553
2019-01-14,1.0576388513765085,0.9919910654859911,1.3192159876225489
2019-01-15,1.0588750257796133,0.9907498935075538,1.320840275357163
2019-01-16,1.0577720194291123,0.9915818041845315,1.3206044558166634
2019-01-17,1.0552019966187738,0.9930342868371242,1.320453438344216
2019-01-18,1.05267193214158,0.9909699092961003,1.320687966462826
2019-01-21,1.0540314984662718,0.9913581230171123,1.32226165069024
2019-01-22,1.0563747819741316,0.9909481940589285,1.3226117776553776
2019-01-23,1.0570804848368385,0.9906879404213136,1.3223087992032565
2019-01-24,1.0582867852184754,0.9895496838199532,1.3210912798099255
2019-01-25,1.0582184193482442,0.9899462812144882,1.3225584329851934
2019-01-28,1.0573556871986622,0.9885774044347706,1.3216025853383448
2019-01-29,1.0599716686419662,0.9898886167511383,1.3231413385147657
2019-01-30,1.0606691066245255,0.991495468516475,1.3224805064056193
2019-01-31,1.059168967853095,0.9916234432154735,1.3219210049035715
2019-02-01,1.0643000432288248,0.9912286513527604,1.3225215132979642
2019-02-05,1.060916046163281,0.99248426716205,1.3229167200354461
2019-02-06,1.0610544013879957,0.9917202581288943,1.321966226409888
2019-02-07,1.0634177648519276,0.9923903555080453,1.3238097103782749
2019-02-08,1.0599219963489848,0.9918669833542684,1.3232513915767885
2019-02-11,1.0602672065338048,0.9923420385340957,1.321674148399516
2019-02-12,1.0633178795184093,0.9925094900229162,1.3233060570033672
2019-02-13,1.0621179293529055,0.9922478482798814,1.321194202642815
2019-02-14,1.0648036770764187,0.9911413805654364,1.3226458299166737
2019-02-15,1.064177962939406,0.9899028915212306,1.3224371333471578
2019-02-18,1.0646266889286422,0.9909958870709833,1.3225995781811295
2019-02-19,1.0685909764160637,0.9904114543083045,1.3234635590526196
2019-02-20,1.066900053490795,0.9918130473402805,1.3234874191266865
2019-02-21,1.0673255227598362,0.9918721020051491,1.3238896896559018
2019-02-22,1.0680718736804504,0.9911251846313919,1.3235393967784803
2019-02-25,1.066930806413383,0.9915974600459557,1.3247429858180901
2019-02-26,1.0679520744385043,0.9911727228766465,1.3242774443906105
2019-02-27,1.0690457901389265,0.9927775241014136,1.3235839951641397
2019-02-28,1.0710457782729486,0.9923981075642587,1.3243438905543596
2019-03-01,1.0698339795462362,0.9914313589649817,1.3224567260871396
2019-03-04,1.0711000255862482,0.990839570981743,1.3245665655860275
2019-03-05,1.0704474085303792,0.9909001007725062,1.3235640617771205
2019-03-06,1.0707794585040966,0.9903589365536783,1.3252959301294922
2019-03-07,1.0686854588250576,0.9896380533399636,1.3254171470683582
2019-03-08,1.0699511125473793,0.9897664419009425,1.325263220557852
2019-03-11,1.069218739365892,0.9880376557748118,1.3257189617394909
2019-03-12,1.066586978481457,0.9884712519355332,1.3256888082944143
2019-03-13,1.0689262244824027,0.9882952303231196,1.3259771122703876
2019-03-14,1.0699306953888492,0.9875848094114816,1.325034280228468
2019-03-15,1.0675317656325958,0.9885101079843945,1.3272513166847484
2019-03-19,1.0668894854358673,0.9876042780198432,1.3271132370875593
2019-03-20,1.0626506232760364,0.9893225323386938,1.3277713968871838
2019-03-21,1.0632163187194201,0.9896342652873061,1.3273177183337024
2019-03-22,1.058655841589861,0.9888046993309016,1.3279557520276515
2019-03-25,1.0573546339300295,0.9885291771408301,1.3284798462246616
2019-03-26,1.058708453644667,0.9885500844060005,1.3291564418345183
2019-03-27,1.0575386696522469,0.9883414024240806,1.327231380541488
2019-03-28,1.0594591695042483,0.9877682359632646,1.3297464640063021
2019-03-29,1.05842769390874,0.988310599353242,1.3298672967216505
2019-04-01,1.0593902336699135,0.9881590806762618,1.3300450880361372
2019-04-02,1.0608314842488302,0.9881295615540864,1.3298391145511608
2019-04-03,1.0605290689611193,0.9876758352405699,1.3285117130173203
2019-04-04,1.0597415631226794,0.9868926179275813,1.3294266012757379
2019-04-05,1.057693721433384,0.9867607478419361,1.3288715123468915
2019-04-08,1.060194156837997,0.9856463988961083,1.3285427278327664
2019-04-09,1.0594506485697688,0.9860415149944963,1.3278502159328587
2019-04-10,1.0588626665983838,0.9855057238239001,1.3282515143280877
2019-04-11,1.0588927368541243,0.9864224195508258,1.3290661901995646
2019-04-12,1.0608208004998494,0.9872815451706185,1.3296961448533422
2019-04-15,1.0679597351043921,0.9870170563929291,1.3291671670138256
2019-04-16,1.066261373754947,0.9876055804439795,1.328683451322044
2019-04-17,1.0658802671367031,0.9868274257571563,1.3311750212118032
2019-04-22,1.0669084859840154,0.9875087158328282,1.3306605638982896
2019-04-23,1.0706779014378844,0.9865580218535148,1.3326881889326538
2019-04-24,1.0700062018131176,0.9844276579773548,1.332970856806089
2019-04-25,1.0722956519086067,0.9842612745436777,1.3322090090905827
2019-04-26,1.0867857054496928,0.9841757189778942,1.3320010732439795
2019-04-29,1.0868160787582408,0.9829955467543516,1.3316939633125284
2019-04-30,1.0847217994741403,0.9824410449557102,1.3321220366806827
2019-05-02,1.094467645324843,0.9822993639006047,1.3313344694545075
2019-05-03,1.1054864170018157,0.9805962500465573,1.331593412057999
2019-05-06,1.1034760564280304,0.9810748498047165,1.331684104569425
2019-05-07,1.1009558361292506,0.981068276679611,1.3326580159074717
2019-05-08,1.1147934007269402,0.9830814839731381,1.3318985520202808
2019-05-09,1.1163140586233928,0.9829386423148095,1.3310248370425701
2019-05-10,1.1205595883584711,0.9828704269530794,1.3316117228955024
2019-05-13,1.1242763930331374,0.9833182198952736,1.3297336592380609
2019-05-14,1.1238377225596166,0.9819465462604069,1.3305098004614935
2019-05-15,1.126187899596786,0.9832421573640608,1.3306020528554479
2019-05-16,1.1288157623258654,0.981252579875925,1.3311332875674449
2019-05-17,1.1335013789411381,0.982006775020208,1.3328293028246139
2019-05-20,1.1331722732616467,0.9802430000449865,1.3332905904560657
2019-05-21,1.1343030115119839,0.9818211188668653,1.3325657123901156
2019-05-22,1.1342230935696964,0.9826434135313289,1.333235968268675
2019-05-23,1.142161887403704,0.982721180742421,1.3336071375674579
2019-05-24,1.139653156290055,0.9848199310765567,1.3332026237009733
2019-05-27,1.1478008125873673,0.98175556510733,1.333659409334821
2019-05-28,1.1480042353753674,0.9821991606092936,1.334722733534819
2019-05-29,1.147631865966472,0.980815040438302,1.3351843548623525
2019-05-30,1.1443555227731832,0.9818460059007849,1.3346050499028939
2019-05-31,1.1432764162673668,0.9833633168736948,1.3363248671421695
2019-06-03,1.143296617380826,0.9826933423017511,1.3333501945146071
2019-06-04,1.14310315089013,0.9834192357205609,1.3361902712205562
2019-06-05,1.143383703962452,0.9826640415460914,1.3349534692344727
2019-06-06,1.1457148796996632,0.9814247121598475,1.3355204627515618
2019-06-07,1.1473085006394614,0.9816945509579461,1.3349311338082233
2019-06-10,1.1440980331793058,0.9785392338694454,1.3348841755530998
2019-06-11,1.142192887082429,0.9767960245632071,1.3354512779368566
2019-06-12,1.1475984162047677,0.9775803427882104,1.3351243578539698
2019-06-13,1.1481735919991418,0.9771499155251833,1.334841568235885
2019-06-14,1.1499171743349974,0.9779560751533098,1.3356481866616976
2019-06-17,1.1506524135045268,0.9783803385933159,1.334557174454073
2019-06-18,1.151179752592164,0.9791376615322614,1.3350043485802539
2019-06-19,1.1514125791330871,0.9776004438756174,1.3350963785494874
2019-06-20,1.1493321789423927,0.978456393922209,1.3334024543899525
2019-06-21,1.1496337344401468,0.9781621396348608,1.334062765940472
2019-06-24,1.1468079091537475,0.9769226156909694,1.3326479053814273
2019-06-25,1.1459932218007702,0.9767542776216934,1.3336993865666544
2019-06-26,1.1504045526029059,0.977075899298383,1.3335758670670468
2019-06-27,1.1494092902396014,0.9763045669306247,1.3334934403899643
2019-06-28,1.151681543098251,0.9751259104442622,1.3312986056259708
2019-07-01,1.154447458164351,0.974823400882915,1.331771466044607
2019-07-02,1.156041771831948,0.9761608839791297,1.332947442860549
2019-07-03,1.156185136328635,0.9768000042049717,1.333970723277989
2019-07-04,1.154480446641381,0.9780753178411311,1.3334408528498736
2019-07-05,1.1569232386088313,0.9785248673246608,1.3330190787945466
2019-07-08,1.1547500094792442,0.9769509278602311,1.3318331164843356
2019-07-09,1.1527297386190236,0.9762087550385349,1.3323341861297089
2019-07-10,1.1513317209201748,0.9751499919660978,1.3319533155347478
2019-07-11,1.1481642515961188,0.9733084120139354,1.3334599598902865
2019-07-12,1.1459103788629776,0.9737074542330102,1.3334355551570167
2019-07-15,1.1455439516823573,0.9735742842448234,1.3324102492200267
2019-07-16,1.1462720530886765,0.9742437581348418,1.3313189366050193
2019-07-17,1.140544138463264,0.9723510139314988,1.3322859916733611
2019-07-18,1.1370117706340706,0.9725776295217773,1.331915108487266
2019-07-19,1.138295429081162,0.9732719408312935,1.3336562776416427
2019-07-22,1.134087615675077,0.9746055461479813,1.333931997905128
2019-07-23,1.1314703134709378,0.9743784436730867,1.3361738634015448
2019-07-24,1.1285341614599524,0.9745760350125962,1.3353811769717716
2019-07-25,1.1332566024553827,0.9759682637159156,1.334838263955451
2019-07-26,1.1329642599062948,0.9769951275118861,1.334984554062393
2019-07-29,1.1365550236733661,0.9734318232318688,1.334511150791557
2019-07-30,1.1377368439504287,0.9766630198546304,1.3340713606446186
2019-07-31,1.140407689399882,0.9764390182334899,1.3339089115454472
2019-08-01,1.1446462853417738,0.9759896958335502,1.335068602886507
2019-08-02,1.144137277339956,0.976145139533973,1.3362588653610317
2019-08-05,1.1435427010742951,0.976015880589255,1.3359928290007541
2019-08-06,1.1482942178797977,0.9754276163073903,1.3357162349279303
2019-08-07,1.1455957212956185,0.9728313966383371,1.3358061482882795
2019-08-08,1.146929168361062,0.9719612629362786,1.3357398073363977
2019-08-09,1.1471039442040851,0.9712317725437791,1.335548271036399
2019-08-12,1.1422851589946839,0.9733153091729433,1.3368843243926243
2019-08-13,1.1391810322122602,0.9726799502137908,1.337724673164133
2019-08-14,1.1364886368041076,0.9732791569388493,1.3363448449114548
2019-08-15,1.1357352481685163,0.9731995837763388,1.336250219111201
2019-08-16,1.1328075767421206,0.9717914508454547,1.3355240604068361
2019-08-19,1.1308798524303234,0.9731691304938104,1.3345837424689115
2019-08-20,1.1301647039859672,0.9735563234117421,1.3354370193260972
2019-08-21,1.1282362291176142,0.9723347690821528,1.335577760104163
2019-08-22,1.1303829497716755,0.9730801350238126,1.3366468133358318
2019-08-23,1.129887060229725,0.9732959457281718,1.335256982167705
2019-08-26,1.130478405514828,0.9713098034550319,1.3365912962325586
2019-08-27,1.1270377521900903,0.9715614985931587,1.3371498358543097
2019-08-28,1.1300587544065535,0.9728772970641746,1.336892578455024
2019-08-29,1.1228560710639761,0.9722251562796781,1.3368501800157593
2019-08-30,1.1171314939634291,0.9722724660522446,1.3368308021011703
2019-09-02,1.1165630904737125,0.9708014568818796,1.335797905785514
2019-09-03,1.1140587224241105,0.9709970026695839,1.335507938395565
2019-09-04,1.112951260685998,0.9716467063844377,1.3358862949527333
2019-09-05,1.1101955929346938,0.972265255416927,1.3372882857416541
2019-09-06,1.1089221638768891,0.9721556470631463,1.33740001319519
2019-09-09,1.1118424562801896,0.9723132457251409,1.3362029590759599
2019-09-10,1.114515938393404,0.9721920755584694,1.336438124539974
2019-09-11,1.1175427863398477,0.9722695987693418,1.3362978777614583
2019-09-12,1.1188830871368463,0.9723824531501476,1.3368744899090999
2019-09-13,1.1174457448637645,0.970730981957788,1.3349811837299248
2019-09-17,1.1152166184186838,0.9712292896460956,1.3358977087213644
2019-09-18,1.1111083213860133,0.9714519688786708,1.335362710527407
2019-09-19,1.111083526087138,0.9734254248737986,1.3351581334437916
2019-09-20,1.107929860718487,0.973403355190851,1.3354475481263484
2019-09-23,1.109290501972096,0.9726171464204371,1.3349152593034763
2019-09-24,1.1065638496678456,0.9713520334019082,1.3340386683872645
2019-09-25,1.1051660573073878,0.9710386742867265,1.3332174739861329
2019-09-26,1.109639602479182,0.9696281672140288,1.334078855448911
2019-09-27,1.1104300485625649,0.9700753786455268,1.3342477037041987
2019-09-30,1.1096493168708774,0.968927804065028,1.3343027579044742
2019-10-01,1.1084005863291746,0.9678212431156421,1.3339386813270087
2019-10-02,1.107569856235818,0.9693781457602341,1.3351174297409247
2019-10-03,1.1065718899712804,0.9693706207953501,1.3348393061987833
2019-10-04,1.1010228466203797,0.9687162614817815,1.3341026853848694
2019-10-07,1.099347506587852,0.967615470997574,1.333358118000198
2019-10-08,1.1034404138499003,0.9678530248971452,1.3334894417221135
2019-10-09,1.1043891167301285,0.9672966057766389,1.3348479045708532
2019-10-10,1.1028881595894526,0.9672521065983677,1.3344884201849194
2019-10-11,1.1008248384649857,0.9677074637513841,1.3334168379527096
2019-10-14,1.0997019413310125,0.9679891778023699,1.3324499110902879
2019-10-15,1.1016812304969172,0.9668158510882731,1.3327917738431907
2019-10-16,1.1053064213771628,0.9664377449268353,1.3337798961207348
2019-10-17,1.1057998652447092,0.9658846156144452,1.3319401068971064
2019-10-18,1.102312375490355,0.9661678961110228,1.3324058466931326
2019-10-21,1.1026002385247609,0.9655182913063451,1.3328339468327768
2019-10-22,1.1035526662204898,0.9663189195164389,1.333472372161407
2019-10-23,1.1060246648806882,0.9673626227126142,1.3329749640663502
2019-10-24,1.10834224609357,0.967821684501109,1.3329238575296816
2019-10-25,1.1055910999753937,0.9673619041762131,1.3346682869770028
2019-10-28,1.100850355492184,0.9674026747748172,1.335727999495368
2019-10-29,1.1014501474924088,0.9670226033047901,1.334885549742442
2019-10-30,1.104549536406584,0.9681549595207476,1.3356575693817614
2019-10-31,1.1025402583458932,0.9676060143469255,1.3347851458998221
2019-11-01,1.099289294013678,0.9671180509715959,1.3364097810308593
2019-11-04,1.0997873571003138,0.9660406372860485,1.336337098994485
2019-11-05,1.098975284720022,0.9669945751213991,1.3360344080926287
2019-11-06,1.0992583951187536,0.9672252908466866,1.3353168863203708
2019-11-07,1.0988510440977235,0.9661747424122324,1.3379567887173789
2019-11-08,1.0959037719433782,0.9659130403926234,1.337662651939205
2019-11-11,1.0968974902529813,0.9673177856412427,1.3360818967395576
2019-11-12,1.0945689094509765,0.9666455540373524,1.3362091177738085
2019-11-13,1.0955852119310823,0.9684389910916837,1.3375841804616515
2019-11-14,1.0978771248744261,0.9657586651483886,1.3384366915181611
2019-11-15,1.1001031255540723,0.9635008924630224,1.3379775074988203
2019-11-19,1.1026620257926512,0.9660834279382158,1.3368371516968585
2019-11-20,1.1050474941960622,0.9676728396494525,1.3366250737686158
2019-11-21,1.1026053272664154,0.9671086137749244,1.3360335889858186
2019-11-22,1.1032743359249895,0.9655523449684753,1.33757391079384
2019-11-25,1.103826680059831,0.9644628418423659,1.3367682283598177
2019-11-26,1.1006688444069272,0.9655521123058316,1.3378101094549708
2019-11-27,1.1027273980375518,0.9660105034213062,1.337137654375051
2019-11-28,1.1006134042911357,0.9671990543614077,1.3377172906128718
2019-11-29,1.0990762853645213,0.9661937207620254,1.3377577075932858
2019-12-02,1.0992482066270854,0.9658309571525832,1.33857891432681
2019-12-03,1.1022783492056096,0.9641519257082312,1.3370597084848348
2019-12-04,1.1014840186472528,0.9648036463106588,1.3355279708075543
2019-12-05,1.1031172056498444,0.965003723133758,1.3375307252593411
2019-12-06,1.1014908422404937,0.9641897801603928,1.336190256307405
2019-12-09,1.1028827798473364,0.9627256319361385,1.336008110677313
2019-12-10,1.0982751866399034,0.9627472092091318,1.335396854273799
2019-12-11,1.0962205972040848,0.9634404485227118,1.3351046291970345
2019-12-13,1.093018081011564,0.9641776500987553,1.33518625177893
2019-12-16,1.0959327718137788,0.962356067474119,1.3349000817765462
2019-12-17,1.0977272628953512,0.9626437246141264,1.335459246476937
2019-12-18,1.093128577071484,0.9633528742834383,1.3348874916493803
2019-12-19,1.0917830880759434,0.9625620083760719,1.3339870939349128
2019-12-20,1.0908626830715764,0.9612509565516837,1.3347708790535002
2019-12-23,1.0888410813252938,0.962341106462871,1.3342638400908922
2019-12-24,1.0874881705490322,0.9616368985704004,1.335694222742989
2019-12-26,1.087029353535987,0.961970152447365,1.335486998043874
2019-12-27,1.0858821471334068,0.9627715400786159,1.3346178596092086
2019-12-30,1.0889406767969216,0.9621523262247029,1.3346969524406778
2019-12-31,1.0874811465282272,0.9622639488511288,1.3350499508479408
2020-01-02,1.0839062542836484,0.9617090766224738,1.3372440723062693
2020-01-03,1.083160798985216,0.962384860461805,1.3365750269527652
2020-01-06,1.0820581688507338,0.9628185890040285,1.3370474786208846
2020-01-07,1.0799025039499082,0.9625985319408707,1.3370166422675638
2020-01-08,1.083107275404054,0.9627543286408979,1.3368995472119143
2020-01-09,1.0883364618334515,0.961387399025036,1.3380212775225566
2020-01-10,1.0889320875827677,0.9602587717241453,1.3387843114677658
2020-01-13,1.092544327386081,0.9619822718770384,1.3378196007358478
2020-01-14,1.094695435316491,0.9602981164343053,1.3371514492563827
2020-01-15,1.0939419395735843,0.9593020024383444,1.337185127442982
2020-01-16,1.0894861532831015,0.9580089840660366,1.3380580871718901
2020-01-17,1.090223328451766,0.9575185287731481,1.3368008301786984
2020-01-20,1.0939091905027,0.9562360902680621,1.339435580909623
2020-01-21,1.0920566720476772,0.9569271291910834,1.3392949877514766
2020-01-22,1.0945457953093136,0.9583499270381807,1.338885957963769
2020-01-23,1.0929110413740464,0.9580778759158236,1.3390839318325616
2020-01-24,1.0891751989216318,0.9587804807301726,1.3377493847279023
2020-01-27,1.0808114416064527,0.9575216034502587,1.3368822811854013
2020-01-28,1.0774365576107146,0.9576509904709739,1.3372850347833156
2020-01-29,1.081225785836096,0.9579332483113445,1.337973740011822
2020-01-30,1.0815859193224782,0.9580702534438023,1.3358431953392034
2020-01-31,1.0823814571865713,0.9553949342879553,1.3354901046161032
2020-02-04,1.0869077120797657,0.9559602643323326,1.3373018277305586
2020-02-05,1.0856217684383453,0.95615120661488,1.3355761258146364
2020-02-06,1.091153396285839,0.956092575654587,1.3380608438538515
2020-02-07,1.0916711351953945,0.9555568017776626,1.338833335963375
2020-02-10,1.0974720686707844,0.956339378374718,1.338520008690861
2020-02-11,1.0924989509622718,0.9563245557434702,1.3384884004405986
2020-02-12,1.0935673488910131,0.9570501076945177,1.3406746065584456
2020-02-13,1.0916908436226915,0.9572148569442521,1.3416899095413115
2020-02-14,1.08980995633788,0.957190625341214,1.3403068663315905
2020-02-17,1.0905876831303303,0.9562286835040906,1.3418899716313777
2020-02-18,1.0894526036900143,0.9562876063326429,1.3429934402431487
2020-02-19,1.0933205981840561,0.9585625892554135,1.3417857401629665
2020-02-20,1.0935979326356644,0.958401625251012,1.3415634237560576
2020-02-21,1.1043036333318177,0.9580243422597152,1.3447025809786737
2020-02-24,1.1070281665866852,0.958026499235453,1.3445658951309365
2020-02-25,1.1059212873024178,0.9565738250692457,1.344709744669522
2020-02-26,1.1072571647619014,0.9562758494301088,1.3453000893785827
2020-02-27,1.0978054174147873,0.9560016378679125,1.3429156244765785
2020-02-28,1.1040780203140617,0.9547662190399809,1.3445694353084725
2020-03-02,1.1007506731910084,0.9558903674944217,1.3445446112643828
2020-03-03,1.0961098473323314,0.9562429600498825,1.3457422461642856
2020-03-04,1.0907989933094253,0.9539821385659969,1.3441139985463402
2020-03-05,1.086123917733574,0.9528938993754561,1.344916951237539
2020-03-06,1.0761003723285505,0.9537054510101588,1.3450472922611951
2020-03-09,1.0634154931211626,0.9526768069477373,1.3456874673926134
2020-03-10,1.056512913775106,0.9519293946245917,1.3453956310823
2020-03-11,1.049337841760841,0.9509124724014745,1.3467928998805971
2020-03-12,1.0394732420637904,0.9525947423336479,1.3443746748611132
2020-03-13,1.0412205409316988,0.9505213155200787,1.344863582063687
2020-03-17,1.0432982908698436,0.9507522583810832,1.3453207795312498
2020-03-18,1.0371939092781848,0.9512612066499716,1.3450896482962686
2020-03-19,1.0381894220640246,0.9504621540535619,1.3476782390071018
2020-03-20,1.0376193834859753,0.9503901447356764,1.3473346324283366
2020-03-23,1.0281684147789147,0.949025920211142,1.3470379730521076
2020-03-24,1.0228165731917842,0.949423479388907,1.3473416636162976
2020-03-25,1.0193896132880358,0.9500261839531564,1.3464422432230732
2020-03-26,1.0207836464069457,0.950565948694865,1.3477037235313607
2020-03-27,1.0103807260766957,0.9505265987361647,1.3478130411971605
2020-03-30,1.0183605339951984,0.9491716496729887,1.3468547700108446
2020-03-31,1.0225789513227148,0.950376350680767,1.3467774738112512
2020-04-01,1.0178934543303755,0.9486333160951321,1.3494680492774953
2020-04-02,1.0203740759462974,0.9482254264964189,1.3502789972272842
2020-04-03,1.0209300928122726,0.9504470473107556,1.3493090568468815
2020-04-06,1.0174383744035067,0.9479012254856355,1.3488295773974246
2020-04-07,1.0190873582016724,0.9462894395128275,1.3495540623472135
2020-04-08,1.0190141657783236,0.948559526072827,1.3503982076196586
2020-04-13,1.0161094860349582,0.9473808850076427,1.3494817500711789
2020-04-14,1.0170152813676818,0.9489692100446027,1.3487178785830773
2020-04-15,1.0157287668868182,0.9497709689668322,1.3501350311437896
2020-04-16,1.015526471907142,0.9464401423917544,1.348253891402633
2020-04-17,1.010088620373154,0.9474747200425445,1.3486031809831258
2020-04-20,1.008109706267137,0.9471362262499371,1.347433165063795
2020-04-21,1.0067865077937086,0.9475536003990275,1.3502686113618159
2020-04-22,1.0056967074236032,0.9488026326604098,1.3494968346344853
2020-04-23,1.0098071568995088,0.946957996187669,1.3509293441587478
2020-04-24,1.011828972785054,0.9460337695041938,1.349072672638654
2020-04-27,1.0135161759044498,0.9461571219843196,1.3492992893916613
2020-04-28,1.0127989678448828,0.9462877835648448,1.3512929149310073
2020-04-29,1.008477298402183,0.9453171343932625,1.3511979828055027
2020-04-30,1.0071873660234458,0.9472664334549463,1.351465580812671
2020-05-04,1.0099336514002566,0.9466912405596932,1.352436589004965
2020-05-05,1.009182584811316,0.9464641542752985,1.3516407083486561
2020-05-06,1.0111481424357796,0.9465758620291603,1.3512371531407796
2020-05-07,1.012898155964801,0.9473125075322598,1.352927945191408
2020-05-08,1.0099839805773059,0.9474336997850765,1.354106344241677
2020-05-11,1.0102313037069257,0.947659257771542,1.3555982323453468
2020-05-12,1.0116617168514197,0.9466230855717929,1.3550762492039172
2020-05-13,1.0055354247164654,0.9478960298092448,1.3542812418320547
2020-05-14,1.007189727779215,0.9475842743331635,1.3540192210001678
2020-05-15,1.0065696260135417,0.9472468130005876,1.3545462845469858
2020-05-18,0.999713339740078,0.9474472287883378,1.3551581623157978
2020-05-19,0.996060018629764,0.9477117774687078,1.3542889672750318
2020-05-20,0.9975451415231386,0.947170252393996,1.3528180581480993
2020-05-21,0.9967978034561066,0.9463925139100083,1.3531558612544439
2020-05-22,0.9991422035279023,0.9480516981558815,1.3547053208103044
2020-05-25,1.0000654646218738,0.9468248932697719,1.3537267990755022
2020-05-26,0.9986330716212164,0.9470992268427625,1.3526950872329213
2020-05-27,0.9962749182769497,0.946363962041911,1.3523330475939843
2020-05-28,0.9954550441491271,0.9454075755545069,1.3517243683330165
2020-05-29,0.9957601846872202,0.9458584879811972,1.3526923614990496
2020-06-01,0.9989237776184484,0.9465048739076538,1.3535472332927698
2020-06-02,0.995923822736079,0.9440719981064171,1.3520783917828347
2020-06-03,0.9948556171512614,0.9447383473972625,1.3528703094766061
2020-06-04,0.9974133531103855,0.9439903452684351,1.3520012943116264
2020-06-05,0.9928722453650484,0.9456367233834193,1.352280595855136
2020-06-08,0.9879366847598772,0.945169789524156,1.3526971781430053
2020-06-09,0.9876639644951214,0.9450516246369003,1.3538597451094476
2020-06-10,0.9859112116031961,0.945314297584125,1.354318213489594
2020-06-11,0.9774945957039838,0.9445686665660407,1.3554623111311062
2020-06-12,0.977869058510093,0.9439542706778874,1.3542390140271674
2020-06-15,0.9805172877338648,0.944142756987242,1.353873619900618
2020-06-16,0.9799183063851413,0.9436204505278487,1.3522296429552647
2020-06-17,0.9817764810474214,0.9450233939743307,1.3518041265283767
2020-06-18,0.9810238140983122,0.9452413357576909,1.3513360906125795
2020-06-19,0.9795478964315056,0.9448938374056769,1.3509337985115695
2020-06-22,0.9796359866842029,0.9451960796435155,1.3510001359779706
2020-06-23,0.9802706729016568,0.9460533179234445,1.3515715233923555
2020-06-24,0.9799999894607256,0.9463704269692929,1.3524554880450248
2020-06-25,0.9814348397465418,0.9453302781561965,1.35295257218173
2020-06-26,0.9817114062636272,0.9459342673868321,1.3527555944900898
2020-06-29,0.9811085874521126,0.9443333108551265,1.3506796217378156
2020-06-30,0.9836265486246922,0.9461541317303384,1.3532476310426333
2020-07-01,0.9837799026695899,0.9462840468707711,1.35222446809128
2020-07-02,0.9844066027271031,0.9455700793622119,1.353496294687741
2020-07-03,0.9821122140601615,0.9455076104982892,1.3511865540526837
2020-07-06,0.9818124375929214,0.9442469658707018,1.3538000076448695
2020-07-07,0.9823033953505756,0.9431888987553404,1.353554177131788
2020-07-08,0.9850587816036913,0.9442304060066894,1.3530635948207543
2020-07-09,0.986617454150016,0.9431582200710605,1.3541892001562454
2020-07-10,0.9857258421195451,0.9435467919455824,1.3520500209270467
2020-07-13,0.9850718420070678,0.9443039677259557,1.3514365996290616
2020-07-14,0.9837041646268981,0.9430531875590624,1.3511501287227354
2020-07-15,0.9833040408969594,0.9429016107709055,1.3532734478427189
2020-07-16,0.9843895135374576,0.9427783132552665,1.3536517426163317
2020-07-17,0.9859800335123258,0.9429564633046441,1.3533777719956814
2020-07-20,0.9909779413393205,0.9410299961456952,1.3557257497284287
2020-07-21,0.9942337456120882,0.9422797695689574,1.3538476536793058
2020-07-22,0.9920523244249173,0.9425477625490594,1.353043916428138
2020-07-23,0.9907614640277181,0.9414293336932399,1.3540762160202342
2020-07-24,0.9925094311692345,0.9417024721550268,1.3553970157304795
2020-07-27,0.9945736490445822,0.9422657093263092,1.3549674190666814
2020-07-28,0.9978711869342449,0.9401799675755644,1.3556103549842076
2020-07-29,0.9986404125171617,0.9401359164943353,1.3547066027330155
2020-07-30,0.9976149387276085,0.9409917637299521,1.3557154115209866
2020-07-31,0.999363893151707,0.9394878509644523,1.3552477157132967
2020-08-03,1.002759252990011,0.9391325259393906,1.3556566834036319
2020-08-04,1.0045239621761497,0.939557359856506,1.356316360857266
2020-08-05,1.0051054082608835,0.9389048170163177,1.3564831802657926
2020-08-06,1.005196111684602,0.9390095937431611,1.3567126546852792
2020-08-07,1.0045303090640447,0.9383358362406891,1.357321514610515
2020-08-10,1.0046330866969648,0.9394611968043005,1.357097229231034
2020-08-11,1.0025753277347966,0.9404228605565321,1.3561893191544474
2020-08-12,1.002563459625864,0.938128207453041,1.3560862945560295
2020-08-13,1.0023180470450828,0.9375699310989775,1.3557042457192297
2020-08-14,1.0038052034244664,0.9387819791296558,1.3551194082531042
2020-08-17,1.0081675073832645,0.9382517189230881,1.3558451086160181
2020-08-18,1.0086057546865337,0.9381190754109942,1.3558202520384688
2020-08-19,1.0159038785857717,0.9375582771984399,1.3572465122001507
2020-08-20,1.0136688605670274,0.9374031217085737,1.356195324450981
2020-08-21,1.0122581016839092,0.9383051773207857,1.3573359434866479
2020-08-24,1.0117153004743815,0.9384130622824128,1.3564306381584008
2020-08-25,1.0143281084114029,0.9375637683680461,1.357824108003323
2020-08-26,1.0160644763801239,0.9376901221529457,1.3566095443149826
2020-08-27,1.021696465548126,0.9365886875449669,1.3586647609793914
2020-08-28,1.032373032693174,0.9352365625720517,1.3584704491507338
2020-08-31,1.030236203508958,0.9364290985041376,1.3593784969441771
2020-09-01,1.0321555850673578,0.9344884363845792,1.3585507037647417
2020-09-02,1.0386736707851394,0.9355985598329597,1.359235269877242
2020-09-03,1.0402683076148433,0.9345500175575806,1.3574074148759834
2020-09-04,1.039119539758117,0.9366117534275709,1.358574062667608
2020-09-07,1.0462226620966555,0.9381363619530672,1.3595017831186118
2020-09-08,1.044205354581548,0.9363943645409679,1.3587289005728667
2020-09-09,1.0456308492599011,0.93599819827246,1.3598055374753426
2020-09-10,1.0530604187495831,0.9363852153557229,1.3594204278466524
2020-09-11,1.0567998546753623,0.936007445025328,1.35981836834661
2020-09-14,1.0607418263329202,0.9345418715391315,1.361386558055732
2020-09-15,1.05903593451995,0.9354793403415949,1.3606391195723568
2020-09-17,1.0710873423581293,0.9337297934681692,1.3604253726255153
2020-09-18,1.0700471663355398,0.9339615910333053,1.360873160531458
2020-09-21,1.0656582565084731,0.9353308038769627,1.3609703891066645
2020-09-22,1.067956887632004,0.9349473746073821,1.3615516524873095
2020-09-23,1.0688198042859207,0.9351720917991414,1.3604370018167236
2020-09-24,1.0716986333075713,0.9356152234294025,1.3609186392152675
2020-09-25,1.0769747751418826,0.9361232939408927,1.359360364173537
2020-09-28,1.0687156942938656,0.9354381257401598,1.3592365206114474
2020-09-29,1.0677761818826856,0.9356407290934539,1.358019496539968
2020-09-30,1.06377357329254,0.9350848020346542,1.3590916796055166
2020-10-01,1.061794900248354,0.9349839039277765,1.3577745469542493
2020-10-02,1.0635337659183912,0.9365536278019877,1.3586872018487666
2020-10-05,1.0625205042416668,0.9358857120358545,1.3593849199881882
2020-10-06,1.067474133383627,0.9364500300597786,1.3583678143229554
2020-10-07,1.0677456947857107,0.9368857736816654,1.3591242860153383
2020-10-08,1.0644228534187334,0.937488344986706,1.3604457382589523
2020-10-09,1.0637558146399986,0.9350733869504062,1.3612203768333306
2020-10-12,1.062284233611401,0.9348695530653328,1.3615445086788074
2020-10-13,1.0619256936629482,0.9352112076967807,1.3603804667826938
2020-10-14,1.061576256884347,0.9354825506125151,1.3611042827630815
2020-10-15,1.0636336488789937,0.9377428838632015,1.3597308760646398
2020-10-16,1.0684065873332405,0.935773591184938,1.3604373171660418
2020-10-19,1.0682523851653236,0.9358304012023628,1.3622050088390332
2020-10-20,1.064145285699182,0.9358752194998478,1.3632003917993776
2020-10-21,1.0659757654598248,0.935052279885012,1.3621013329041443
2020-10-22,1.064080112644413,0.9351819623634683,1.3613478176967393
2020-10-23,1.0657841591834771,0.9353957662801219,1.3625128235977149
2020-10-26,1.0640914858710218,0.933967979370801,1.359925663764872
2020-10-27,1.0601676912294196,0.9352651499013231,1.3598117845158302
2020-10-28,1.0527877745557113,0.9345647533681567,1.360581742835703
2020-10-29,1.0558991062167857,0.9341729152829594,1.3602945763564875
2020-10-30,1.060361084669361,0.9341949558452631,1.3597150234759388
2020-11-03,1.0603935502755386,0.933630081571413,1.3594026798548324
2020-11-04,1.0695990181697959,0.9330053087215783,1.3601568289442871
2020-11-05,1.0711362473729833,0.9338521003315559,1.3620863026164494
2020-11-06,1.0699285015655762,0.9344932426675159,1.3633614501082105
2020-11-09,1.0686636838748549,0.9340772725402285,1.3600627410329018
2020-11-10,1.0689034705284441,0.9319126789513269,1.3600988098945164
2020-11-11,1.0688943994934257,0.9324243716590798,1.3587280711974132
2020-11-12,1.0700424299917919,0.9318289941287888,1.35968883982641
2020-11-13,1.071267747056647,0.9316032645940135,1.360301371145234
2020-11-17,1.0672738631931338,0.9306376730757746,1.3596384071761982
2020-11-18,1.0668666740678245,0.9303710185906547,1.360066907806815
2020-11-19,1.0654615094906454,0.9327759454543691,1.3585263564517276
2020-11-20,1.0698578922935342,0.931773221320561,1.355947316212469
2020-11-23,1.072420282282646,0.9307434371612915,1.356405703378349
2020-11-24,1.0688536845518315,0.930706860009841,1.3556487125929118
2020-11-25,1.073267854400852,0.9319179281365577,1.3567098067184147
2020-11-26,1.0821023630791577,0.9314437561787245,1.3582695152775275
2020-11-27,1.0851154687660631,0.9309228164957343,1.357961611714497
2020-11-30,1.0835696809969615,0.9326254114396645,1.357374459487677
2020-12-01,1.091660722573983,0.9330567489616839,1.3584594940447074
2020-12-02,1.088504398939632,0.9310685052035282,1.3580810651175275
2020-12-03,1.0919566272146557,0.9305839774139072,1.3557465165776894
2020-12-04,1.0925769218665173,0.9315910506857712,1.3561256771342245
2020-12-07,1.0928638149370828,0.9328599385307527,1.35862435843555
2020-12-08,1.0974156358865228,0.9317139976309741,1.3553627463468132
2020-12-09,1.0984306955189158,0.9305762761309825,1.355360263373548
2020-12-10,1.0971804861379209,0.9296497486066254,1.354240911347941
2020-12-11,1.096254888225905,0.9295287201432999,1.3534198567906133
2020-12-14,1.0973491341417736,0.9294865228385367,1.3566161694876901
2020-12-15,1.0965324110113586,0.9306005216243289,1.3567092653309252
2020-12-16,1.0980347213783863,0.9306965237007322,1.3554252518634105
2020-12-17,1.1000899659517271,0.9307556284988657,1.3550438941874525
2020-12-18,1.0993881473415044,0.9313741334212853,1.3562889891757393
2020-12-21,1.0970950690600363,0.9304491076897408,1.3557976735944235
2020-12-22,1.092847426222486,0.9286850157540913,1.3568320508277811
2020-12-23,1.0899901224304007,0.9301190871499084,1.3562947736010922
2020-12-24,1.0907071298718853,0.9319037524456802,1.3564391602741503
2020-12-28,1.0891515252987782,0.9314401379973513,1.356540967614612
2020-12-29,1.0843518759527226,0.9328873269304853,1.3559614108351616
2020-12-30,1.087198037716158,0.9314346131039942,1.355047634624221
2020-12-31,1.0889685458084148,0.931313168110527,1.3558162435394407
2021-01-04,1.0880999283373742,0.9326129996090539,1.3568533642421041
2021-01-05,1.0893861404862597,0.9327586754741645,1.3560329487082816
2021-01-06,1.0895549794162247,0.93302232157302,1.3563873600753844
2021-01-07,1.0864208649333225,0.9331169226265196,1.3562557689335648
2021-01-08,1.0871778683829003,0.9344046999012351,1.3561879693480932
2021-01-11,1.0872310853201759,0.9315513599856998,1.3540283738636147
2021-01-12,1.0861734510115486,0.9322547312927836,1.354959579089874
2021-01-13,1.0863093889673079,0.931846459935832,1.3533321637208027
2021-01-14,1.0878715947225426,0.9326007438651519,1.3543802845028359
2021-01-15,1.087875573580553,0.9315468597583288,1.354337701238117
2021-01-18,1.0887453104782838,0.9323605416730856,1.3539514796549414
2021-01-19,1.0827958095575845,0.9330588783165931,1.3557178030263928
2021-01-20,1.0808270139793514,0.9321125776866281,1.3533900571054998
2021-01-21,1.08271327843337,0.931336293066834,1.3536512546046147
2021-01-22,1.0816444331153976,0.9328213689384999,1.3540522347537862
2021-01-25,1.0805523159355872,0.9330171293984021,1.3534937428211231
2021-01-26,1.0803348040884568,0.9323109112595381,1.3534421352514892
2021-01-27,1.0774488193095164,0.9327338317834875,1.3555773804640805
2021-01-28,1.0796220093032498,0.9316862321089879,1.3559656491310854
2021-01-29,1.0723874376162652,0.9324433465627503,1.3562286840232904
2021-02-02,1.069564313914091,0.9320424564638813,1.3579090372375293
2021-02-03,1.0704997002395744,0.9318648776433268,1.358316901158265
2021-02-04,1.0712809789158906,0.9334690085676502,1.356902009716835
2021-02-05,1.0729465758696095,0.9335644809381611,1.3567416083755748
2021-02-08,1.0740450590379231,0.9333614784406143,1.3555627594095137
2021-02-09,1.0733619996797443,0.9338642706407083,1.3555370441772556
2021-02-10,1.072281762384759,0.9329012476704944,1.3562937021529093
2021-02-11,1.0677610995018303,0.9329139529034265,1.3563344275575548
2021-02-12,1.0698377773312369,0.9338408831994135,1.3558384385862208
2021-02-15,1.0737132102609055,0.9321470826997121,1.357861884081127
2021-02-16,1.0697258122126534,0.9325538022577838,1.355568058371139
2021-02-17,1.0695655446128176,0.9346919253800309,1.3560882913720997
2021-02-18,1.0701499763325626,0.9350099479862853,1.355539708273685
2021-02-19,1.0720897482983964,0.933136774710074,1.3558952647802216
2021-02-22,1.0739792242017083,0.9319767763275867,1.3563541630647502
2021-02-23,1.0819352214288076,0.9335081382252806,1.3577733619875392
2021-02-24,1.089077337029948,0.9326404104016369,1.3565462586050239
2021-02-25,1.0891275657396984,0.9338473315243796,1.3592555374836486
2021-02-26,1.090568424866612,0.9324166719534188,1.355730170353707
2021-03-01,1.0898562533818792,0.9331126465159683,1.356314012011415
2021-03-02,1.0886929376956158,0.9325274134091881,1.3556688606679663
2021-03-03,1.0890208567047635,0.9330581024477338,1.3575931477255234
2021-03-04,1.0907317687497642,0.9331289827077373,1.354859129532974
2021-03-05,1.0930339763389663,0.9325160621755926,1.3551818374077542
2021-03-08,1.0957949487673724,0.9329888573515852,1.3568842401102392
2021-03-09,1.0948020980708846,0.931887054643273,1.3550804166244088
2021-03-10,1.0943683920332195,0.9317314706082904,1.355839105877182
2021-03-11,1.0944258949354932,0.9298265892343734,1.3565006906247192
2021-03-12,1.0977312999056268,0.9289712059195606,1.3613355344673577
2021-03-16,1.1015014589233743,0.9299010735344553,1.3588119665362883
2021-03-17,1.1036309876941504,0.9308271012682146,1.356801145439626
2021-03-18,1.102375486639811,0.930877628205112,1.3583294451975012
2021-03-19,1.102130007923269,0.930374473395166,1.3581548109009267
2021-03-22,1.1007861109073647,0.9312012661044575,1.358365105783818
2021-03-23,1.1032251479905122,0.9311163228489424,1.3581145140054969
2021-03-24,1.1040138384526075,0.9314079673318688,1.357812653958473
2021-03-25,1.1041896062205483,0.9316715671345984,1.3562857504477013
2021-03-26,1.1071470557502565,0.9304972079465389,1.3570655812896661
2021-03-29,1.1063151891116891,0.9308571068492811,1.3577732415361088
2021-03-30,1.1035499170846585,0.9319612839503097,1.358961860656862
2021-03-31,1.098785494140442,0.9324843583153999,1.3596893307295432
2021-04-05,1.096054984900374,0.9312510388992618,1.3592331576486645
2021-04-06,1.1002787083714538,0.9306082924837882,1.359783163808605
2021-04-07,1.102212025180437,0.9312633326745166,1.3587229787439081
2021-04-08,1.102925848547963,0.9320208558157732,1.3590974899819697
2021-04-09,1.1022996673826841,0.930460588809538,1.357890683605509
2021-04-12,1.0997733228926265,0.9304151193025497,1.357392091276758
2021-04-13,1.099360598365759,0.9290025735190919,1.3573546643122811
2021-04-14,1.1006528402959508,0.9293508591236493,1.356675848498492
2021-04-15,1.1025967689506055,0.9315951599278474,1.3579630977241266
2021-04-16,1.1016609943383218,0.9296985757268169,1.3585688087459127
2021-04-19,1.0990388137593736,0.9302932985389157,1.3593159564089454
2021-04-20,1.100405587881239,0.9276824606064957,1.360209213122466
2021-04-21,1.1008432992669104,0.9306410726050166,1.3608706904920964
2021-04-22,1.1019915238761033,0.9306303338872759,1.361595119797385
2021-04-23,1.1020563091950686,0.9290562393752985,1.3634102956497076
2021-04-26,1.1061912346804763,0.9281946354673875,1.3623506442474744
2021-04-27,1.1110861910048548,0.9276217338705361,1.3626519794537506
2021-04-28,1.1089352110379376,0.9259123303557214,1.3602914592402748
2021-04-29,1.1084660961548682,0.9251116726291285,1.3571859350794124
2021-04-30,1.1060107750214985,0.9252569304028012,1.3592316685730241
2021-05-03,1.1124802364041038,0.9252794474280167,1.359817570287724
2021-05-04,1.109550814749943,0.9225985377722478,1.3599334748314846
2021-05-05,1.1114776080462654,0.9233091889848342,1.36171065680532
2021-05-06,1.1129291495488765,0.922573255589551,1.3618024552905619
2021-05-07,1.1157754833353257,0.9244915388852131,1.3620537915668658
2021-05-10,1.1132049900945846,0.9250678239770636,1.3606534287052436
2021-05-11,1.1136233865957887,0.92464977379202,1.3618642267875112
2021-05-12,1.1096042075839507,0.9243448761035457,1.3600459213397114
2021-05-13,1.1122288359770123,0.9239792625020546,1.3580515531759196
2021-05-14,1.1126833447003748,0.924832809000765,1.3568990499096119
2021-05-17,1.1132773369710929,0.9248991607431334,1.356703450671692
2021-05-18,1.1128020350323962,0.9239241414044334,1.3554614549671538
2021-05-19,1.113352264580946,0.925451614997144,1.3587917840378747
2021-05-20,1.113849223007731,0.9241189434241889,1.3570494219057423
2021-05-21,1.1122946729677068,0.9272604849472272,1.3562942283571353
2021-05-24,1.1143678807542996,0.9250357950486762,1.3563969240673774
2021-05-25,1.1117415776130417,0.9251710551747424,1.3584862895495975
2021-05-26,1.1147977315145408,0.9241275513021536,1.3606553598095419
2021-05-27,1.1184884479126005,0.9246905216078931,1.3608126407083005
2021-05-28,1.1170955885504006,0.9253772955930596,1.3599084327517073
2021-05-31,1.1135585926011202,0.9258903757105008,1.3601908459493075
2021-06-01,1.1131334143140603,0.9254282100766823,1.3607137719429114
2021-06-02,1.1125808362241787,0.9236659262504064,1.3602577800012081
2021-06-03,1.11174554569341,0.9240348985475338,1.3616604739131595
2021-06-04,1.1109184999740638,0.9206644391854342,1.3606602447331386
2021-06-07,1.1081297461717379,0.9219783732577657,1.360623400895348
2021-06-08,1.10747890951658,0.9203915423219742,1.3612251041812569
2021-06-09,1.1051821390632501,0.9205587553943021,1.3605236433666452
2021-06-10,1.1054930698163306,0.9202705494569124,1.3599900442433674
2021-06-11,1.102278936958117,0.9196041608565366,1.3589506068179538
2021-06-14,1.1018195810964784,0.9204048940305571,1.3602396414176285
2021-06-15,1.1005059487421824,0.9193234600127733,1.3613012080642621
2021-06-16,1.1043032059784337,0.9188883103027472,1.3598586995462865
2021-06-17,1.1102790295737508,0.9194818079720742,1.3602843440887227
2021-06-18,1.1107021139937605,0.9184595958217671,1.3597170229706623
2021-06-21,1.1112414474976893,0.9216494934101512,1.3607535644564894
2021-06-22,1.1148686318989278,0.9201222741103882,1.3602323564427141
2021-06-23,1.1154337104607692,0.9210068661128846,1.3626946262579105
2021-06-24,1.1179707045736607,0.921951032522012,1.3633452701859214
2021-06-25,1.1164550131187843,0.921250135607592,1.3635246317091432
2021-06-28,1.1136804328083931,0.9223806737415834,1.3630795854697817
2021-06-29,1.1150025775894952,0.9218347654003906,1.3639942142777053
2021-06-30,1.1175919676500388,0.9223009798198734,1.3627046985063027
2021-07-01,1.1163290254697762,0.9223971286988542,1.3638245951212402
2021-07-02,1.1191322012952118,0.9220740854991156,1.364050316775294
2021-07-05,1.1204042770266431,0.9201420161648395,1.3637995789258155
2021-07-06,1.1197702542089065,0.9210013610970619,1.3634724203826998
2021-07-07,1.1203659378522322,0.9217144230179093,1.361761000724834
2021-07-08,1.1200330733381207,0.9208729562446982,1.3631902166515895
2021-07-09,1.1183722906223976,0.9232815933654046,1.362426457239519
2021-07-12,1.1206158661815122,0.9222158040631802,1.3618666553722951
2021-07-13,1.1136117497531703,0.9221967153296178,1.3623505612434255
2021-07-14,1.1148681258800919,0.9223312423584509,1.3614260735504202
2021-07-15,1.1165466065248972,0.9225321109265047,1.3615695219885522
2021-07-16,1.1183284038146466,0.922201657301766,1.3606501170885312
2021-07-19,1.108738145946204,0.9215839256599936,1.36158453479463
2021-07-20,1.11252020354795,0.9196602503595793,1.3610308215258968
2021-07-21,1.1106915928969496,0.91862101210166,1.3631869587959742
2021-07-22,1.1146348849518697,0.9172992590940753,1.3633957347950696
2021-07-23,1.1185144459778553,0.9176717321735147,1.362946320016353
2021-07-26,1.116262590172229,0.9167654724637824,1.3643052732812297
2021-07-27,1.115828203825964,0.9150485459300284,1.3642395597466102
2021-07-28,1.1141287265710431,0.9165902417675995,1.3657390946483483
2021-07-29,1.113779545323576,0.9154510858866803,1.3646266994380392
2021-07-30,1.1138754807476343,0.9145775902083705,1.3649629576737632
2021-08-02,1.112782445751985,0.9145674846524213,1.3651173382693922
2021-08-03,1.1160649271880818,0.914247009363009,1.3643937137122708
2021-08-04,1.1127723192645873,0.9142252179483225,1.3649103408855916
2021-08-05,1.1126821630422237,0.9150665602957093,1.363820706682252
2021-08-06,1.1125457872878444,0.9151887108634341,1.3635832390527347
2021-08-09,1.1122371312310424,0.9145965217598303,1.3628731154245917
2021-08-10,1.117199737950466,0.914497221192141,1.3636452020174594
2021-08-11,1.1184910555985785,0.9125876478083753,1.3617003307799758
2021-08-12,1.1193417971756074,0.9135157358023909,1.3630950424045807
2021-08-13,1.1207805242927953,0.914569841345729,1.3631980004369866
2021-08-16,1.11756920800543,0.915121048040999,1.3637058072041204
2021-08-17,1.1201123349392048,0.9179555401541283,1.3650720949736455
2021-08-18,1.1239621646573197,0.9162225658216402,1.3634768937140302
2021-08-19,1.1185179336512705,0.9160545440937735,1.3637248723948805
2021-08-20,1.1190095509100058,0.9149979160155832,1.3642949293425664
2021-08-23,1.1199352101704865,0.9167947491171572,1.364768216002013
2021-08-24,1.1195817645200115,0.91664621179029,1.3659738338182756
2021-08-25,1.1204371731866791,0.9154535753687646,1.3662037470144905
2021-08-26,1.1192960671440932,0.915291228251042,1.3639594528363193
2021-08-27,1.1182645859631566,0.9155501127471343,1.3662407814793862
2021-08-30,1.116745450357451,0.9171614866706795,1.3643070582230057
2021-08-31,1.1153866364339384,0.9174745276228072,1.3634239972070594
2021-09-01,1.1124229017753837,0.9172331868499787,1.363831648139212
2021-09-02,1.1197499996628237,0.9158887278851929,1.363294565032912
2021-09-03,1.1200513374131245,0.9153329234060464,1.3632177965302155
2021-09-06,1.1202443097647836,0.9152915956864913,1.3642239713543558
2021-09-07,1.1231090489933937,0.9152021687031257,1.3654067605959928
2021-09-08,1.1209641924452924,0.9171995153485264,1.3638670361338212
2021-09-09,1.1223986234302332,0.9156349721327623,1.3641507441372984
2021-09-10,1.122103559295418,0.9164969342549284,1.364235186724116
2021-09-13,1.1214638529912035,0.9168242802232671,1.3653541799168907
2021-09-14,1.1184345256427797,0.9154778700737871,1.3652207298206707
2021-09-15,1.1216238500750482,0.9160136545866039,1.365030231097018
2021-09-17,1.1218184400871083,0.916077842749853,1.3647881577112073
2021-09-20,1.120967703291664,0.9166474456135884,1.3640739880303445
2021-09-21,1.1245308844421664,0.9120612839359719,1.3652211067020095
2021-09-22,1.1191853783430623,0.9112880336187248,1.3639776027247736
2021-09-23,1.1185373779055159,0.911172304234796,1.3643200422010393
2021-09-24,1.1192184263828746,0.9098184036292805,1.3641533961947698
2021-09-27,1.1212665397970352,0.91015451004539,1.365574436038292
2021-09-28,1.121205699903851,0.9092401306450829,1.3662097921808338
2021-09-29,1.1215091410054532,0.9109344150807016,1.3673914503076834
2021-09-30,1.122871828998255,0.9107512672156838,1.3688879664506504
2021-10-01,1.1239876687792132,0.9116999446051595,1.3673473194837373
2021-10-04,1.1213459323287964,0.9101062466914268,1.3672605685756551
2021-10-05,1.1238652498222461,0.9100662356103469,1.3701707630281064
2021-10-06,1.1274152457181243,0.9113422089978438,1.3710322558394725
2021-10-07,1.129171942224433,0.9102687499537604,1.3693717833823071
2021-10-08,1.1280023258164047,0.910493334242515,1.3711490765116707
2021-10-11,1.12726738553188,0.9082966696707083,1.3719623787919069
2021-10-12,1.129406704585959,0.9072029418285569,1.3753581891254625
2021-10-13,1.1275112313227085,0.9089194750055131,1.3736980110113828
2021-10-14,1.1260927293717133,0.9097811380238467,1.3731420572626805
2021-10-15,1.123549710440356,0.9113274966885015,1.3715216064812608
2021-10-18,1.1302233731957885,0.9107744532365022,1.3732884929285485
2021-10-19,1.1297940023882254,0.9100706855427592,1.3720303348765772
2021-10-20,1.1315201561338188,0.909189945936269,1.371554521335774
2021-10-21,1.1301364432659768,0.9079978014264866,1.3710880424705782
2021-10-22,1.1335423516350398,0.908186325335154,1.372248644576006
2021-10-25,1.1310969642852131,0.9100441164226855,1.3737523985820819
2021-10-26,1.1332402494985985,0.9106885498393175,1.375750539550944
2021-10-27,1.1363422560081804,0.9104511878702293,1.3726723265442364
2021-10-28,1.1373477139815753,0.9093674782805395,1.3736841655432568
2021-10-29,1.139341866473143,0.9109165313048958,1.3745250407522573
2021-11-01,1.1385279671408008,0.9112163740740951,1.3772117442531757
2021-11-03,1.1398269498675377,0.9108360150044772,1.3763116026363016
2021-11-04,1.1394314612409688,0.9106346724562938,1.3752588182538927
2021-11-05,1.141593666414073,0.9097894655198026,1.3751891848201552
2021-11-08,1.1425888835116476,0.9094486988757724,1.376523753683109
2021-11-09,1.1428522634295033,0.9104867225576332,1.3757281807395265
2021-11-10,1.1416868474897526,0.9111411560548227,1.3755710020033132
2021-11-11,1.145035289741488,0.911041519967588,1.3745500759884604
2021-11-12,1.1452204765201144,0.9113689736771619,1.3758961604406565
2021-11-16,1.1464652833339537,0.9122947006246087,1.3759664295698923
2021-11-17,1.147123591626956,0.9126036671743964,1.3756000529567294
2021-11-18,1.1516776582695893,0.9130664391602304,1.3752726515315337
2021-11-19,1.1551915125716086,0.9121130136201394,1.373451872949485
2021-11-22,1.1532359686003693,0.9101742680471827,1.3757203259029755
2021-11-23,1.153519753408757,0.9109356339340078,1.3754109111616404
2021-11-24,1.1527715236999878,0.9108338613870841,1.3748446312766307
2021-11-25,1.1552528580873207,0.9096885174614124,1.376173001011412
2021-11-26,1.1531582179380766,0.9106611042753467,1.375064400531279
2021-11-29,1.1505475534346765,0.9111475865894461,1.3749570538757079
2021-11-30,1.1483362804624553,0.9109959808314306,1.3759001198474898
2021-12-01,1.1484619764855453,0.911811102302863,1.377217591733549
2021-12-02,1.1452733214747346,0.9124975909679239,1.378516148784263
2021-12-03,1.1466019134388563,0.9127256290673899,1.3777501411346702
2021-12-06,1.1460971641785305,0.9126866120049622,1.3753027754630578
2021-12-07,1.146815030916942,0.9129257741517257,1.37774969057275
2021-12-08,1.1470573194183675,0.9126668842281515,1.3792593826241908
2021-12-09,1.1475730290942292,0.9137466474212836,1.3793868688184185
2021-12-10,1.1488080035535495,0.9133244214962781,1.3780303969842866
2021-12-13,1.14780730571759,0.914000708731969,1.3766758552870846
2021-12-14,1.1448515647204602,0.913063013604498,1.3761407144412625
2021-12-15,1.1465440796797846,0.9138065524184572,1.3748132824186226
2021-12-16,1.1476419231687216,0.9139192752050316,1.3757872500217116
2021-12-17,1.1470601689357725,0.9131548211703941,1.3773010182350431
2021-12-20,1.1421117209582607,0.9157352439646629,1.3761192483310631
2021-12-21,1.1387742215913736,0.9151664638415388,1.375207354887462
2021-12-22,1.1358106120217917,0.914519665102943,1.3761956583743282
2021-12-23,1.1334773506203315,0.9143271879321929,1.3763175984657736
2021-12-24,1.135974277081977,0.9144454927528737,1.3762530928840946
2021-12-27,1.1341256824266288,0.9144773294021021,1.3759145125324557
2021-12-28,1.1354050420939161,0.9140228597629525,1.3758857320900897
2021-12-29,1.1338575534015831,0.9138862668653974,1.3765508871547256
2021-12-30,1.132620914391543,0.9137319649260544,1.377372015957768
2021-12-31,1.138211550151684,0.9129632703559228,1.3766430967539072
2022-01-03,1.138138698383775,0.913987524739046,1.3768667819145217
2022-01-04,1.1403593141036494,0.9106396609233848,1.3770602954974724
2022-01-05,1.1418528858531067,0.9109358945401635,1.3764821385209476
2022-01-06,1.1509602029004755,0.9128261021540274,1.3760148085377613
2022-01-07,1.1505360381796674,0.9109090053667988,1.376835565587913
2022-01-10,1.1540078521220938,0.9126928246106162,1.3746588378230749
2022-01-11,1.1528544506714546,0.9131193024152686,1.3750613977823598
2022-01-12,1.149335752496458,0.9124273099869511,1.3749247151691288
2022-01-13,1.150468883072469,0.9099201962199069,1.3747222937039985
2022-01-14,1.1513415213330744,0.9104501441108864,1.3760814028354504
2022-01-17,1.1519682389152965,0.9093621171357544,1.376400171837922
2022-01-18,1.1487754728627049,0.9088648282544735,1.376840094887286
2022-01-19,1.1536748978507099,0.911248486391083,1.3780224122909654
2022-01-20,1.1518955250114808,0.9104048320769917,1.3784197186445457
2022-01-21,1.1485299879904338,0.9112940787924504,1.3786883121496671
2022-01-24,1.1421530458165223,0.9108034237613288,1.3795832434792936
2022-01-25,1.1420722149742284,0.9118101149565736,1.3789391486977343
2022-01-26,1.142560905684662,0.9122369578506825,1.3788705846769764
2022-01-27,1.1446894091345625,0.9114711153142495,1.37871450057945
2022-01-28,1.14491813444335,0.9100793321753983,1.3791095251899164
2022-01-31,1.1394966996325682,0.9096250311518367,1.3774163429124038
2022-02-01,1.139649164912346,0.910860705424144,1.3788671637545913
2022-02-02,1.139518820938366,0.9107796700777979,1.3789122509093037
2022-02-03,1.1370782415294627,0.9108205285093927,1.3779571892515732
2022-02-04,1.1381802400657735,0.9115963729232849,1.378752356667248
2022-02-08,1.1381565134240033,0.9115032042633308,1.378654575916302
2022-02-09,1.1408839540178108,0.9092151885855225,1.3804635030006738
2022-02-10,1.1429507348100498,0.9101873117784849,1.3817260903577675
2022-02-11,1.1457836247086153,0.9094599142238143,1.3798664726879373
2022-02-14,1.1425258664206925,0.909934328627359,1.3793817127342958
2022-02-15,1.1401271865723615,0.9094341082192184,1.3810546366430465
2022-02-16,1.1397971329428707,0.9098472002372887,1.382886349950721
2022-02-17,1.1417442363023895,0.9095256134481707,1.3823224745911034
2022-02-18,1.14243952777878,0.9079607465619117,1.381735653550254
2022-02-21,1.1422924231438187,0.9076466202056015,1.3831577860294464
2022-02-22,1.14580620588245,0.9065264661199314,1.3846037279407264
2022-02-23,1.1383162054103175,0.9067358092882237,1.386939367667676
2022-02-24,1.1370821521383379,0.9067154409051221,1.384110911430578
2022-02-25,1.1343972868497547,0.9062346927155086,1.383880990582589
2022-02-28,1.1351726751858218,0.9052065644864882,1.3851165524886593
2022-03-01,1.136466968261565,0.905421420419259,1.3851015788201757
2022-03-02,1.136783447775131,0.9038279702829729,1.3829674217335814
2022-03-03,1.1371574348282414,0.9026634991389842,1.3849104482753067
2022-03-04,1.1372469758286803,0.9013121295241617,1.3843921273123923
2022-03-07,1.133005887644921,0.9015225184376858,1.3833475015697603
2022-03-08,1.1336440650401507,0.9015904978243878,1.3818515089516865
2022-03-09,1.1295662041311805,0.9013825096826238,1.3819581973888613
2022-03-10,1.1335533348002151,0.9006882169592796,1.3809638489488725
2022-03-11,1.1345763050441133,0.901940323020578,1.3827641257253245
2022-03-14,1.1360965190026635,0.9007970243122471,1.3846758966136397
2022-03-15,1.1352734900570443,0.9011199042701449,1.384787697117237
2022-03-16,1.1349242373241997,0.9024715090397912,1.3867176554872334
2022-03-17,1.1336528776079842,0.9009019118283859,1.3859300997857817
2022-03-18,1.1347155955977122,0.9010485804855963,1.3857201749398833
2022-03-22,1.1315694355528114,0.898949743775455,1.3852095870175045
2022-03-23,1.1305671792895653,0.8984947981955596,1.3871432605895502
2022-03-24,1.130159444387145,0.898287524158253,1.3883849057485338
2022-03-25,1.1306565208665094,0.9002917699263835,1.3876656603110402
2022-03-28,1.1310558659950305,0.8995052624108244,1.3896388386561453
2022-03-29,1.1306572385375313,0.8972475739563002,1.3900732271572034
2022-03-30,1.1293189373829644,0.8995312811699652,1.390094395463673
2022-03-31,1.126405853002544,0.8975058090014946,1.3877946572090158
2022-04-01,1.1254917086491993,0.899836629523054,1.386169118038966
2022-04-04,1.1255267607375132,0.8986300820719468,1.38636639798558
2022-04-05,1.1263523448825812,0.8972531557139267,1.3868998660475966
2022-04-06,1.1242840274050105,0.8956033593742772,1.3870732055223023
2022-04-07,1.12627009957101,0.896151669713742,1.3882573986624265
2022-04-08,1.124275682611289,0.8960832101123241,1.3882125046881313
2022-04-11,1.1248616233311461,0.8960315604368236,1.3868549665582046
2022-04-12,1.1234730636102614,0.897979529537266,1.385809710095667
2022-04-13,1.1205899626447935,0.8959789930529287,1.384634309040341
2022-04-18,1.1216648126714706,0.8955820090661896,1.3854699428177117
2022-04-19,1.1184596293231517,0.8956169250613564,1.3856147176613962
2022-04-20,1.1164469960730161,0.8958703616060018,1.3860104548335888
2022-04-21,1.1123985787264425,0.8976851486414767,1.3867962861451295
2022-04-22,1.1137753175041123,0.8952404472380174,1.3857329109418544
2022-04-25,1.112361887433555,0.8931346565847118,1.3845587697713697
2022-04-26,1.1127749639532247,0.8941119298236512,1.385341135518373
2022-04-27,1.1125612336109145,0.8927335446470376,1.3843465869323108
2022-04-28,1.109903820635365,0.8923293440541002,1.3856442788296055
2022-04-29,1.1071367544587118,0.8933103701927114,1.3875466684437079
2022-05-02,1.107772672675408,0.8926501995151116,1.3876525896843133
2022-05-03,1.1105367521015894,0.8934897490386103,1.3878031500957564
2022-05-04,1.1119576289928272,0.8926812838535575,1.3880998883655702
2022-05-05,1.108753889990698,0.8918747338096978,1.3908237481072283
2022-05-06,1.1088721775922499,0.8931013823745545,1.3915171281958485
2022-05-09,1.1084895844655918,0.8926802492756613,1.3894407373135953
2022-05-10,1.1067231076780544,0.8913347746115541,1.392904390599516
2022-05-11,1.1070239271067706,0.8926522573751322,1.3906082378686395
2022-05-12,1.1071004886800555,0.8921347091191869,1.3906259854352296
2022-05-13,1.103061300254825,0.8909522943752082,1.3901021935765858
2022-05-16,1.0992662029784739,0.8896498816850151,1.390418007691682
2022-05-17,1.0977082827415499,0.8892160069849075,1.3914928654790784
2022-05-18,1.0916552408376787,0.8895542054958615,1.3925596908574114
2022-05-19,1.0914739297452787,0.8900696111682682,1.3917470278299444
2022-05-20,1.0895374706562198,0.889607792197859,1.3917021944554773
2022-05-23,1.0907786612144132,0.8881659429227055,1.390310735748229
2022-05-24,1.0874897164493333,0.8858369431475107,1.3908426296599992
2022-05-25,1.091024259464421,0.8846208608189594,1.391667478480808
2022-05-26,1.0899822655126652,0.8860834498291363,1.392043604502496
2022-05-27,1.0876194584986918,0.8861898909757071,1.3896541116109733
2022-05-30,1.0889806697513076,0.883289831752104,1.3886970058927905
2022-05-31,1.0920189692624027,0.8832831544647962,1.3884534842790643
2022-06-01,1.09395444399457,0.88164003222296,1.3898226796067925
2022-06-02,1.0913130556836343,0.8838873308344747,1.3898392669342166
2022-06-03,1.0943293178321714,0.8827169489026147,1.3899632391523173
2022-06-06,1.0937668800061753,0.8831598065474263,1.3887368122617472
2022-06-07,1.094958717455521,0.8833301745675395,1.390112702228987
2022-06-08,1.096523264814918,0.8833406468737435,1.390152378911129
2022-06-09,1.093808132211573,0.8821055573789567,1.3892269385369125
2022-06-10,1.090090589774557,0.8818151203813135,1.3900487299353808
2022-06-13,1.0893388679921845,0.8834167803329908,1.3887999948026601
2022-06-14,1.093646558899167,0.8835340256936445,1.3877238409822972
2022-06-15,1.09794211703787,0.8824653527387872,1.388562894933172
2022-06-16,1.0915747701555774,0.8808423217550608,1.3905645403220765
2022-06-17,1.0931543822651837,0.8806610926283966,1.3913196480190313
2022-06-20,1.0940288597808403,0.8801011762499499,1.391123090874121
2022-06-21,1.0960829409820223,0.88032532419643,1.3925486395684834
2022-06-22,1.0951078114946515,0.8796173262927994,1.390082006898228
2022-06-23,1.0932089800601783,0.8806869031859417,1.3914066380960526
2022-06-24,1.0864888533949166,0.8805070343299594,1.3905549246662836
2022-06-27,1.0849579558541271,0.8805743311979444,1.3931022662606376
2022-06-28,1.0851887198819765,0.8797563034548168,1.3933869197008513
2022-06-29,1.082756418241531,0.8806851973306506,1.3921125505901657
2022-06-30,1.081069109899179,0.8799919996472666,1.393527234531079
2022-07-01,1.0808820149630378,0.8813679315735816,1.39427460832688
2022-07-04,1.0804169153891605,0.8804499071840335,1.394236793563896
2022-07-05,1.0853897286598952,0.8814823108595331,1.3945736358200933
2022-07-06,1.0861862509774254,0.8821695864682688,1.3937196254693103
2022-07-07,1.085150225607008,0.8824081503898915,1.3922414930790916
2022-07-08,1.085603791279949,0.8843504683867768,1.3912828710406115
2022-07-11,1.0856704095815422,0.882235454932599,1.3932353989644761
2022-07-12,1.0871470816807345,0.8837218495581153,1.3942706664145685
2022-07-13,1.0857197666361111,0.8823202046422839,1.393133959050413
2022-07-14,1.0880391887952447,0.8833788045559801,1.3913856424175741
2022-07-15,1.0929477449126959,0.8809696470664834,1.39187863737253
2022-07-18,1.0921590469569777,0.8804969407175203,1.3918460236970824
2022-07-19,1.091992396726054,0.8797954992567286,1.3912109980470706
2022-07-20,1.0910507076895943,0.8808075899079438,1.3910898579324233
2022-07-21,1.0903375193353673,0.8801528593332328,1.3924351089474336
2022-07-22,1.0952893987170984,0.8800030501746696,1.394011231535785
2022-07-25,1.0962775034703591,0.8778006968626489,1.3928323685890658
2022-07-26,1.0941269009698062,0.8786409289197619,1.3927450715540477
2022-07-27,1.0951749323513031,0.8781426898312489,1.391533497168321
2022-07-28,1.0905129857574924,0.8758643818850804,1.3913804079254077
2022-07-29,1.0935137701882482,0.878682103007663,1.390553862754605
2022-08-01,1.0943405795905092,0.8804470155115299,1.3916010560377194
2022-08-02,1.0957077567428588,0.8789377541118817,1.389845152598655
2022-08-03,1.0975359653326804,0.8778492046780084,1.3885503313829788
2022-08-04,1.1006457291071507,0.8782020049458262,1.3893477914056471
2022-08-05,1.1021597847176194,0.8768309559609204,1.388239944352631
2022-08-08,1.1008983133723027,0.8770887349442535,1.3874601368314508
2022-08-09,1.0996292358068989,0.8761675003380633,1.3865013241272395
2022-08-10,1.0989824911422745,0.8764090850033032,1.3864542385065024
2022-08-11,1.0963590838334372,0.8735912291419382,1.3896190098736418
2022-08-12,1.0939840736913757,0.8725961320915744,1.3917320904889396
2022-08-15,1.1001120435565113,0.8715644574342559,1.3887607976690144
2022-08-16,1.1025318728715028,0.8734837815246169,1.3890941296109611
2022-08-17,1.1059994245774671,0.8710561207978288,1.3903583632459977
2022-08-18,1.107892790110035,0.8705504925121246,1.3893460050647677
2022-08-19,1.1090655369966296,0.8703665139961098,1.3910018136741873
2022-08-22,1.108318819272748,0.8713910675749758,1.390080103793832
2022-08-23,1.1086191037882132,0.871775755751335,1.3918060539112926
2022-08-24,1.107124396535,0.8721080651170121,1.3898321231309643
2022-08-25,1.1117456163640247,0.8715109682241826,1.3906923695704136
2022-08-26,1.1118167759918465,0.8703040221687992,1.3917333482865555
2022-08-29,1.1113438737024324,0.8700076212686118,1.3905864605714655
2022-08-30,1.108595192202685,0.8688334832490161,1.393082470337463
2022-08-31,1.1027743322289032,0.8709424367870211,1.3918767039507502
2022-09-01,1.1038552049132233,0.8728251320535378,1.388447214382285
2022-09-02,1.1021115338234562,0.8731065177083799,1.3916353727432111
2022-09-05,1.1033748375249908,0.8719487268890453,1.3912705171123472
2022-09-06,1.1027208319894846,0.873289796627641,1.392117665341059
2022-09-07,1.1069652156075818,0.8740400927255311,1.3918974684397465
2022-09-08,1.1101966991691046,0.8739006309263764,1.3910523404859116
2022-09-09,1.1093583922950627,0.8721119481590547,1.390667721739849
2022-09-12,1.1075796375954363,0.8726831749769386,1.3917554329045512
2022-09-13,1.1048761326311283,0.873326537381574,1.3925068423196818
2022-09-14,1.1053002197614508,0.8723304896069832,1.3909748357830474
2022-09-15,1.1101481733642142,0.8752050336967968,1.3902715924682576
2022-09-19,1.109428967221873,0.8762023048103746,1.3908433943647984
2022-09-20,1.1127632500216043,0.8763078815508154,1.3918755031987193
2022-09-21,1.1137797757159005,0.8765055919432881,1.3919197471092453
2022-09-22,1.110879518321847,0.8769812156736256,1.3932907274300719
2022-09-23,1.10716962112412,0.8761521050353076,1.3912456576915868
2022-09-26,1.1021916201626896,0.8762569313837129,1.3910809102485755
2022-09-27,1.101411837757811,0.8763943173233645,1.3927164942390784
2022-09-28,1.099126177094231,0.8745227337694814,1.3920516014983957
2022-09-29,1.0983656492631246,0.8727400250827656,1.3927244229657074
2022-09-30,1.1000991679543473,0.8711851270640685,1.391430849877295
2022-10-03,1.0990875141964336,0.8734815756780948,1.3928024269922203
2022-10-04,1.0972424616667995,0.8722442007344375,1.39082301508762
2022-10-05,1.0984815231651046,0.8736940317955731,1.3940058362389998
2022-10-06,1.0998995176614468,0.8725965571030664,1.3934185967806736
2022-10-07,1.100491481828805,0.8733411919738765,1.3953034277422562
2022-10-10,1.1005913011573147,0.8718161528355192,1.395222824318038
2022-10-11,1.1010366692946347,0.8722727119585935,1.394839016016174
2022-10-12,1.101674294347065,0.8728315407859762,1.3956234233063998
2022-10-13,1.0983315767568955,0.8744077240464293,1.395611885205488
2022-10-14,1.0981522217760944,0.8757103624507315,1.3946414826426703
2022-10-17,1.095768184548736,0.8747734927575832,1.3937194428104804
2022-10-18,1.0936971154327788,0.8742290424189552,1.3935380495147534
2022-10-19,1.0938456702955839,0.8753324765809536,1.3955319066892498
2022-10-20,1.0969133044479473,0.876505378848316,1.396391163790821
2022-10-21,1.099707933803184,0.8748102160591816,1.3972233878574856
2022-10-24,1.1003735433890807,0.8747083433531936,1.396427812837612
2022-10-25,1.1015230138882564,0.8746937649374431,1.3953709757923993
2022-10-26,1.1011518745301805,0.8743022101074456,1.3955546842673217
2022-10-27,1.1030644225022894,0.8755889971022096,1.3993522115705537
2022-10-28,1.104221973029639,0.8757998558335626,1.399168127634495
2022-10-31,1.101866244459185,0.87631494602474,1.398701756726036
2022-11-01,1.1039484255832337,0.8751292179179642,1.3962074767173778
2022-11-03,1.1028115349937582,0.8751700351036301,1.3966770082249316
2022-11-04,1.1047715224083794,0.8760597477700404,1.3966411470875908
2022-11-07,1.1093835399469227,0.8770455488450863,1.3965987008188354
2022-11-08,1.1092126705243648,0.8767973278231611,1.3968843270611817
2022-11-09,1.1081541472366065,0.8765403762478506,1.39729741186988
2022-11-10,1.1053968953153201,0.8754927132806617,1.395820265594402
2022-11-11,1.1014789291041127,0.8774837013112088,1.3952564124488578
2022-11-14,1.1006395639887305,0.8775850784452479,1.3962030051959966
2022-11-15,1.1018773479039634,0.8766762940661367,1.3951137259988355
2022-11-16,1.1008011640548905,0.8779863277982406,1.3939237905989932
2022-11-17,1.100349841567646,0.8767050766811658,1.3955508699595123
2022-11-18,1.1014448766952654,0.8766463951367274,1.3946309570037352
2022-11-22,1.1006662543024222,0.876440136005205,1.3957303976361677
2022-11-23,1.0998529006053874,0.8768747444235231,1.3937688577565155
2022-11-24,1.0995177705539951,0.8765164519918348,1.3904950210383065
2022-11-25,1.0962954757399779,0.8745526840758805,1.3908025123712562
2022-11-28,1.0975423408460565,0.8741288122890009,1.3954527495769944
2022-11-29,1.0966860105584544,0.8756539899823509,1.3950742360283586
2022-11-30,1.0989732919685657,0.877900427942084,1.394959930799543
2022-12-01,1.100707893767731,0.8755279674505745,1.3947991160495403
2022-12-02,1.1013041386370659,0.8760943017945578,1.3945726022452023
2022-12-05,1.0989995978831388,0.876941901219202,1.393600648719018
2022-12-06,1.1061725219647442,0.8753737314337333,1.3938337105342355
2022-12-07,1.104470130630071,0.875450523681751,1.395599617344291
2022-12-08,1.1021375933147461,0.8741193401537612,1.396563881498089
2022-12-09,1.0995146255091421,0.8757908396262617,1.395035605848798
2022-12-13,1.1020602294262354,0.8760513185836142,1.395996870116601
2022-12-14,1.1010906866807593,0.8750899182149208,1.39568764149451
2022-12-15,1.102633303198088,0.8754998928256881,1.3949272588404293
2022-12-16,1.1031539641581012,0.8745624578819765,1.396897840078762
2022-12-19,1.1023074411711544,0.8742911291979985,1.397776127718364
2022-12-20,1.1024767099412665,0.8762821854323304,1.3981289265956358
2022-12-21,1.104967044533085,0.8778845492112739,1.3976938068326163
2022-12-22,1.1010877550363203,0.876807370944665,1.3971101884162034
2022-12-23,1.100165647858097,0.8759017162952961,1.3992952772909366
2022-12-26,1.0980716235683186,0.8750492077918306,1.398507120791518
2022-12-27,1.098198026295736,0.8755709229199123,1.3971648208796335
2022-12-28,1.0927510895806234,0.8744736549761911,1.3974982239794884
2022-12-29,1.091451324904801,0.8745318906033827,1.398527966180543
2022-12-30,1.0873727705495102,0.8724276880234836,1.3975181947474886
2023-01-02,1.084157473106688,0.8746428614700323,1.3952904307730283
2023-01-03,1.0861236952365554,0.8746721915581253,1.3959092554652166
2023-01-04,1.081339622263394,0.8736386084255147,1.39611121827963
2023-01-05,1.079591635456306,0.8720910483113197,1.3944435978637688
2023-01-06,1.0737140316172877,0.8736202429551987,1.3954877702034854
2023-01-09,1.0722857252616662,0.8736481967149184,1.3928576397170247
2023-01-10,1.0719036916895937,0.871853497220099,1.3923461989293944
2023-01-11,1.0712533294092481,0.871281838448326,1.3943802807332983
2023-01-12,1.067301609951907,0.8713769720740278,1.3950319521648535
2023-01-13,1.069133623049979,0.8710236698467676,1.396689002659564
2023-01-16,1.0719316775614227,0.8729774852293294,1.3970349850765218
2023-01-17,1.0716379265785896,0.8741243445952601,1.396468838687523
2023-01-18,1.074676367745267,0.8741378038495079,1.3964734010684905
2023-01-19,1.0719061502278868,0.8737302107421413,1.396156251157662
2023-01-20,1.0679674273993482,0.8729207763762288,1.396581492781625
2023-01-23,1.0657472420080796,0.8712424705397133,1.3962160316091388
2023-01-24,1.0629463896681268,0.870834844843973,1.3964300176593192
2023-01-25,1.0650174652380473,0.8723581755735027,1.395684139760582
2023-01-26,1.0665483270405112,0.8745060766213512,1.3976327370542945
2023-01-27,1.0663487889741905,0.8724505592676317,1.3968359261342984
2023-01-30,1.0655069239863284,0.8725816405440742,1.3961808934954638
2023-01-31,1.0642278754301102,0.8735549529961428,1.3968752026953746
2023-02-01,1.0627322832962776,0.873907135490064,1.3971618850310277
2023-02-02,1.0640351013143683,0.8721069398388562,1.3976034338509344
2023-02-03,1.0644578408487428,0.8709674490913671,1.3972867598172292
2023-02-07,1.059647506671789,0.8715829357885819,1.3984769954446332
2023-02-08,1.0591960941544012,0.8705273413427372,1.3986692865814816
2023-02-09,1.0575600900143247,0.8705257980508774,1.396719201108559
2023-02-10,1.0588307894119338,0.8708568436242797,1.3971282434052381
2023-02-13,1.0599280019145478,0.8698195622000973,1.396326576871633
2023-02-14,1.0583420744509529,0.869477857010661,1.398647533351043
2023-02-15,1.057854808836899,0.868987537061114,1.3967283113664644
2023-02-16,1.058702574918906,0.8718713359527951,1.3951325801425902
2023-02-17,1.0586169535010803,0.8712870459463172,1.3945759524279
2023-02-20,1.066646533773031,0.8703399012001505,1.3942858406222443
2023-02-21,1.0651946626388302,0.8706447986491646,1.394651463363346
2023-02-22,1.0695251738459672,0.8691881807581564,1.3947337630301468
2023-02-23,1.0693959414097716,0.8686952476407991,1.3936930961388798
2023-02-24,1.069826989650437,0.8664019827523618,1.3940788319396429
2023-02-27,1.0693935572900608,0.8669041504717557,1.3969973676124106
2023-02-28,1.0714814339323553,0.867032997620172,1.3957451529769542
2023-03-01,1.0703033168610474,0.8674168450404306,1.3959627922127054
2023-03-02,1.0701632338629428,0.8668113838978108,1.3971410338812311
2023-03-03,1.0702099288743903,0.8654895793445292,1.3963535051881881
2023-03-06,1.0733346667007686,0.8651919040678057,1.3965322130936264
2023-03-07,1.0738595652752463,0.8657613082857939,1.3973292209156205
2023-03-08,1.0729526294494307,0.8669057720413447,1.3974894437807313
2023-03-09,1.07284702760617,0.8659679436226476,1.3976738999103056
2023-03-10,1.0700901108023702,0.8657916229234097,1.3937703440563733
2023-03-13,1.073154802600205,0.8650679495838349,1.3925675211172004
2023-03-14,1.0736739587557715,0.8636564347173786,1.3940480157911783
2023-03-15,1.072627672785563,0.8652626990582963,1.3948471767771131
2023-03-16,1.078910385110318,0.8651467591675932,1.3955045609556398
2023-03-17,1.0854043969579557,0.8645456949665609,1.395443483412164
2023-03-21,1.086581057699176,0.8648811260066367,1.3948767610496344
2023-03-22,1.0860270858293135,0.8638635599266018,1.3952844121021395
2023-03-23,1.0860181652794463,0.8642288871965647,1.395109694718155
2023-03-24,1.0842497949301861,0.862622471299064,1.3943948061763651
2023-03-27,1.0859997648874578,0.863119060384577,1.3944113113745764
2023-03-28,1.085459318164808,0.8619794902408062,1.3948644045415044
2023-03-29,1.0840024470997767,0.8620377756686437,1.3958022490250006
2023-03-30,1.080695116464475,0.8620948018759768,1.3953435569406383
2023-03-31,1.0843868638804512,0.8622770835022541,1.3952710251120102
2023-04-03,1.0852514363743133,0.8624426094818722,1.39726902670796
2023-04-04,1.0846695113588043,0.8611033010471353,1.395707880141918
2023-04-05,1.078538768323413,0.8613038312463166,1.396492449352527
2023-04-10,1.0779807825552552,0.860106980858745,1.3954988875513208
2023-04-11,1.0780029030778788,0.8620979232632834,1.3954829149276133
2023-04-12,1.0810691863805666,0.8601272994499098,1.3967696838428116
2023-04-13,1.0817825142297914,0.8605012614876049,1.3956188389585436
2023-04-14,1.0797057154568448,0.859795248535173,1.3966042172993107
2023-04-17,1.0787229627284731,0.8596267245148423,1.3951841344827798
2023-04-18,1.0756609655753946,0.8588796194908452,1.3945664060203051
2023-04-19,1.0766266665510733,0.8595113822736135,1.3952355058690977
2023-04-20,1.0776816710548012,0.8594210883574129,1.3944857468659366
2023-04-21,1.079891515633046,0.8618736214373898,1.3921215382294732
2023-04-24,1.0783366589944097,0.8631311004420941,1.3922489675705352
2023-04-25,1.0774455571366333,0.8632555166682306,1.3926655529135379
2023-04-26,1.079091929412046,0.8624649129829904,1.393183974685058
2023-04-27,1.0792286361694368,0.8629440599443076,1.392071103936477
2023-04-28,1.0751087251058202,0.8625705591239883,1.3929687877491201
2023-05-02,1.0795883423713541,0.8632686946865913,1.3944007239376102
2023-05-03,1.0804049415999646,0.8639694338637255,1.3933289279619285
2023-05-04,1.0799127354306874,0.8640061581904047,1.3944193318282592
2023-05-05,1.0791513657561314,0.8639901309033072,1.3963064593165433
2023-05-08,1.0825967048401208,0.864588000545908,1.3955641532825505
2023-05-09,1.0863470036315799,0.8675048321731541,1.3963795106013284
2023-05-10,1.0866374434581116,0.866181279819774,1.3968314708666503
2023-05-11,1.0837465364392893,0.866445332775298,1.397313913680423
2023-05-12,1.0825548446812114,0.8649469987978995,1.3970305166413193
2023-05-15,1.0796108252996646,0.8646218603972051,1.3986483453492733
2023-05-16,1.0793727285102706,0.86483308488674,1.398102678419204
2023-05-17,1.0801476708343092,0.8652823687082051,1.3975338279572045
2023-05-18,1.0807468245032061,0.8658877860157137,1.3965690757192093
2023-05-19,1.0769493737680467,0.8643218695018525,1.397203734044233
2023-05-22,1.0713204848571631,0.8654727505473968,1.398294686545984
2023-05-23,1.0697679907929876,0.8650385026193316,1.3979192934713602
2023-05-24,1.0748815141186565,0.8642903054111921,1.3972595440439972
2023-05-25,1.0795483913000459,0.86449232406668,1.3983322552640416
2023-05-26,1.0777257794050303,0.8639566057926525,1.4003885226952053
2023-05-29,1.0784110010106993,0.865263070219745,1.399027044844213
2023-05-30,1.0757742212950343,0.8643433742082586,1.3995790462816526
2023-05-31,1.077492900466073,0.8634004843282878,1.3982240571225484
2023-06-01,1.0765939067366017,0.8628340621276217,1.4000726540255826
2023-06-02,1.0790542356779884,0.8610042396623834,1.3996381417838377
2023-06-05,1.079839037677071,0.8616746127301076,1.3987876233052636
2023-06-06,1.0723261424908992,0.86042213283863,1.4020003634665033
2023-06-07,1.076104429114908,0.8596431054538396,1.4031159235384354
2023-06-08,1.0811708706660106,0.8598705521015597,1.404165386274247
2023-06-09,1.079820315780478,0.861345235528695,1.401967424131725
2023-06-12,1.081904500665633,0.8603456546522253,1.4035845232939226
2023-06-13,1.0822652946415716,0.8608079364684145,1.4055600043511396
2023-06-14,1.082715299127174,0.8608063697550916,1.4042860835235154
2023-06-15,1.0853741882474315,0.859768233052701,1.403678039997931
2023-06-16,1.0869511700233745,0.8586988239257555,1.4018214518858079
2023-06-19,1.0871312712168906,0.8586894148584178,1.4026133064596553
2023-06-20,1.0886380555068778,0.8602363975176004,1.404277256711494
2023-06-21,1.0938532090297053,0.8618053699902257,1.4048030366966395
2023-06-22,1.0886880819055367,0.8585887031695328,1.4018352757806094
2023-06-23,1.0918195191346949,0.8600923904446827,1.402204479265554
2023-06-26,1.0935463134122965,0.859079132626825,1.4034350206326214
2023-06-27,1.0921387832348013,0.8604258119631872,1.4034307841623932
2023-06-28,1.0943821627894221,0.8586020703825014,1.403355341907161
2023-06-29,1.0950430160345654,0.8608983045649973,1.4033045416511087
2023-06-30,1.1014265209672869,0.8614124231921577,1.4044955469620006
2023-07-03,1.0978371082857745,0.8595607083471506,1.4058211988588105
2023-07-04,1.0938995058544818,0.8583034149938918,1.405653323336514
2023-07-05,1.0966904687733288,0.8577858443899843,1.406991163938208
2023-07-06,1.0930067678764008,0.8601468328987265,1.4054357029473132
2023-07-07,1.0907959602396253,0.8587917337007347,1.406842649494919
2023-07-10,1.0910036127853076,0.8588651089292676,1.4057031234712294
2023-07-11,1.0907381527978566,0.8594192701497584,1.4046538639462034
2023-07-12,1.090555905380343,0.8584479122279027,1.4064272588144233
2023-07-13,1.0875142250320358,0.8607926194326494,1.4051551936302904
2023-07-14,1.0869886158821895,0.8592969166505379,1.404782796016729
2023-07-17,1.0872265662557914,0.8589952120180985,1.4051141361215609
2023-07-18,1.0839211714709203,0.8580900531267291,1.4058380008030358
2023-07-19,1.0839179518978805,0.8562226904658751,1.4065907261846178
2023-07-20,1.082691033205606,0.857595802195594,1.4070452568101823
2023-07-21,1.0827752605450094,0.8596189794461749,1.404626835903843
2023-07-24,1.0844659046084164,0.8563233016826473,1.4037438430135227
2023-07-25,1.082539641265948,0.8562034109256884,1.4036393273546766
2023-07-26,1.0859358687169642,0.856223019789208,1.402846938566085
2023-07-27,1.090187056864196,0.8564620604440599,1.4031332918381016
2023-07-28,1.0890653476179806,0.8575280996903007,1.4038637704344274
2023-07-31,1.0920034325263523,0.8551153672747015,1.4041062544929566
2023-08-01,1.0897813583675144,0.8562071804565402,1.4033419040985395
2023-08-02,1.0831701588775189,0.8564951721789994,1.4038580428673868
2023-08-03,1.0849452211502912,0.856748287289025,1.4034373217049305
2023-08-04,1.079658027739383,0.8573505270111773,1.4040266823155496
2023-08-07,1.0818417128919604,0.857308773740116,1.4054777445252005
2023-08-08,1.0823055606904532,0.8582532309306382,1.4054234197857416
2023-08-09,1.0831922886190049,0.8599111793272688,1.4068871511258232
2023-08-10,1.0840156291002536,0.8589429629211806,1.4053233260137319
2023-08-11,1.0799241862982714,0.85952544006413,1.4046878572994492
2023-08-14,1.0836958989499728,0.860531687867043,1.4048075968194813
2023-08-15,1.0826618273801911,0.860237219576939,1.4043318209055975
2023-08-16,1.0806462056872856,0.8597570219896858,1.4041179432553708
2023-08-17,1.0779103743684944,0.8590145936049205,1.404753942257048
2023-08-18,1.0770137603631849,0.8606310995471765,1.4028603413080127
2023-08-21,1.0726808480914753,0.8589900014392804,1.403162976109816
2023-08-22,1.0758398226393096,0.8589018270986719,1.4038573920202573
2023-08-23,1.0706861076381209,0.8579620527273855,1.4045166763803132
2023-08-24,1.076518723468409,0.8573192458485834,1.4029544862992027
2023-08-25,1.0767653342664028,0.8587581212191089,1.405776154235739
2023-08-28,1.0809091179035921,0.856516969701474,1.4040011212767542
2023-08-29,1.0749906552663766,0.8579427080586338,1.4039324774241644
2023-08-30,1.0743722241554505,0.8579439676926799,1.404288565620217
2023-08-31,1.075375680984398,0.8576515453308778,1.406490848566718
2023-09-01,1.0745303638428345,0.8596055380543658,1.4034120584116183
2023-09-04,1.0756546819641786,0.85804744532715,1.4023863218191563
2023-09-05,1.0760911061807426,0.8574715299930598,1.4026130188348391
2023-09-06,1.0791375754415062,0.8564213570835368,1.4025776138540005
2023-09-07,1.079748258164375,0.8563213118624222,1.4019402224286217
2023-09-08,1.0787394712945237,0.8581529744579836,1.401849646068345
2023-09-11,1.0787971867466815,0.8563476765220096,1.4032271185691403
2023-09-12,1.079678447417862,0.856147161343704,1.4019664252157613
2023-09-13,1.0751039935823357,0.8542057038284253,1.4037166699963635
2023-09-14,1.0739233696986923,0.8531512062245791,1.4048378419437186
2023-09-15,1.0737768237431056,0.853522776657294,1.4027070903168801
2023-09-18,1.0779166606078348,0.8531709318977461,1.4034798076822623
2023-09-19,1.0774239527071543,0.8545490551003752,1.4028620584809108
2023-09-20,1.07348222051447,0.855279890510419,1.4036714313670755
2023-09-21,1.0710739247589502,0.8515594969706921,1.405344757908181
2023-09-22,1.06843768004142,0.8511355662891027,1.4063573715463793
2023-09-25,1.0730862524389864,0.8529116784040968,1.405728512996258
2023-09-26,1.0750514220154486,0.8546855280061842,1.4069532981739423
2023-09-27,1.077510508965097,0.8546216915369598,1.407546865437644
2023-09-28,1.0763570327856113,0.8530985497857001,1.4081385999447689
2023-09-29,1.0722625234246321,0.8512408022663875,1.4069276585147947
2023-10-02,1.0740444745672548,0.8524699116945534,1.408481881272702
2023-10-03,1.0748414855615671,0.8511724369498261,1.4078870956853582
2023-10-04,1.0753909466114002,0.8508799689641495,1.4085223057025318
2023-10-05,1.074785700665311,0.8505641253844585,1.4090990701390103
2023-10-06,1.0751862599671398,0.8507690411750358,1.4070933282272844
2023-10-09,1.0785920563750984,0.851110450508504,1.4078114387911271
2023-10-10,1.0732951525442238,0.8533133029763963,1.4092218904173541
2023-10-11,1.076048945197984,0.8545424187809796,1.409461572883347
2023-10-12,1.0725107360423407,0.8536331579894327,1.4091861136546466
2023-10-13,1.0730967135732554,0.8535803384334074,1.4103235446912408
2023-10-16,1.0748145707542966,0.853814833049942,1.4115624548527386
2023-10-17,1.0740647715961684,0.8547545852134668,1.4115556821084962
2023-10-18,1.075430401699337,0.8532030726256061,1.4121460096538392
2023-10-19,1.072415040756233,0.8537862624997826,1.4101071942160925
2023-10-20,1.0733315297264594,0.8548442870411648,1.4098529413237477
2023-10-23,1.0750951364752166,0.8539549756497181,1.406725280944383
2023-10-24,1.0772163177554772,0.853756401277372,1.406067517344255
2023-10-25,1.0764821014414554,0.8530018419417219,1.4074917392676625
2023-10-26,1.078451494195504,0.8518336096153183,1.4099371268905887
2023-10-27,1.0812706490140125,0.8521787403988594,1.411783107418028
2023-10-30,1.0845547951777443,0.8518223426147945,1.4108132336138903
2023-10-31,1.0873196989072096,0.8517499885870153,1.4099368093140072
2023-11-01,1.086592143838906,0.8529543921856438,1.4122398817968782
2023-11-03,1.08081903016639,0.8527651659280364,1.4120948127698614
2023-11-06,1.0803738100901925,0.8532711377928256,1.4114258769547514
2023-11-07,1.0812723298107594,0.853786478745378,1.4129306586592594
2023-11-08,1.083579938347702,0.8541542094101544,1.4120006210258533
2023-11-09,1.0819505286844564,0.8526549639766513,1.4148822293831858
2023-11-10,1.0810189675498627,0.8530649301532037,1.4135858535922
2023-11-13,1.0837033994460368,0.8522717463966454,1.4134437889218414
2023-11-14,1.0755211025689397,0.851250937939157,1.4127923791772135
2023-11-15,1.0765254382909102,0.8510017443993688,1.413257048070898
2023-11-16,1.078143367273454,0.8518900611093269,1.4124119485707263
2023-11-17,1.077010399722431,0.8518035943518557,1.4138272435774455
2023-11-21,1.0800602538930901,0.85164554357398,1.41400520597758
2023-11-22,1.0813642341847078,0.8515264512459265,1.4134665147890657
2023-11-23,1.0889326488685516,0.8501043541396724,1.4124979529178199
2023-11-24,1.0891003242817208,0.8504169015107641,1.4150241811008941
2023-11-27,1.0902765946973776,0.8507136886618741,1.4156681589153843
2023-11-28,1.089664426974272,0.8495822881553853,1.4181891086633682
2023-11-29,1.0898399070604157,0.8513329630727688,1.4199460629783667
2023-11-30,1.086723633709827,0.851993998546165,1.419233590091452
2023-12-01,1.0894614205102537,0.8515965221422461,1.4190493150601216
2023-12-04,1.091529870242578,0.8515330001412914,1.4193707613547968
2023-12-05,1.0940452726111074,0.8508586822854433,1.420541037239955
2023-12-06,1.09381624795759,0.8485544409307924,1.4199198716023973
2023-12-07,1.0963526212462062,0.8477704154002554,1.4180771699480537
2023-12-08,1.096376520365062,0.8477584769461205,1.418956638184707
2023-12-11,1.0982060201237076,0.8482277791156391,1.4194802402927535
2023-12-13,1.0988884120836062,0.8493383764620407,1.4189976681577343
2023-12-14,1.0896022034210588,0.8502747650424344,1.4185815251276197
2023-12-15,1.0924169634351364,0.8521560993055541,1.419776149252083
2023-12-18,1.0965224424748483,0.8512912527573283,1.4205793074452413
2023-12-19,1.096597677906109,0.8507316472499066,1.420456926752114
2023-12-20,1.0910672000947974,0.8508282665044747,1.4192637105131136
2023-12-21,1.092039819275247,0.8495865135943707,1.4184498137325274
2023-12-22,1.096192918416808,0.8500477272124423,1.4213933212120644
2023-12-26,1.095789145568018,0.8495699505125391,1.4206911047016206
2023-12-27,1.0994786818575841,0.8488807761880057,1.4205514698438375
2023-12-28,1.1008595753418846,0.8477324976024073,1.4208082550352032
2023-12-29,1.1000988077775895,0.8487967518653372,1.4195510543492895
2024-01-02,1.0982230947798575,0.8487165721540771,1.4206656971133582
2024-01-03,1.0909977274841953,0.8468671890911421,1.420304006916728
2024-01-04,1.092764546307281,0.8474242883319917,1.419807796138893
2024-01-05,1.0930725560058105,0.8483852774968439,1.4204085510090225
2024-01-08,1.092888341742645,0.8480107138960008,1.4221877849487004
2024-01-09,1.0874111145803589,0.8472163965791522,1.420965930724854
2024-01-10,1.0897717026554246,0.847558584358811,1.4210608685667085
2024-01-11,1.0905170909504425,0.8477682524792763,1.4214638441165808
2024-01-12,1.090184238208646,0.848158263843698,1.420062589971625
2024-01-15,1.0915916108971009,0.8456546180291753,1.4205684366672258
2024-01-16,1.08904914518548,0.8490307292269903,1.4218724039320474
2024-01-17,1.0834915433874135,0.8495583138842169,1.4247764108638985
2024-01-18,1.0818288450407623,0.8495719618853285,1.4230681675782357
2024-01-19,1.0771806071601089,0.8495084594840424,1.4220442446629842
2024-01-22,1.0732061484681272,0.8502836948745761,1.421804825755932
2024-01-23,1.074496142852804,0.8493701271529026,1.421942467485905
2024-01-24,1.0800890234388316,0.8498144458005538,1.4213987437099018
2024-01-25,1.07622665845961,0.8479229505521778,1.4212491152050042
2024-01-26,1.0755810615238712,0.8493120074143478,1.421030681939513
2024-01-29,1.0771733506261707,0.8485033362319703,1.4205101637802737
2024-01-30,1.0797930421001654,0.8495107067766331,1.4215170302139177
2024-01-31,1.0825862557412285,0.850077590911221,1.4218551218122797
2024-02-01,1.0818984908545795,0.8510462768923728,1.4222095895926756
2024-02-02,1.0830319311291212,0.8496861725575285,1.4238721559772691
2024-02-06,1.0806913947216805,0.8498026903414897,1.423174381853024
2024-02-07,1.0830369852065413,0.8495377825013449,1.4227437101067268
2024-02-08,1.0796924915631687,0.8502469012115554,1.4188295866418532
2024-02-09,1.0804395091171948,0.8494930642159295,1.4195324176842867
2024-02-12,1.078415742057652,0.8487927455989427,1.4204016674451199
2024-02-13,1.0754251911069215,0.8486462989083698,1.4203097480898779
2024-02-14,1.0740552083518355,0.8477374273994199,1.421151203709411
2024-02-15,1.0775640768451578,0.8474530749292308,1.4200560138056626
2024-02-16,1.0799530056913202,0.8469134618027067,1.418789350216153
2024-02-19,1.0803590491100075,0.846444142611347,1.4191772851651492
2024-02-20,1.082018742877644,0.8474060266528096,1.420670076773461
2024-02-21,1.0871556167110692,0.8484507187504192,1.4192914174543108
2024-02-22,1.0875970713054757,0.84692541672711,1.4197424215694219
2024-02-23,1.0922134183550951,0.8469985493115033,1.4191487792798814
2024-02-26,1.0905462096880938,0.8473843674054458,1.417193739005947
2024-02-27,1.089173828916536,0.8462991041537429,1.4183614195227758
2024-02-28,1.0876104435115719,0.8456488651833385,1.418347614860978
2024-02-29,1.0862677705438468,0.8461116605076723,1.4207063228212693
2024-03-01,1.0846428102655161,0.8464701529183369,1.4194426472959336
2024-03-04,1.0845562400622577,0.847124857711789,1.4199826667058522
2024-03-05,1.0856700337048284,0.8453670513448778,1.4198107452850441
2024-03-06,1.0867111277991577,0.8456750810803956,1.4198677886589852
2024-03-07,1.0902154271039093,0.8453930647096882,1.4190124612203534
2024-03-08,1.0897680598437176,0.8441133502942639,1.4207738661152556
2024-03-11,1.090607737587595,0.84221861084186,1.4197162118328368
2024-03-12,1.0904202138832422,0.8456525378561267,1.4213914153820029
2024-03-13,1.0870025569194401,0.8449723711738405,1.4182391528274192
2024-03-14,1.0882322807202496,0.8441914453761146,1.419412105915259
2024-03-15,1.0928428502220706,0.8438721921431169,1.4204503536408595
2024-03-19,1.0932932214125717,0.8439466176685984,1.4195324091022916
2024-03-20,1.0895808926483561,0.8438833148285076,1.4179927694802594
2024-03-21,1.0906070500790133,0.8421068766829836,1.4169333813737084
2024-03-22,1.0888099106370248,0.8420204691486456,1.4167551808359
2024-03-25,1.0896883252519363,0.8402715088251294,1.4169278733707718
2024-03-26,1.093307436990363,0.8399824388701383,1.416489560431607
2024-03-27,1.0936961383304669,0.8399409850654497,1.4168385510763835
2024-04-01,1.09364123852866,0.8402575886939639,1.4168207857333375
2024-04-02,1.0927974287930464,0.8407137314533174,1.4179313277052161
2024-04-03,1.0933273497550995,0.8399016440156339,1.4175871905474051
2024-04-04,1.0936582144677154,0.8396814512887067,1.4172581250304352
2024-04-05,1.0952518908191022,0.8390726420156103,1.4170748275545966
2024-04-08,1.1004749583504034,0.8384888554089724,1.4149710458749916
2024-04-09,1.1002126486585313,0.8396336495858384,1.4173458447279006
2024-04-10,1.0963501376500693,0.840175306476551,1.4171297940990928
2024-04-11,1.0959402670748064,0.8386645817933082,1.4175028791684394
2024-04-12,1.0977443290994622,0.836684424326255,1.4188147577964296
2024-04-15,1.092522613243122,0.8357061739390903,1.4168476105935381
2024-04-16,1.093031743054915,0.8351305281436252,1.416503993499729
2024-04-17,1.0936217159418302,0.8369217305489575,1.4169424396826877
2024-04-18,1.0952647193370924,0.8382629591931372,1.4155128224260844
2024-04-19,1.092374836645276,0.8388354435202525,1.4157880942351693
2024-04-22,1.0934235827634353,0.8403026085755089,1.4165750566909243
2024-04-23,1.096443378212164,0.8405295483014286,1.4166413004640093
2024-04-24,1.098967462223648,0.8412694795748423,1.4155767399470651
2024-04-25,1.0970524805494597,0.84061795662023,1.4164218494782472
2024-04-26,1.0986676654936822,0.8401632624249746,1.4162757149890213
2024-04-29,1.0944467479466409,0.8387837921609835,1.4167915153510506
2024-04-30,1.090960777022803,0.8397223802652805,1.418179637388274
2024-05-02,1.0983828984272272,0.8401357295964984,1.4179689998081213
2024-05-03,1.1003675197399292,0.8398208443605609,1.4198309281448944
2024-05-06,1.1032426184084143,0.8383644351542793,1.420521041215739
2024-05-07,1.103575690561295,0.8403348487139849,1.420815268410496
2024-05-08,1.1013625864387082,0.8404869124637168,1.419186082550403
2024-05-09,1.0979232655669924,0.8398022258601984,1.4192857121335893
2024-05-10,1.0966548172982322,0.8402454774020849,1.4184625133904334
2024-05-13,1.1038002335724086,0.839440381209939,1.4180785669898186
2024-05-14,1.1038634115712471,0.8390330412737732,1.4165431236146078
2024-05-15,1.102847015182602,0.8393826632793084,1.4163498617432868
2024-05-16,1.1037088714011718,0.8377222722662744,1.4169842929274008
2024-05-17,1.1031788312389532,0.8384218853600708,1.4152942593905158
2024-05-20,1.1026246788968976,0.8370519864444675,1.4157106316971828
2024-05-21,1.0979322356080443,0.8378497313313352,1.4154435273093022
2024-05-22,1.0962716758013193,0.8379651247683294,1.414207000391407
2024-05-23,1.0937814399707069,0.8375920722633713,1.4151526040917521
2024-05-24,1.090639726399602,0.837703003886539,1.413954136116896
2024-05-27,1.0945493840103904,0.8378875511985739,1.4155135893662585
2024-05-28,1.100523522382134,0.8378823838945952,1.4149338113542413
2024-05-29,1.09902435551624,0.8379437046669286,1.414639835527146
2024-05-30,1.098017138858172,0.8374445636270355,1.4139372200153175
2024-05-31,1.0987564552432154,0.8367521803997273,1.415093181800752
2024-06-03,1.0854615489911856,0.8353943463579168,1.4140140950973255
2024-06-04,1.0801582698359915,0.8356290772403051,1.4175936225309709
2024-06-05,1.075344590288735,0.8350901395561161,1.417316592446007
2024-06-06,1.0750423408979868,0.8334207193156682,1.4174168248006231
2024-06-07,1.065355600556733,0.835672817818377,1.4164008187672497
2024-06-10,1.0752478829865626,0.8359554817787556,1.4177573844634306
2024-06-11,1.0751051093974269,0.8359301247543783,1.4170328992605354
2024-06-12,1.0778186342658562,0.8349867880781291,1.417511031998924
2024-06-13,1.0727437930207984,0.8340077304555195,1.4164315264692824
2024-06-14,1.076316186584301,0.8359232224585762,1.4168849446868392
2024-06-17,1.0818168867821067,0.8339437114748338,1.416692722152965
2024-06-18,1.0733748069243836,0.8322394024243442,1.4153815609105769
2024-06-19,1.0741925056379118,0.8339288787708874,1.414601028300552
2024-06-20,1.07302695460917,0.8314415729019013,1.4155516777014274
2024-06-21,1.0721497356371594,0.8314595163258026,1.4152367963994976
2024-06-24,1.0741161763756863,0.8307734831017092,1.4164497653435524
2024-06-25,1.073741343614409,0.8302290029516407,1.4177246760532725
2024-06-26,1.0826851255342351,0.8318956118435449,1.4154687445799758
2024-06-27,1.0853923582287184,0.8331611623247367,1.416076754328584
2024-06-28,1.0897322843816464,0.8323731520671899,1.417091927362082
2024-07-01,1.089525498171491,0.8300975358834799,1.4183016667555952
2024-07-02,1.0903875228896887,0.8333268781849924,1.4177513985779477
2024-07-03,1.0886590683074582,0.8322425555094619,1.4184010727803564
2024-07-04,1.0881317708271585,0.8332356396388049,1.4176312974061334
2024-07-05,1.0870166762882034,0.8331981205319612,1.4160606754704546
2024-07-08,1.081612439193748,0.8309959066396871,1.416568954385457
2024-07-09,1.0821011535534664,0.8311967475536984,1.415905042352187
2024-07-10,1.0817241350922204,0.8333546422304977,1.416725226493843
2024-07-11,1.087427809315553,0.8326518282916278,1.4174386694751895
2024-07-12,1.0872230728860686,0.8333190447661974,1.4178620701079967
2024-07-15,1.087998092158404,0.8362948234469216,1.4178489465891695
2024-07-16,1.0889373918091283,0.8336886550640196,1.4186770498177534
2024-07-17,1.086384907657172,0.833377723353907,1.4182153187603879
2024-07-18,1.0895625313118524,0.8325591546027936,1.4181802926697207
2024-07-19,1.09299256164699,0.8340383271555453,1.4173011729769434
2024-07-22,1.0919334992269323,0.8342353457406246,1.4173646444035317
2024-07-23,1.0937405705605543,0.8360018808174469,1.4169385951370324
2024-07-24,1.0932503619018534,0.8344198659040993,1.41754491525714
2024-07-25,1.0907387607704835,0.835914426181316,1.4172048927162846
2024-07-26,1.0904825600410062,0.8347860088414699,1.41702923117818
2024-07-29,1.0937387726612595,0.834244841744201,1.4158444661224807
2024-07-30,1.092854179196295,0.8330888270773157,1.4152917080802985
2024-07-31,1.0871511408366776,0.834260769722096,1.4150610801189054
2024-08-01,1.0855992172725542,0.8331763963264319,1.413448125081951
2024-08-02,1.0827620199133563,0.8330218840879423,1.4161864347557616
2024-08-05,1.083113830889488,0.8327681910328238,1.4166281512673056
2024-08-06,1.08218003839782,0.8320385062203242,1.418623447244428
2024-08-07,1.0812331676984086,0.8304080836667701,1.420941432703294
2024-08-08,1.0779226024887345,0.8324448296231451,1.4195090022608565
2024-08-09,1.0780211137088092,0.8325797385290616,1.4162784682809368
2024-08-12,1.0754299868287216,0.8305538306767464,1.4153284582334038
2024-08-13,1.06941950320937,0.8305559033563368,1.4158483705499303
2024-08-14,1.070000693281852,0.8294595482389616,1.4176296986216388
2024-08-15,1.0691424473840732,0.8292668578821383,1.4188376728324053
2024-08-16,1.071403807469358,0.8291589584583312,1.4176368783223494
2024-08-19,1.0696661574264494,0.829225591181126,1.4173184361317575
2024-08-20,1.0706367332409923,0.8284476269330414,1.4162471288122276
2024-08-21,1.0692003308597993,0.8248890494654891,1.4179760847461236
2024-08-22,1.0672626955146025,0.8263174558890539,1.417272163278947
2024-08-23,1.0692693036779133,0.8250345814586498,1.4173879329868158
2024-08-26,1.069602104302418,0.8254907006113514,1.4164681850309548
2024-08-27,1.0677148492489121,0.8242919625545211,1.4172732660397267
2024-08-28,1.0686212807675475,0.8245952302676074,1.4167815254760852
2024-08-29,1.066717300160857,0.825858291376523,1.4172650423959108
2024-08-30,1.0655092143329483,0.8270543376151568,1.4170017473695287
2024-09-02,1.0667451924554368,0.8278733533585694,1.419109127119963
2024-09-03,1.0665005668418077,0.8278074556441885,1.4184461275572502
2024-09-04,1.0681249713863168,0.8281849890231529,1.4199495596517904
2024-09-05,1.0674501618497683,0.8268549007752868,1.4177309381194052
2024-09-06,1.064682639551487,0.8268130868458706,1.4192710406475013
2024-09-09,1.068630685312276,0.8255191866802856,1.4186549367153702
2024-09-10,1.0688644298326013,0.8254979795781403,1.4197142821092998
2024-09-11,1.0699881158979423,0.8248271274119455,1.4190494416787462
2024-09-12,1.0688388972148648,0.8243823931160325,1.4188458242092838
2024-09-13,1.0717562070516464,0.8233020179652728,1.4178344595940824
2024-09-17,1.0696791978897495,0.8231641964699107,1.4163445104816927
2024-09-18,1.071152982319684,0.8244636684992348,1.4181978867849174
2024-09-19,1.069400978253709,0.8263394778446961,1.4177739373997669
2024-09-20,1.069488139859433,0.8238875499239184,1.4195947234952764
2024-09-23,1.0717759767078507,0.8254796321833224,1.418158094150698
2024-09-24,1.0649480583489,0.8243355398498798,1.41823744402504
2024-09-25,1.0647513898441447,0.8245978255533365,1.4201711214511035
2024-09-26,1.0631578527099013,0.8246464618086993,1.4199129935795403
2024-09-27,1.066218515968364,0.8241129585186036,1.420241897098948
2024-09-30,1.0667344973683253,0.8253909231880423,1.4214956658895372
2024-10-02,1.0665092607568654,0.8262524923674729,1.4211765162489585
2024-10-03,1.0680788079814223,0.8229687227782462,1.4185275215885067
2024-10-04,1.0628696970881515,0.8235963191859021,1.4189182854416162
2024-10-07,1.0631095136677384,0.8245706634558544,1.4207045432278764
2024-10-08,1.0636136609744202,0.8244448022453574,1.4196585272444757
2024-10-09,1.063861021656093,0.82289841205335,1.4205284950135628
2024-10-10,1.0667570687627779,0.8224400184126495,1.4209171546915143
2024-10-11,1.0697116934075641,0.8215589180341843,1.4197174692284555
2024-10-14,1.0688225004577183,0.8230183296058238,1.4182888265623779
2024-10-15,1.068420427863302,0.8239176955442153,1.4190583058154693
2024-10-16,1.0712472150712604,0.8231769267831816,1.4200962344330974
2024-10-17,1.0715891703739822,0.8248747538061907,1.4191134817502893
2024-10-18,1.073765852928502,0.8231937500616099,1.4202070048933384
2024-10-21,1.0769792625183374,0.8237179521229768,1.4174840610740995
2024-10-22,1.0764633247959408,0.8231711174403944,1.419872758378527
2024-10-23,1.0761330705901828,0.8237949471606415,1.4197002072859681
2024-10-24,1.0748027374211553,0.8236679568126323,1.41921102158707
2024-10-25,1.073521723519863,0.822487209440708,1.4194364907618078
2024-10-28,1.0744590202596507,0.8219576264827436,1.4201690672269023
2024-10-29,1.0743360776790483,0.818463459430833,1.4189158889225024
2024-10-30,1.0751109557869725,0.8210038833441509,1.4221882369934
2024-10-31,1.076746939003279,0.8206137474222625,1.4194645182972918
2024-11-01,1.0778799117243552,0.8213591347737961,1.4195928496964185
2024-11-04,1.0791595145989095,0.8221297551667988,1.419217410886265
2024-11-05,1.0799548532359724,0.8198062054189424,1.4192139222380675
2024-11-06,1.075491696732001,0.8196512420930777,1.421495030972557
2024-11-07,1.077804802070167,0.8214860924435224,1.420747802885939
2024-11-08,1.0774641498013457,0.8223260885153099,1.420725432967319
2024-11-11,1.0769060038243643,0.8213425570612575,1.4196374299284673
2024-11-12,1.078558851641003,0.8205056253729366,1.4205290183313164
2024-11-13,1.0784023275960566,0.8184777323563565,1.4225258676670562
2024-11-14,1.0796210982880015,0.8169495763710352,1.4200839589055465
2024-11-15,1.081038405197467,0.8178984801471395,1.420121326830653
2024-11-19,1.0838614150802677,0.8182632523440811,1.4193311373282418
2024-11-20,1.084675604079472,0.8191980954547509,1.4200951051492752
2024-11-21,1.098607793103513,0.819021326811053,1.421145238738941
2024-11-22,1.1057787273959947,0.8176062561632199,1.4211052678145628
2024-11-25,1.1153010544754498,0.8175017078034935,1.4233151083458322
2024-11-26,1.1099954682237165,0.8196565314294066,1.4226175669161683
2024-11-27,1.1173089618776801,0.8200492064936548,1.4221341655913315
2024-11-28,1.11550943626974,0.8189803031274836,1.4196121466340326
2024-11-29,1.1143283703174358,0.8186953020114852,1.4187037015205954
2024-12-02,1.1140398978506134,0.8188728664438059,1.418456459940935
2024-12-03,1.1151825009082577,0.8175703990173446,1.4182627041590736
2024-12-04,1.1160495116623497,0.8188243046397436,1.4184010803937521
2024-12-05,1.1157340887332112,0.8213816327491413,1.4190050618555827
2024-12-06,1.1210873847129217,0.8223115001831347,1.4191159098593027
2024-12-09,1.1166609623318193,0.8231846515643382,1.4200737205630323
2024-12-10,1.116450009947765,0.8217127502359189,1.419862088578519
2024-12-11,1.1181368154291602,0.822080688335834,1.4201320218684375
2024-12-13,1.1166653948336898,0.821539020242172,1.4225804246224567
2024-12-16,1.1154123586324243,0.823105945741446,1.422522056171916
2024-12-17,1.1124410933987192,0.8231981689512223,1.4190851952264907
2024-12-18,1.1087302258133105,0.8239452859598749,1.4219627162051007
2024-12-19,1.1064067134199578,0.8236332713993287,1.421457787837898
2024-12-20,1.1069148794188908,0.8234540497180329,1.4219454142989432
2024-12-23,1.1111706978342726,0.821782425553258,1.4217500271990187
2024-12-24,1.1169638117204275,0.8216463459786287,1.4243772552692973
2024-12-26,1.1157903708014396,0.8210559190857787,1.423506710794024
2024-12-27,1.1172700870614634,0.8217497703725719,1.4219768145619338
2024-12-30,1.1200883687904446,0.8216712357406922,1.4233294630166968
2024-12-31,1.1163146105545514,0.8224573955670863,1.423608867833055
2025-01-02,1.1201531583464812,0.8198445136494124,1.4237959213080713
2025-01-03,1.117693364423726,0.8219277482574691,1.4238614313782343
2025-01-06,1.1219185700873533,0.8193132702314763,1.4242864020140311
2025-01-07,1.1210235741436982,0.8195372681912739,1.4242029321386738
2025-01-08,1.1196921847689045,0.8197704029532092,1.423997089110469
2025-01-09,1.1223421953114308,0.8195565748927469,1.4257473766067634
2025-01-10,1.1212267632856214,0.8190991360130156,1.424408573444409
2025-01-13,1.1243541106841022,0.81807023390822,1.4231747190876618
2025-01-14,1.1254350579199661,0.817588422821732,1.4225007363044522
2025-01-15,1.1266208841698861,0.8170443686148983,1.4227258706418018
2025-01-16,1.128048314932682,0.8166800039473382,1.4231191564649044
2025-01-17,1.1281568516362406,0.8192650993334076,1.422411437473357
2025-01-20,1.1271303351062456,0.8208344842013681,1.4230075866779628
2025-01-21,1.1279773859901523,0.8208663880022026,1.4226868469038503
2025-01-22,1.123355766345431,0.8224523378265428,1.4243699143380488
2025-01-23,1.1270133942698315,0.8226387534058216,1.4265363138599498
2025-01-24,1.1313975677680654,0.8212718272708737,1.4250208698544555
2025-01-27,1.1324805646489482,0.8221701982462554,1.4225556530325496
2025-01-28,1.1347849040592188,0.8208503883978978,1.421273582707989
2025-01-29,1.1388099942569985,0.8175109520061218,1.4210476671371257
2025-01-30,1.1409252466721087,0.8164504202634774,1.4232611974764684
2025-01-31,1.137178195559214,0.8173220196545252,1.4220314942494896
2025-02-04,1.1365660660928083,0.8182466603226168,1.4225146232406771
2025-02-05,1.1363385983060172,0.8169681182458514,1.422390803842903
2025-02-06,1.140806823510211,0.8169554410497681,1.4230150416085354
2025-02-07,1.1404149217980115,0.8174084901700561,1.423702902098774
2025-02-10,1.1378862685846636,0.8172409302862035,1.4232679166554838
2025-02-11,1.135224642677978,0.8165169111074918,1.4231887830552454
2025-02-12,1.1347171996017196,0.8160770700621893,1.4247263201222589
2025-02-13,1.1337586974108589,0.8139464115491467,1.4262287507306168
2025-02-14,1.1337812137453027,0.8149110624934842,1.4249560096125589
2025-02-17,1.1365945590074187,0.8146454346344182,1.4270727385395332
2025-02-18,1.1329777869919289,0.8142392427644601,1.4262487150780867
2025-02-19,1.133772199105173,0.8130360361396746,1.4268956202417986
2025-02-20,1.1327222357409927,0.8150125704589688,1.4283214806488649
2025-02-21,1.131260423781386,0.816301975287315,1.4270745299678493
2025-02-24,1.132135210609976,0.8184205040116431,1.4290220619383958
2025-02-25,1.1290259265035183,0.8205341041413611,1.4289209999421697
2025-02-26,1.1316742848886059,0.8199615285367458,1.4300987894341248
2025-02-27,1.13047786212983,0.8178196087928314,1.4293285460835867
2025-02-28,1.1314347706860142,0.8200214533095999,1.4296646922139515
2025-03-03,1.1302649887755951,0.8183340602813131,1.4300005045426671
2025-03-04,1.1329474324360964,0.8165080444139677,1.427995113887116
2025-03-05,1.13615960710605,0.8124388238146172,1.4306894092102704
2025-03-06,1.1380733000374479,0.8127452691679732,1.4301312271473652
2025-03-07,1.1377881390851012,0.8133474377259983,1.429710236178686
2025-03-10,1.1338220732308282,0.8108257685889636,1.429494840795503
2025-03-11,1.1329928471680348,0.8102823843810548,1.4304240398450916
2025-03-12,1.1357242524257145,0.8071932597347232,1.4313971821317184
2025-03-13,1.135305788076232,0.8079424683761419,1.4310060339135082
2025-03-14,1.1338946700506838,0.8083784864827563,1.4303488357986995
2025-03-18,1.1343943761864292,0.80901624957529,1.4318065449016646
2025-03-19,1.1324181309467425,0.8086713191074385,1.4312705447981635
2025-03-20,1.1407702006581464,0.8090298977925149,1.4325485138723204
2025-03-21,1.1409298426134722,0.8082331451261696,1.4312656335947391
2025-03-24,1.1405793879683432,0.8095072340693255,1.4312432167446796
2025-03-25,1.141112197343739,0.8106989501077484,1.4318497778908525
2025-03-26,1.1416932070536632,0.8112650553688094,1.4318929523899828
2025-03-27,1.1406147852440374,0.8124918302133554,1.4311823218396127
2025-03-28,1.1459867516386295,0.8123127264386893,1.4302904244982684
2025-03-31,1.147780535679371,0.8121103640941464,1.4309204888164533
2025-04-01,1.145368165748087,0.8101715358065968,1.431548286086832
2025-04-02,1.1425561538089277,0.812298970974566,1.4313956805071906
2025-04-03,1.1397359229836672,0.8110492952041982,1.4335391937424617
2025-04-04,1.126825032257555,0.8122102385942421,1.4321522084319944
2025-04-07,1.1229932394296231,0.8113605943640135,1.4308820712191765
2025-04-08,1.1254030012514442,0.8118778986026971,1.4297754864284653
2025-04-09,1.1136973958613232,0.8106299794922315,1.429742863322205
2025-04-10,1.1082891895282605,0.8108769456953985,1.42808807355646
2025-04-11,1.1049722799492263,0.8100069050566598,1.429115323471765
2025-04-14,1.1054522683588024,0.8092662130994467,1.42944717392519
2025-04-15,1.1061118490498596,0.8100902436672114,1.4303384171123963
2025-04-16,1.1076757202443452,0.8092522271480959,1.4278300292132577
2025-04-21,1.1073228545434886,0.8083886057805776,1.4288105351352975
2025-04-22,1.1048989218738057,0.8070939806595179,1.4291390021159016
2025-04-23,1.1000466020169908,0.8065827081591059,1.4314468378169527
2025-04-24,1.0990816930666871,0.8079004242345847,1.4317667946179264
2025-04-25,1.09814069350338,0.8092023432645207,1.4307496784222384
2025-04-28,1.098723128276207,0.8099960850981981,1.4292583698564292
2025-04-29,1.0884856635981952,0.8109040456656954,1.428226898921873
2025-04-30,1.0895426136470139,0.8094729610078221,1.4289843942773
2025-05-02,1.0878175386884372,0.8086163666999693,1.4297447722785088
2025-05-05,1.0902682756160658,0.808221347950651,1.4300467379802024
2025-05-06,1.0816834791206316,0.8066284215042736,1.4287201584390787
2025-05-07,1.083891680576486,0.8063531311477414,1.429752327676707
2025-05-08,1.080221139582585,0.8075253202736649,1.4303943023458994
2025-05-09,1.0805571669857112,0.8069257772256048,1.430360911876673
2025-05-12,1.0808777971959542,0.8064235570531405,1.4282151606659157
2025-05-13,1.081022719577997,0.8064415207365202,1.4291228837840557
2025-05-14,1.0815209534396453,0.8072256571798629,1.4301829902864698
2025-05-15,1.080872460374714,0.8070996158066999,1.4294173677186133
2025-05-16,1.080628565534268,0.8082328781777411,1.4326897241566208
2025-05-19,1.0796472558997277,0.8083057359632382,1.4338137512190945
2025-05-20,1.0770952798737223,0.8068386013393367,1.434226312236237
2025-05-21,1.07936157514837,0.8082002047294937,1.433420499461187
2025-05-22,1.074860845373588,0.8076050593487424,1.4350560666891707
2025-05-23,1.0778626186134015,0.8085513805210078,1.4351255623787615
2025-05-26,1.078151280198102,0.8091951111376783,1.4324826060013587
2025-05-27,1.078623760647786,0.8080325413398534,1.4321194132676998
2025-05-28,1.0767222820068627,0.8088432631537954,1.4309307810423928
2025-05-29,1.07692396684423,0.8101891160911359,1.4305448265362062
2025-05-30,1.0748804741185185,0.8076710032420615,1.4295156093262673
2025-06-02,1.075646749507062,0.8082491501455125,1.4312106772555848
2025-06-03,1.076454678022552,0.807890344828218,1.430732178338739
2025-06-04,1.0758626603682058,0.8080148580265938,1.4313002555517522
2025-06-05,1.0758689630068776,0.8080673661700531,1.433318310730261
2025-06-06,1.0768946348545692,0.8064796565024379,1.4324375878609914
2025-06-09,1.0752671940581908,0.8046629665144696,1.4334889702958429
2025-06-10,1.0739257349678437,0.8070836776120552,1.4324473560933253
2025-06-11,1.0753808652105246,0.8077858703547433,1.4322214420117034
2025-06-12,1.0756306944897789,0.8078497233030619,1.432610405043361
2025-06-13,1.081912194659435,0.8063734442124545,1.4314776615386902
2025-06-16,1.0836961023217702,0.8087841247712193,1.4332281240125566
2025-06-17,1.0816266980014166,0.8092565069029988,1.4330344104632922
2025-06-18,1.0817864200809788,0.8093288845435825,1.433708789322476
2025-06-19,1.0790730735529241,0.8096189150842871,1.432003802603624
2025-06-20,1.079835021243822,0.8087479478362979,1.4313156937864635
2025-06-23,1.0811391267511172,0.8076797173604257,1.4329636408858508
2025-06-24,1.0820713955344887,0.8066022623580292,1.4332794579050014
2025-06-25,1.084339901620868,0.8077658444926972,1.4330977035950676
2025-06-26,1.0881096209056813,0.8075147074170655,1.4322067581865248
2025-06-27,1.0913972927253794,0.806265487144506,1.4331775931967397
2025-06-30,1.0919600604888333,0.808680064001862,1.4334501855150927
2025-07-01,1.0912406568684856,0.8073897062594564,1.435643542669783
2025-07-02,1.0932243026508632,0.8071460026652865,1.4347584341283528
2025-07-03,1.0923896167502254,0.8087336124052097,1.4352497147145642
2025-07-04,1.0910699071332677,0.8069783417399059,1.4343934906851246
2025-07-07,1.0902368167217271,0.8055238785663545,1.4333317564954626
2025-07-08,1.0874929009429324,0.8042832593029868,1.43355794063239
2025-07-09,1.089870019749754,0.8051600398971426,1.4346193883254772
2025-07-10,1.090531527142069,0.8036586940996084,1.4348034623512864
2025-07-11,1.0909263727777976,0.8018881496091459,1.4346801200779236
2025-07-14,1.0902268667416959,0.8025107932075356,1.436329096011656
2025-07-15,1.0905510134477017,0.801079663237778,1.4365968774829307
2025-07-16,1.095119327108949,0.8020733015835504,1.435460160496323
2025-07-17,1.0935707770241805,0.8019050136149862,1.4385410993234355
2025-07-18,1.0906900264454762,0.804353305760273,1.4346207313446853
2025-07-21,1.0900752986937936,0.802251872972279,1.4364420636338835
2025-07-22,1.0873405158128628,0.8037521245541299,1.4362601725955617
2025-07-23,1.084545488117312,0.8034709099589971,1.4375071211727901
2025-07-24,1.0872000947125888,0.8034074098801346,1.4368029101242379
2025-07-25,1.0939243090547095,0.8055260340948556,1.432093391203563
2025-07-28,1.0957289871446183,0.805874528537189,1.4368140668465685
2025-07-29,1.0958324602626597,0.804152560206325,1.4349670800952725
2025-07-30,1.0956885733243478,0.8030963954073385,1.43274994661349
2025-07-31,1.0953963092887233,0.8037638162879831,1.434675743538522
2025-08-01,1.0933346722313388,0.8046424359950356,1.4321263919884504
2025-08-04,1.0946897249937868,0.8060087157393274,1.4341547798842216
2025-08-05,1.0941816790707701,0.8041626968313853,1.4326311598343309
2025-08-06,1.0960857610959607,0.8027239780628361,1.43578153218843
2025-08-07,1.094062266389744,0.8050233326232165,1.4376004822959436
2025-08-08,1.0924849216734296,0.8057626653072378,1.4362350176116347
2025-08-11,1.0936682392403285,0.805335487866713,1.4377481432560462
2025-08-12,1.0944113764954906,0.8040840156836208,1.4368543519787393
2025-08-13,1.0947244276826076,0.8055594569493518,1.4351167843945252
2025-08-14,1.0977214700477504,0.803130458455496,1.4351806149109712
2025-08-15,1.099697983922552,0.802769035512202,1.4363960776395504
2025-08-18,1.1027247774448217,0.8039557419901199,1.4334902483120333
2025-08-19,1.1015233108125406,0.8018977429204972,1.4327384184408447
2025-08-20,1.1074770902351734,0.802834989262304,1.4317912104648187
2025-08-21,1.1067196288713879,0.8034005538056269,1.4340434871629875
2025-08-22,1.106803222636547,0.8044092221123098,1.4347482847229598
2025-08-25,1.1041972258995238,0.8050234407464466,1.4343524971647255
2025-08-26,1.1058518663320664,0.8045585076011254,1.4362422898177434
2025-08-27,1.103840484938509,0.8024533075200804,1.435980383893674
2025-08-28,1.105344247102126,0.802172304193264,1.4367802829791512
2025-08-29,1.1092363653964659,0.8021652925028493,1.4358591526086537
2025-09-01,1.1105804960757537,0.8042068412857598,1.4383842658888792
2025-09-02,1.1067422752914418,0.8044601402358773,1.4379200490023405
2025-09-03,1.1057286546212137,0.8037119203902663,1.43670493152878
2025-09-04,1.1066562811980163,0.8066725243824886,1.4349240384230264
2025-09-05,1.1054023647647124,0.806954697517328,1.436121500238586
2025-09-08,1.105560908215384,0.8034583946409379,1.4378285405153834
2025-09-09,1.1043106029280927,0.8066402664221399,1.435182986294187
2025-09-10,1.1063321520926834,0.8042050324419338,1.4377567638148827
2025-09-11,1.1031389315588287,0.8045674889135491,1.4382411144028318
2025-09-12,1.1034495543182776,0.8044778687319477,1.4395452025605255
2025-09-15,1.1051570783495128,0.8034588621828807,1.440133033283631
2025-09-17,1.1048214561231091,0.8022272754796315,1.4411096992533263
2025-09-18,1.1052661558317491,0.801301175720802,1.4397528405818367
2025-09-19,1.1106451702955864,0.8045773814085001,1.43839293468471
2025-09-22,1.1138212087601669,0.8050587543717423,1.4388042330108493
2025-09-23,1.1160229111092483,0.803635380714918,1.4392223390922387
2025-09-24,1.1156062702838312,0.8063612080725552,1.4389067515230425
2025-09-25,1.1293740726411785,0.8057557917296515,1.436621991825598
2025-09-26,1.1352361575019838,0.8057269906510517,1.4379032496293724
2025-09-29,1.134328494773791,0.8057853763938908,1.4362139923836643
2025-09-30,1.1449394371074892,0.8044837716059634,1.4355563863744747
2025-10-01,1.1412348546218323,0.8058816356067002,1.4352274561313298
2025-10-02,1.1433658049159277,0.8066260305733962,1.4374627432436602
2025-10-03,1.144656675283867,0.8058446958065197,1.4356843868223117
2025-10-06,1.1445765088830346,0.8070873372393681,1.4358018819793648
2025-10-07,1.1420033208342215,0.8064000963364368,1.433442624784051
2025-10-08,1.1434768556384984,0.8076356052835137,1.4350816000305504
2025-10-09,1.1472630294207977,0.8069753677074308,1.436145420274141
2025-10-10,1.152168480866858,0.8084194832302031,1.4355111172931738
2025-10-13,1.1520062263131914,0.8083066977211857,1.436907287225551
2025-10-14,1.1489929888586747,0.8068040339287333,1.435633831270832
2025-10-15,1.1460828753564467,0.8074758451006127,1.4362905960954198
2025-10-16,1.1518745585544585,0.8067113054416867,1.4374035967064849
2025-10-17,1.1479653240454906,0.804830856927826,1.4363610163698228
2025-10-20,1.1460220200033546,0.8052039845921175,1.4360488945610048
2025-10-21,1.140842657069888,0.8061679345942704,1.4367781654062435
2025-10-22,1.1487907429029796,0.8078164074164065,1.4358104643897365
2025-10-23,1.1448231947117933,0.8062507344532822,1.4339092397683861
2025-10-24,1.1487532467933756,0.8070308343118349,1.4347361168690431
2025-10-27,1.1470823705680362,0.8044382568400731,1.4330635952452269
2025-10-28,1.1426953177719499,0.8055242370530956,1.433203751716886
2025-10-29,1.1422603315518416,0.8058514470909834,1.4322831875090336
2025-10-30,1.1421215480325149,0.8045413209878252,1.4324648979586814
2025-10-31,1.1407702748518112,0.8051464092969074,1.4319960860499767
2025-11-03,1.1401189975744164,0.8068074098932443,1.434633977306404
2025-11-04,1.13951858451935,0.8071378844422984,1.4342386601949642
2025-11-05,1.133728118689373,0.8086226261465805,1.4349608656727249
2025-11-06,1.1330032008709603,0.8098838368234156,1.4358943186177104
2025-11-07,1.1335705698607523,0.8110710015843886,1.4353431291176872
2025-11-10,1.1339413672796228,0.8101512586446932,1.433477074904402
2025-11-11,1.1278932995273148,0.8086636206857861,1.4347359391027237
2025-11-12,1.123245267908133,0.807622845916706,1.4358006276475987
2025-11-13,1.1218455582408624,0.8076381251010505,1.4361170390653708
2025-11-14,1.1221831905085604,0.8065442019008012,1.4374196159914394
2025-11-18,1.1240460702199893,0.8056385410251568,1.436289664708189
2025-11-19,1.124827935812176,0.8030549414360677,1.4369289279675723
2025-11-20,1.1231190696660573,0.8028615275225363,1.4369617089210858
2025-11-21,1.1233510209547029,0.8030303828518162,1.4379450431041914
2025-11-24,1.120750483014584,0.8050033947572902,1.436741393722067
2025-11-25,1.1197142572860865,0.8061517640954151,1.434058569818426
2025-11-26,1.123215256340901,0.8053468736344601,1.4366635787332718
2025-11-27,1.1205684852393651,0.8046145934327655,1.4352025500659424
2025-11-28,1.1186058827479002,0.8034250017933225,1.4330107809317998
2025-12-01,1.1179018721762581,0.8036252846973357,1.431218570043362
2025-12-02,1.1189185692818513,0.8037341064741577,1.430670534899458
2025-12-03,1.1192118239762172,0.8034470330634975,1.4337044070794596
2025-12-04,1.1226670812654929,0.8028512492292966,1.4347280441560955
2025-12-05,1.1198772219568653,0.8044899569988273,1.4361562183055672
2025-12-08,1.1225170651386784,0.8031367614868896,1.438122741850721
2025-12-09,1.1236130207756694,0.8026119644449166,1.4357471951572545
2025-12-10,1.1227630369962858,0.8026933880420646,1.4350081772058028
2025-12-11,1.1218081571644898,0.8028160737206996,1.4353397987614025
2025-12-15,1.1204285301539847,0.8024514703429799,1.435436361744126
2025-12-16,1.1177713831237948,0.8012151973504562,1.4359890873930603
2025-12-17,1.1145437009319088,0.8011232485864119,1.43601223691122
2025-12-18,1.1099590240562796,0.8004346180792815,1.4354859279009313
2025-12-19,1.1096882695959736,0.802614169663572,1.4362133878344772
2025-12-22,1.1112710060891202,0.801207943054503,1.4366054483435569
2025-12-23,1.1086843627618537,0.801600064025078,1.4376703989448738
2025-12-24,1.108545185502798,0.8022542828883243,1.438398874104052
2025-12-26,1.1105903368249392,0.801294846227453,1.4374243417163282
2025-12-29,1.1083173917360603,0.8005364857724312,1.43663255742044
2025-12-30,1.0998683453866092,0.8009959182554015,1.4378577996773914
2025-12-31,1.0977576503752755,0.7999127187131239,1.4382035924095258
