Date,NTL,CI_low,CI_high
2016-11-09,0.7285785647048639,0.7285785647048639,0.7285785647048639
2016-11-10,0.7277262817883319,0.7276546583228497,0.7294011705077059
2016-11-11,0.7274522612153902,0.7272588141971282,0.7298115499014322
2016-11-14,0.7273596713814644,0.72713458749727,0.7300406027370031
2016-11-15,0.7281034194090482,0.7268609521223631,0.7302323824558238
2016-11-16,0.7278300899588497,0.7266376306474108,0.7304146937584077
2016-11-17,0.7279997464738892,0.7263147445013501,0.730581227283024
2016-11-18,0.7285813481211068,0.726150419330124,0.7310090866418969
2016-11-22,0.728831237687932,0.7259216182809982,0.7312282008586203
2016-11-23,0.7281922004230745,0.725580445054282,0.7314169004638529
2016-11-24,0.7280698899447552,0.7253396306158207,0.7316143222898573
2016-11-25,0.727697588447213,0.7251920434189278,0.7318267894376757
2016-11-28,0.7287520854538344,0.7250834621027166,0.7320282874961523
2016-11-29,0.7283696848368919,0.7248977574734777,0.7322115685314811
2016-11-30,0.7286719915255272,0.724710120929224,0.7324695635043966
2016-12-01,0.7283734314555156,0.7246488883252475,0.7325482989133844
2016-12-02,0.7284901987754065,0.7244653429747089,0.7326512614334696
2016-12-05,0.7284493322686901,0.7243931748391195,0.7326895894228047
2016-12-06,0.7283275670927529,0.7243575776682825,0.7327802579748762
2016-12-07,0.728449362824449,0.7241674826059931,0.7328856748087434
2016-12-08,0.7279763162571946,0.7239901870938894,0.7332862080386017
2016-12-09,0.7279249566895785,0.7238471437595696,0.7332982806482025
2016-12-13,0.7281340457066469,0.7237294432439468,0.7334358517782704
2016-12-14,0.7274150348829901,0.7235034964554277,0.7336367499183234
2016-12-15,0.7277096990575946,0.723225080404472,0.7337258928118421
2016-12-16,0.7271129015832447,0.7231352882448027,0.7338591104680409
2016-12-19,0.7272708263001942,0.7230711878320116,0.7340476015592372
2016-12-20,0.7281144887286328,0.7230328601423234,0.7340524795852085
2016-12-21,0.727775800110516,0.7228844282246409,0.7342344581958465
2016-12-22,0.7279414226283807,0.7228318273591762,0.7342702108561897
2016-12-23,0.726843482248358,0.7227773059213985,0.7342995435093611
2016-12-26,0.7266622523037524,0.7226490932457951,0.7344002908138153
2016-12-27,0.7262446732778715,0.7224873082714256,0.7345704921340801
2016-12-28,0.7265762288068401,0.7224902590726661,0.7345900895803374
2016-12-29,0.7261561110708366,0.7223994268230224,0.7347048633808986
2016-12-30,0.7261399395241899,0.7222423918897392,0.7348953622374423
2017-01-02,0.7242917292036868,0.722206834735918,0.7349934428125082
2017-01-03,0.7243791146414844,0.7220840893374313,0.735029380314905
2017-01-04,0.7246385586298665,0.7220905048973816,0.7351140561148326
2017-01-05,0.7243800592236149,0.7217375985296824,0.7352802781724878
2017-01-06,0.7245506812234606,0.7216853630441208,0.7352239161842354
2017-01-09,0.7233613625779728,0.7216631172101384,0.7353975944994979
2017-01-10,0.7230290412051855,0.7216257664574575,0.7355410543681286
2017-01-11,0.7238811560232981,0.7214864118434957,0.7354677675282509
2017-01-12,0.7241389297837112,0.721606304257595,0.7354509035123231
2017-01-13,0.7242176993309783,0.7214011921220281,0.7356853416161228
2017-01-16,0.7248037083277752,0.7213731731247908,0.7356253424115834
2017-01-17,0.7255592981750316,0.7213147683154169,0.7358109201329043
2017-01-18,0.7258990558491789,0.7213926140882869,0.7360040180926023
2017-01-19,0.7256528191871722,0.721139500284612,0.7361921367285966
2017-01-20,0.7260765601399397,0.7210086591057,0.7364021355974845
2017-01-23,0.725065828858361,0.7209022085148753,0.736453033055333
2017-01-24,0.7240369344271942,0.7208032902174085,0.7363917859092264
2017-01-25,0.7246200807470172,0.7208714058976369,0.7363208801657538
2017-01-26,0.723503345335585,0.7208209610104812,0.7363988148221375
2017-01-27,0.7241796953121328,0.7206454173293536,0.7364387765790021
2017-01-30,0.7242718372367728,0.720703007840534,0.7363185457168204
2017-01-31,0.7244341437177573,0.720581962673095,0.7362938203197401
2017-02-01,0.7240057605900625,0.720558898895995,0.7363931209021178
2017-02-02,0.7238413061692118,0.7205351107259031,0.7366658517673546
2017-02-03,0.7238478211732939,0.7204820707810586,0.7366147386213954
2017-02-07,0.7232588997437746,0.7203347819789088,0.7367917236215108
2017-02-08,0.7237618776729073,0.7202031448902152,0.7370251876970377
2017-02-09,0.7232527684656467,0.7202783295808002,0.7371225807254055
2017-02-10,0.7234995514037559,0.7202035008000659,0.7372660764625788
2017-02-13,0.7235155726831484,0.7201829905327937,0.7372494858423463
2017-02-14,0.7229318167210721,0.7200916819622177,0.7372629197974424
2017-02-15,0.7229196160004596,0.7200476519754183,0.7373253285459545
2017-02-16,0.7236070280532451,0.7198737087082716,0.7373078176376973
2017-02-17,0.7240266252008561,0.7198969300788938,0.7374554861786341
2017-02-20,0.7239363370670601,0.7198857406532747,0.7375818312392943
2017-02-21,0.7235833402430507,0.7198366108052077,0.7375166037230431
2017-02-22,0.7236534419938867,0.719738111253118,0.7375362881494454
2017-02-23,0.722806501405078,0.7195736320886327,0.7377191622238559
2017-02-24,0.7231496545739665,0.7194559308487787,0.7378102109045078
2017-02-27,0.7232223551790339,0.7193790186947046,0.7378437631919169
2017-02-28,0.7236438368224855,0.7192571718160552,0.7379816323397401
2017-03-01,0.7236377699149559,0.7191388840686477,0.7380052542807352
2017-03-02,0.7232858043046364,0.7190461376064666,0.7380691863560007
2017-03-03,0.7234453101600666,0.7190556284053851,0.7381524657682113
2017-03-06,0.7231071620946843,0.718967144556161,0.7380393405161224
2017-03-07,0.7228508820960987,0.7189665885343842,0.7381439788551674
2017-03-08,0.7227585818585193,0.7190986827400773,0.7383517624585212
2017-03-09,0.7230834521149284,0.7188890471888124,0.7382532071228055
2017-03-10,0.7231628353410564,0.7187505381546698,0.7384350901401066
2017-03-13,0.7225699792875409,0.7187175161128866,0.7384729987722168
2017-03-14,0.7228275180356477,0.7185931929663311,0.7385844147096847
2017-03-15,0.7219757265914235,0.7184394421411198,0.7385330079453536
2017-03-16,0.7217129649400764,0.7183679797236603,0.7386614814249733
2017-03-17,0.7214663716830698,0.7183577359697535,0.7386453411208637
2017-03-21,0.7218926625782287,0.7181072951336253,0.7390248810513814
2017-03-22,0.7220601612040094,0.7181699865002922,0.739120366478635
2017-03-23,0.7219679674178967,0.7182196359309629,0.738995043647062
2017-03-24,0.7217149211122287,0.718163653751891,0.7391748866636871
2017-03-27,0.7215305382052005,0.7181821465593874,0.7391467677831393
2017-03-28,0.7218755384834594,0.7180458409824103,0.7391829140025852
2017-03-29,0.7222221686344171,0.718190182332743,0.7392976576878802
2017-03-30,0.7221300963216759,0.7179467689448681,0.7394023512074847
2017-03-31,0.722146549407704,0.7179992566514141,0.7394977132884116
2017-04-03,0.7221663228797676,0.7179415539018474,0.739391273648317
2017-04-04,0.7217283133889252,0.7179431689200197,0.7396335165234675
2017-04-05,0.7218942844769166,0.7179147596881787,0.739465166777409
2017-04-06,0.7225162568236515,0.7177291788602542,0.7394976833615887
2017-04-07,0.722430329987414,0.7177461844658006,0.7395760853972011
2017-04-10,0.7222519727691795,0.7176363890096645,0.7396994221355357
2017-04-11,0.7226175343009481,0.7173434409382322,0.7398154256690763
2017-04-12,0.7226170140377959,0.7173324342698603,0.7398611172361269
2017-04-17,0.7220137498559883,0.7175141538640499,0.7399910146517369
2017-04-18,0.7216719159645434,0.717241830418859,0.7399666802152054
2017-04-19,0.7214080493888991,0.7172605200300072,0.7400961432252486
2017-04-20,0.7215863638601936,0.7173402861659314,0.7403051820020524
2017-04-21,0.721237377642679,0.7172223961701567,0.7402248468941851
2017-04-24,0.7208144714794474,0.7172564770616365,0.7402804508795457
2017-04-25,0.7205499754004839,0.7169688779828453,0.7404413202951192
2017-04-26,0.721224885112152,0.7168841336001429,0.7404413979306723
2017-04-27,0.7219040993328673,0.7167967979664265,0.7407532366968302
2017-04-28,0.7217349064588832,0.716460790220151,0.7406819092768261
2017-05-02,0.7216292545034078,0.7164471682729903,0.7407481613305944
2017-05-03,0.7218045016278655,0.7163920522495332,0.7408398811309432
2017-05-04,0.7221310398111926,0.7164896998860215,0.7408496814518403
2017-05-05,0.7220387632764009,0.716326776744032,0.7408786622360732
2017-05-08,0.7221281725056351,0.7164793424048532,0.7407162181926373
2017-05-09,0.7223098957175161,0.7163041810660797,0.7406866219577785
2017-05-10,0.7226405534781198,0.7164238192908863,0.7406514539572316
2017-05-11,0.7227481461686264,0.7162760363222516,0.74069230686681
2017-05-12,0.7231731866944586,0.7162569681885274,0.7405545099033659
2017-05-15,0.72359927782687,0.7162893826250608,0.7405305433573632
2017-05-16,0.723180875233313,0.7160947037069065,0.7406923128061308
2017-05-17,0.7229974117179505,0.715989849681574,0.7407582379409073
2017-05-18,0.7223219293560016,0.7156824375238301,0.7408511846730058
2017-05-19,0.7221447624195317,0.7156969296154173,0.7409085641856812
2017-05-22,0.7223800745419952,0.7158861005913941,0.7410341430733789
2017-05-23,0.7222203785977236,0.7157797852352893,0.7412057193665349
2017-05-24,0.7221165404566525,0.715861398476128,0.7412629863661562
2017-05-25,0.7226381147069528,0.7155707614163881,0.7412548662937968
2017-05-26,0.7227276075904159,0.7157626480526461,0.7413967252949568
2017-05-29,0.7229070114407243,0.7158440172250478,0.7413454016014859
2017-05-30,0.7227430586810805,0.7157492035216519,0.7411789926757744
2017-05-31,0.7229075260850459,0.7156593759113047,0.7413981470354817
2017-06-01,0.7231565878327945,0.7156158959029467,0.7413415696594575
2017-06-02,0.7233356551681148,0.7153810595959751,0.7413023036574511
2017-06-05,0.7225644826384127,0.715148019703433,0.741432492137048
2017-06-06,0.721953383114784,0.7152292435751108,0.7415707243737014
2017-06-07,0.7225519313883452,0.7150817207873592,0.7415112941036488
2017-06-08,0.7239209138900934,0.7151354792964985,0.7415614483624392
2017-06-09,0.7244398028386667,0.7148854483340857,0.741617439735644
2017-06-12,0.7242549827718301,0.7149996884685628,0.7415577990635944
2017-06-13,0.7250073235025221,0.7149845682524093,0.7417055445109774
2017-06-14,0.7250726605965643,0.714972220510897,0.7418714519973301
2017-06-15,0.725043529286059,0.7148997197888979,0.7418934845675681
2017-06-16,0.7251269632266264,0.7148787586409361,0.7417648871295149
2017-06-19,0.7257870478182642,0.7149595605532478,0.7419656251561523
2017-06-20,0.726034257733875,0.7148160218530919,0.7420987696891476
2017-06-21,0.7261821593028985,0.7146086881360325,0.742015875030742
2017-06-22,0.725934737087663,0.7144936251195582,0.7421598749128789
2017-06-23,0.7262662277921113,0.7143879535132825,0.7421006922135135
2017-06-26,0.726186829831124,0.7142528968101411,0.742393323882711
2017-06-27,0.7263250688932756,0.7143607308510448,0.74228021528312
2017-06-28,0.726242169163182,0.7142658456160272,0.7423865133339703
2017-06-29,0.726583736229652,0.714039621519457,0.7421177591622787
2017-06-30,0.727018670411553,0.7141147502114029,0.742306261891363
2017-07-03,0.7268450725461529,0.7140351347515008,0.7422041457221626
2017-07-04,0.7259281523152968,0.713876007550241,0.7424097200835094
2017-07-05,0.725592273911957,0.7139785083433594,0.7421866647271618
2017-07-06,0.725510276344663,0.7139354822840567,0.7422522487914064
2017-07-07,0.7255399495722792,0.7139052455352045,0.7424512883577749
2017-07-10,0.7254712136280038,0.713907235609632,0.7424591383756978
2017-07-11,0.7256407076800366,0.713814724458735,0.742344696780409
2017-07-12,0.725124668627038,0.7139006232042181,0.7426205452376522
2017-07-13,0.7250275299492774,0.7140478040750018,0.7427601367689564
2017-07-14,0.7251176721387204,0.7141135488127487,0.7426983040379188
2017-07-17,0.7248604389462706,0.7139829761311174,0.7426967175510334
2017-07-18,0.7244073563562003,0.7138739730060937,0.7427714581729394
2017-07-19,0.724764175859222,0.7139206784940286,0.7429321035427411
2017-07-20,0.7250395921965157,0.7140411608452936,0.7428229150171585
2017-07-21,0.7249585743309045,0.7138437746694057,0.7429403123887118
2017-07-24,0.7246281188620973,0.7139711310222996,0.7429232169463672
2017-07-25,0.7250336973967626,0.713748773063706,0.7430237438222164
2017-07-26,0.7256365361639261,0.7137948090455419,0.7429453551939837
2017-07-27,0.7257317704527493,0.7138266664605588,0.7429943013912631
2017-07-28,0.7255550059306317,0.7138834121594341,0.7431111232985741
2017-07-31,0.7255539063888945,0.713733643032806,0.7430243229571452
2017-08-01,0.7253738248172846,0.7135558843028432,0.7431103089405342
2017-08-02,0.7262241173066557,0.7136591638513166,0.7431027489325837
2017-08-03,0.7262227791350799,0.7137030018434103,0.7431440575039133
2017-08-04,0.7269738260730861,0.7134623335226706,0.7431088643196975
2017-08-07,0.726879449383185,0.7134732293975317,0.7430278866695642
2017-08-08,0.7276422774005351,0.7134048670349278,0.7431599539905868
2017-08-09,0.7278014898596435,0.7133030646584166,0.7432444289290701
2017-08-10,0.7280581971889636,0.7131528563389897,0.7433605454926553
2017-08-11,0.7282492167445516,0.7131559739988358,0.7434734279586349
2017-08-14,0.7280967181302715,0.713264700336036,0.7434677378699754
2017-08-15,0.727996420315977,0.713414269328092,0.743601522601041
2017-08-16,0.7280834598536469,0.7134388721645576,0.7434082216371467
2017-08-17,0.7289058097328348,0.7134568036956765,0.7435782002016037
2017-08-18,0.729491961620958,0.7135299236286655,0.7436850579771418
2017-08-21,0.7297563784991099,0.7135103623388427,0.7436685014051986
2017-08-22,0.7294095754820675,0.7135733431488455,0.7437099309356593
2017-08-23,0.7290696467540239,0.7135162322976937,0.7437737837912652
2017-08-24,0.7304185332007651,0.7134311291882164,0.7439346076480081
2017-08-25,0.7304369497632885,0.7135175892098504,0.7439661411774667
2017-08-28,0.7310356682143897,0.7134089925249086,0.7437487909028301
2017-08-29,0.7309356699251484,0.7130749892750774,0.7439311948082659
2017-08-30,0.7310159037031045,0.712941397389558,0.7437711000746394
2017-08-31,0.731026280304639,0.7129872799317435,0.743885946538411
2017-09-01,0.7310225333896907,0.7128346435198711,0.7440767631371178
2017-09-04,0.7308477311070604,0.7126534218977665,0.7441496307634067
2017-09-05,0.7315303148993935,0.7125485221572107,0.744303331578946
2017-09-06,0.7318597525942604,0.7124243912358648,0.7444091815209698
2017-09-07,0.7323753664655426,0.7125839326207961,0.7442460390815756
2017-09-08,0.7326387656033494,0.7125332377226445,0.7442068118955283
2017-09-11,0.7326366912995441,0.7126650309715504,0.7440615762302796
2017-09-12,0.7327273708998332,0.7125040806044737,0.7440438016914773
2017-09-13,0.7332505457983977,0.712400724874091,0.7439947755394528
2017-09-14,0.7329017696885162,0.7123247642341167,0.7440915547061673
2017-09-15,0.7332456909556984,0.7123153791286375,0.744247304126331
2017-09-18,0.7334010709056235,0.7122483099022341,0.7444916946093116
2017-09-19,0.7333160546260795,0.7120014283489104,0.7445544024174153
2017-09-20,0.7337987150996023,0.7122043099142942,0.7447171068627774
2017-09-21,0.7344752799743682,0.7121242329079365,0.7445231034172654
2017-09-22,0.73463763071182,0.7121140700844876,0.7444501173122428
2017-09-25,0.7348792267764707,0.7122065514155946,0.7444871776328874
2017-09-26,0.7352249052509834,0.7122015834366969,0.7445960424146635
2017-09-27,0.7350360387070661,0.712077568042977,0.7449213447066566
2017-09-28,0.7347136428158967,0.7119572277197129,0.7451801210741997
2017-09-29,0.7353212532635035,0.7117477091967773,0.7449431884632979
2017-10-02,0.7354090276724351,0.7118290947410303,0.7451575860919926
2017-10-03,0.7364914332197409,0.7117872537093568,0.7452594386215794
2017-10-04,0.7359937612504169,0.7117759832603745,0.7453307493742093
2017-10-05,0.7362556493711754,0.7117394146496393,0.745525359818826
2017-10-06,0.7358444468182999,0.7116941433460834,0.7454464353144242
2017-10-09,0.7358376356688312,0.711876758282004,0.7455249921648623
2017-10-10,0.7360803754093336,0.7119552597249384,0.7456715896613068
2017-10-11,0.7365792742339767,0.7117461044995755,0.7455978967426248
2017-10-12,0.7360811810323551,0.7114784311569279,0.7457373234563069
2017-10-13,0.7368467070946461,0.7114791491430189,0.7457377956720443
2017-10-16,0.7377514866020007,0.7114276955310743,0.7457980424007937
2017-10-17,0.7372494464097771,0.7110182500852242,0.7457536543370208
2017-10-18,0.7394130292360104,0.71112887508379,0.74566749853262
2017-10-19,0.74008735812787,0.7111367588124807,0.7457523470074201
2017-10-20,0.7407389674702486,0.7114305056541582,0.745527131318399
2017-10-23,0.7417352079830449,0.711219344267472,0.7456520407710809
2017-10-24,0.7415831038366709,0.711128366575652,0.745416727176103
2017-10-25,0.741269232600693,0.7111322498183481,0.745824676163383
2017-10-26,0.7410307460003047,0.7108187119976559,0.7459480058828235
2017-10-27,0.7409575827978436,0.7109054260175657,0.7459697641329519
2017-10-30,0.7413661527965638,0.7108249352016128,0.7462193728140947
2017-10-31,0.7410365406346016,0.7105974983348462,0.7461997052858834
2017-11-01,0.7411306424727075,0.710747878760106,0.7461138957902149
2017-11-03,0.7410371134219407,0.7106995945228501,0.746108958746546
2017-11-06,0.7406263805869576,0.7106799314163491,0.7459731552214988
2017-11-07,0.7404524299584221,0.7108592705477883,0.745937038525277
2017-11-08,0.7404620607760737,0.7107869061962502,0.7458974266522113
2017-11-09,0.7405352619770801,0.7106536039940141,0.7456448508038961
2017-11-10,0.7393754752566837,0.7104096030145762,0.7458661124278002
2017-11-13,0.7397914589164185,0.7102946279542333,0.7459597151830379
2017-11-14,0.7402291534337977,0.7102839762175142,0.7460363467875021
2017-11-15,0.7399773710309958,0.7104269807271729,0.7460912631284273
2017-11-16,0.7403166949961753,0.7103958890992799,0.7460926345646839
2017-11-17,0.7407142492362908,0.7104588156531048,0.7461989074971288
2017-11-21,0.7404574815888519,0.7104513089537149,0.7466678893560746
2017-11-22,0.740803341287008,0.7105073173697513,0.7466257730185946
2017-11-23,0.7409634492143651,0.7105138543915113,0.7463916428299804
2017-11-24,0.7412954304684964,0.7106042802458057,0.7465646682433428
2017-11-27,0.7412135842901231,0.7104135220785709,0.7464964803644013
2017-11-28,0.7419600641183386,0.7103258776789279,0.7465275766863635
2017-11-29,0.7413040573413642,0.7101538846032488,0.7465871639144818
2017-11-30,0.7413730834146897,0.7099032978403711,0.7465468186936512
2017-12-01,0.7412860910423339,0.7100619483525393,0.7466153818252819
2017-12-04,0.7412867537182317,0.7100442536265525,0.7466128971317777
2017-12-05,0.7407157244965191,0.7099451600412313,0.7465641345353948
2017-12-06,0.7404708143393423,0.7099940010577228,0.7466957157244367
2017-12-07,0.7402301162129404,0.7099473260300697,0.7467831546616949
2017-12-08,0.7402284669365513,0.7099845518417299,0.7466262356411577
2017-12-11,0.7405468941380248,0.709848600555086,0.7467183788676215
2017-12-13,0.739884794089149,0.7100857156615646,0.7469802272578383
2017-12-14,0.7420228339769221,0.7100630572564879,0.7469025046424522
2017-12-15,0.7416848488431427,0.709977912180071,0.7468813398335032
2017-12-18,0.7414209429313153,0.7100644845981621,0.7469118387662528
2017-12-19,0.7415876909822617,0.7098156774094443,0.7469012981398656
2017-12-20,0.7411645601459372,0.7099379967188096,0.7468869704893378
2017-12-21,0.7422479395540424,0.7097075653948102,0.7470066976126563
2017-12-22,0.7421721030207239,0.7098281413139373,0.7467861075303995
2017-12-26,0.7420783028541699,0.7098189475812653,0.7468460425224935
2017-12-27,0.7416619984315086,0.7097823478040639,0.7472839394540347
2017-12-28,0.7413204000545965,0.7099082190257154,0.7470359332878
2017-12-29,0.7406611028326073,0.7099759031378811,0.7470925984077433
2018-01-02,0.7405019523833763,0.7096104332923967,0.7470061687730105
2018-01-03,0.740671061281754,0.7097831090219506,0.7469094962340235
2018-01-04,0.7410827789756391,0.709736870370136,0.7469101316906621
2018-01-05,0.7407556921684663,0.7098960471867857,0.7469301568941938
2018-01-08,0.7416725136637894,0.7097760547413664,0.7470431023958166
2018-01-09,0.7429240363095637,0.709587467133629,0.747123508069953
2018-01-10,0.7424996690537772,0.709521244999717,0.7471531117606867
2018-01-11,0.7431773371850199,0.7094560769055746,0.7469559272852893
2018-01-12,0.7431859200959153,0.7093944962088506,0.746983388596807
2018-01-15,0.7436053555639054,0.7093060031165216,0.7473171086524286
2018-01-16,0.7434370877182328,0.7092904117665093,0.7468973935393827
2018-01-17,0.7426835621533562,0.7094101687525741,0.7470965818831186
2018-01-18,0.7430794390960722,0.7092417731572062,0.7470735377315539
2018-01-19,0.7432388548883602,0.7090874755940378,0.747142723242295
2018-01-22,0.7437143507105561,0.7093748037079023,0.7470788237958245
2018-01-23,0.7434775891395858,0.7093785021545311,0.747015365739915
2018-01-24,0.7433985601673572,0.7091401084203933,0.7470241697290375
2018-01-25,0.7439741467808997,0.7090483729216643,0.7473007307357242
2018-01-26,0.743479199956716,0.7090077903566775,0.7471766456377654
2018-01-29,0.7435774679851429,0.7090102186114577,0.7472888239696492
2018-01-30,0.7433428238586213,0.7091059083222261,0.7474808137713203
2018-01-31,0.7435910690944423,0.7088139286569901,0.7474204977944602
2018-02-01,0.7436808423543845,0.7088666930187753,0.7476311191843856
2018-02-02,0.7436092873559264,0.7087719039073282,0.7476350536278515
2018-02-06,0.7427812438767072,0.7089696013489307,0.7476513550441936
2018-02-07,0.7432878756832105,0.7088173572761028,0.7474573679058896
2018-02-08,0.742472610155256,0.7088212051048968,0.7473877331702103
2018-02-09,0.7423870706939698,0.7087812838345774,0.7473687710834683
2018-02-12,0.7426259440021165,0.7087744183959818,0.7475372278836669
2018-02-13,0.7424679832801836,0.7088835235953023,0.7475246882466343
2018-02-14,0.7427900127365706,0.7089234785233706,0.747491665176102
2018-02-15,0.7428764605637589,0.7089063682919967,0.7475313367871624
2018-02-16,0.7431222510860559,0.7087914902701311,0.7476995164693895
2018-02-19,0.7437109461114071,0.708693288651102,0.7475945871742157
2018-02-20,0.7437057303735812,0.7086395606495504,0.747692868531423
2018-02-21,0.7432853206226797,0.7085543880243619,0.7476329062525136
2018-02-22,0.7427157439312193,0.708385190874246,0.7477725839274821
2018-02-23,0.742387664789397,0.7083082998839161,0.7480712896831052
2018-02-26,0.7425467101728044,0.7084963528925126,0.7479948573405513
2018-02-27,0.7422162574599791,0.708573369891008,0.7478943443344495
2018-02-28,0.74213044128777,0.7083977595449311,0.7476884992580228
2018-03-01,0.7427184603209378,0.7081412323226042,0.7477078839066839
2018-03-02,0.7426352322664508,0.7082327564659248,0.7478229655618446
2018-03-05,0.7426360067592015,0.7083508675368687,0.7479805178867241
2018-03-06,0.7432974459090458,0.7083851233557888,0.7478940487543224
2018-03-07,0.7432010017887714,0.7083565363113771,0.7480195359887142
2018-03-08,0.743706198981769,0.7081000937715033,0.7482050296876711
2018-03-09,0.7430485149122061,0.7081835986861161,0.748422002171469
2018-03-12,0.7427990890662949,0.7079420796283729,0.7482360159405114
2018-03-13,0.7423809020380746,0.708036118739421,0.7483278575598197
2018-03-14,0.7421298577347076,0.7076771507962865,0.7482232237877046
2018-03-15,0.7423794441849497,0.7079431551444403,0.7480497749643179
2018-03-16,0.7428778711201759,0.7077596591851512,0.7483644711160096
2018-03-20,0.7429550103782856,0.7077022198717459,0.7483761245277042
2018-03-21,0.7429513553943283,0.7077014158755534,0.7480422247680512
2018-03-22,0.7430223397624499,0.7077000669123102,0.7482494414732369
2018-03-23,0.7420330844763301,0.7074586833774485,0.7483043937368983
2018-03-26,0.742102536833901,0.7077354519822598,0.748363078902351
2018-03-27,0.7417660951848779,0.7075090020775623,0.7484619436352702
2018-03-28,0.741439020702487,0.707564227757322,0.74839895525247
2018-04-02,0.7413665946301081,0.7078730700461745,0.7484337421001076
2018-04-03,0.7407928008246011,0.7078896629770236,0.7483072202412981
2018-04-04,0.74021709359763,0.7077360770705128,0.7484560655585434
2018-04-05,0.7402145974815056,0.7078128056072612,0.7485823352691973
2018-04-06,0.7403820472947142,0.7076198284305859,0.7486470101282174
2018-04-09,0.7404530836145938,0.7074941850583133,0.7486691283353515
2018-04-10,0.740528234092251,0.7076294566719713,0.748615971673702
2018-04-11,0.740959482573521,0.7078226610461494,0.7488444800270285
2018-04-12,0.7403956570399429,0.7076600625378076,0.7488092567215675
2018-04-13,0.7403100156968287,0.7074236526426512,0.7486977624916499
2018-04-16,0.739903160376691,0.7075870270339779,0.7486513625317819
2018-04-17,0.7400669532029803,0.7075952701816846,0.7486177568277431
2018-04-18,0.7398341458595049,0.7076588912931718,0.7487243682868079
2018-04-19,0.7404094766843285,0.7076283710997183,0.7486399967196619
2018-04-20,0.7407541498429171,0.707478609542384,0.7488425021456295
2018-04-23,0.7405745824184573,0.7075547608763731,0.7487222417455531
2018-04-24,0.7403308029726027,0.7075011919377749,0.7489102796059321
2018-04-25,0.7399257026845147,0.7074968645653763,0.7489232956701737
2018-04-26,0.7400057376195236,0.7074334431674918,0.7487628301931689
2018-04-27,0.740674950264059,0.7073255751942031,0.748683142169376
2018-04-30,0.7406991574731085,0.7072661847496728,0.7490353495207419
2018-05-02,0.7411154291555073,0.707397314761482,0.7487576216327969
2018-05-03,0.7410357981200636,0.707611406893262,0.7485933827143946
2018-05-04,0.7405429298652935,0.7076049540168531,0.7488212346195942
2018-05-07,0.7402101604658379,0.7074802302581769,0.7488993003963647
2018-05-08,0.7399638127796321,0.7072589554957557,0.7490370249612224
2018-05-09,0.7397226658061413,0.7074551368768601,0.7489861706614063
2018-05-10,0.738887512453362,0.7073524459304465,0.7489392471361442
2018-05-11,0.7392948995249915,0.7073143088200164,0.7490187877891663
2018-05-14,0.7395362536058729,0.707397167860216,0.7491052559059939
2018-05-15,0.7396300183521441,0.707224406607381,0.749258479229262
2018-05-16,0.739882214830546,0.7071317535697008,0.7492789017318022
2018-05-17,0.7394538307498744,0.7072327024989734,0.7492457768637598
2018-05-18,0.7394479983773234,0.7070860918279961,0.7492230676663607
2018-05-21,0.7396934900931678,0.7068493798670387,0.7494394807433601
2018-05-22,0.7398550708321242,0.7068360425600713,0.7494513579793483
2018-05-23,0.7400936827445549,0.7068128440709291,0.7495255073459839
2018-05-24,0.7400078903250474,0.7068189541176725,0.7492960057118652
2018-05-25,0.7397557197580557,0.7067976712924072,0.7494313076914296
2018-05-28,0.7391736622738446,0.7067446194835436,0.7497213201974773
2018-05-29,0.7388443041258074,0.706756501576274,0.7497001923687397
2018-05-30,0.7392581128751274,0.7067546750075968,0.7499035442657517
2018-05-31,0.7387767580787157,0.7065697917070856,0.749949738921619
2018-06-01,0.738618023300561,0.7064239062489474,0.7500106620224241
2018-06-04,0.7386969582389009,0.7064920729007962,0.7500667462208386
2018-06-05,0.7391138901996245,0.7066118763804802,0.7500851417689075
2018-06-06,0.738950631957581,0.7066416482594018,0.7501902548580388
2018-06-07,0.7387927609095298,0.7067720994630808,0.7500341382959398
2018-06-08,0.738382563093413,0.7067377893837687,0.7502759100308303
2018-06-11,0.7386285216101118,0.7066668461468223,0.7503761171353824
2018-06-12,0.7392056954868939,0.7067108065258143,0.7500325804287832
2018-06-13,0.7394669903705677,0.7068115782760052,0.750152519009972
2018-06-14,0.7392144940188983,0.706740739763756,0.7503334208702125
2018-06-15,0.7396370083757203,0.7065045122140112,0.7504803203886576
2018-06-18,0.7392175635422368,0.7061716058403643,0.7502921679167641
2018-06-19,0.7399590484579333,0.7060066079510273,0.7502831110352993
2018-06-20,0.7404425370372839,0.7060335895392915,0.7501976819440315
2018-06-21,0.7400292047092885,0.7060483724614534,0.7504571430523732
2018-06-22,0.7396187941408985,0.7061618769437393,0.7502836432262658
2018-06-25,0.7400337985845796,0.7061615723674303,0.7501087535555494
2018-06-26,0.7399484387880289,0.7061322903981095,0.7500663557199887
2018-06-27,0.7398548426422634,0.7063611287922015,0.7500980701617256
2018-06-28,0.7398434318244727,0.7063167432712769,0.7500359135373643
2018-06-29,0.7397524993820406,0.7063771405918783,0.7502041783491503
2018-07-02,0.7389182169484529,0.7063455455810107,0.7501587948431628
2018-07-03,0.7391792649515072,0.7061845857896857,0.750234001990168
2018-07-04,0.7387578447716928,0.7062496635614476,0.7504303147960149
2018-07-05,0.7385874259667541,0.7063380238253959,0.7503439383176506
2018-07-06,0.7383366098781687,0.7061775840414093,0.750060650654561
2018-07-09,0.7384918201655001,0.705836224200299,0.7502291973390952
2018-07-10,0.7383874140898934,0.705917783426195,0.7502413568970602
2018-07-11,0.7387199333611467,0.7056467203487939,0.7503063648752
2018-07-12,0.7385587384622744,0.7056690057860314,0.7506762171476647
2018-07-13,0.738717450603649,0.7059187241061478,0.7505496889257555
2018-07-16,0.7383757222832996,0.7058321895304754,0.7506375979943041
2018-07-17,0.7383674941381946,0.7059724445249405,0.7506321921332095
2018-07-18,0.7384610358923548,0.7056666141492635,0.7504984461969781
2018-07-19,0.7382051873169985,0.7055870380245541,0.7503870027543517
2018-07-20,0.73819983676249,0.705446064280371,0.7503513478734453
2018-07-23,0.7383769210694785,0.7056404580571993,0.7503363358401152
2018-07-24,0.7381954588597641,0.7056456431760796,0.7505531437215015
2018-07-25,0.7380407920529835,0.7057136094720851,0.7505022073875663
2018-07-26,0.7384615987333595,0.7054498434271604,0.7504585656269486
2018-07-27,0.7381260261947874,0.7055728030082593,0.7503738263518499
2018-07-30,0.7386274380553088,0.7053273066706243,0.7502517308851184
2018-07-31,0.7386997799861037,0.7054669326316142,0.7504635214875522
2018-08-01,0.7388489365840919,0.7054711128970086,0.7506059498764255
2018-08-02,0.7387719550183657,0.7056191781966935,0.7507839708070042
2018-08-03,0.7389399770563245,0.7054002595139603,0.7510768673363184
2018-08-06,0.7388434553343463,0.7052795190775808,0.750967064238447
2018-08-07,0.7390849582307459,0.705213567608328,0.7510297901772964
2018-08-08,0.7389961476394157,0.705502858735588,0.7508249467891226
2018-08-09,0.7391574654443595,0.705310814871955,0.7508238240147479
2018-08-10,0.7380757576336214,0.7053321263025281,0.7507453161979827
2018-08-13,0.7379857901945445,0.7052585621679393,0.7506481724079276
2018-08-14,0.7384852193850572,0.7051766083736274,0.7505185107481737
2018-08-15,0.7381491057896414,0.7052175266296111,0.750620284412385
2018-08-16,0.7377180983772462,0.7054334947326102,0.7506897258539355
2018-08-17,0.7373894138490608,0.7050351530104365,0.7506541430182633
2018-08-20,0.7377916336607778,0.7051949504072376,0.7508558904324948
2018-08-21,0.7376012551259912,0.7050977741089247,0.7508042087246143
2018-08-22,0.7374312776822455,0.705009074547387,0.7508190555663827
2018-08-23,0.7370997305057907,0.7050045872064126,0.7508711800958869
2018-08-24,0.7372742746983018,0.7049172666526091,0.7509154835834307
2018-08-27,0.7373609519950027,0.7048203857075878,0.751157493388725
2018-08-28,0.7376027063765805,0.7048253928941414,0.7511938680195515
2018-08-29,0.7375129399010687,0.7047058371035045,0.7512078533128554
2018-08-30,0.7376825326504229,0.7046945489643828,0.7514121868263314
2018-08-31,0.7375093893507688,0.7046967808326668,0.7514105483223281
2018-09-03,0.737271310535762,0.7046682906902014,0.7513965649956332
2018-09-04,0.7371779049113173,0.7047522914696073,0.751529066812451
2018-09-05,0.7374480090320634,0.7044695195544461,0.7514264888913723
2018-09-06,0.7367969755260207,0.7043698859880543,0.7512631575258528
2018-09-07,0.7372129610918146,0.7043959843668525,0.7515356076495974
2018-09-10,0.7374813182091258,0.7044019010708671,0.7513321747333326
2018-09-11,0.7369703298642966,0.7042346434512667,0.7513447048235928
2018-09-12,0.7372333988669783,0.7045377550022525,0.7513352751104834
2018-09-13,0.7363231768432621,0.7044328246852903,0.7510773124834581
2018-09-14,0.7367329834299604,0.7043278593772566,0.7510662603289799
2018-09-17,0.736731531695107,0.7043859588002586,0.7511950619244103
2018-09-18,0.7368108642299178,0.7043985507468433,0.7511234624362608
2018-09-19,0.736729603899074,0.7045066420901239,0.7513621030262287
2018-09-20,0.7361434274847227,0.7045030288606431,0.7514298130195198
2018-09-21,0.736878606660677,0.7046323687638801,0.7513680824964597
2018-09-24,0.7369656855699767,0.7046185688693912,0.7514693016510624
2018-09-25,0.7368840727097046,0.7046676726992429,0.7515487099811229
2018-09-26,0.7364829954174525,0.7044086814649438,0.7515857393853683
2018-09-27,0.7366366503342143,0.7042284657624865,0.7516549974214499
2018-09-28,0.7363701325210132,0.7042865062071214,0.7518714506758248
2018-10-01,0.7363715827569731,0.7044330295147282,0.75172512193144
2018-10-02,0.7365513030001218,0.7041718679432178,0.751958262144848
2018-10-03,0.7367113635055949,0.7041447324519066,0.7521819507374699
2018-10-04,0.7367814533181483,0.7042832809709233,0.7522530574947353
2018-10-05,0.7372188865653979,0.7041262229679838,0.7521558988658944
2018-10-08,0.7373844694838415,0.7041109351091868,0.7521910583893946
2018-10-09,0.7378971697659505,0.7036022230403661,0.752070600653652
2018-10-10,0.7374098067417334,0.7038232964225747,0.7520250856471647
2018-10-11,0.7369915684330126,0.7037667945717639,0.7521617457385564
2018-10-12,0.7374799782967781,0.7037077016238196,0.7521629080573088
2018-10-15,0.7370704292755561,0.7035830065489781,0.7518540270365364
2018-10-16,0.7366405388072158,0.7035801172007148,0.7518765346552673
2018-10-17,0.7361318069588232,0.7035052181083419,0.7521646095171132
2018-10-18,0.7357237896148419,0.703400457947849,0.7520396563497201
2018-10-19,0.7357147648959647,0.7034357234604515,0.7520761380459654
2018-10-22,0.735740128453367,0.7035808430614069,0.7520527072347839
2018-10-23,0.7350532360423621,0.7035153599557034,0.7521715078213047
2018-10-24,0.735054628997694,0.7036045889504707,0.752356834099336
2018-10-25,0.7359800939766012,0.7034269559320182,0.7523970415111425
2018-10-26,0.7361336757977466,0.7033624167150689,0.7522911982926015
2018-10-29,0.7342902510655779,0.7036004930655559,0.7522713953907811
2018-10-30,0.7333926122126798,0.7035698815885961,0.7524115196364607
2018-10-31,0.7329823545751383,0.7035091460904956,0.752298931721743
2018-11-01,0.731737443768518,0.703473199404629,0.7524864656197001
2018-11-05,0.7304106760339129,0.7034555815878002,0.752296880909455
2018-11-06,0.7294738721284854,0.7035190410253506,0.7524844226475189
2018-11-07,0.7288117906073799,0.7034057630287543,0.7524800599838375
2018-11-08,0.7276321084524358,0.7033417036629401,0.7522715450101919
2018-11-09,0.7279577896480943,0.7033241915608717,0.7523879077660881
2018-11-12,0.7274595233563561,0.7033772716473854,0.7523240772327647
2018-11-13,0.7269425618075461,0.7033427457192223,0.752544473229543
2018-11-14,0.7266004062694222,0.7031370455123019,0.7524371069446907
2018-11-15,0.7268608226947464,0.7033227996137553,0.7526288669124178
2018-11-16,0.7258447931040237,0.7032992411897244,0.7526465880185289
2018-11-20,0.7251713122333554,0.703469311723752,0.7527286177710764
2018-11-21,0.725430821502269,0.7033974214620718,0.7526357622815855
2018-11-22,0.7247507299955069,0.7034377946469821,0.7526767572349646
2018-11-23,0.7249358277131943,0.7034847890402468,0.7526819496894095
2018-11-26,0.7246011042259648,0.7036252488371226,0.7527028528587002
2018-11-27,0.7255429787869224,0.7034699901234849,0.752760660880484
2018-11-28,0.7243743799415538,0.7035323716292919,0.7527807926233593
2018-11-29,0.7240973598880956,0.7033288880826941,0.7528072921281791
2018-11-30,0.7246969582953455,0.7034587478212276,0.7527977773329293
2018-12-03,0.7238528268591249,0.7035390796830023,0.7526126697352391
2018-12-04,0.7242069027800152,0.7033129730575507,0.7526390099873755
2018-12-05,0.7242808860327136,0.703255542182197,0.7526392884082521
2018-12-06,0.7248807848623023,0.7033755850119943,0.7528320787891625
2018-12-07,0.7252914039993169,0.7032199429026545,0.7527063877770165
2018-12-10,0.7251221921534807,0.7033693429934956,0.7525895529187906
2018-12-11,0.7251226761584304,0.7033972565931126,0.7527045237615891
2018-12-13,0.7250556158196955,0.7033851570976571,0.7528612872504233
2018-12-14,0.7255651981546037,0.7035034804682103,0.7528169733849672
2018-12-17,0.7247036871502657,0.7036051483935433,0.7528764035335371
2018-12-18,0.7247788076719358,0.7033413590800475,0.752785308435316
2018-12-19,0.7253821877843618,0.7033604370066731,0.7529248997708995
2018-12-20,0.7248748808959569,0.7031414342524951,0.7531641954023429
2018-12-21,0.7248697435997951,0.7032359369582214,0.7531543080125402
2018-12-24,0.7255631062134696,0.7032141466255156,0.7534213917114325
2018-12-26,0.7254745436457232,0.7034748714573701,0.7534298972541872
2018-12-27,0.7258115003257783,0.7037337052149346,0.7534846770292799
2018-12-28,0.7255691488286411,0.7035417432418752,0.7533512982823937
2018-12-31,0.7253162065078133,0.7037694303888536,0.7534424851124584
2019-01-02,0.7249871911058543,0.7036261461329156,0.7535975926663974
2019-01-03,0.7244800259704042,0.7036102806912699,0.7533879725677995
2019-01-04,0.7241320073044576,0.7033771207522314,0.7533703785133391
2019-01-07,0.7236288529279968,0.7029787309011641,0.7532565341561661
2019-01-08,0.7235299685835971,0.7034500687081344,0.7535063222534417
2019-01-09,0.7241174129156862,0.703213037173405,0.7533149107804412
2019-01-10,0.7241292610150203,0.7032072043046443,0.7535974026499491
2019-01-11,0.7245368583488585,0.7031766280793857,0.753421090143612
2019-01-14,0.7243657608996164,0.7031481362646542,0.7537218895829344
2019-01-15,0.7241153802717419,0.7030093207259551,0.7537732544286733
2019-01-16,0.724192771090661,0.7032295550011806,0.7538509960668321
2019-01-17,0.7247106458598779,0.7033037587489264,0.7539483771274179
2019-01-18,0.7252297242625,0.7031585176211258,0.7540032265397603
2019-01-21,0.7266760132879381,0.7033060095992606,0.7537346016881245
2019-01-22,0.7263431290942474,0.7032937380591994,0.7538373257498486
2019-01-23,0.7269464036903437,0.7032877359221047,0.7537621105801431
2019-01-24,0.7272887786278829,0.7031964000943158,0.753892036404059
2019-01-25,0.7271224714850334,0.7033906149908238,0.7540429845630572
2019-01-28,0.7277169289087854,0.7034983533381911,0.754095866282585
2019-01-29,0.7281494472988091,0.7036134257784108,0.7540205623502919
2019-01-30,0.7281431779948493,0.7033973437391341,0.7540772723081387
2019-01-31,0.7277889866629648,0.703455986293265,0.7541456843909273
2019-02-01,0.7276186131868847,0.7033264878797683,0.7542736030932627
2019-02-05,0.7279582803098947,0.7033886626597712,0.7544214682851462
2019-02-06,0.7281233274897704,0.7033176547068386,0.7545208274137105
2019-02-07,0.7282870445652091,0.7032756953909405,0.7544084239174962
2019-02-08,0.7278641268830344,0.7031825865874247,0.754162329735845
2019-02-11,0.7282098396573208,0.7031449587117847,0.754503259810904
2019-02-12,0.7285506396870707,0.7030122290302544,0.7543568493369274
2019-02-13,0.7282179653268739,0.7029709805221807,0.7545432839643952
2019-02-14,0.7282157390043746,0.703054296134707,0.754445642771926
2019-02-15,0.7277171249549375,0.7028784108257821,0.7545788171466106
2019-02-18,0.7273625077257304,0.7028838065363775,0.7544011012177708
2019-02-19,0.7271004532709059,0.7029922497397565,0.7544934312027327
2019-02-20,0.7269379273154162,0.7028542423341746,0.7547306864240831
2019-02-21,0.7271937462484948,0.7027417304210787,0.7544995965831376
2019-02-22,0.7281177420273335,0.7029878923409191,0.7543064470017977
2019-02-25,0.7281198258021487,0.7028622269657138,0.7545665223180305
2019-02-26,0.7287177889496023,0.7030264165270622,0.7548582739077698
2019-02-27,0.7289042793785113,0.7030198864065548,0.7546846984784472
2019-02-28,0.7284723371886769,0.7027969705089578,0.7544019027947065
2019-03-01,0.7283020754424603,0.7029822459659756,0.7547069026653247
2019-03-04,0.7283199332597331,0.7028601638126729,0.7547979984141311
2019-03-05,0.7284070415242231,0.7027258875962678,0.7546266062484864
2019-03-06,0.7284121764841389,0.702944265476808,0.7546299818051907
2019-03-07,0.7282400565473466,0.7029073816809848,0.7548110129760653
2019-03-08,0.7279087625662719,0.7028972424084388,0.7547146067388348
2019-03-11,0.7279121126612719,0.7028290024421797,0.7548722189570186
2019-03-12,0.7285011973884186,0.7026616909267688,0.7547839370872522
2019-03-13,0.7280675469743121,0.7024832253229037,0.7548351408385076
2019-03-14,0.7283136784599745,0.7027367897833484,0.7545520186156537
2019-03-15,0.7282391605684697,0.7028423945436455,0.7549084689990515
2019-03-19,0.7283337201055575,0.7028632387966003,0.7545580357185384
2019-03-20,0.7279101944183927,0.702877318427148,0.7546869018234332
2019-03-21,0.7277483697316073,0.7026901024532778,0.7548327034112152
2019-03-22,0.7270715817729548,0.7024808555635298,0.7547168726516357
2019-03-25,0.727254922067787,0.7025970707071408,0.7548738166161487
2019-03-26,0.7272445429830408,0.7025317190884518,0.755006272787247
2019-03-27,0.7270798285833664,0.7025831351735022,0.7550792465686859
2019-03-28,0.7269939981959617,0.702608905104509,0.7550113807026265
2019-03-29,0.7269985469761303,0.7025945270434373,0.7546257486077823
2019-04-01,0.7268215943870336,0.7023918140012713,0.754747729308503
2019-04-02,0.7269004213915823,0.702514619588989,0.7547279302638301
2019-04-03,0.7272444972194053,0.7024624673427028,0.7549388039400923
2019-04-04,0.7271761503837828,0.7021713679499524,0.7548511508088787
2019-04-05,0.7269210661870721,0.7022902034098026,0.7550842716740191
2019-04-08,0.7274387346145237,0.7023249989558897,0.7551413328107585
2019-04-09,0.7277693023631733,0.7023326475588879,0.7551307546246162
2019-04-10,0.7270149303041415,0.7021960653667033,0.755116717024487
2019-04-11,0.7271781294350892,0.7021231126468903,0.7554045694846716
2019-04-12,0.7274346975806861,0.7022214027544498,0.7552168673600599
2019-04-15,0.7279218322367362,0.7018005216411963,0.7548839717113502
2019-04-16,0.7276758750113212,0.7018102150778908,0.7555158879859808
2019-04-17,0.7276781807159173,0.7015853858475994,0.755709498626115
2019-04-22,0.7278436983277485,0.7018522607974623,0.7555570099349171
2019-04-23,0.7284272635506709,0.7019110981371924,0.7555226171884025
2019-04-24,0.7294375609325049,0.7019211005804721,0.7556674321536294
2019-04-25,0.7293546033658996,0.7016665950678851,0.7554729320613476
2019-04-26,0.7291029576501891,0.7017907974827681,0.7556293170525757
2019-04-29,0.7290960657020684,0.7017376188691699,0.7556693211188938
2019-04-30,0.7287505231721516,0.7016934402732443,0.7555135027511358
2019-05-02,0.729259940716417,0.7017428298602635,0.7557682459567989
2019-05-03,0.7296817117435503,0.7018316279732891,0.7559617577964692
2019-05-06,0.7295969154018812,0.7017533892029875,0.7557152927338148
2019-05-07,0.7299386629422161,0.7014686527930326,0.7556931554033499
2019-05-08,0.730278061969843,0.7012253890822134,0.7558971438255814
2019-05-09,0.7312119324812003,0.7009944369515072,0.7561770272131992
2019-05-10,0.7312973011544905,0.7012255282862613,0.756201799973715
2019-05-13,0.7313989159402077,0.7010211147968956,0.7559791812219752
2019-05-14,0.7317278226516608,0.701197203751216,0.7561757214941912
2019-05-15,0.7312176200163687,0.7011072501376409,0.7561001765426492
2019-05-16,0.7314626938161277,0.7010569159324956,0.7561793202652975
2019-05-17,0.7315479348443366,0.7010093704671434,0.7564329841346599
2019-05-20,0.7323835269987687,0.7008820930535274,0.7566869738569119
2019-05-21,0.7316219549920917,0.7008917051209205,0.7564284939598077
2019-05-22,0.7315323366989217,0.7007059822629671,0.7563293269117376
2019-05-23,0.7317692476786588,0.7007798560474164,0.7563025503284593
2019-05-24,0.7316925304512308,0.7008100377439132,0.7562268210123513
2019-05-27,0.7319531998496874,0.7008201121101874,0.7563585620465926
2019-05-28,0.7317029871352952,0.7004718070195395,0.756290745131601
2019-05-29,0.7319518458961866,0.700523869495963,0.756003821886121
2019-05-30,0.7308705474900968,0.7005870734576457,0.7559166330526803
2019-05-31,0.7307006528951504,0.7004141564661257,0.7559989523052711
2019-06-03,0.7308690823855922,0.7006052325178028,0.7557724060191787
2019-06-04,0.7307057461333252,0.7005721940850462,0.7559025778074828
2019-06-05,0.7306962285765204,0.7007782457021234,0.7557852216052114
2019-06-06,0.7303599987486307,0.700828901707274,0.7560473230809373
2019-06-07,0.7301081107617382,0.7008324612168947,0.7558612378494175
2019-06-10,0.730114740966906,0.7008263703204618,0.756295331282805
2019-06-11,0.73044149756594,0.7008597811069982,0.756311931684714
2019-06-12,0.7305240967503306,0.7008310120974094,0.7560858140231765
2019-06-13,0.7308634779951069,0.7011033810678058,0.7560298112352323
2019-06-14,0.7305279748322802,0.7009396710872925,0.755729364787591
2019-06-17,0.7313709723073775,0.7008627370002332,0.7560631331752332
2019-06-18,0.7312883236492798,0.7006778877648014,0.7560976847388984
2019-06-19,0.7311177605538329,0.7004739167428593,0.7563354726755938
2019-06-20,0.7321998960835748,0.700511089119673,0.7561740782549803
2019-06-21,0.7321991167074995,0.7004564586690053,0.7557744877964941
2019-06-24,0.7319417798109603,0.7005232754846974,0.7555481016577024
2019-06-25,0.7317859311326371,0.700521935041949,0.7556441542643629
2019-06-26,0.7317072681948477,0.7003516927595227,0.7556234825391387
2019-06-27,0.7316176417791409,0.7002672949513391,0.7557415483227057
2019-06-28,0.7316854498527469,0.7006058096223469,0.7556434527901343
2019-07-01,0.7312487927975496,0.7004231554786604,0.7556506559153009
2019-07-02,0.7312559295716883,0.700202610316099,0.7556233666356378
2019-07-03,0.7304898389082151,0.7002094063309614,0.7558312856275846
2019-07-04,0.7303103036995559,0.7003209783525017,0.7557052368219628
2019-07-05,0.7303252376783954,0.7004772554157161,0.7556332673652868
2019-07-08,0.7304065384091746,0.7005988164735322,0.7556447699482939
2019-07-09,0.7298290237345236,0.7004625552119643,0.7556166503595398
2019-07-10,0.7291633258807966,0.7006418851273475,0.755514753961288
2019-07-11,0.7287520930070298,0.7004641752085656,0.7554190813733059
2019-07-12,0.7288394380029954,0.7003350775497781,0.7554040586569678
2019-07-15,0.729672899903292,0.70027056223457,0.7556884631510262
2019-07-16,0.7300928768848768,0.700458780009483,0.7557570170503299
2019-07-17,0.7300079797705489,0.7001342114688948,0.7555357509628857
2019-07-18,0.7292523727206659,0.7002136854115091,0.7555849505739266
2019-07-19,0.729333999719854,0.700011141285665,0.7554139160666241
2019-07-22,0.7285535920145467,0.6997761903398649,0.7557474305177332
2019-07-23,0.7283729480597961,0.6997919760444565,0.7556990425492711
2019-07-24,0.7286297001094701,0.6998474486647118,0.755734147862292
2019-07-25,0.729053825696269,0.7000863519133511,0.7558273645679352
2019-07-26,0.7293737445024714,0.7000587276902827,0.7556841178440199
2019-07-29,0.7293685754860552,0.6999535106866714,0.7559082579644933
2019-07-30,0.7289526936951276,0.7002125631413398,0.7558056888782224
2019-07-31,0.7290955978299776,0.7002305576387069,0.7560946216831831
2019-08-01,0.7291003439247941,0.6999453439887665,0.7561420743671553
2019-08-02,0.7286008406301429,0.6998377157231014,0.75634855397917
2019-08-05,0.7288523003997619,0.6997916610342748,0.7562589120113429
2019-08-06,0.7290979906382816,0.6998294770813648,0.7562139418047746
2019-08-07,0.7288644266352504,0.6996768472956928,0.7565200538924269
2019-08-08,0.7293801945416813,0.6998132456435286,0.7565289467941714
2019-08-09,0.7300532670343828,0.6996162593718035,0.7568229067642727
2019-08-12,0.7301345219299312,0.6994728802189325,0.7565904191931883
2019-08-13,0.7295547806755927,0.6993683126165725,0.7565270647634267
2019-08-14,0.7287841253553874,0.6994370836387983,0.7566539664073167
2019-08-15,0.728959340474305,0.6997659525868021,0.7566575699165757
2019-08-16,0.7282902962104862,0.6996796454610826,0.7568209061002074
2019-08-19,0.7284561990214874,0.6996848125742829,0.7567532398835843
2019-08-20,0.7284565809155055,0.6994309905197625,0.7566600465080008
2019-08-21,0.7282867634024603,0.6995810407729995,0.7570103103466327
2019-08-22,0.729050770672292,0.6992498955656868,0.756991179425248
2019-08-23,0.7295392762351902,0.6994105835491217,0.7569744842189363
2019-08-26,0.7288706358424001,0.6997045264142762,0.7569720434272368
2019-08-27,0.728436564962848,0.699291072199086,0.7570537794183015
2019-08-28,0.7286800033211916,0.6994617390668353,0.7568410722745262
2019-08-29,0.7274922808941451,0.6993441878227991,0.7571965707424102
2019-08-30,0.7265717447067707,0.6993856365432759,0.7569952662479212
2019-09-02,0.7268181638184564,0.6996605530778605,0.7569533689821977
2019-09-03,0.7273266510253267,0.6995606391454022,0.7568688822645574
2019-09-04,0.7273210430012154,0.6997615595100012,0.7567946982723497
2019-09-05,0.7272233110146875,0.6997273889106266,0.756786506040992
2019-09-06,0.7273987445827267,0.6995219057349406,0.7568861845784406
2019-09-09,0.7268003714078471,0.6994754382242889,0.757078638292496
2019-09-10,0.7270648587893458,0.6992483581291403,0.7571946376612109
2019-09-11,0.7274030533019332,0.6993762788518456,0.7570385798485496
2019-09-12,0.7276567909617712,0.6992668888909765,0.7568873021516027
2019-09-13,0.7278417521324505,0.699441850033766,0.7569371026935163
2019-09-17,0.7285906111803531,0.6994966673841854,0.757360698365095
2019-09-18,0.728343703345556,0.699493395723482,0.7571501227141623
2019-09-19,0.7284283296336029,0.6995692289478734,0.7573264414265624
2019-09-20,0.7281713418209227,0.6996408227257664,0.7573572034633143
2019-09-23,0.7288436655264973,0.6993991870223726,0.757325783135001
2019-09-24,0.7287640629690489,0.6993635036416403,0.7574228755251758
2019-09-25,0.7285877322895353,0.6996033944280532,0.7575722985773105
2019-09-26,0.7284994963990565,0.6993909263811947,0.7576617427285537
2019-09-27,0.7288314263301557,0.698969556174991,0.7579048825099001
2019-09-30,0.72889499903687,0.6990780947972056,0.7579908129048657
2019-10-01,0.7297224673891384,0.6989906411506616,0.7581342141842203
2019-10-02,0.7290694947015198,0.6989006295421432,0.7582549425533115
2019-10-03,0.7293185134284995,0.6989396231107335,0.7581622067568874
2019-10-04,0.728825362081973,0.6991885069517477,0.7580193581038012
2019-10-07,0.7284174586490665,0.6995485400597542,0.7582149929423904
2019-10-08,0.7286626222251683,0.6995560344054551,0.7585347805062596
2019-10-09,0.7296891413762754,0.6997146728845257,0.7586164648410164
2019-10-10,0.7297874190724735,0.699770998699377,0.7588042733735544
2019-10-11,0.7293552700503222,0.6994617578637984,0.75887662170886
2019-10-14,0.7291066995327015,0.6994374328018951,0.7584989237451728
2019-10-15,0.73061552573406,0.6992533515509265,0.7585023321718369
2019-10-16,0.731470203344348,0.6991404865572607,0.7583611333442755
2019-10-17,0.7317259406486645,0.6993014735908735,0.7586070275276429
2019-10-18,0.7327166675790306,0.6990309148597506,0.7584352795419412
2019-10-21,0.7342337954249357,0.6985456168274501,0.7585471117031238
2019-10-22,0.7345735511569076,0.6987939772296603,0.7586120439418322
2019-10-23,0.7354956045354532,0.6986922542243464,0.7585579776820359
2019-10-24,0.7370759360779718,0.6985843788934013,0.7583908921138237
2019-10-25,0.736833210528869,0.6988130643950617,0.7586082731467495
2019-10-28,0.7372423014088938,0.6988920157691437,0.7582987154835751
2019-10-29,0.7381641821719053,0.6992245382670761,0.7582752338936699
2019-10-30,0.7380130997675874,0.6990488740639622,0.75870842192521
2019-10-31,0.7385803894785667,0.69872499905948,0.7586801026119893
2019-11-01,0.7387415907216751,0.6987586062595499,0.7585398812996109
2019-11-04,0.7392451895110274,0.6989184034470808,0.7586180544698375
2019-11-05,0.7391842679541765,0.6986962227611093,0.7587951806875063
2019-11-06,0.73908160068267,0.6986175583787391,0.7585644193851284
2019-11-07,0.7391571530395273,0.6986812288227864,0.7590030385053018
2019-11-08,0.7397451135097223,0.6986763070706106,0.7591392041493904
2019-11-11,0.7397496078837763,0.6985936353098643,0.7590791301935653
2019-11-12,0.7398177455020994,0.6984705530716886,0.7588444575012875
2019-11-13,0.7404084258773762,0.698248330368938,0.7592428873201225
2019-11-14,0.7404942584597694,0.6981608086081239,0.759062002003065
2019-11-15,0.7403389293618421,0.6982237629378732,0.7589842517789838
2019-11-19,0.7407398545406881,0.6984891467479025,0.7588958441911642
2019-11-20,0.7414895178989748,0.6983968443941254,0.759012641455385
2019-11-21,0.7408104947733688,0.6981535568593683,0.7593094510708979
2019-11-22,0.7411403287831094,0.6984754516412424,0.7592980225455054
2019-11-25,0.7414730615979993,0.6985573520785525,0.7593845996201194
2019-11-26,0.7414777213689917,0.698138229023953,0.7591858342300968
2019-11-27,0.740826596272543,0.6983176879223184,0.759113115931421
2019-11-28,0.7402541429411857,0.6983297630580951,0.7591480839618098
2019-11-29,0.7404960777810768,0.6980921306741595,0.7590726079914384
2019-12-02,0.7406567470518989,0.6981321992346434,0.7592528706005118
2019-12-03,0.7411464727217336,0.6978681623858293,0.7594062473363848
2019-12-04,0.7406570008707526,0.6981972950857059,0.7596966410831665
2019-12-05,0.7409867948578207,0.6982033036471429,0.759709260022069
2019-12-06,0.7405744372751104,0.6979138894585292,0.7596572914436094
2019-12-09,0.7404173583705507,0.6978887637530754,0.759510707480386
2019-12-10,0.7398293989554238,0.6978629691834629,0.7598509837512445
2019-12-11,0.7393955283827883,0.6979857760657514,0.7595212116519656
2019-12-13,0.7388062039868721,0.6977652783192565,0.7594878190317471
2019-12-16,0.73930887306536,0.6975198982887897,0.7598124326208477
2019-12-17,0.7393906017727896,0.6975548613322491,0.7599646950580775
2019-12-18,0.7397222868749251,0.6975251523910617,0.7600979357870674
2019-12-19,0.7401381583452132,0.6975612823266015,0.7602739297564028
2019-12-20,0.7404033515666862,0.6977135924986008,0.7601965740834297
2019-12-23,0.7399880693892925,0.697837785258685,0.7601905317370389
2019-12-24,0.739826489719331,0.6978940119223981,0.76034249129283
2019-12-26,0.7398389152843938,0.6976044884396064,0.7602855248728413
2019-12-27,0.7395116244456289,0.6976380914386063,0.7605218969108325
2019-12-30,0.739845800583601,0.6978145349802621,0.7604577229500521
2019-12-31,0.7378515136982774,0.6976015445590713,0.7605425628977966
2020-01-02,0.7366886419743947,0.6975344821056478,0.7602259453493141
2020-01-03,0.7363432141645174,0.6974250808676451,0.7603382384564368
2020-01-06,0.7364954661370655,0.6973787233985855,0.7603284602874126
2020-01-07,0.7365643961227998,0.6975076124750124,0.7601037960820746
2020-01-08,0.7362988773583176,0.6974637841511179,0.7605044875636988
2020-01-09,0.7360434655628305,0.6973672551807143,0.7608634759340035
2020-01-10,0.7355372672539309,0.6970764909211404,0.7604887862656727
2020-01-13,0.7352970648711372,0.6971735098676002,0.7603330674182734
2020-01-14,0.7346979336416453,0.6974214939420217,0.7600523674784817
2020-01-15,0.734453287948594,0.6972725595229127,0.7601079423672605
2020-01-16,0.7339518621310648,0.6973618844275795,0.7602529418874379
2020-01-17,0.7331102068842648,0.6973718428385243,0.7604238334932699
2020-01-20,0.7337814634823371,0.6968188538347125,0.7603998631444578
2020-01-21,0.7336181465625401,0.6972964875469604,0.7602591823530167
2020-01-22,0.7341200908407837,0.6968497433611099,0.7605531030083592
2020-01-23,0.7345498741613733,0.696970893032565,0.7600651756442379
2020-01-24,0.7341131209012491,0.6969309833602174,0.7601297325228797
2020-01-27,0.732927800999587,0.6971671749107574,0.7601885846502033
2020-01-28,0.7325926690698147,0.6967459930061223,0.760330806095747
2020-01-29,0.7319900773986835,0.6971104662422707,0.7604082928419347
2020-01-30,0.7323264859492091,0.6968851639706648,0.7605549920815267
2020-01-31,0.7324863676991441,0.6970913377692664,0.7603921478983935
2020-02-04,0.7314797108952976,0.6971080123952788,0.7603686913649765
2020-02-05,0.7311503549659979,0.6971321198262918,0.760435250475049
2020-02-06,0.7313110279474948,0.6971817007417903,0.7605294880394058
2020-02-07,0.7311374269882618,0.6973472787755508,0.7605023520885654
2020-02-10,0.7317350366951875,0.6972962484121362,0.7605467389043449
2020-02-11,0.7312112458233955,0.6972893774057292,0.7608099051389482
2020-02-12,0.7314512462508321,0.6971558845304693,0.760632522778485
2020-02-13,0.731048058305366,0.6970209420060821,0.7608405322704924
2020-02-14,0.7309796351518483,0.6967959695814937,0.7609302188351069
2020-02-17,0.7313031539093034,0.696774112106385,0.7609904923125653
2020-02-18,0.7310370189391181,0.6969066823996191,0.7607881706766698
2020-02-19,0.7307742412158456,0.6969184618863272,0.7610564565148994
2020-02-20,0.7313836955549571,0.6968605553464342,0.761110586774458
2020-02-21,0.7314731235331834,0.6967512893775307,0.7608763170797457
2020-02-24,0.7306243506250809,0.6967077165293756,0.7610737249671367
2020-02-25,0.7304743704270759,0.696502174766651,0.7609179561144872
2020-02-26,0.7308164600468154,0.6965845288380543,0.7612622501540304
2020-02-27,0.7292236447852503,0.6966342791796036,0.7612802476465266
2020-02-28,0.7294701397759105,0.6969309328438174,0.7612145344886215
2020-03-02,0.7294109573567451,0.696751674753529,0.7614302693507919
2020-03-03,0.7304210904842454,0.696580244519703,0.7615366379286558
2020-03-04,0.7298282804037011,0.6966871202769417,0.7616116589632609
2020-03-05,0.7295755607201366,0.6964822117019043,0.7617808075721649
2020-03-06,0.7281449937176718,0.6964727888018388,0.7618009585465214
2020-03-09,0.7262936215041019,0.696749101769,0.7620946634002861
2020-03-10,0.7253697267324194,0.6964252673112464,0.7619284982832772
2020-03-11,0.724422833562391,0.6965981039511194,0.7620314534106599
2020-03-12,0.7236645048265142,0.6962169177139511,0.7619452625380608
2020-03-13,0.722805258811585,0.6962410479474762,0.7620303456976236
2020-03-17,0.7219552935953119,0.6965070354681774,0.7620780476479148
2020-03-18,0.7208346631647342,0.6963052534402441,0.7622357981284055
2020-03-19,0.7204043322840743,0.6961985053501055,0.7620628671407892
2020-03-20,0.7206816191191017,0.6964457353285294,0.7621231764567761
2020-03-23,0.7196541908304267,0.696312289053323,0.7619569579766651
2020-03-24,0.718544598851488,0.6965073951450874,0.762099706856818
2020-03-25,0.7172630580938243,0.696439531579667,0.7620312409958154
2020-03-26,0.717258458916995,0.696390742678013,0.7616461477347709
2020-03-27,0.7156982971281692,0.6965039820191611,0.7616824912512234
2020-03-30,0.7151895737666647,0.6967921100212875,0.7618264485248479
2020-03-31,0.7150267960974468,0.6963583544308339,0.7620442443567982
2020-04-01,0.7148486680774683,0.6963848633172343,0.7619952695827059
2020-04-02,0.7145809158097693,0.6962189571708205,0.762197825936255
2020-04-03,0.7137031383054948,0.6962183430694142,0.7619657874006817
2020-04-06,0.7125774844661615,0.6963948216734653,0.7621746630844303
2020-04-07,0.7128229624517141,0.6961113811209333,0.7624124318728722
2020-04-08,0.7129233544409495,0.6961147067454078,0.7621763038589432
2020-04-13,0.7136334739995389,0.6961496240165861,0.7622475927800226
2020-04-14,0.7131969414739564,0.6957915691528985,0.7623561443347902
2020-04-15,0.7124285704354517,0.6957915849629179,0.7623541085556244
2020-04-16,0.7128700529426494,0.6959157560914071,0.7626780252282189
2020-04-17,0.7123690274896649,0.6956702880851326,0.762639002537265
2020-04-20,0.7122044827632641,0.6955300886964991,0.7626989716794025
2020-04-21,0.7120271252819856,0.6954337952716206,0.7627807697754111
2020-04-22,0.7118374072591013,0.6953702636706656,0.7627468567698055
2020-04-23,0.7117396209368647,0.6951051683037285,0.7626149274388966
2020-04-24,0.7118958058122121,0.6952771339841821,0.7627003263067168
2020-04-27,0.7116400208174463,0.6953812505199972,0.7628580897347337
2020-04-28,0.7106118544854979,0.695492532393839,0.7628643635034399
2020-04-29,0.7091491433161058,0.6955368359762378,0.7626498097116731
2020-04-30,0.7095632830083974,0.6953372595521817,0.7625402326750014
2020-05-04,0.709105499892419,0.6955432868117252,0.762956307810017
2020-05-05,0.7087464583831015,0.695388130092382,0.7630385274553911
2020-05-06,0.7085553655248011,0.6956568479771896,0.7629239602825137
2020-05-07,0.7088856557960428,0.6956962564179145,0.7626796668757632
2020-05-08,0.7083625133659557,0.6953656262228273,0.7629438989167237
2020-05-11,0.7083643025372323,0.695403950714167,0.7629683016099541
2020-05-12,0.7083440542322039,0.6952166895227264,0.7631774985119316
2020-05-13,0.7075496782911499,0.695338984633866,0.7629947187257545
2020-05-14,0.7086834018826798,0.6951582505564453,0.7629312569131779
2020-05-15,0.7084056465758272,0.6951348155302449,0.7627219594480389
2020-05-18,0.7073611805632487,0.6951577520092149,0.7630370572187952
2020-05-19,0.7061983190339118,0.6953867997434487,0.7632287534455046
2020-05-20,0.7061189300899814,0.6954707400822885,0.7630488084407704
2020-05-21,0.7058542348874178,0.695476403628556,0.7629930306172348
2020-05-22,0.7064525875390071,0.6954548100329735,0.7630365775460349
2020-05-25,0.7067996818520133,0.6953052926290338,0.7630553726762346
2020-05-26,0.706020880221153,0.6951507482927245,0.7629298612934174
2020-05-27,0.7054077189213276,0.6950256835108914,0.7629123451998064
2020-05-28,0.7052921110026951,0.6953651640601929,0.762968611634306
2020-05-29,0.7055553771053886,0.6955688906466873,0.7628468211553565
2020-06-01,0.7050193474014166,0.6953931216805516,0.763393841531179
2020-06-02,0.7044034413351834,0.6953780795484233,0.7633187873908621
2020-06-03,0.7040544723533763,0.6952106538359298,0.7631038546724752
2020-06-04,0.7046775678193083,0.6954529590954533,0.76341859883427
2020-06-05,0.7041650889128179,0.6953099806919903,0.7632637797655236
2020-06-08,0.7032859533118446,0.6951484035649461,0.7632197516574939
2020-06-09,0.7032094445780948,0.6952844415129084,0.7633120979615718
2020-06-10,0.7024895924890158,0.6950383006839356,0.7632453706057307
2020-06-11,0.7011747171277342,0.6952208128679565,0.7628709061758743
2020-06-12,0.7004812145071491,0.6950830481401441,0.7631840548787738
2020-06-15,0.701016001543535,0.6952261040328765,0.7630541879460276
2020-06-16,0.7008206028969777,0.6949326196176795,0.7630941474702361
2020-06-17,0.7008155382643331,0.6947574300350331,0.7629053380283513
2020-06-18,0.7007390487880962,0.6946738712969818,0.7631181715225714
2020-06-19,0.7003631511734469,0.6945851686901,0.7632794941049561
2020-06-22,0.6998340582123752,0.6944319598117443,0.7634135829947546
2020-06-23,0.700619370593287,0.6947508101374745,0.7634467300877882
2020-06-24,0.6998982972648738,0.6945862371550142,0.7632973984322847
2020-06-25,0.699976144663535,0.6945975422444489,0.7635138043675094
2020-06-26,0.699623489072925,0.6944340352154079,0.7636732208296481
2020-06-29,0.7003214386948118,0.6945237417979303,0.7633556542381104
2020-06-30,0.700175613006039,0.6942700547265737,0.763369279794596
2020-07-01,0.7008203881879931,0.6944474972058916,0.7635390450099755
2020-07-02,0.7007565726199247,0.6947935072430008,0.763303437996393
2020-07-03,0.7003349187695617,0.6946667148859886,0.7631653466749079
2020-07-06,0.7003581530886289,0.6946810666236181,0.7632449989619017
2020-07-07,0.7006393442740263,0.6943416935567618,0.7636409906110226
2020-07-08,0.7011488696753952,0.694245947092168,0.7637343200851568
2020-07-09,0.7000636659921766,0.6943258695320058,0.7634510755895069
2020-07-10,0.6999944827834792,0.6943455482706437,0.7634918571092045
2020-07-13,0.7004327150203978,0.6942564667590749,0.7634951084918812
2020-07-14,0.6999013306945737,0.6941050791879136,0.7634504964989169
2020-07-15,0.699490333963363,0.6942125650990175,0.7637772046304909
2020-07-16,0.7001006000655483,0.6943871179330908,0.7640815239891212
2020-07-17,0.7008962304006753,0.6944908003581921,0.7639909676888305
2020-07-20,0.701318308524844,0.6944420891246887,0.7639616890477905
2020-07-21,0.7005416993299481,0.6943406015543866,0.7637939222834752
2020-07-22,0.7006078718200072,0.6942502828793352,0.7636576355219601
2020-07-23,0.7005193431681851,0.6942383582642473,0.7638050885175797
2020-07-24,0.7005103990269103,0.6938065422956734,0.7636122214389707
2020-07-27,0.701407484200977,0.6936166485168357,0.76389436560275
2020-07-28,0.7021076838113028,0.6935872010682804,0.7640042651349102
2020-07-29,0.7029893452924427,0.6933593645696776,0.7641168098219017
2020-07-30,0.7027374556565397,0.6937177465418446,0.7640206772156937
2020-07-31,0.7038033739946126,0.6939667767010479,0.7637755223605095
2020-08-03,0.704404707587855,0.6938738516027855,0.7639071416724839
2020-08-04,0.7040618844383433,0.6939077639529097,0.7638282326878421
2020-08-05,0.7036069009149168,0.6940142994795734,0.7639359753153433
2020-08-06,0.703135584865321,0.6936766522896792,0.7637801057240179
2020-08-07,0.7036825660703099,0.6940153687239122,0.7637917333147886
2020-08-10,0.7038712239673031,0.6939383689787794,0.7639760194474668
2020-08-11,0.7036814695595515,0.6941470319585775,0.7637730367234895
2020-08-12,0.7027110222491852,0.6940282535042546,0.7638994727265145
2020-08-13,0.704207908493596,0.6941341683379872,0.7633205209256765
2020-08-14,0.7050773309268521,0.6939253396093337,0.763630715485841
2020-08-17,0.7050000875402964,0.6938745361102965,0.7635666261244254
2020-08-18,0.7052486179558928,0.6937707245998608,0.7633148942981222
2020-08-19,0.7055895068232712,0.6935124892240658,0.7633963875562291
2020-08-20,0.7057912660668899,0.6929858575796911,0.7637426558620137
2020-08-21,0.7052524730669248,0.6929933975983479,0.7635668937018133
2020-08-24,0.7053556018236156,0.6930687602716107,0.7634046249823903
2020-08-25,0.7045780524479328,0.6929910203701827,0.7635897532506684
2020-08-26,0.7038725189224108,0.6929891291504268,0.7635335426270761
2020-08-27,0.7039462561711164,0.6929140961261133,0.7633947151055145
2020-08-28,0.7037450295985579,0.693067803169761,0.7635868012551331
2020-08-31,0.7025069078221722,0.6931941646951065,0.7634938040210761
2020-09-01,0.701645807727416,0.6929758208800136,0.7633685614069091
2020-09-02,0.7009341307337094,0.6932858404401536,0.7634793056620426
2020-09-03,0.7008292703510236,0.6927424964684872,0.7631213067610343
2020-09-04,0.7004819721859439,0.6930209115467183,0.7633595860029692
2020-09-07,0.7002936329882157,0.6929594468164166,0.7633350576452397
2020-09-08,0.7001351480682714,0.6928902417296744,0.7634210128375128
2020-09-09,0.7003684074910503,0.6930908550510713,0.7633630880936273
2020-09-10,0.7004794740799941,0.6935404185004315,0.7633427932783606
2020-09-11,0.7004727371413338,0.6934930178081137,0.7637892350085608
2020-09-14,0.7003808778040589,0.693644085466993,0.7636892632660726
2020-09-15,0.7004718780026685,0.6936028213691204,0.7636229523950205
2020-09-17,0.7004725419778434,0.6937063688788041,0.7635756108777818
2020-09-18,0.7009234652060593,0.6937155197612077,0.763557758479315
2020-09-21,0.7004967901574723,0.6939722228849604,0.7632260354985666
2020-09-22,0.7005749150881264,0.6935224780508069,0.76357715881102
2020-09-23,0.7008325525860728,0.6933548610988174,0.7635569186818151
2020-09-24,0.7010747168609746,0.6935230634457586,0.7635347130534782
2020-09-25,0.7014238349364333,0.693950900995106,0.7634020299123382
2020-09-28,0.6999943631206834,0.6937733703933541,0.7636962573721218
2020-09-29,0.7001768840427766,0.6935882362736863,0.7635012594163175
2020-09-30,0.699625730574369,0.693563774447467,0.7636992836168064
2020-10-01,0.6992934372106924,0.6935405540769107,0.7637127415640184
2020-10-02,0.6994211324163584,0.6934841292970402,0.7633573367678709
2020-10-05,0.6996025597885668,0.6933823045804987,0.7634163629163443
2020-10-06,0.7001296099625277,0.6934184923241893,0.7632948413206663
2020-10-07,0.6991826541867874,0.6932395208473345,0.7632552563418846
2020-10-08,0.6986640995573677,0.6933755733422559,0.763160838450497
2020-10-09,0.696727412379239,0.6931645845999783,0.763156910871215
2020-10-12,0.697344349049632,0.6933081637446947,0.7630283243991298
2020-10-13,0.6966993725666706,0.6931486496408412,0.7634180726092987
2020-10-14,0.6966088039392405,0.693136344107765,0.7631773085290247
2020-10-15,0.696442119377522,0.6928929772853742,0.7634184017288141
2020-10-16,0.697405821872683,0.692894236255728,0.7631401778818604
2020-10-19,0.6955597175927565,0.6926322903655159,0.76328447606465
2020-10-20,0.6960670469913337,0.6926654906267974,0.7630966598927663
2020-10-21,0.6957403938597597,0.6927327137403186,0.763323400397564
2020-10-22,0.695822875469914,0.6928775336336841,0.7632315968296376
2020-10-23,0.6969728272208924,0.6927587306883629,0.7631244776068591
2020-10-26,0.6967824631274534,0.6929183459943407,0.7632576876443073
2020-10-27,0.6969712593034083,0.6929178872972916,0.7635968715243877
2020-10-28,0.6957922768596759,0.6927834727968338,0.7632083825286217
2020-10-29,0.695405721977553,0.6925793592917288,0.7632664955934506
2020-10-30,0.6955738179652645,0.6925763627721803,0.7635206478680239
2020-11-03,0.6953977997092816,0.6923003691810485,0.7635218009916994
2020-11-04,0.6945668011175451,0.6924184810359928,0.7636266262141934
2020-11-05,0.6937737995387337,0.692638036167248,0.7633633571706895
2020-11-06,0.6937997227492975,0.6925287466240517,0.7637861479123942
2020-11-09,0.69298314424966,0.6928368477043768,0.7638816917594238
2020-11-10,0.6933430930413907,0.6927746355510461,0.7637289154357013
2020-11-11,0.692286107873978,0.6928075966857692,0.7637552458391447
2020-11-12,0.6920261137915925,0.6926327467181728,0.7637264488043749
2020-11-13,0.6922799796019817,0.6925844967749123,0.7639232529189456
2020-11-17,0.6918370625696748,0.6923769193971832,0.7637736539439756
2020-11-18,0.691485238768976,0.6924334726433282,0.7638256388388907
2020-11-19,0.6918226564644333,0.6923442059634721,0.7639599761619423
2020-11-20,0.6924648477316461,0.6924598490575422,0.7641975488423727
2020-11-23,0.6926176135627168,0.6925025214298504,0.7643021670049808
2020-11-24,0.6917524516891087,0.6924657874231084,0.7643369699985193
2020-11-25,0.6923657293901145,0.6927469939298578,0.7641753223461862
2020-11-26,0.6927498856144517,0.6926627580217448,0.7639894370012709
2020-11-27,0.6930302987521122,0.6926173139253028,0.764240131156223
2020-11-30,0.6932388390184034,0.6924290277029387,0.7639531351007125
2020-12-01,0.692882084895807,0.6925126755387421,0.7637295158877081
2020-12-02,0.693250119562501,0.6923399009860072,0.7637595211243831
2020-12-03,0.6933353547091697,0.6923320202057797,0.7639793784899978
2020-12-04,0.693649044917999,0.6923328054849762,0.7641824644187122
2020-12-07,0.6935599115820408,0.6921750056832229,0.7643470456069235
2020-12-08,0.6939093364223163,0.6923672820344703,0.7641782492631642
2020-12-09,0.6942601604095092,0.69192373680008,0.7640865387055678
2020-12-10,0.6941893485711951,0.6920218340395927,0.7641861846394501
2020-12-11,0.6948228699844201,0.6920835712121777,0.7641989945409061
2020-12-14,0.6966833792769263,0.6921766431012065,0.7642629198360092
2020-12-15,0.6975025155630926,0.6921517842159826,0.7645610081897007
2020-12-16,0.6975688054215257,0.6921592260298346,0.7645760085242645
2020-12-17,0.6972039778786163,0.6922668049377283,0.764390712582838
2020-12-18,0.6977188439283042,0.6923094438237153,0.7643500714949683
2020-12-21,0.6974491046098485,0.6924984216195501,0.7643192832163423
2020-12-22,0.6971105417300921,0.6922698906246508,0.7647255799356059
2020-12-23,0.6954159939072467,0.6923203994213686,0.7647648211779945
2020-12-24,0.6955752766438869,0.6924398120130979,0.7645236789296482
2020-12-28,0.6954247727269545,0.6923356571362174,0.7644902590165013
2020-12-29,0.6947248730358289,0.692689426389073,0.7645742013534539
2020-12-30,0.6958828413223801,0.6923418835261049,0.7645923596251855
2020-12-31,0.6960513379977276,0.6921698684001211,0.7646833563303035
2021-01-04,0.6958003050635186,0.6918148331336842,0.7645343291791966
2021-01-05,0.6956086119670867,0.6920229952384198,0.7648371519862041
2021-01-06,0.6952221988259609,0.6921179831064855,0.7648596536291598
2021-01-07,0.6950284278808712,0.6923548392484322,0.7649664379175348
2021-01-08,0.6957483331947263,0.6922262141701554,0.7648850508087017
2021-01-11,0.6966372262469078,0.6921419085586888,0.7646185607052791
2021-01-12,0.6965550455916748,0.6923777493735329,0.7645855667755823
2021-01-13,0.6968065329646441,0.6922031003858676,0.7645002051402978
2021-01-14,0.696452604432972,0.6923978824281668,0.7645431919649605
2021-01-15,0.6961834739779628,0.6922275189742506,0.7645952022256973
2021-01-18,0.6962641856030274,0.6919901222975077,0.764309156626883
2021-01-19,0.6958984290610954,0.6918960350022567,0.7643851613836239
2021-01-20,0.6956462186763112,0.6918902895239253,0.7643237831230083
2021-01-21,0.69509241274011,0.6921912881817426,0.7645192979647557
2021-01-22,0.6947260228689249,0.6922746616126945,0.7644040548610603
2021-01-25,0.6955091614708566,0.6924354602851446,0.7645342875403092
2021-01-26,0.6957604558672865,0.69231765883468,0.764955275156086
2021-01-27,0.6950493405977695,0.6921010267038198,0.764526597579943
2021-01-28,0.6954169659887619,0.6922746341069883,0.7646656738999578
2021-01-29,0.6944770826392513,0.6919295500585868,0.7644900563165598
2021-02-02,0.6933983763134992,0.691790739516876,0.7644500411293899
2021-02-03,0.693934985647629,0.6919379881860216,0.7646622957269732
2021-02-04,0.6939916233159136,0.691981061173173,0.7647295695138703
2021-02-05,0.6938057090542508,0.6918960798105682,0.764576225495206
2021-02-08,0.6943632472209597,0.6917719144685281,0.7646343668476641
2021-02-09,0.6951451480995778,0.6915323921689963,0.7649246311653202
2021-02-10,0.6950471654918541,0.6914257515036577,0.7649049835496917
2021-02-11,0.6957642123310165,0.6913849810086864,0.7646433286034787
2021-02-12,0.6956694397428199,0.6916012697450324,0.7645830338078659
2021-02-15,0.6960927207772838,0.6914339757573621,0.764919714740776
2021-02-16,0.6957243818262144,0.6912958574956262,0.7650574190795735
2021-02-17,0.6966012555304952,0.6912103097575681,0.7649504014505336
2021-02-18,0.6970473009076036,0.6916211325391679,0.7651995085895822
2021-02-19,0.6986532758505628,0.6915090440241952,0.764744657867237
2021-02-22,0.7005235471410982,0.6916688882071228,0.764772967216696
2021-02-23,0.7009277461525647,0.6916128585807488,0.7645177966213716
2021-02-24,0.7023458966472909,0.6915113922057519,0.7647767139617332
2021-02-25,0.7030445349237406,0.6916602884509574,0.7648506184952958
2021-02-26,0.703309055909012,0.6915285217650161,0.7647418852542486
2021-03-01,0.703846607566256,0.6914435179729675,0.7648523594279537
2021-03-02,0.7046278522337,0.6914191859787757,0.7649075846125346
2021-03-03,0.7045494397652113,0.6919933421559162,0.7650422465995482
2021-03-04,0.7049479546050971,0.6918585168104796,0.7649268538676531
2021-03-05,0.70564140560571,0.6916983843162855,0.764815397776639
2021-03-08,0.7067023451317068,0.6916038419004263,0.7649909697735139
2021-03-09,0.7073273547269203,0.6915184520709129,0.7648180766340112
2021-03-10,0.7072515581079161,0.691676607020814,0.7648961649197076
2021-03-11,0.7086331519435692,0.6914511661727814,0.7646823035996532
2021-03-12,0.708484678647037,0.6913794212162483,0.7652400855386208
2021-03-16,0.7078553958738292,0.6915435960083732,0.765173051766276
2021-03-17,0.7086640909397963,0.6910533149935666,0.7652361342823556
2021-03-18,0.708424786474605,0.6908256269872319,0.7648082409237976
2021-03-19,0.7084070901049131,0.6912893347264372,0.7651267153894041
2021-03-22,0.7086118873662873,0.691227121858718,0.765011551944997
2021-03-23,0.7084855400700517,0.6912617236722138,0.7649514165003972
2021-03-24,0.7084776959638027,0.6915783869287904,0.7651597271249461
2021-03-25,0.7091369736530844,0.6915524515919353,0.7651475195013462
2021-03-26,0.7096779666955113,0.6911534492164393,0.7650984300688028
2021-03-29,0.7094803546463199,0.6916360442939482,0.7650049238722072
2021-03-30,0.7095760330049968,0.6917694352817787,0.7651569199458765
2021-03-31,0.7104435647688484,0.6916648290960997,0.7648683735741778
2021-04-05,0.7102606402159982,0.6915490714256838,0.7649641922393843
2021-04-06,0.7105459469376103,0.691659330141404,0.7648667742698831
2021-04-07,0.7108011297079274,0.6913642290621825,0.7650655236493761
2021-04-08,0.7107822080481028,0.6911378814879142,0.7649871151443908
2021-04-09,0.7110605977976897,0.6910296495009837,0.7653201731802232
2021-04-12,0.7103528066379681,0.6911601800558071,0.7656138043555984
2021-04-13,0.7107131012505368,0.6909243776032684,0.7653110695083122
2021-04-14,0.7118403472582399,0.6909899807749834,0.7652726746220698
2021-04-15,0.7115025649956275,0.6910187475992124,0.7653300168593902
2021-04-16,0.7118510162054932,0.6910081284951454,0.7654248384285137
2021-04-19,0.7118430135225436,0.6908790821239688,0.7651194487139132
2021-04-20,0.7119535860198049,0.6910773603807809,0.7655240071943692
2021-04-21,0.7117174927679221,0.6910540155014498,0.765441556305682
2021-04-22,0.7119643702160363,0.6906172134528673,0.7655802440545371
2021-04-23,0.7117156428014344,0.6907079755815709,0.7655681432428467
2021-04-26,0.711879264796074,0.6903929140523021,0.7655181695490595
2021-04-27,0.7131107816726846,0.6902441693389014,0.7653574696276343
2021-04-28,0.7133674950123672,0.6900914336291095,0.765353838472351
2021-04-29,0.7136464800891629,0.6902985139183168,0.7651064639970496
2021-04-30,0.7138327753230872,0.6899726945888319,0.7653665808000665
2021-05-03,0.7144578019860879,0.6900102586833604,0.7651636261838698
2021-05-04,0.7147337167297497,0.6900197109669378,0.7650493337979575
2021-05-05,0.7150084990273028,0.6900249039047257,0.7651457369321183
2021-05-06,0.7149161176309616,0.6903275296530228,0.7650739151267103
2021-05-07,0.7147193664378237,0.6901426732153889,0.7651655350541003
2021-05-10,0.7151636407422304,0.68987400246094,0.7652264128624996
2021-05-11,0.715682611889085,0.6897087229381521,0.7650906247101519
2021-05-12,0.7154190234757829,0.689462769666964,0.7650621085151331
2021-05-13,0.7152323786701418,0.6897219193413386,0.7652053252921961
2021-05-14,0.7158199010998859,0.6898620271308987,0.7652691427603577
2021-05-17,0.7165146541489791,0.6896795169450001,0.7655358112640531
2021-05-18,0.7168141314335437,0.6900818156556054,0.7653277492921857
2021-05-19,0.7168879685410054,0.6897565877327554,0.7650471497564145
2021-05-20,0.7167055670667373,0.6898535420729859,0.7653556728619032
2021-05-21,0.7177232788593977,0.6895684596000752,0.7652265886919373
2021-05-24,0.7185069451369397,0.6893863771768937,0.7653071351773069
2021-05-25,0.7185173061601045,0.6892805786140886,0.7650729881188258
2021-05-26,0.7197936965947417,0.6895098101692352,0.7651341751085852
2021-05-27,0.7204715690255195,0.6893552501451135,0.7652543946054904
2021-05-28,0.7202938648872801,0.6894623244473943,0.7654814408272568
2021-05-31,0.7199633551055915,0.6894261370430695,0.7655792788556571
2021-06-01,0.7197213235709393,0.6895988201111777,0.765420561281719
2021-06-02,0.7203394968869541,0.689391722673572,0.765420498018829
2021-06-03,0.7203267022850022,0.689565134726167,0.7654124891909954
2021-06-04,0.7200921586481734,0.6896429282716116,0.765174981635856
2021-06-07,0.7190941631997735,0.6897816066398205,0.7653539794409948
2021-06-08,0.7191877911356347,0.6897270518610776,0.76524074006308
2021-06-09,0.7191037286789568,0.6895638688679573,0.7654673297341725
2021-06-10,0.7196740820699381,0.689640379541272,0.7652621674518945
2021-06-11,0.7200380101915997,0.6895914980509112,0.7652682406378243
2021-06-14,0.7189237699989534,0.6895497210158155,0.7652641807291155
2021-06-15,0.7191481978563282,0.6892807890175189,0.7652032134283974
2021-06-16,0.7186409239836837,0.689422846761987,0.7653920918065504
2021-06-17,0.7182816357298065,0.6895452651491094,0.7658632599776501
2021-06-18,0.7178330228611208,0.6895978213652235,0.7653360512344677
2021-06-21,0.7177392653068224,0.689658970675963,0.7658502060477368
2021-06-22,0.7177051849258184,0.6896951835573003,0.765719703510973
2021-06-23,0.7178254971821421,0.6897069829066087,0.7658641823328955
2021-06-24,0.7177467604696401,0.689833278994242,0.7659213994400168
2021-06-25,0.7178128314441338,0.6891861688959634,0.7658951859639388
2021-06-28,0.7180572850686271,0.6892431749472804,0.7661810059858176
2021-06-29,0.7189703236478846,0.6892247182263732,0.7659750228031449
2021-06-30,0.7188821217689768,0.6895894793460632,0.765847044975083
2021-07-01,0.7187376944556485,0.6893712330147621,0.7659571961659163
2021-07-02,0.7189102535689825,0.6891604548827909,0.7659605119893169
2021-07-05,0.719430772839959,0.6889856028309432,0.7660182673367714
2021-07-06,0.7201458145118644,0.688792389427282,0.7658167751068181
2021-07-07,0.7198736834118025,0.6887883524941043,0.7657537319428276
2021-07-08,0.7204733766165751,0.6884712026863368,0.7657233774251985
2021-07-09,0.719983458594151,0.6882067266620449,0.7658308861859211
2021-07-12,0.7201722670095099,0.6882572092914734,0.7660222852831536
2021-07-13,0.7194057380872565,0.6879429918178706,0.7659679356355614
2021-07-14,0.7200886937007186,0.6880692369472245,0.7659256122652347
2021-07-15,0.719916017568528,0.6881872402620001,0.7660009912896824
2021-07-16,0.7198983594832287,0.6881826124219297,0.765853599106925
2021-07-19,0.7182538285076893,0.6881845054003625,0.7660555193772977
2021-07-20,0.718675803201759,0.6878437748089481,0.7657907526207959
2021-07-21,0.7184546869535948,0.6883655795526796,0.7658001418082886
2021-07-22,0.7183615481574764,0.6880349514662943,0.7659161076264359
2021-07-23,0.7181273636891645,0.6876682923244826,0.7662129090487649
2021-07-26,0.718320560113816,0.6879181270430736,0.7664640791177788
2021-07-27,0.7186796796040446,0.6882106544499561,0.7666188030879165
2021-07-28,0.7187655312486685,0.6879136501718468,0.7662375071865183
2021-07-29,0.7189492617553773,0.6881144277738751,0.7659694185565433
2021-07-30,0.7192068229681813,0.6877509295633001,0.7659805049646116
2021-08-02,0.7193786503649747,0.6877886542923279,0.7660346633303756
2021-08-03,0.7185919705092894,0.6878809366325215,0.766069941074317
2021-08-04,0.7186644880164302,0.6877914672948731,0.7662141315575345
2021-08-05,0.7194401074606643,0.6878197718496809,0.7665144887006288
2021-08-06,0.7191797333465147,0.6880915399629502,0.7667691207142288
2021-08-09,0.7194523351878575,0.6880158883816345,0.76667013199125
2021-08-10,0.7197886461585128,0.6878271703794168,0.7663598583676963
2021-08-11,0.7197141059385225,0.6879255736481359,0.7665666201433754
2021-08-12,0.7193087555287472,0.6877268348059566,0.7662709016128193
2021-08-13,0.7207560037718115,0.6878997172921811,0.7665480421201372
2021-08-16,0.7213377484984927,0.687785547378471,0.7663109496333258
2021-08-17,0.7220266315833723,0.6877270368086691,0.766653163928592
2021-08-18,0.7225678350712684,0.6878390603633071,0.7664830155799812
2021-08-19,0.7220669686466779,0.687776819526741,0.7664515914378743
2021-08-20,0.7219872273082036,0.6878830769432998,0.7665757197484951
2021-08-23,0.7224870443514457,0.6877437682289004,0.76631380162969
2021-08-24,0.7225077179088394,0.6880532871296519,0.7663934113634333
2021-08-25,0.7227539642742682,0.6878685877826434,0.7665618150512434
2021-08-26,0.7227496413504727,0.6880316132834516,0.7665853199503792
2021-08-27,0.7226659082837221,0.6880515272288449,0.7670249872184068
2021-08-30,0.722332607620432,0.6879708080342805,0.7667275159045766
2021-08-31,0.722501457724346,0.6878800366170069,0.766647615357929
2021-09-01,0.7222248575812307,0.6881764794905874,0.7669201084871161
2021-09-02,0.7224090643984203,0.6878641501398037,0.7672035991739724
2021-09-03,0.7223948744791615,0.6877545971424432,0.766917554968884
2021-09-06,0.7224952317174768,0.6878175152754209,0.7664923131646972
2021-09-07,0.7228395315105534,0.6880724570241861,0.7661759223305854
2021-09-08,0.7229048727593363,0.6880353739987667,0.7665852115806868
2021-09-09,0.7235928931701621,0.6881449661335186,0.7666024300673224
2021-09-10,0.7238439940258493,0.6878722763250458,0.7666047848312864
2021-09-13,0.7243737281361055,0.6877784246196323,0.7666394178675269
2021-09-14,0.7249669216830756,0.6878650507773127,0.7666235803784052
2021-09-15,0.7253697081856897,0.6879565527562673,0.7663735116439548
2021-09-17,0.7249461949277307,0.6880172417315492,0.7666743329019449
2021-09-20,0.7240957222470373,0.6879412776386652,0.7665818520611335
2021-09-21,0.7243537177043355,0.6881012464098543,0.7667099228160368
2021-09-22,0.7251899607787493,0.6881660484306079,0.7668648907287756
2021-09-23,0.7267042393346639,0.6881061758574489,0.7672563911842818
2021-09-24,0.7271430602574175,0.688094172115745,0.7669803272103768
2021-09-27,0.7277448496456798,0.6881842670944264,0.7668742272673035
2021-09-28,0.7275757415698976,0.6879229791763105,0.7668258689177133
2021-09-29,0.7276678387619351,0.6882026480458052,0.7668466132648233
2021-09-30,0.7275702859320776,0.68774346378857,0.7667876547610268
2021-10-01,0.7296042727128123,0.6878563086772598,0.766812247117773
2021-10-04,0.7291965943920911,0.6877456887772339,0.7668795473477763
2021-10-05,0.7291637561617031,0.6876551077208958,0.7668619762195061
2021-10-06,0.7292620149037679,0.6874866614364789,0.7671072949748426
2021-10-07,0.7299391624344623,0.6875999768202459,0.7673285847053304
2021-10-08,0.7300974738561687,0.6872161662795868,0.7675222185297805
2021-10-11,0.7305203358817884,0.6874136056946214,0.7674068475622572
2021-10-12,0.7314417228439528,0.6873942688893612,0.7674564602360653
2021-10-13,0.7313574071199147,0.687220223101575,0.7675122591614195
2021-10-14,0.7319656167071015,0.6870548889875722,0.7673471253759836
2021-10-15,0.7316424310494393,0.6872020818857295,0.7673471064024027
2021-10-18,0.7313840340656911,0.6868457645769944,0.767427763780146
2021-10-19,0.7327398045599743,0.6869831077344906,0.767512219702837
2021-10-20,0.7326621891007568,0.6870895198075664,0.7672822695239884
2021-10-21,0.7327626522074593,0.6870974922270688,0.7671977364391003
2021-10-22,0.7327537100417505,0.6868664850816746,0.7673110677388503
2021-10-25,0.7328303657344736,0.6867716311388767,0.7672190385880331
2021-10-26,0.7327448147007024,0.6868924792583434,0.7669600777749733
2021-10-27,0.7331788319056156,0.6868190575034626,0.7674608072675775
2021-10-28,0.7341743842152537,0.6869478247259746,0.7671629622824553
2021-10-29,0.7341658570532378,0.6870370670463928,0.7670053899026859
2021-11-01,0.7343421340208818,0.6869634478353136,0.7674381902240281
2021-11-03,0.734404029445433,0.687063536373694,0.7673448497339465
2021-11-04,0.734643206258898,0.6869077156291465,0.7674215666756025
2021-11-05,0.7356363052189426,0.6868704005048467,0.7674951084720514
2021-11-08,0.7363184026218397,0.6869107078133353,0.7670481295838069
2021-11-09,0.7356469867578141,0.6869886073738125,0.7671036420199693
2021-11-10,0.7352290668340323,0.6869928343350749,0.7671257842294308
2021-11-11,0.7353981917691699,0.6869091382287826,0.7673058988434945
2021-11-12,0.7354884092030668,0.6868493602319345,0.7673241695622575
2021-11-16,0.7352327667600305,0.6868206127436289,0.7674063460882177
2021-11-17,0.7354941808654115,0.6864217422012179,0.7670386038408491
2021-11-18,0.7357644739949994,0.6864688654176077,0.7671303717031555
2021-11-19,0.7358471805261443,0.6863605341796492,0.7670257760410251
2021-11-22,0.7360926416963135,0.6862140833474218,0.7674508805030336
2021-11-23,0.7358336559944241,0.6860440929919175,0.7678796129439828
2021-11-24,0.735911700572183,0.6864107047938911,0.767911458050987
2021-11-25,0.7354032255455647,0.6863583141471805,0.7673642837055922
2021-11-26,0.7348043203418306,0.6864164203074509,0.7675119019957641
2021-11-29,0.7348044383135537,0.6863714500715036,0.7674204070170318
2021-11-30,0.734967472363406,0.6867113707257316,0.767447463174603
2021-12-01,0.7353834259235051,0.6864965682118216,0.767407705003803
2021-12-02,0.7348215651853479,0.68674853185487,0.7678333101821129
2021-12-03,0.7349225897736741,0.6864739330214696,0.7673091058363678
2021-12-06,0.7355843727057837,0.6864278686906696,0.7675183114816687
2021-12-07,0.7362655426888011,0.6865056444994573,0.7673179969935917
2021-12-08,0.7361000441627109,0.6866268571359276,0.7678227983385489
2021-12-09,0.7363426054674326,0.6862418021693651,0.7675123910781989
2021-12-10,0.7374404561407362,0.6861540644845252,0.7671338458566872
2021-12-13,0.7371093074263392,0.6859191791259864,0.7672941039489406
2021-12-14,0.7371153998701045,0.6860962156690653,0.767543805948108
2021-12-15,0.7370403498101666,0.6859772642336753,0.7676922543373839
2021-12-16,0.7367112003168772,0.6859440633275661,0.7671127050954034
2021-12-17,0.7371130211884555,0.6862124448906288,0.7671765646127929
2021-12-20,0.737105782516394,0.6863417751520271,0.767051362028625
2021-12-21,0.7366754934527247,0.6863089038498476,0.7670018144009633
2021-12-22,0.7371041866838378,0.6865540603219156,0.7671038703977762
2021-12-23,0.7372749604953733,0.6866693901184695,0.7672494905791677
2021-12-24,0.7376185497776341,0.6865152128413118,0.7670967104943714
2021-12-27,0.7372750778809993,0.6864895184535289,0.7673701740805834
2021-12-28,0.7368590798698508,0.6861079361711835,0.7669618266923772
2021-12-29,0.7366864111967562,0.6864344584494788,0.7673670741672957
2021-12-30,0.7368599546609471,0.6863889200029901,0.7672783101825918
2021-12-31,0.7366858250385485,0.6865363468028741,0.7670441543834632
2022-01-03,0.7368600505386583,0.6866590247869245,0.7671246592705758
2022-01-04,0.7366262291895764,0.6864325883434206,0.7672015037258123
2022-01-05,0.7365472568250175,0.6864782503270725,0.7673319696909296
2022-01-06,0.7360557311168351,0.6861398485391567,0.7673934701620087
2022-01-07,0.7365649087807951,0.6858363566574536,0.7674337639415377
2022-01-10,0.7360652860833081,0.6860877523543341,0.7674505682830369
2022-01-11,0.736898227204699,0.6858783165499586,0.7674346551025226
2022-01-12,0.7374124433093452,0.6859690620335209,0.767575327532301
2022-01-13,0.7373231832187296,0.6858196251016528,0.7678419178782747
2022-01-14,0.7377184842384944,0.6859671760174681,0.7678373725742125
2022-01-17,0.737554949999097,0.6857262920334154,0.7677294576461935
2022-01-18,0.736555644071384,0.6852183467850178,0.7673677101977829
2022-01-19,0.7370622909465002,0.6849535182264986,0.7672785422702699
2022-01-20,0.737229489133307,0.685307315538575,0.7673745778442195
2022-01-21,0.7380649708524094,0.6858126840207902,0.7672497738592715
2022-01-24,0.7370701100792875,0.6856728249223115,0.7674090419198082
2022-01-25,0.7368892365399002,0.6856188843823191,0.7673947002330888
2022-01-26,0.7375511286351983,0.6852624242609994,0.76728490051444
2022-01-27,0.7377276205044971,0.6853531356631344,0.7674303701052111
2022-01-28,0.7383317698859772,0.685238698447477,0.7671782644210571
2022-01-31,0.7378186005975267,0.6855407198383543,0.7670604784297507
2022-02-01,0.7379869875812608,0.6852636426713996,0.7671422871310839
2022-02-02,0.7384939021030423,0.685252281167854,0.7674026616132886
2022-02-03,0.7375829998044066,0.6856182662682517,0.7672557656222194
2022-02-04,0.7381656518694748,0.6854374141820482,0.7672805522721288
2022-02-08,0.7392424165313966,0.6854192895133733,0.7672347752320829
2022-02-09,0.7395733481899169,0.6854431928091823,0.7671617046429207
2022-02-10,0.7405620817383474,0.6851991153397737,0.7675084320398216
2022-02-11,0.7408985065394084,0.6855299584170098,0.7675762408233219
2022-02-14,0.7409137786964334,0.6857308370039318,0.7677474384857919
2022-02-15,0.7399967558416273,0.6856834722628169,0.7678416865265096
2022-02-16,0.7402456174082122,0.6858266319882516,0.7677404040750991
2022-02-17,0.740235315343819,0.6858381195339733,0.7678407264363489
2022-02-18,0.7406558592394704,0.6858314920625889,0.7679727530639614
2022-02-21,0.7407437675875732,0.686303088249162,0.7681319940324253
2022-02-22,0.740660151482667,0.6864611905471298,0.7681154861110019
2022-02-23,0.7401659176654743,0.6862574982867202,0.7680070789001572
2022-02-24,0.739667449064752,0.6867665489363544,0.7678756409526986
2022-02-25,0.7393247807364502,0.6868096807160597,0.7676118113450421
2022-02-28,0.7394934438858897,0.6865696636857123,0.7676665094878538
2022-03-01,0.7394170131325346,0.6862827630908064,0.7676864672609409
2022-03-02,0.7395128098456256,0.6863913540898187,0.767669332884824
2022-03-03,0.7403420918234975,0.6865052894177861,0.7676948877673281
2022-03-04,0.7404329009586379,0.6862394707599453,0.7675442483665099
2022-03-07,0.7390917019810819,0.6865059746732588,0.7674845501465108
2022-03-08,0.7394302884069693,0.6856902447234491,0.7676176041832592
2022-03-09,0.7382634596774299,0.685259790238148,0.7673326679958823
2022-03-10,0.7391689052674398,0.6852605481308015,0.7675930642476029
2022-03-11,0.7395043926966568,0.6851090097569768,0.7676081961457755
2022-03-14,0.7395798845611024,0.6853223605759099,0.76756163369128
2022-03-15,0.7389078686418878,0.6853336028118937,0.7675712996561842
2022-03-16,0.7387326781462777,0.6853519135989838,0.7677383211333576
2022-03-17,0.7392973400269129,0.6852690803175633,0.7677809425656148
2022-03-18,0.7393747504975985,0.6852733552884926,0.7677014414670221
2022-03-22,0.739296913007297,0.6849184579299966,0.7680677003639441
2022-03-23,0.7391176057597567,0.6849846298642105,0.7680623404011667
2022-03-24,0.7390309908350368,0.6851846693286237,0.7681788898152715
2022-03-25,0.7388847956523239,0.68508925217035,0.7682587036237483
2022-03-28,0.7394766152145922,0.6850434093193166,0.7682918831686264
2022-03-29,0.7391427134635126,0.6848159508240613,0.7681523122816559
2022-03-30,0.7398204017027037,0.684770665520936,0.7680989521120026
2022-03-31,0.740066587834406,0.6848898819654778,0.767682743074164
2022-04-01,0.740235935526165,0.6848246383954011,0.7679211091029596
2022-04-04,0.7404169484606723,0.6845362111179742,0.7679073455650041
2022-04-05,0.7400934736565509,0.6845138851388798,0.768097521118395
2022-04-06,0.7396757448595099,0.6846792658892131,0.7681551454230143
2022-04-07,0.7398243667516309,0.6844959777223104,0.7680119850475081
2022-04-08,0.7403913608587425,0.6843477081119294,0.7681840369124943
2022-04-11,0.7403958851475991,0.684478904476534,0.7681537977607952
2022-04-12,0.740560050906359,0.6844944640914771,0.7683134194280009
2022-04-13,0.7397145146575324,0.6848193378536755,0.7682916870116792
2022-04-18,0.739946948990654,0.6848385898553319,0.768412980936552
2022-04-19,0.7396135757904009,0.6847108399194424,0.7687259919296701
2022-04-20,0.7392905063000214,0.6845523830639554,0.7687962743991523
2022-04-21,0.7382216831910531,0.6847382045300956,0.7688258207508737
2022-04-22,0.7391416242136674,0.6847881626972195,0.7688224128776248
2022-04-25,0.73911482302153,0.6844943315579011,0.7691099264805252
2022-04-26,0.7391224958511492,0.6844206232437534,0.7691657878110759
2022-04-27,0.7391983793617874,0.684478100626037,0.7694329267176218
2022-04-28,0.7392774204547004,0.6845764640352292,0.7694304655421256
2022-04-29,0.7382011647202911,0.6844328125532456,0.7693499118652174
2022-05-02,0.737624596291424,0.6844599185283464,0.7690962826750835
2022-05-03,0.7373699779508329,0.6845423955648678,0.7692658699115242
2022-05-04,0.7369565410783057,0.6844326683775722,0.7694685431704549
2022-05-05,0.7372742733673983,0.6842741791054,0.769601456587731
2022-05-06,0.7369435181583855,0.6845653466270805,0.7694132057971732
2022-05-09,0.7368509522754169,0.6842312911311286,0.7694305881588238
2022-05-10,0.7371824604603031,0.6843092008080323,0.769368289479596
2022-05-11,0.7381076808408308,0.6844440559839517,0.7693846812561878
2022-05-12,0.7383546940636907,0.6841833108223307,0.7694801567902564
2022-05-13,0.7383651755941344,0.6849212634525238,0.7694523194195609
2022-05-16,0.7376202391156916,0.6847913897680876,0.7693305706002409
2022-05-17,0.7371164249942017,0.6848588613262748,0.7692610495182006
2022-05-18,0.7363424026043975,0.6847726573316438,0.7693971105521682
2022-05-19,0.7357524531537036,0.6845220388539699,0.7693052857529913
2022-05-20,0.7357426812196275,0.684594472639261,0.7690955659043877
2022-05-23,0.7360780183447908,0.6845925605360059,0.7689442984793018
2022-05-24,0.7358191398530645,0.684569473239324,0.7690775077486692
2022-05-25,0.7360671595114772,0.6844413052278482,0.7692190831001074
2022-05-26,0.7357407903928511,0.684709409416626,0.7694102778052743
2022-05-27,0.7352335181556565,0.6847682645296448,0.7691256375317936
2022-05-30,0.7354740439681822,0.6846080073666385,0.7692075300952826
2022-05-31,0.7359794059652865,0.6844562132774478,0.7692694126284199
2022-06-01,0.7361378177762967,0.6843569740045251,0.7690619221546995
2022-06-02,0.7358134391357048,0.6847796294119801,0.7691384306782543
2022-06-03,0.7355736361912087,0.6848386321450468,0.7690830822036172
2022-06-06,0.7358118840814469,0.6847576160520314,0.7690920438437546
2022-06-07,0.7363316261363702,0.6847344033732996,0.7693845343091545
2022-06-08,0.7367579635779652,0.6847062445613716,0.7693134710582483
2022-06-09,0.7365237100349666,0.6845023573171123,0.7693916283445925
2022-06-10,0.7350146730035734,0.684595108867981,0.7696945161446378
2022-06-13,0.7351940545414178,0.6844992432999262,0.7695373743502536
2022-06-14,0.7349299548573667,0.6847079236858822,0.7696798134529976
2022-06-15,0.7348506060330393,0.6847403981433494,0.7699408873909361
2022-06-16,0.7340120268260586,0.6847453474521148,0.7698907809401503
2022-06-17,0.7337680800707771,0.6846142525431155,0.7698901053549115
2022-06-20,0.7341027083239241,0.6846096136465463,0.7696343516966658
2022-06-21,0.7337598439273832,0.6846804796531514,0.7698710696069905
2022-06-22,0.7335040920375667,0.6846194052107155,0.7700776254536228
2022-06-23,0.7344335415362421,0.6848044307024148,0.7700008136846056
2022-06-24,0.7336662890495214,0.6848284971174248,0.7697042138511876
2022-06-27,0.7336539671742754,0.6845761073372729,0.7695738024339557
2022-06-28,0.7338895014399575,0.6844174600471529,0.7694992547519522
2022-06-29,0.735152619603357,0.6842866554708728,0.7697495096591636
2022-06-30,0.7352299541813427,0.6842786816761157,0.7698509184244391
2022-07-01,0.7358222381826849,0.6842753875181514,0.7699165800994132
2022-07-04,0.7360125596156006,0.6845352746841504,0.7698095960722133
2022-07-05,0.7365229197791701,0.6847062292692047,0.7698198472695977
2022-07-06,0.736686170863153,0.6846753437406293,0.7698111463561285
2022-07-07,0.7363368733901771,0.6847283213759838,0.7700005184734677
2022-07-08,0.7360031110140287,0.6846246948827052,0.769956868456363
2022-07-11,0.7358264531314846,0.6845332405410773,0.7699754971894223
2022-07-12,0.7359999720052341,0.6845575707368856,0.7702652472124736
2022-07-13,0.7357664241792328,0.6844804935331454,0.7703853155525747
2022-07-14,0.735927289041124,0.684424557412999,0.7703089027983099
2022-07-15,0.736592152114063,0.6847500164813922,0.7704298925173921
2022-07-18,0.7369093187929593,0.6846468239800874,0.7704533309687138
2022-07-19,0.7367527388303293,0.6845596367785428,0.770439722519657
2022-07-20,0.7365825017576058,0.684535423748751,0.7702552846662138
2022-07-21,0.7366604927026441,0.6844479842326278,0.7699931931341282
2022-07-22,0.7368205530775082,0.6844520305407037,0.7700031859737508
2022-07-25,0.7373298029872726,0.6841764204196121,0.7699025904454376
2022-07-26,0.7369888880230018,0.684221636574696,0.7699424243651517
2022-07-27,0.7370076395747609,0.6842248656157477,0.7698603075425682
2022-07-28,0.736086335523651,0.6843494403084165,0.7696034263515673
2022-07-29,0.7365725788078616,0.684397211461345,0.7700224748282253
2022-08-01,0.7368411563879883,0.6844833643575985,0.7699659693575038
2022-08-02,0.7371727747599419,0.6846095117382467,0.7701563527246145
2022-08-03,0.7375106899581731,0.684563316992581,0.7700150891651318
2022-08-04,0.7375853744565986,0.6843901692330188,0.770056986643714
2022-08-05,0.737507490181329,0.6845713001084764,0.7698261053003238
2022-08-08,0.7378431236129814,0.6846806389751219,0.7694535438946792
2022-08-09,0.7380901099131442,0.6847226265802903,0.769680378746449
2022-08-10,0.7379987569793566,0.6844400796976502,0.7694298034221231
2022-08-11,0.7374150818281963,0.6842726679850832,0.7696166411469801
2022-08-12,0.7377545829180433,0.6844388688225572,0.7697678712513529
2022-08-15,0.7375247733622651,0.6844594082075772,0.7698718456244855
2022-08-16,0.7372868091006213,0.6844680020508332,0.7700449726849858
2022-08-17,0.7369378264827534,0.6846280268746279,0.7705171963431368
2022-08-18,0.7372624504782632,0.6840564392207157,0.7703222644483126
2022-08-19,0.7369277137672842,0.6842644778356755,0.7705175655294804
2022-08-22,0.736760383570819,0.6841915737103266,0.7703649474892769
2022-08-23,0.7361003791512786,0.6841881979962714,0.7704906356004004
2022-08-24,0.7357739016256977,0.6840518685975859,0.7702528939743071
2022-08-25,0.735588761656306,0.6844267699783824,0.7702391024052206
2022-08-26,0.7355140694498521,0.684342122392245,0.7706400932725158
2022-08-29,0.7345859681643859,0.6842865874434264,0.7708865363009644
2022-08-30,0.7349913287042676,0.6844864642713063,0.7706059240881413
2022-08-31,0.7346717518502242,0.6844149454148994,0.7705912677025418
2022-09-01,0.7348452523576752,0.6842531360094811,0.7706173278562236
2022-09-02,0.7342747509924346,0.6841027632084418,0.7706116110847759
2022-09-05,0.7343566380087257,0.684167441786055,0.771024989207458
2022-09-06,0.7341814099302794,0.6843164866432478,0.7708993899616089
2022-09-07,0.7346040700959119,0.6842392934672226,0.770780271064445
2022-09-08,0.7339245096383431,0.6843321650283438,0.7710220639681797
2022-09-09,0.7330974343774149,0.6842357981158166,0.7711891636562802
2022-09-12,0.7327624635839797,0.683955922107464,0.7710448500209814
2022-09-13,0.731918067392308,0.6839291164947682,0.7710048204865393
2022-09-14,0.7320860523819369,0.6838405480096748,0.771009498295178
2022-09-15,0.732504861040389,0.6839265847458392,0.7707318914018714
2022-09-19,0.7319188150381941,0.6837654517942298,0.7706857566598131
2022-09-20,0.7321566199022592,0.6837251959852717,0.7706358097458216
2022-09-21,0.7326556269683049,0.6838084423717253,0.7709325559351168
2022-09-22,0.7318102642246881,0.6840634339585289,0.7711335783571476
2022-09-23,0.7305515856780858,0.683848450118703,0.7709197799862059
2022-09-26,0.729627458699769,0.6837562359224082,0.7710487511269557
2022-09-27,0.7302077492453347,0.6834775544965377,0.7711240147535325
2022-09-28,0.7296025611078062,0.6832890580699084,0.7709983213854189
2022-09-29,0.7299342884169085,0.6835159569807383,0.7709831443506181
2022-09-30,0.7295905582712351,0.6835592740641944,0.7711946051726734
2022-10-03,0.7291595918515607,0.6838799058452649,0.7714300040539337
2022-10-04,0.7287372007204553,0.6835728806673036,0.7710462042194581
2022-10-05,0.728581510158458,0.6834807165232232,0.7710300207329783
2022-10-06,0.7281534297938682,0.683746296109683,0.7712664701439147
2022-10-07,0.7276233975293198,0.683572618451901,0.7712002991926051
2022-10-10,0.7277956447797473,0.6837053053678079,0.7712540204787751
2022-10-11,0.7275684361758364,0.6837165081314346,0.7712445929116688
2022-10-12,0.7272288372057281,0.6837179219769477,0.7713112130375326
2022-10-13,0.7268064729308429,0.6834663930404526,0.7709166765480657
2022-10-14,0.7271420115502581,0.6835976091149122,0.7710562483173773
2022-10-17,0.7265527881610897,0.6836362586059929,0.7710890731587086
2022-10-18,0.7259676641045721,0.6837417871780114,0.7711366691376719
2022-10-19,0.7256292494259026,0.6838231702958429,0.7709220295431118
2022-10-20,0.7260748057925535,0.683767626369683,0.7710436674485266
2022-10-21,0.726070601108359,0.683804743357513,0.7712338010152718
2022-10-24,0.7261557939810742,0.6837844703329657,0.7713421178378419
2022-10-25,0.7259080016081879,0.6833909403883343,0.771139166148679
2022-10-26,0.7250731979314677,0.6837920673048724,0.7710364822104478
2022-10-27,0.7254897643051903,0.6839192809185278,0.7708775627973533
2022-10-28,0.7254906326343193,0.6840537600408891,0.7707675224241443
2022-10-31,0.7245472948196767,0.6841276169476096,0.7708373845087888
2022-11-01,0.7242988229803048,0.6841427550552659,0.7709691733071322
2022-11-03,0.7241286229316319,0.6842616217946516,0.7707935876754174
2022-11-04,0.7234338882606808,0.6842375383075274,0.7707121428632471
2022-11-07,0.7245245330473622,0.6841767990706898,0.770805179840249
2022-11-08,0.7241870132107653,0.6841144465564664,0.7707331361983711
2022-11-09,0.7243489909079581,0.6839872061615563,0.7708164110270435
2022-11-10,0.7231694560979127,0.6841186164148486,0.7706447121877854
2022-11-11,0.7231348101104684,0.683864136087564,0.7707866458495058
2022-11-14,0.7233950501207647,0.6839965398238206,0.770721959398774
2022-11-15,0.7234026715099615,0.6836867320693857,0.770977972004107
2022-11-16,0.723658320460872,0.6838771998626303,0.7710345655152332
2022-11-17,0.7234149166997433,0.6839671400936083,0.7713027520761718
2022-11-18,0.7233999267614316,0.6840988938767364,0.7709720634094361
2022-11-22,0.7232875510917101,0.6836526989885567,0.7711205898610352
2022-11-23,0.723181454379469,0.6835807941442701,0.7709463392298773
2022-11-24,0.7240272140519699,0.6833300801881638,0.7710842759190888
2022-11-25,0.723779206320315,0.6833234332039567,0.7711129559329511
2022-11-28,0.7229366567198224,0.6829222250058988,0.7712261700378864
2022-11-29,0.7228558309328758,0.6828655425284658,0.7714456141186524
2022-11-30,0.7228518272642436,0.6830131686222483,0.7714309147204863
2022-12-01,0.7231201946200116,0.6832479905542285,0.7711482324777018
2022-12-02,0.7225205699346491,0.6831019918860288,0.771309736595189
2022-12-05,0.7226194253047968,0.6832228411041531,0.7715558991103569
2022-12-06,0.7228677190689692,0.6828862935770988,0.7714841371592499
2022-12-07,0.7231498304327075,0.6831493410984472,0.7713728560453421
2022-12-08,0.7225729015432565,0.6830875213054886,0.7714555053825156
2022-12-09,0.7226527946318796,0.683501037137597,0.7715233901333813
2022-12-13,0.7231912952632119,0.6828190863634399,0.7715965993473558
2022-12-14,0.7232704855504348,0.6831511761026475,0.7719181220522655
2022-12-15,0.7227392635150686,0.6832584305854233,0.7719224139618857
2022-12-16,0.7231629768951068,0.6831198911073788,0.7718383422059893
2022-12-19,0.7229993619259282,0.6833761134553116,0.7719188207618767
2022-12-20,0.7232539623816184,0.6831433624080991,0.7718174917173026
2022-12-21,0.7225708217313429,0.6835498603171439,0.7714485306130249
2022-12-22,0.7220434696837923,0.6834536150966721,0.7718296179230588
2022-12-23,0.7218099851740245,0.6834661941748448,0.7717954842501188
2022-12-26,0.7220580508175806,0.6834601836649468,0.7718924014025292
2022-12-27,0.7220504281507749,0.6833684998445336,0.7718797613616267
2022-12-28,0.7206846845025813,0.6833592117835477,0.7720075402775237
2022-12-29,0.7211136313240255,0.6834889906671572,0.7719381423937481
2022-12-30,0.7209204401052743,0.6831340477158141,0.7717469246258344
2023-01-02,0.7205676152296804,0.683174128347245,0.7719569951748988
2023-01-03,0.7206465126684204,0.6830736410430153,0.7721565630009926
2023-01-04,0.7202348807703592,0.683239799179406,0.7721955611281046
2023-01-05,0.7207408193657416,0.6830497344818499,0.7721052119130187
2023-01-06,0.7196038012560804,0.6829714015468654,0.7725291736288161
2023-01-09,0.719425716581746,0.682802435195986,0.7724578837293943
2023-01-10,0.7190714333225278,0.6830248735384311,0.7727198123947953
2023-01-11,0.7176757477644682,0.6826613293431598,0.7726155222781899
2023-01-12,0.7189484315605188,0.6827025048775518,0.772844653724552
2023-01-13,0.7189483023248187,0.6824774883780179,0.772931009164659
2023-01-16,0.7188400851494986,0.6825161634342853,0.7729382797984349
2023-01-17,0.7192503695576853,0.6824317125318534,0.7729867521233942
2023-01-18,0.7190107023970275,0.6825522975849719,0.772877785496096
2023-01-19,0.7191737699180349,0.682334542044339,0.7726472381067618
2023-01-20,0.7189931767544218,0.6825779545303907,0.7728470653618464
2023-01-23,0.7191580243399796,0.6822486505978986,0.7730399321835919
2023-01-24,0.7187097066521002,0.682063765056419,0.7726536618525681
2023-01-25,0.7193767644866269,0.6823696316138531,0.7726391919310616
2023-01-26,0.7194536617997842,0.6824533515541404,0.7727019244008362
2023-01-27,0.719855667826692,0.682437970642083,0.7727041711179101
2023-01-30,0.7195184022053746,0.6823327905672394,0.772846217557355
2023-01-31,0.719761437989792,0.6822035605280079,0.7729536806740411
2023-02-01,0.7190526814831792,0.6825111682467648,0.772833474146867
2023-02-02,0.7188063957955289,0.6823891862081486,0.7727540847640283
2023-02-03,0.7200100474610501,0.6822396515063727,0.7728752586088673
2023-02-07,0.7202734013248626,0.6823317769614041,0.7729322151703623
2023-02-08,0.7204515791100363,0.6823064186105101,0.7727622843560407
2023-02-09,0.7205314524092037,0.6821825959325779,0.7727727672752345
2023-02-10,0.7208184533569879,0.6822500837038177,0.7730222539544898
2023-02-13,0.7212289254529476,0.6822431762600224,0.7730375588872385
2023-02-14,0.720640031768084,0.682484087745652,0.7728478332695705
2023-02-15,0.7203023986026631,0.6828640249625632,0.7729373130506921
2023-02-16,0.7213517251266713,0.682767712288036,0.7728684148839506
2023-02-17,0.7217926153562887,0.683124772818641,0.7728607213456391
2023-02-20,0.7228238299866845,0.683391261290735,0.7728643069798864
2023-02-21,0.7219679886733205,0.6834133545273373,0.7724894251654
2023-02-22,0.7226305594199556,0.683116761896073,0.7726348013725509
2023-02-23,0.7231397738365285,0.6829713887820037,0.7727522084279738
2023-02-24,0.7232123743619968,0.682853673848774,0.7726000285516079
2023-02-27,0.7235599664853036,0.6825570816611081,0.7724330633928892
2023-02-28,0.7237187818795379,0.6828300602040367,0.7726823946542227
2023-03-01,0.7239122519789778,0.6827421576677013,0.7725966193934801
2023-03-02,0.7243447356457796,0.682832693972346,0.7731293499823855
2023-03-03,0.7234060707712898,0.683222402867987,0.7730384087238695
2023-03-06,0.7239413421316331,0.6827780361052452,0.7731172463537354
2023-03-07,0.7231094553287558,0.6827723513885406,0.7730004558147453
2023-03-08,0.7231837675080601,0.6826109223831738,0.7729786081755025
2023-03-09,0.7235971009303832,0.682364109309954,0.7731995433020219
2023-03-10,0.7231836152650379,0.6824400281372237,0.7731193767599718
2023-03-13,0.723027906825345,0.682528946520877,0.7732417940860428
2023-03-14,0.7229275507341646,0.6825242229124316,0.7730722632526581
2023-03-15,0.7226627479035037,0.6824585944575458,0.7731113327318098
2023-03-16,0.722576156625808,0.6825078078998106,0.7733029180523031
2023-03-17,0.7223105079859589,0.6826284828845609,0.7733777745371376
2023-03-21,0.7222268923544579,0.6829095103525992,0.7733756548495643
2023-03-22,0.7224092501283292,0.6829940222675887,0.7732478075003696
2023-03-23,0.7225697035781402,0.6828358401273089,0.7732817680714992
2023-03-24,0.7229302241896608,0.6829807523025513,0.773275034699077
2023-03-27,0.7229276862643671,0.6827278735706985,0.7737800310584148
2023-03-28,0.722174880719531,0.6824952127450621,0.7735673461901826
2023-03-29,0.7217373906394782,0.6827018823710059,0.773724678103496
2023-03-30,0.7219003582117177,0.6823770521080611,0.7737727515332151
2023-03-31,0.7219725510458667,0.6823960752487045,0.7737892217813277
2023-04-03,0.7219537673584863,0.682717198871135,0.7736570240093454
2023-04-04,0.7219716185205872,0.6828776474467236,0.7737134310105481
2023-04-05,0.7206925001859994,0.6823381988796514,0.7738620059700683
2023-04-10,0.7204413686973448,0.6826942683305037,0.774040052503958
2023-04-11,0.7204484965769767,0.6822053712351859,0.7736062413195036
2023-04-12,0.7208938852135335,0.6826160851124887,0.7736142501203589
2023-04-13,0.7204761129596905,0.6821601937323007,0.7739803907216058
2023-04-14,0.7202389983112187,0.6825110031978571,0.7740646754248991
2023-04-17,0.7203258743260762,0.6824401184203924,0.7740768109438607
2023-04-18,0.7203269274476236,0.6825307451797612,0.7742502795181461
2023-04-19,0.7210975943818869,0.682637806826234,0.7740348886783512
2023-04-20,0.7214480659653529,0.6826903459307525,0.7739033444019446
2023-04-21,0.7218566172142914,0.6828128033079602,0.7740559306429918
2023-04-24,0.7214974870683161,0.6825219219096967,0.7742169825909146
2023-04-25,0.7213836141747708,0.6825755114416686,0.7739106006300893
2023-04-26,0.7215595271230129,0.6826122620407873,0.7742376781741434
2023-04-27,0.7214782714428578,0.6821797706544602,0.774026961174787
2023-04-28,0.7215564053755944,0.682365247843069,0.7738853198253294
2023-05-02,0.7230288847254157,0.6823499260372763,0.7737718350774114
2023-05-03,0.7236211705394355,0.6824885323696114,0.7738586776811285
2023-05-04,0.7237026022600754,0.6823752595179863,0.7739202392111981
2023-05-05,0.7230155709640914,0.6824375834510293,0.773676916960187
2023-05-08,0.7232164346988925,0.6824962743070238,0.7736733226417314
2023-05-09,0.7226504130689961,0.6824309063277614,0.7737919027449535
2023-05-10,0.7222265306202761,0.6825718554412507,0.7736426688881908
2023-05-11,0.7223117592875753,0.6826841648067268,0.7737816848844535
2023-05-12,0.7216412347103937,0.6830056385497373,0.7740704568857746
2023-05-15,0.721894010161118,0.6822938228806884,0.7739996912491506
2023-05-16,0.7219943116611423,0.681582500855641,0.7738385546731426
2023-05-17,0.7227804464937913,0.6816514325744427,0.773672967006071
2023-05-18,0.722348505167366,0.6818120207889792,0.7740113696616845
2023-05-19,0.7221616825073831,0.6823490005072237,0.7739948873187688
2023-05-22,0.7218103555370293,0.682561745827774,0.7739792116457709
2023-05-23,0.7212872592940893,0.6824022002729516,0.7737080649971653
2023-05-24,0.7215712521441325,0.6823545528033118,0.7741825046514476
2023-05-25,0.7226878416031743,0.6821875192166558,0.7741752214687804
2023-05-26,0.722258038357787,0.6822835246975438,0.7742277420114152
2023-05-29,0.7226035353693759,0.6822306020214737,0.7740451053478864
2023-05-30,0.7226826325495006,0.6823382863697561,0.7743126143575253
2023-05-31,0.7235276043820874,0.682262392672321,0.7744945851374282
2023-06-01,0.7232899563532623,0.6824054455583477,0.7746353093560525
2023-06-02,0.723455738539566,0.6825232284566372,0.7744618657531749
2023-06-05,0.7237788367675151,0.6826121206923329,0.7742904588410555
2023-06-06,0.7231863901111307,0.6825054323040212,0.7743371420046126
2023-06-07,0.7238774652856876,0.6825183569227716,0.7741253403287891
2023-06-08,0.7245639555246761,0.6826385122869497,0.773972442963046
2023-06-09,0.7249189837363252,0.6826662439837665,0.7741762216805428
2023-06-12,0.7245845544051792,0.6825535944311951,0.7742965272206414
2023-06-13,0.7247570117100824,0.6827488522579133,0.7741776518382827
2023-06-14,0.7244201242164708,0.6826691545673012,0.774271581906131
2023-06-15,0.7233222235747707,0.6824371781563419,0.7743335904051452
2023-06-16,0.723827507280812,0.6822324921756192,0.7743244821070434
2023-06-19,0.7236526998532331,0.6820580852108779,0.7743311781430358
2023-06-20,0.7243986965147602,0.6822313938686023,0.7746237488119353
2023-06-21,0.7247344079083882,0.6821744962060773,0.7742729582923841
2023-06-22,0.7244755166613537,0.6819842021041725,0.7740075414573282
2023-06-23,0.7241390866647025,0.6822502570677667,0.7737880713188093
2023-06-26,0.7241367976895934,0.6820690050518695,0.7738261073138959
2023-06-27,0.7237854882962447,0.6824121335348146,0.7737821971731818
2023-06-28,0.7236116828837139,0.6825026027513574,0.7737125969105388
2023-06-29,0.722828864053014,0.6827158284487208,0.7738712321516376
2023-06-30,0.7230043076628015,0.6819401423548614,0.7737258718325678
2023-07-03,0.7220521445528708,0.682094134908838,0.7737776655084856
2023-07-04,0.7215174562302892,0.6820881663679066,0.7734945999667862
2023-07-05,0.7216767856011824,0.6817952815483613,0.7736427429903119
2023-07-06,0.7215708749203976,0.6816175641771507,0.7737009390651647
2023-07-07,0.7215608908452756,0.6812508453805943,0.7737316970547328
2023-07-10,0.7217448712476742,0.6812386207023612,0.7733936942673474
2023-07-11,0.721139306496332,0.6813807578587446,0.7736147588388749
2023-07-12,0.7222476395661908,0.6809695368444869,0.7737301742916487
2023-07-13,0.7220909846822571,0.6816516049393122,0.7739715639971191
2023-07-14,0.7218365628883902,0.681630590963287,0.7738883847946623
2023-07-17,0.7214105855497174,0.6814905328461788,0.7741389396624357
2023-07-18,0.7206204880219839,0.6812970987634168,0.7743208239602103
2023-07-19,0.7200462903274693,0.6814073416598383,0.7740307078977136
2023-07-20,0.7201301647434735,0.6816927604280635,0.7737730246218968
2023-07-21,0.7201367169824442,0.6813654178315907,0.7738798783494626
2023-07-24,0.7200561162880972,0.6817330432948102,0.7740840441738599
2023-07-25,0.7196185112754465,0.6820021146226611,0.7740288324011092
2023-07-26,0.7196826206680778,0.6818442689198431,0.7740460092637802
2023-07-27,0.7200190437711459,0.6819208016754447,0.7739090044385044
2023-07-28,0.7202532428810735,0.6816649228798487,0.7741334376733805
2023-07-31,0.7200940980617997,0.68141761474768,0.7740066479171939
2023-08-01,0.7193842568666271,0.6817003363767746,0.7740954931484568
2023-08-02,0.7190377713523861,0.6815783221444123,0.7742586829383746
2023-08-03,0.7192083083172949,0.6813637940199265,0.7740109830654194
2023-08-04,0.7192212926132368,0.6813241317652259,0.7739896657158265
2023-08-07,0.7191268797160606,0.681638307943436,0.7738711442711069
2023-08-08,0.7191871925849533,0.6811574483191813,0.7739363673413332
2023-08-09,0.7190371042321415,0.6814202128617521,0.7740460070307452
2023-08-10,0.7190454305599097,0.6811556591899236,0.7739299170336297
2023-08-11,0.7194802502169971,0.6812389968819326,0.7741967854533592
2023-08-14,0.7198411031858549,0.681226348258311,0.7744022567728762
2023-08-15,0.7205101571022055,0.6813961668430979,0.7740714485781621
2023-08-16,0.7206696919901581,0.6810795338398336,0.7743164731372271
2023-08-17,0.7202246713564352,0.6810822245708461,0.7741326196937512
2023-08-18,0.7201425269661065,0.6808457999479317,0.7743861541196387
2023-08-21,0.7204986880824517,0.6808318674417243,0.7744187573319603
2023-08-22,0.7205785616301116,0.681171068206526,0.7747024769601194
2023-08-23,0.7202349930915549,0.6808360444220948,0.7747775469704257
2023-08-24,0.7208094476445597,0.68109379131638,0.774936611282122
2023-08-25,0.7212085150233494,0.681231864978839,0.7751251708988546
2023-08-28,0.7217454883722243,0.6808537792664385,0.7748149267380247
2023-08-29,0.7207045061559728,0.680940086711156,0.7750394580718661
2023-08-30,0.7203528183997477,0.6810221640283828,0.7748422264745439
2023-08-31,0.7203441094791296,0.6810678189259103,0.7747106579312828
2023-09-01,0.719847537316474,0.6812657349132729,0.774853090383901
2023-09-04,0.7201792368232032,0.6811569251906334,0.7748154310938128
2023-09-05,0.7207102032734506,0.6807188775310953,0.7747993621636968
2023-09-06,0.7213092165410011,0.6802243990166018,0.7748880905373867
2023-09-07,0.7221587400304402,0.6800719750210706,0.774741897017574
2023-09-08,0.7219820526719055,0.6801822131749377,0.7747795346934487
2023-09-11,0.7223461054059443,0.6802956308669524,0.7751255888806868
2023-09-12,0.7222659314676987,0.6803144527886492,0.7748847079446637
2023-09-13,0.7225260000736435,0.6802968265048241,0.7747461609962258
2023-09-14,0.7223777887368007,0.6804166297166389,0.7746074882357494
2023-09-15,0.7229859515935579,0.6805631506992873,0.7748260916465859
2023-09-18,0.7228175970321263,0.6806332109117271,0.7746750732535514
2023-09-19,0.7229153237629978,0.680636246275362,0.7746589732112438
2023-09-20,0.7230857519351717,0.6807465065683012,0.7745721241197897
2023-09-21,0.7231106075307203,0.6808134700601973,0.774664329002975
2023-09-22,0.7225700195986446,0.6808536654100785,0.7746535478796867
2023-09-25,0.7223066909585494,0.6807807026148135,0.7745047299751507
2023-09-26,0.7220570111399451,0.6808357848410228,0.774468670250195
2023-09-27,0.7222068449979033,0.680790438802274,0.774782361591758
2023-09-28,0.722716311535991,0.6809213003258613,0.7744387268731788
2023-09-29,0.7217595717426936,0.6808337863126096,0.7748282142632379
2023-10-02,0.7220212138445372,0.68070348799303,0.7747367699707451
2023-10-03,0.7217495016946924,0.680483035871729,0.774905839804232
2023-10-04,0.7221426237746014,0.6803385433360581,0.7749305457323247
2023-10-05,0.7219647898760273,0.6803733014184942,0.7748986919083982
2023-10-06,0.7221250866666682,0.6806100106792002,0.7750376151914097
2023-10-09,0.7228311942940273,0.6804454412957848,0.7749881496388269
2023-10-10,0.7218081966221661,0.6805195609992868,0.7748952668670829
2023-10-11,0.722057591613908,0.6808882059308842,0.775194500372156
2023-10-12,0.7218146410444409,0.680476087114061,0.7755775845177432
2023-10-13,0.7220462466834419,0.6805279927421033,0.775395379181127
2023-10-16,0.7219888653973683,0.680324788387882,0.7759036810000237
2023-10-17,0.7226973319204735,0.6802366105937486,0.7756215866027747
2023-10-18,0.7227197974088839,0.6799966609489582,0.7757190158840801
2023-10-19,0.7225435058734287,0.6801508012355771,0.7758584187914316
2023-10-20,0.721594707990972,0.6802695929547004,0.7755811764397611
2023-10-23,0.722210361088413,0.6799781423217254,0.7753649939818247
2023-10-24,0.7228811739348184,0.6798662791576218,0.77572973531699
2023-10-25,0.7228905584461919,0.6798592530996049,0.7755802416006962
2023-10-26,0.7233122077411714,0.6797322866896335,0.7756753791336277
2023-10-27,0.7230612911547987,0.6797156825188123,0.775999153264378
2023-10-30,0.7227765667008276,0.6798745278582344,0.7760714466125102
2023-10-31,0.7231389007944524,0.6801402312985843,0.7756816395293192
2023-11-01,0.7231381908416146,0.6800995538418565,0.7755810915776623
2023-11-03,0.7223688457329815,0.6799590985343095,0.775637590788781
2023-11-06,0.7216600125008492,0.6803701227823538,0.7756342118956184
2023-11-07,0.7212136904223385,0.6804906347297409,0.7755336687032299
2023-11-08,0.7210228877686206,0.6804644383795039,0.7760070204939642
2023-11-09,0.7213894955486742,0.6805150978588879,0.7758540400070615
2023-11-10,0.7225131698289553,0.6806839303672133,0.7755927739750836
2023-11-13,0.7229165810864492,0.6808989129419507,0.7755030069477875
2023-11-14,0.7217282677585518,0.6807050413581843,0.7756394614356878
2023-11-15,0.7212933331455287,0.6808206324855486,0.7759777460730515
2023-11-16,0.7215931674034375,0.6804924910088523,0.7759945514067872
2023-11-17,0.721582942248812,0.6801670814817256,0.7759913271419169
2023-11-21,0.7220897640865381,0.6801618926722977,0.7759342097593543
2023-11-22,0.7218516139724055,0.680226398000783,0.775907602470685
2023-11-23,0.7218519798597469,0.6802359704659793,0.7757221077238305
2023-11-24,0.7222249680078688,0.6804581350338342,0.7756643783548277
2023-11-27,0.7229113799651395,0.6802783132776493,0.7759012774785988
2023-11-28,0.7222387223039614,0.6802286405856968,0.775800609190313
2023-11-29,0.7232292157376642,0.680390578443203,0.7758463320350649
2023-11-30,0.7224385438391764,0.680243888537109,0.7757287378694043
2023-12-01,0.7225238452130275,0.6803739587545148,0.776194187334019
2023-12-04,0.7226990593880027,0.6806395900601182,0.7763376371966374
2023-12-05,0.7231379859362742,0.6803743962003281,0.7763630388313889
2023-12-06,0.72351004815999,0.6803279561542489,0.7763892245220603
2023-12-07,0.7233632222634618,0.6802717464630684,0.7766866381869578
2023-12-08,0.7242105903830486,0.6803816474099945,0.7766187877189401
2023-12-11,0.7240422631680348,0.6803475084151893,0.7768803611686408
2023-12-13,0.7242130423219352,0.6802420984270858,0.7767202964810156
2023-12-14,0.7232832704493604,0.6803893922969588,0.7764322602212318
2023-12-15,0.7233468108412271,0.6802151682597813,0.7768774789603758
2023-12-18,0.7240843999465713,0.680177226495049,0.7766945598614162
2023-12-19,0.7246982561676616,0.6797627700808657,0.776726974661611
2023-12-20,0.7250420781475623,0.6799931541478592,0.7762580270484535
2023-12-21,0.7244634222810081,0.6799735953774058,0.777098611772288
2023-12-22,0.7243111174827686,0.680224163514271,0.7764994966832787
2023-12-26,0.7243997326356828,0.6800137720067216,0.776131886807804
2023-12-27,0.7244619656330117,0.6799007999834312,0.7766401906606542
2023-12-28,0.7245540746166641,0.6797710511995685,0.7768157933545142
2023-12-29,0.7246666036350488,0.6801112651755771,0.7764035823813219
2024-01-02,0.7244906615327538,0.6796431527233788,0.7763039071050586
2024-01-03,0.7234717862757338,0.6794734397222332,0.7766806772458869
2024-01-04,0.7235711973122776,0.6793283118417078,0.7767173692705374
2024-01-05,0.7235872735150425,0.6793313090514562,0.7766762745071952
2024-01-08,0.7242738666950904,0.6790861216470218,0.776680196161845
2024-01-09,0.7231702878703188,0.6791127644233872,0.7767464086994231
2024-01-10,0.7230171748811804,0.679048902785291,0.7769992528643302
2024-01-11,0.7232703198506112,0.6789577541212938,0.7767473955321749
2024-01-12,0.7235988863288797,0.678869385451061,0.7767812738932853
2024-01-15,0.7234458253847891,0.678791847013243,0.7765354499232707
2024-01-16,0.7225767056148283,0.6788047991117182,0.7772985742846017
2024-01-17,0.7227684962330891,0.6792059701489531,0.7773016868093556
2024-01-18,0.7228311248600735,0.6787202742824141,0.7772150428649838
2024-01-19,0.721981512509374,0.678813957017117,0.7768725400984827
2024-01-22,0.7222856442329534,0.6784610396686457,0.7768797927158015
2024-01-23,0.722388705998129,0.678936429879526,0.7769541798621116
2024-01-24,0.7221542138761629,0.6788993764345647,0.7772388833754278
2024-01-25,0.7223232392231661,0.679125904441763,0.7770197116488134
2024-01-26,0.721393461375114,0.6789023064900435,0.777103613108279
2024-01-29,0.7212248653086674,0.6786330154597986,0.7770390915893711
2024-01-30,0.7215779386538322,0.6785979816254072,0.7767695575100835
2024-01-31,0.7214180946623798,0.6787710783445937,0.7767719386296369
2024-02-01,0.7215922003376405,0.6781663448626075,0.7766763719567982
2024-02-02,0.7219963621751735,0.678117891079239,0.7764803278670328
2024-02-06,0.722243382182133,0.6782660586921938,0.7770031807188266
2024-02-07,0.7224207724455323,0.6784180966733174,0.7765036156510184
2024-02-08,0.7224304914123849,0.6783783516432577,0.7766320859643531
2024-02-09,0.722008560445718,0.6785242106622601,0.7770152591111621
2024-02-12,0.7218343536043667,0.6783097381842406,0.7769029406941387
2024-02-13,0.7210926678968412,0.6781985593496335,0.7773235836899717
2024-02-14,0.7215315806434051,0.6781993535383019,0.7769311974362373
2024-02-15,0.7213679944288529,0.6780630977817873,0.7767461466949728
2024-02-16,0.7226528268655942,0.6780423509611455,0.7766784228628936
2024-02-19,0.7218984804072788,0.6781909863069514,0.7767201366812742
2024-02-20,0.7227402028040069,0.6782086182138282,0.7771456691971576
2024-02-21,0.7226634499819066,0.6778863340115426,0.7771949272594829
2024-02-22,0.7230707047298252,0.6777929060885884,0.7773083661238585
2024-02-23,0.7238218363900234,0.6782894596774618,0.7778029912372012
2024-02-26,0.7239867798659787,0.6782662789139295,0.7776192887211095
2024-02-27,0.7236432536749877,0.6779037211770362,0.7774494750237538
2024-02-28,0.7229523155994739,0.6776021475034033,0.7777608754583657
2024-02-29,0.7228535814307427,0.677680384760875,0.7774590923939921
2024-03-01,0.7231905429311879,0.6776344710548423,0.7774932813488985
2024-03-04,0.7229425727496152,0.6776416873559531,0.777404070511181
2024-03-05,0.723786885540954,0.6773091882710293,0.7780556895103077
2024-03-06,0.723680061985951,0.6770957001145167,0.7779831964179572
2024-03-07,0.7244237827132238,0.6771955878038002,0.7778195046660688
2024-03-08,0.7245285622125417,0.676847012908817,0.7778041953001561
2024-03-11,0.7254218620602411,0.6766367537607925,0.7781169118401766
2024-03-12,0.72540458390551,0.6764551251059254,0.7784609597571746
2024-03-13,0.7250490184368317,0.6764062642985424,0.7780501864262366
2024-03-14,0.724762744636531,0.6763598658983762,0.7779881364184443
2024-03-15,0.7242616314429091,0.6763504711565654,0.7775144400063904
2024-03-19,0.7241984649792617,0.6766752480936945,0.7771668368496576
2024-03-20,0.7245525726373172,0.6767109351644508,0.7773624845835805
2024-03-21,0.7247274842451126,0.6768770596173819,0.7776365477174005
2024-03-22,0.72514244758023,0.6769507053845921,0.7774093505573102
2024-03-25,0.7252253007822527,0.6768283720869314,0.7774871137514069
2024-03-26,0.7254619438420612,0.6771140499842697,0.7774185277921957
2024-03-27,0.7254993520467403,0.6774021468272857,0.7774140444532421
2024-04-01,0.7253208900119886,0.6772277359095082,0.7773539884184613
2024-04-02,0.7258106209316634,0.6771937468946209,0.7777498151916439
2024-04-03,0.7259046395926745,0.6768490772424441,0.7777066121354269
2024-04-04,0.7262427150500743,0.6767694695503336,0.7776023602589782
2024-04-05,0.7260846476330702,0.6769002021692688,0.7772216636300644
2024-04-08,0.7266695762469557,0.6767348035918174,0.7772682443397686
2024-04-09,0.7272767025478718,0.6767588169014445,0.7777924179049389
2024-04-10,0.7262676366223214,0.6768826733914609,0.7776247139356102
2024-04-11,0.7271098719210735,0.6765954889088153,0.7776535348793038
2024-04-12,0.7278481000367297,0.6766292273819995,0.7774787373986509
2024-04-15,0.727345369001154,0.6770885727714138,0.7766706545202164
2024-04-16,0.727361177073571,0.677262144859591,0.77677560379366
2024-04-17,0.7270328567652804,0.6771690728472017,0.7769054425568047
2024-04-18,0.7270981421551406,0.6771507709691937,0.7768534977121734
2024-04-19,0.7268211024785548,0.6774640157920302,0.7768561321525371
2024-04-22,0.7262899851726462,0.6772253499472217,0.7766864985875248
2024-04-23,0.7257733128002064,0.6770528690482002,0.7768226392678285
2024-04-24,0.7260530937445362,0.6772466485710539,0.7768621533504296
2024-04-25,0.726464737152429,0.6771961651974783,0.7766256635710601
2024-04-26,0.7261065084128866,0.6772158845347297,0.7766416472003186
2024-04-29,0.7257497628434547,0.6772595409623087,0.7765955751497391
2024-04-30,0.7243840054898264,0.6767173377159521,0.776774538777536
2024-05-02,0.7242922155850107,0.6767032754464842,0.7768459267875955
2024-05-03,0.7245636079168649,0.6768901610585883,0.7766613895124005
2024-05-06,0.7254986033347081,0.6770865201760867,0.7769389868087461
2024-05-07,0.7255136889680858,0.6774670679477957,0.7768645670913876
2024-05-08,0.7256036608569069,0.677225834537672,0.7768340590783404
2024-05-09,0.7246818782491933,0.677195264302449,0.7766837246405032
2024-05-10,0.7252107592083495,0.6770017371616801,0.7767033052828013
2024-05-13,0.72554930471026,0.6770547524412202,0.7763356270999857
2024-05-14,0.7255400597768225,0.6766854909876999,0.7764474130440758
2024-05-15,0.7257362679173984,0.6767951502757321,0.7766401714572285
2024-05-16,0.7259019339362318,0.6766523317687416,0.7765297529711841
2024-05-17,0.726227953128676,0.6766809925751409,0.7766786999751617
2024-05-20,0.7262482057349976,0.676725560242296,0.7765502422310763
2024-05-21,0.7259956376146398,0.67719973918815,0.7767118884947943
2024-05-22,0.7261677022438122,0.6771946420288519,0.7768242427068399
2024-05-23,0.7260857481402416,0.6769942109351971,0.7768608570445662
2024-05-24,0.7256435428104041,0.677132776133453,0.7772650154279328
2024-05-27,0.726069463801023,0.6772890532903292,0.7764450212524168
2024-05-28,0.726488671100684,0.6772806815194142,0.7767872093138606
2024-05-29,0.7265959809829932,0.6776128013656726,0.7767509443112659
2024-05-30,0.7270233320603552,0.6773858016516889,0.7767834797233443
2024-05-31,0.7271117349932661,0.677456892157931,0.7762470900728102
2024-06-03,0.7255211390277934,0.6774566763173625,0.7767494184143371
2024-06-04,0.7244333449980498,0.6775782920429342,0.7765081742554973
2024-06-05,0.7237444938533304,0.6775056842607426,0.7765074433229427
2024-06-06,0.7241065856053904,0.6773383856584622,0.7764317862126552
2024-06-07,0.7232709932799666,0.6778190669906803,0.7763507998297209
2024-06-10,0.7236392273960571,0.6775278590896504,0.7760897222307039
2024-06-11,0.7231320873560335,0.6778373709279695,0.7761253980341871
2024-06-12,0.7234659121025209,0.6776222005022633,0.7762412975843779
2024-06-13,0.7237300833609605,0.6770158539067018,0.7763851477067719
2024-06-14,0.7239819402247896,0.6771800396328582,0.7760339365198321
2024-06-17,0.7245904227127703,0.6773096314678974,0.776277557118316
2024-06-18,0.723655989813648,0.6768520206622372,0.7764930591522862
2024-06-19,0.7239955588835476,0.6766847589314992,0.7761001617202917
2024-06-20,0.7244022922974406,0.6767700705928104,0.7760941668147691
2024-06-21,0.7241417450271488,0.6767092058913402,0.7764179033248619
2024-06-24,0.7238747943738669,0.6766960261964916,0.7761694849596
2024-06-25,0.7242164693443909,0.6765532405563781,0.7759448890039883
2024-06-26,0.7248129687706046,0.6766403071146554,0.7761583746321042
2024-06-27,0.7254906607643244,0.6768068822480496,0.7764098890097935
2024-06-28,0.7263481787557171,0.6764996006146924,0.777010016360635
2024-07-01,0.7258539497396568,0.6770293266318969,0.7765923990234188
2024-07-02,0.725179297952438,0.6768197724717349,0.7770698492259993
2024-07-03,0.7244918740011995,0.676927578774236,0.7772704511448386
2024-07-04,0.7249145732846227,0.6764827394081981,0.7767702161194658
2024-07-05,0.7241444987336676,0.6765618125388254,0.7767848012536646
2024-07-08,0.7231397050794016,0.67659507104869,0.777058292948336
2024-07-09,0.7230655799896386,0.67675941853433,0.7768122197014028
2024-07-10,0.7230566282851626,0.6766309066502265,0.7765752941701781
2024-07-11,0.7228888277188857,0.6767001329264837,0.7764146073414557
2024-07-12,0.7223924044314758,0.6762808491451575,0.7767683524214727
2024-07-15,0.7211899451762976,0.676369762132619,0.776921313403966
2024-07-16,0.7222982841634329,0.6762447880153745,0.7766141359826023
2024-07-17,0.7229041250995121,0.6759680383705172,0.7767797788851517
2024-07-18,0.7223318544201927,0.6761210154346566,0.7766696522037813
2024-07-19,0.7225928594975503,0.6762377141167263,0.7767437837319687
2024-07-22,0.7219861533638481,0.6761581865229188,0.7769115841779964
2024-07-23,0.722746774632185,0.6762357219409773,0.7768731668672699
2024-07-24,0.7230986942376808,0.676524402727448,0.7770215872311209
2024-07-25,0.7223228680987783,0.6763570515611288,0.7770902276501337
2024-07-26,0.7223243516439259,0.6764229459498025,0.7775067506972005
2024-07-29,0.7221238272803023,0.6763697415157905,0.7773000510689271
2024-07-30,0.722044485374043,0.6764283529946642,0.7773240087330138
2024-07-31,0.720947019177333,0.6763671428217325,0.7773747911671766
2024-08-01,0.7210257986172308,0.6764167669523352,0.7775342056997222
2024-08-02,0.7210253520215432,0.6764083753755897,0.7772890403110833
2024-08-05,0.7206721203992031,0.6763179269856882,0.7773751116589095
2024-08-06,0.7206706289560508,0.6762184679400367,0.7774348581579762
2024-08-07,0.7211987824551708,0.6765138343678021,0.7771310951251452
2024-08-08,0.7210490312581315,0.6761685534194873,0.7774529896801945
2024-08-09,0.7209644956018343,0.6766611364087203,0.777552828980335
2024-08-12,0.7218101870735273,0.6760010083249134,0.7775550561300767
2024-08-13,0.7213787034859019,0.6763357712210363,0.7773720933716445
2024-08-14,0.7211283944641922,0.6762446489025661,0.7772887469400572
2024-08-15,0.7217045315962229,0.6759991646779362,0.776967589472503
2024-08-16,0.7219712028557626,0.6759893938706601,0.7770795384520304
2024-08-19,0.7220539605932386,0.6762594040998646,0.7773079383456346
2024-08-20,0.7219599947737843,0.675772001855897,0.7774050185803244
2024-08-21,0.7222200282537146,0.6763806767620408,0.7776340716268889
2024-08-22,0.7219501333712508,0.6760655511812598,0.7775057624725608
2024-08-23,0.7214427363426792,0.6761782712820886,0.7776435481461036
2024-08-26,0.7218741557088252,0.6763224799060625,0.7775010859829707
2024-08-27,0.7218617429594945,0.6768359528752214,0.7777524269987559
2024-08-28,0.7228715753659599,0.676550551261954,0.7775997054774985
2024-08-29,0.7227909473204757,0.6766082763020256,0.7774019679102324
2024-08-30,0.7226896922169341,0.6759392118538301,0.7774435853103873
2024-09-02,0.722188799197751,0.6760160041957509,0.7774002882320195
2024-09-03,0.7211489574769625,0.6758873223248346,0.7775837704146915
2024-09-04,0.7214980520866954,0.6756666810168399,0.7779927377583663
2024-09-05,0.7219229246786194,0.676169026570202,0.7779699478663528
2024-09-06,0.7222580415573945,0.6761673857116189,0.7779014381324737
2024-09-09,0.7221635077848676,0.6760157086303412,0.7780238482719475
2024-09-10,0.7227602100921576,0.6758146821519633,0.778211953002502
2024-09-11,0.7232140366777378,0.6759074299067552,0.7782016446531842
2024-09-12,0.7232133313854833,0.6760956837778679,0.7785240275543122
2024-09-13,0.7242275172963195,0.6759619812886548,0.7780621702229604
2024-09-17,0.7235323298257331,0.6759303218239787,0.7782109760706364
2024-09-18,0.7233707646122458,0.6755476102928667,0.778220445227318
2024-09-19,0.7233848896207307,0.675687413039736,0.7783438807001775
2024-09-20,0.7229740677215448,0.6755322982706172,0.7781853861939093
2024-09-23,0.7229027659877303,0.6757269866730963,0.7782911178719034
2024-09-24,0.7217982902280249,0.6755951310179812,0.7784838020607395
2024-09-25,0.7223865128417215,0.675599995299649,0.7786900747703596
2024-09-26,0.7223712180830626,0.6756256508224916,0.7787906024091777
2024-09-27,0.722193083335722,0.675878419545551,0.7787626324371242
2024-09-30,0.7221135417177593,0.6758699067378983,0.7789579977490688
2024-10-02,0.7225212411030884,0.676020826396299,0.7792364951753774
2024-10-03,0.7220737412533118,0.6758475674310549,0.7791084820519247
2024-10-04,0.7208542530878674,0.6758763800441053,0.7790560340617887
2024-10-07,0.7211085899521773,0.6757162323340724,0.7789107804496254
2024-10-08,0.7212893589853312,0.6760359253497412,0.7791155814576586
2024-10-09,0.72172631379463,0.675623223815504,0.7787731124785038
2024-10-10,0.7222285835851666,0.6756606210853704,0.7787741250145279
2024-10-11,0.7223724250987797,0.6756852889229502,0.7787804577204087
2024-10-14,0.7220280287018508,0.6754661404791591,0.7786621564161739
2024-10-15,0.7220366524761475,0.6751825122398873,0.7789009420161733
2024-10-16,0.7217974019855871,0.6753928809262099,0.7789804499682476
2024-10-17,0.721203909162698,0.6752784635156104,0.7789616968556737
2024-10-18,0.7213755913509339,0.6755119941135789,0.7790462038322141
2024-10-21,0.7216525738983322,0.6756476541814783,0.778837019871867
2024-10-22,0.7216584873666649,0.6752094601405828,0.7790333087061541
2024-10-23,0.7215661543181839,0.6753921050275251,0.7789763178708139
2024-10-24,0.7214938558547288,0.6758221964283764,0.7789590264807603
2024-10-25,0.7212446475018828,0.6757361866843111,0.779024576107068
2024-10-28,0.72122752082916,0.6757997964519626,0.7791751984336486
2024-10-29,0.7215779296317677,0.6757167128493653,0.7789614878885228
2024-10-30,0.7230918304671183,0.6760818771322158,0.7791406630568796
2024-10-31,0.7242139271099228,0.6759639707496227,0.7788294955457551
2024-11-01,0.7240471087343204,0.6758220112902837,0.778804244634554
2024-11-04,0.7239630466391741,0.6757000856034205,0.7789071656952306
2024-11-05,0.723863951208658,0.6758434539315492,0.7785611807949954
2024-11-06,0.7237011942931666,0.6755198169718537,0.7786514041533102
2024-11-07,0.7233460135493465,0.6756892281478024,0.7784966828469015
2024-11-08,0.7232458463067856,0.6758565734069043,0.7788324545329909
2024-11-11,0.7230629041112177,0.6755605812026836,0.7787910033038663
2024-11-12,0.7231335268472301,0.6755317493954949,0.7787860855735695
2024-11-13,0.7236374303081026,0.6756109218871312,0.7789514162640062
2024-11-14,0.7240684081046652,0.6751799618763855,0.7787268319459234
2024-11-15,0.7237377761923003,0.6749521689620634,0.7788666489158553
2024-11-19,0.7237184947991782,0.6752627334718675,0.7791824192220818
2024-11-20,0.7235592585696857,0.6753735425062725,0.7792143115771525
2024-11-21,0.7229590736333099,0.675780214488801,0.7791367348512938
2024-11-22,0.7229730062125721,0.6756269202813063,0.7789233271133397
2024-11-25,0.7237414905851657,0.6753750007575886,0.7791760462443559
2024-11-26,0.7231577278916062,0.675272075602734,0.7789466940161752
2024-11-27,0.7229088972595279,0.6750827638735497,0.7789246221308541
2024-11-28,0.7240036360896184,0.6751247130194339,0.7791706794791613
2024-11-29,0.7241089814644892,0.6752679477784007,0.7791030661701084
2024-12-02,0.7245379515613303,0.6755682831917735,0.7791180452006595
2024-12-03,0.7242834844886492,0.6752824401710665,0.7789412335911804
2024-12-04,0.7247036511116459,0.6751985007454536,0.7788581689013012
2024-12-05,0.7251304629751651,0.6753570830935427,0.7787938646305123
2024-12-06,0.7256340439969844,0.6755379878759954,0.7789156511136813
2024-12-09,0.7253118091291207,0.6758529757453144,0.7788963320789976
2024-12-10,0.7252441812003351,0.6756370275823889,0.7788107603019864
2024-12-11,0.7249989868333463,0.6754034705831793,0.7787958552590795
2024-12-13,0.7247651013882198,0.6754018192179201,0.7791244864703837
2024-12-16,0.7251170760438135,0.675487778497269,0.7790017029847182
2024-12-17,0.7265641966332991,0.6754222769853205,0.7786398839935453
2024-12-18,0.7267118656329618,0.6753945273478067,0.7789868105391642
2024-12-19,0.7262894741025364,0.6753789520476183,0.7791926394625325
2024-12-20,0.7259641681214181,0.6751355785604745,0.7790124448179543
2024-12-23,0.727300059131692,0.6753389304264242,0.7790156175315784
2024-12-24,0.7279728214700855,0.6752707185510253,0.7789819500809086
2024-12-26,0.7277251306986167,0.6757173438776993,0.7790742848632279
2024-12-27,0.7277981159320014,0.6754449636586356,0.778912629612748
2024-12-30,0.7272017545668686,0.6757215432666338,0.7790461123367118
2024-12-31,0.7269668677557938,0.6758983290728503,0.7792749973645493
2025-01-02,0.7269581802327514,0.6760655090173129,0.7789958218211425
2025-01-03,0.7265259893012103,0.6758948242080713,0.7791010611803486
2025-01-06,0.7272935870429631,0.6757424989136666,0.7791879929133739
2025-01-07,0.726617850238475,0.6756714502337084,0.7798472820903247
2025-01-08,0.7266252526846108,0.6756212128612561,0.7798553874579058
2025-01-09,0.7263771273578372,0.6754288179764473,0.7798419420698138
2025-01-10,0.7265586840517797,0.6754780579817253,0.7794917196318357
2025-01-13,0.7271516280211161,0.6750612914645756,0.7796855924572559
2025-01-14,0.7274865491067953,0.6749417121661159,0.7794643360329512
2025-01-15,0.7270479095288562,0.6749293248322414,0.7797699813836799
2025-01-16,0.7273158442600336,0.6748218132894824,0.7796029347039839
2025-01-17,0.7269907432849843,0.6753265214733617,0.779564602073054
2025-01-20,0.7269176836395865,0.6751705220915356,0.7796174302403294
2025-01-21,0.7276013370822929,0.6753971522618791,0.7795303499960259
2025-01-22,0.7270006047338275,0.675414470311856,0.779595596579384
2025-01-23,0.7270797470830885,0.6756082652302494,0.7797246074845454
2025-01-24,0.7275982881722988,0.675581124897499,0.7793988375394867
2025-01-27,0.7275175898799272,0.6755937837622584,0.779705861762256
2025-01-28,0.7277674995211062,0.6753064116918952,0.7796992068053432
2025-01-29,0.7281926220648003,0.6752886153213132,0.7799444257957338
2025-01-30,0.727681644322573,0.6753268297638786,0.7798886359460734
2025-01-31,0.7262460578546529,0.675536727263216,0.7798804682314295
2025-02-04,0.7257367589928435,0.6755508617258936,0.7803027002411221
2025-02-05,0.7259004701764199,0.6757156030789293,0.7799690039518958
2025-02-06,0.725488053100419,0.6754483696465415,0.7794709374063068
2025-02-07,0.7255057065545844,0.675272336413775,0.7794059409077186
2025-02-10,0.7245701890488006,0.6752256873539471,0.779644870273234
2025-02-11,0.7247071042617893,0.6753047155442027,0.7796274355421298
2025-02-12,0.7243658619096442,0.6751096338693343,0.7796789613590069
2025-02-13,0.7246274600110565,0.6748406490052931,0.7796318941537276
2025-02-14,0.7246364707611057,0.6751096493439124,0.7796198277085925
2025-02-17,0.7247225839356664,0.675238798684221,0.7797192122187405
2025-02-18,0.7249071052407035,0.6752109812817781,0.7800218817366831
2025-02-19,0.7250953721553025,0.6753555334212269,0.7801903752291725
2025-02-20,0.7249356359789421,0.6751524361393305,0.7798959568834504
2025-02-21,0.7244870999030487,0.6747781596429862,0.7797075595738246
2025-02-24,0.7247528569705018,0.6744268152668959,0.7796263348758906
2025-02-25,0.724068981997247,0.674895026266444,0.7800511370303569
2025-02-26,0.7243284279524563,0.6745134330657099,0.7801339462698111
2025-02-27,0.7238163916068422,0.6748026818829015,0.7803493527860116
2025-02-28,0.7236725748838109,0.6746822103633456,0.7804517582149678
2025-03-03,0.7238620317780254,0.67500161007606,0.7799512906680194
2025-03-04,0.7242063601744468,0.6747275754602851,0.7799889182230839
2025-03-05,0.725121723088511,0.6744907683351965,0.7793989303484408
2025-03-06,0.7248787770584756,0.6739797970593842,0.7797976805558979
2025-03-07,0.7253204627903779,0.6740852709387628,0.7799469804720357
2025-03-10,0.7244663432595729,0.6739512131589491,0.7798785278713213
2025-03-11,0.7248142652892166,0.6736204215360916,0.7801957387952589
2025-03-12,0.7253167097538746,0.6738815464154518,0.7798970837224038
2025-03-13,0.7254921776450786,0.673691317756888,0.7798770887718324
2025-03-14,0.7252355906067981,0.673883051704959,0.7798331874542843
2025-03-18,0.7250662794581834,0.6736825972365168,0.7805861698041006
2025-03-19,0.7248096179898844,0.6734689441736811,0.7803959167419394
2025-03-20,0.7249839293274244,0.6732918969841672,0.7799697178132383
2025-03-21,0.7246310001314642,0.673136056129636,0.7799168219783352
2025-03-24,0.7248890645851797,0.6729947042122827,0.7794432403436908
2025-03-25,0.7254697846453952,0.6731661916313358,0.7796989866730893
2025-03-26,0.725204075182944,0.6732619587131674,0.7795861375539841
2025-03-27,0.7254548625550574,0.6731147127759611,0.7800123925019238
2025-03-28,0.7260434689665614,0.6730008798095821,0.7800331596586655
2025-03-31,0.7255426278184035,0.672863792910037,0.779656604892355
2025-04-01,0.7253831831843959,0.6730176477003155,0.7801059698880789
2025-04-02,0.7256417534771612,0.6727712667594186,0.7800811773811178
2025-04-03,0.7255772568345643,0.6726065032847711,0.7802691778956922
2025-04-04,0.7250736490513372,0.6725944841854646,0.7799115499421582
2025-04-07,0.7248200832805011,0.6727042699192949,0.780333744821446
2025-04-08,0.7249861131375313,0.6729787162932765,0.7806793048849214
2025-04-09,0.7235548073077174,0.6733225631315111,0.780540094783819
2025-04-10,0.7234076493056436,0.6731821175214924,0.7805281734965943
2025-04-11,0.7236789121866779,0.672725405368438,0.7805456198780433
2025-04-14,0.7239343663752459,0.6728783693858434,0.7806893034931941
2025-04-15,0.7240330072345073,0.673131508113468,0.7803263343135387
2025-04-16,0.7243578799929079,0.6732141954715612,0.7804190721413555
2025-04-21,0.724355790650505,0.6735507373759826,0.7802784167230231
2025-04-22,0.7235114073970542,0.67338688040376,0.7804694623184262
2025-04-23,0.7223156043642882,0.673642516444537,0.7805518040013935
2025-04-24,0.7224736698067329,0.6734830833495694,0.7803112133390256
2025-04-25,0.7225582650637228,0.6736366691398848,0.7804337017263514
2025-04-28,0.722637599052112,0.673715324251801,0.7806890060928212
2025-04-29,0.721963201996205,0.6738108180305751,0.7803392292084823
2025-04-30,0.72111129858386,0.6738918829164837,0.7807491076822668
2025-05-02,0.7208856961723407,0.6738007997878918,0.7807370007066747
2025-05-05,0.720888346338122,0.6739171391042974,0.7806157907379946
2025-05-06,0.7197806660466198,0.6739654414265059,0.7804709980432202
2025-05-07,0.7207980426509372,0.6737346670403348,0.780181012431709
2025-05-08,0.7201056890735033,0.6735758982595275,0.7803319613295007
2025-05-09,0.7204446763110512,0.6733498231020995,0.7802497632015807
2025-05-12,0.7210576494982036,0.6735775489776855,0.7803680910622189
2025-05-13,0.7201328782374204,0.6735433401425426,0.7801330554184968
2025-05-14,0.7198864112147833,0.6735448927635701,0.780674443359765
2025-05-15,0.7206378092398085,0.6738617368422122,0.7805358994187555
2025-05-16,0.7211429445722425,0.6736779697063302,0.7805811892212192
2025-05-19,0.7215693874891992,0.6738385725397399,0.7803731794097569
2025-05-20,0.722921820381986,0.6735243671076969,0.780640492537518
2025-05-21,0.7236961234505197,0.6742037344296434,0.7807152343419015
2025-05-22,0.7239464394134013,0.6743641410016827,0.7808107356622603
2025-05-23,0.7237642440203218,0.6742871557916434,0.7811025959173294
2025-05-26,0.7251143783193451,0.6744021694894098,0.7807592715550147
2025-05-27,0.7251016988496951,0.6744862884428593,0.7805093201924511
2025-05-28,0.7245067526041865,0.6742136855267697,0.7807084584491093
2025-05-29,0.7247654776598718,0.674355473131186,0.7808331919547863
2025-05-30,0.7245023731427145,0.6746012830397051,0.7806112184689297
2025-06-02,0.7254267568349072,0.6743052556007857,0.7805082565877237
2025-06-03,0.7254173725135398,0.6743597481936998,0.7807987248379661
2025-06-04,0.7265308256205605,0.6743627237573447,0.7805532444173824
2025-06-05,0.7266151157069574,0.6745119718380321,0.7805498602842817
2025-06-06,0.72661643967086,0.6742830157397206,0.7807938305625706
2025-06-09,0.726359058664034,0.6741974081802884,0.7807325980270153
2025-06-10,0.7258558382483283,0.6737903656809018,0.780834631367311
2025-06-11,0.7258447938381953,0.6738732776213224,0.7810214727207111
2025-06-12,0.7261776306558624,0.6736439338131738,0.7809551741592085
2025-06-13,0.7258276078209325,0.6737764238284359,0.7808620350412171
2025-06-16,0.7261618297304061,0.6738535685504061,0.7808712460804748
2025-06-17,0.7259879272816103,0.6738220348292098,0.7805059557496858
2025-06-18,0.727340028484051,0.6736707958143989,0.7804983219716121
2025-06-19,0.7275882807689055,0.6736239738493012,0.7806877700856899
2025-06-20,0.7274119507541228,0.6734643937282585,0.7805284339978481
2025-06-23,0.7284407543654597,0.673493761888832,0.7805984379484631
2025-06-24,0.7286076218372084,0.6737557423681113,0.7803280180611195
2025-06-25,0.7282604369252519,0.6740519141408083,0.7806704887570661
2025-06-26,0.728861546116252,0.6737948714926442,0.7805812996095536
2025-06-27,0.7289427224314762,0.6733747076947704,0.7806883761441433
2025-06-30,0.7302101666491491,0.6731486329089585,0.780674761318622
2025-07-01,0.7309753112918352,0.6733960188925229,0.7807583368750156
2025-07-02,0.7304875451752298,0.673293238119136,0.7807250879363704
2025-07-03,0.7303163091923481,0.6732566612016448,0.7807740019278402
2025-07-04,0.7307266368813395,0.6733843463919184,0.7804411650088573
2025-07-07,0.7306454366572381,0.6732908378008686,0.7805703299602356
2025-07-08,0.7308981289101653,0.6735918311573742,0.7805775484850355
2025-07-09,0.7305702292099278,0.6734720773195021,0.7806693342902071
2025-07-10,0.7301514250093052,0.6734441340592929,0.7805444250100579
2025-07-11,0.7308265891439546,0.6735927323442312,0.7808642837489279
2025-07-14,0.7308366440169168,0.6737073609442222,0.7808686770369346
2025-07-15,0.7304944842474174,0.6738629001655626,0.7807235015987739
2025-07-16,0.7305032102950701,0.673723861027997,0.7806179710295766
2025-07-17,0.73135372207729,0.6738016051593879,0.7810179992497025
2025-07-18,0.7315121310205962,0.6738326710949063,0.7810968048480578
2025-07-21,0.7316032436937927,0.6736762878486192,0.7812930202222469
2025-07-22,0.7319960870740463,0.6737473966032447,0.781380082674915
2025-07-23,0.7319858448359348,0.6736100327372099,0.7809680870850135
2025-07-24,0.7319084753400107,0.6736577727181561,0.7805690955727527
2025-07-25,0.7320868545302199,0.6737748945526107,0.7808356719247816
2025-07-28,0.7321747240210004,0.6736461595792033,0.7807976888271199
2025-07-29,0.7318277964610995,0.6737704155531562,0.7804850230329079
2025-07-30,0.7323388464745458,0.6738862574441558,0.7810213195222953
2025-07-31,0.7325167744107042,0.6739201401902669,0.7810431739133232
2025-08-01,0.7323575424199771,0.673674970458821,0.7812100750566847
2025-08-04,0.7313579842798178,0.6735789341215448,0.7809049090654097
2025-08-05,0.731118190169122,0.6735199273116826,0.7811580266022627
2025-08-06,0.7315420801796614,0.6733254016431497,0.7811753887726226
2025-08-07,0.731443295753566,0.6733766066497923,0.7809763939677584
2025-08-08,0.7312703782366479,0.6735555679954488,0.7812499112002655
2025-08-11,0.731428034851834,0.6735056060276504,0.781116634518635
2025-08-12,0.7311707120576274,0.6731434163014248,0.7812173902554892
2025-08-13,0.7311874132687742,0.6736281877787977,0.7813206141293938
2025-08-14,0.7312063994010854,0.6735967068597093,0.7813594841272946
2025-08-15,0.731954659722505,0.6736060609018608,0.7813011542833651
2025-08-18,0.7324692895044564,0.6735794105355438,0.7812129555577004
2025-08-19,0.7326272207783658,0.6732148315751069,0.7812340675292313
2025-08-20,0.7335511226604092,0.6733697594248764,0.7812200949180012
2025-08-21,0.7337242546410946,0.673265616729831,0.7813702138549936
2025-08-22,0.7333884762965641,0.673202130020908,0.7812548697334996
2025-08-25,0.7338983674227321,0.673021205155352,0.7811704998527631
2025-08-26,0.7336582212275133,0.6726083628431143,0.7812780594003046
2025-08-27,0.733227935136942,0.672613399264705,0.7811750359549473
2025-08-28,0.7331354604138483,0.6726170401966178,0.7811670314926673
2025-08-29,0.7332141870046405,0.6724145768573444,0.7810821696776098
2025-09-01,0.732552464847832,0.6724208310957756,0.7814112655298545
2025-09-02,0.7326356553078129,0.672282343027031,0.7812173011347239
2025-09-03,0.7323846255825435,0.6726441950616333,0.7808097204520034
2025-09-04,0.7325434651123893,0.6725524610465452,0.7806714086481301
2025-09-05,0.7325270611961411,0.6723733692738626,0.7811115674634342
2025-09-08,0.7320307368268109,0.6724903040675585,0.7812689206868008
2025-09-09,0.7333657038890635,0.6724511165625023,0.7813102391150277
2025-09-10,0.7336166105382406,0.6728978031484485,0.7812412156296822
2025-09-11,0.7334405074247223,0.6730058277117954,0.7812820926067624
2025-09-12,0.7341911701505899,0.6726585342650517,0.7814024236375373
2025-09-15,0.7343455804642143,0.6726692639823848,0.7813133049349421
2025-09-17,0.7338329267228425,0.6726456471510525,0.7814884615330674
2025-09-18,0.7343378630353066,0.6724065457633019,0.7817275978676578
2025-09-19,0.7359163158040387,0.6727318855895552,0.7814457571752286
2025-09-22,0.7354968955199432,0.6728221244541981,0.781130794727652
2025-09-23,0.7357455002917388,0.6727737160158764,0.7811772121126512
2025-09-24,0.7349038857990196,0.6724381250607846,0.781103349178323
2025-09-25,0.7347298289843929,0.6728320852529334,0.7812710154682809
2025-09-26,0.7347131582036656,0.672758903341116,0.7810435119866859
2025-09-29,0.7351429469154356,0.6725922149131874,0.7812725796537244
2025-09-30,0.7350589415885636,0.6728190231963397,0.781194400448873
2025-10-01,0.7336374578688428,0.6725070293577277,0.7812024228780974
2025-10-02,0.7337178766969693,0.672379783264752,0.7810072388745146
2025-10-03,0.7337847664996004,0.6726754365894376,0.7810358555030431
2025-10-06,0.7341153371006247,0.6727835092535855,0.7808174567873158
2025-10-07,0.7342791572533517,0.6725704855996513,0.7807125219693943
2025-10-08,0.7343746513190951,0.6723363402354775,0.7809186217829996
2025-10-09,0.7339651406588449,0.6727187292770321,0.7808168063993227
2025-10-10,0.7336944807067385,0.6723850168635761,0.7808017996529252
2025-10-13,0.732776303285763,0.6723725653390306,0.7806637130171225
2025-10-14,0.732104684101535,0.6722895111163781,0.7806418996067008
2025-10-15,0.7322830664292184,0.6722740902865478,0.7805582163020842
2025-10-16,0.7321111260413723,0.672364874340062,0.7805707574298333
2025-10-17,0.7309533885734119,0.6725420439244881,0.7807540111825302
2025-10-20,0.7308657753048654,0.6726017139181788,0.7808445319707928
2025-10-21,0.7302853065792198,0.6719683596173309,0.7808654493064171
2025-10-22,0.7305239031689422,0.6716894380852252,0.7811158413225986
2025-10-23,0.7308504049738753,0.6721003762297445,0.7813799195788008
2025-10-24,0.7307685625440312,0.6720336831738871,0.7810820621950672
2025-10-27,0.7295939877786851,0.6722493166600028,0.7810562072011589
2025-10-28,0.7297729488596607,0.672085250774635,0.7808778986403643
2025-10-29,0.7299439041895548,0.6720990564678225,0.7806011222027576
2025-10-30,0.7291753667581101,0.6722127152556264,0.7809166795345086
2025-10-31,0.7291819665453271,0.6720544039300412,0.7805765922985352
2025-11-03,0.7293489816889706,0.6722089523933918,0.7808447464485226
2025-11-04,0.7292489976640951,0.6724469911221387,0.7811886066214176
2025-11-05,0.7285646764607447,0.6726373035157758,0.7816199530522324
2025-11-06,0.728388478908716,0.6721139222431928,0.7817466821868392
2025-11-07,0.7276273845731158,0.6718716041448911,0.7815349507089941
2025-11-10,0.7274619306917217,0.6717853397469778,0.7812407744791948
2025-11-11,0.7268736639460843,0.6724634878609055,0.7814702575632037
2025-11-12,0.7270435545610113,0.672276270882048,0.7815193929080143
2025-11-13,0.7260995627855245,0.671968820698482,0.781712288164468
2025-11-14,0.7267010360622329,0.672340190749445,0.7811156497546227
2025-11-18,0.7264359215956774,0.6722880585357487,0.7811238924128936
2025-11-19,0.7265133171076202,0.6715157803469451,0.78136856479415
2025-11-20,0.7266940495551957,0.6714480892574289,0.7815958199314395
2025-11-21,0.7266807971536713,0.6720075258902394,0.7814402882866475
2025-11-24,0.7269233586573438,0.6719715731622066,0.781494491298213
2025-11-25,0.7266665722641058,0.672143733605302,0.781667600965394
2025-11-26,0.7265793814249477,0.6719574546416414,0.7816999930156494
2025-11-27,0.7264004283253981,0.6720777911520438,0.7817026776524567
2025-11-28,0.7268235229123916,0.6722326731249637,0.7816265023237483
2025-12-01,0.7273910661923843,0.6718072666195806,0.7816317131947242
2025-12-02,0.7278269638918484,0.6719589028672441,0.7819114824207785
2025-12-03,0.7280755660065383,0.6721354114795344,0.7821528010628187
2025-12-04,0.7279088948400886,0.6721200428496731,0.7818758917132989
2025-12-05,0.7280895983692347,0.6719530039512365,0.7820211037062027
2025-12-08,0.7286014420471426,0.6717976248164598,0.7817063489807762
2025-12-09,0.7285276174783184,0.6717462653208451,0.7821987768742124
2025-12-10,0.7285332218867873,0.6713404178090157,0.7820445618912534
2025-12-11,0.7280216055220786,0.6712015993932435,0.781693139115403
2025-12-15,0.7279291330910994,0.6710447926740726,0.7820256689042312
2025-12-16,0.7275176095767361,0.6714404577422515,0.7823642943741599
2025-12-17,0.7280427884535854,0.6711986558362535,0.7820385717876814
2025-12-18,0.7270396800882144,0.6709462025054884,0.7822957322217293
2025-12-19,0.7275478114970744,0.6712054360047727,0.7823337954848051
2025-12-22,0.7281431277768577,0.6711418496315191,0.7825176198580426
2025-12-23,0.7273820278767946,0.6709041327374599,0.7824637329703835
2025-12-24,0.7270368462749888,0.6710028665028024,0.7826873271398568
2025-12-26,0.7263404746945185,0.6708672383909258,0.7822020366819626
2025-12-29,0.7251626172484229,0.6709958445897873,0.781969637428899
2025-12-30,0.7245693114237497,0.6709716699254532,0.7820767578690725
2025-12-31,0.7238943500536902,0.670629334398187,0.7822579955524017
