Date,NTL,CI_low,CI_high
2016-11-09,0.7344068918127835,0.7344068918127835,0.7344068918127835
2016-11-10,0.7322118483126702,0.7332333333469586,0.7356538859179564
2016-11-11,0.7329009478902758,0.7327897143214865,0.736098488359828
2016-11-14,0.7319400720838575,0.7323961830678966,0.736406193906362
2016-11-15,0.732719207731322,0.7322440612974053,0.7365555713137815
2016-11-16,0.7325704841288551,0.731988102761298,0.7368693242188242
2016-11-17,0.7330115855636087,0.7317998665887794,0.7370138742458916
2016-11-18,0.7336103894447117,0.7315175983760117,0.7374644413110216
2016-11-22,0.7330629246266033,0.731400552928138,0.7376676193459111
2016-11-23,0.733251975044551,0.7312692098210403,0.7381486290625415
2016-11-24,0.7327290974671306,0.7310523977752929,0.7381110292506496
2016-11-25,0.7324883031218734,0.7310030618953073,0.7384384796172703
2016-11-28,0.7343370501816248,0.7307719756539931,0.7385816031304755
2016-11-29,0.7351655601428897,0.730609455980375,0.7388245983240032
2016-11-30,0.7357141909809445,0.7304332813115095,0.7390034274532556
2016-12-01,0.7345654045534193,0.7301221000333451,0.7392932032243267
2016-12-02,0.7334290204457159,0.7300918598327132,0.7392814087613823
2016-12-05,0.7344570805740345,0.7300466615575042,0.7392828797074741
2016-12-06,0.7340150162502505,0.7298220635083297,0.7394793599189796
2016-12-07,0.7342867402078044,0.7297204194436258,0.7397030703872081
2016-12-08,0.7333949480165532,0.7295352106799082,0.7398852262066398
2016-12-09,0.7323648960831237,0.7294997802448481,0.7399594293123356
2016-12-13,0.7329695392709583,0.7293614117316931,0.740014779300374
2016-12-14,0.7326020726747784,0.729194370282484,0.7401890100660666
2016-12-15,0.7333928983575323,0.7290699434296378,0.740293033710825
2016-12-16,0.7320422541112453,0.7288226884495081,0.7404961010840172
2016-12-19,0.7326366213602709,0.7286956447699571,0.7407663566187684
2016-12-20,0.73279159098013,0.7283124285629733,0.7408181595141903
2016-12-21,0.732726621955937,0.7282006894782933,0.7410287672393553
2016-12-22,0.731790779312427,0.7280842235529104,0.7410016223597947
2016-12-23,0.7310137586805031,0.7279282585252216,0.7411393579244572
2016-12-26,0.7302700191246178,0.7278558678360085,0.7412238839342461
2016-12-27,0.730092926460437,0.7277383952435074,0.7413898349486371
2016-12-28,0.7296045884212419,0.727645762263885,0.7413958969319492
2016-12-29,0.7301199249832981,0.7276083875693856,0.7414700211327044
2016-12-30,0.7295891175071043,0.7275919454389147,0.741741202888945
2017-01-02,0.7274729777406674,0.7276316823255327,0.742013047492157
2017-01-03,0.7279608728463717,0.7272407538799065,0.7419193759820168
2017-01-04,0.7290852280824547,0.7270927790130121,0.7421455204840577
2017-01-05,0.7285921041816117,0.7268995328413324,0.7421337770327094
2017-01-06,0.7284927527531092,0.7267412945600848,0.7423792358785405
2017-01-09,0.7276205660005106,0.7267889496871704,0.7426810242541524
2017-01-10,0.7276979105677233,0.7266166733895595,0.7426442947006073
2017-01-11,0.7282208168564921,0.7265402381334383,0.7426333886252618
2017-01-12,0.7293111547569319,0.7264405587074438,0.7427767723088442
2017-01-13,0.7289052675096327,0.7262461336251812,0.7426890680617798
2017-01-16,0.7292271626239619,0.7263210458426604,0.742747531467011
2017-01-17,0.7292469203728685,0.7262076589799706,0.7431237366828264
2017-01-18,0.729727678651763,0.7261868656174078,0.7434197276007188
2017-01-19,0.7295865266785478,0.7262724112026882,0.7434764559696638
2017-01-20,0.72991897971308,0.7259947445466429,0.7436204342173196
2017-01-23,0.7294741320421613,0.7257129523617271,0.7435892574562273
2017-01-24,0.7278787472161193,0.7256462633052043,0.7436858384098028
2017-01-25,0.7286342940254164,0.7255641284456451,0.743724058886612
2017-01-26,0.7272009237905226,0.7252997515726489,0.743749139422663
2017-01-27,0.7274618564888167,0.725285423493345,0.743587393812257
2017-01-30,0.727128782571758,0.7252021232094464,0.7437207647648993
2017-01-31,0.7272141660203251,0.7251825496240952,0.7436815051545896
2017-02-01,0.7275976638372501,0.7251884796028644,0.7436657420366009
2017-02-02,0.727104697517665,0.7250981366316659,0.7438445723176255
2017-02-03,0.7266621981754444,0.7249384849449161,0.7441930024372359
2017-02-07,0.7268291750963433,0.7247137855903547,0.7441244225450402
2017-02-08,0.7264748750753636,0.724570910829015,0.744015092431909
2017-02-09,0.7261238097716286,0.7244993369695524,0.7439889265062369
2017-02-10,0.7261106924832347,0.724193038991553,0.7442252293615689
2017-02-13,0.726979826267149,0.7243765658775052,0.7442470135090165
2017-02-14,0.7263048278058893,0.7240635127663735,0.7444278419700981
2017-02-15,0.7260500371784974,0.7237400123376682,0.7444994171253893
2017-02-16,0.7262371696175547,0.723883111831613,0.7444119842375752
2017-02-17,0.7269865988601317,0.72367988444485,0.7445949658306139
2017-02-20,0.727080924231011,0.7236891070429947,0.7446379739503416
2017-02-21,0.726589229450655,0.7236302570754868,0.7445434390172696
2017-02-22,0.7254354253212727,0.723596303873295,0.7445689517015688
2017-02-23,0.7244067490982963,0.7233742970177935,0.7447292265531811
2017-02-24,0.7245965488735483,0.7232747360821624,0.7448402481403821
2017-02-27,0.7252754921126108,0.7230637368922567,0.7449469796710964
2017-02-28,0.7253496204245329,0.7233056649570593,0.7450441583270543
2017-03-01,0.7250245557362522,0.7232035477591804,0.7451126278833954
2017-03-02,0.7246681868298984,0.7230350740989389,0.7452434335803316
2017-03-03,0.7242973089261856,0.723133712444304,0.7452785072253102
2017-03-06,0.7242469163113079,0.7230507898772125,0.7453485832511973
2017-03-07,0.7241655654521224,0.7229029762811436,0.7454732658789746
2017-03-08,0.7243178163630758,0.7228660534165148,0.7454193606725974
2017-03-09,0.7247227503135603,0.7229211159682044,0.7455598782014854
2017-03-10,0.724212639984339,0.7226729839955677,0.7457054881358134
2017-03-13,0.7239820995988444,0.7227271477610604,0.7456994983115219
2017-03-14,0.7240517070892795,0.7225296250468618,0.7457741925471196
2017-03-15,0.7235482661527781,0.7224380976045738,0.7458566551703928
2017-03-16,0.7232782594467266,0.7222401323272379,0.7458880505846944
2017-03-17,0.7232637861889916,0.7220543815986784,0.746018486403303
2017-03-21,0.7234408274124201,0.7220037505943636,0.746319092197853
2017-03-22,0.7236187674192935,0.7219943543854118,0.7462314768243857
2017-03-23,0.7230207930788576,0.7221159407930917,0.7464629782531296
2017-03-24,0.7221531792947181,0.7217398977557841,0.7464497777348821
2017-03-27,0.7225723790967657,0.7216419026211409,0.7464302485500651
2017-03-28,0.7238731890730995,0.7217427265879854,0.7464635914310132
2017-03-29,0.7231938876212791,0.7216927413527112,0.7464341095808956
2017-03-30,0.7226038180578528,0.7215261847426341,0.746628891650143
2017-03-31,0.723643685145098,0.7218207678201651,0.7465550810572399
2017-04-03,0.7242330608969703,0.7215444569206104,0.7467821916779521
2017-04-04,0.7227923811617033,0.7213830182946408,0.7467384844227669
2017-04-05,0.7231988493580461,0.7213570027483863,0.7472620050026202
2017-04-06,0.7247476352808794,0.721380816486969,0.7470493436704961
2017-04-07,0.724514995882675,0.7215059344940837,0.7472343973597427
2017-04-10,0.7245815083300121,0.7210125784549052,0.7471700464210634
2017-04-11,0.7251836833802006,0.7210465855324651,0.7471607057715816
2017-04-12,0.7257120684488667,0.7211842253434277,0.7472074302916035
2017-04-17,0.7240519224173128,0.7207704590662566,0.7472728721108612
2017-04-18,0.7236588671025554,0.7209884514110799,0.747479744580728
2017-04-19,0.7233034826752313,0.7208615690125014,0.747661849568747
2017-04-20,0.7232303372430645,0.7209571552073973,0.7477282309976108
2017-04-21,0.7238291258449199,0.7206782698835362,0.7475246922562303
2017-04-24,0.7237371744845352,0.7205657720216251,0.7476228039097391
2017-04-25,0.7234786447571349,0.7206133731453729,0.7475876237398356
2017-04-26,0.7236631122447145,0.7205185539729656,0.747617580112893
2017-04-27,0.723529202079118,0.72039779954702,0.7475577592857336
2017-04-28,0.7236876177105576,0.7204892856261114,0.7475896068648826
2017-05-02,0.7238351724727143,0.7203686190753794,0.7478314690051067
2017-05-03,0.7235693326926514,0.720272342945357,0.7476634783460657
2017-05-04,0.7227087299234941,0.720237894448122,0.7478556039757805
2017-05-05,0.7235627304369736,0.720088785733456,0.7477356091030555
2017-05-08,0.7242393495269436,0.7201180334583,0.74809176301541
2017-05-09,0.7241480824271069,0.7200473325910576,0.7481072595299602
2017-05-10,0.7243206636620347,0.7199999749364734,0.7483263172983151
2017-05-11,0.7244784933537393,0.7200183087496236,0.7482830708079558
2017-05-12,0.7248020616995835,0.7199069679922117,0.748185349291722
2017-05-15,0.7247944663463436,0.720210242688951,0.7481779307612298
2017-05-16,0.7247117601002007,0.7198674357189907,0.7482561181290841
2017-05-17,0.7240065590612881,0.7198383291179667,0.7482337074642136
2017-05-18,0.7230477467261561,0.7200000528656166,0.7484180346184066
2017-05-19,0.7229191696865673,0.719893725955645,0.7483386730673594
2017-05-22,0.7230120062443506,0.7198667329969504,0.7486396932815123
2017-05-23,0.723985568878286,0.7197286382058948,0.7487930287819353
2017-05-24,0.7246776465887423,0.719628162050396,0.7487610688335803
2017-05-25,0.7250817208386457,0.7195280353609765,0.7487424413380414
2017-05-26,0.7257500416762602,0.7193393106587035,0.7488768777541245
2017-05-29,0.725694789248025,0.7192540328982038,0.749100292213144
2017-05-30,0.7250421062254955,0.7193176640535642,0.7490098006638628
2017-05-31,0.724757662302068,0.7191494744343184,0.7488535825625016
2017-06-01,0.7256766415693586,0.7190501349517101,0.7491453944788431
2017-06-02,0.7261091641557489,0.7187643888096673,0.7492738848273991
2017-06-05,0.725527822835819,0.7186904471597169,0.7490554045566166
2017-06-06,0.7247525869854436,0.7186138676021453,0.7495172405253291
2017-06-07,0.724927433300129,0.7183222065959793,0.749449734266274
2017-06-08,0.7263704443740834,0.7182999221715922,0.749394440948575
2017-06-09,0.7270305860009384,0.7185013307831357,0.749583099903392
2017-06-12,0.7276969888481378,0.7183250648916749,0.7496645490365282
2017-06-13,0.7275871310405494,0.7181966495467348,0.749409038046057
2017-06-14,0.7270853204735442,0.7181552178016615,0.7496910709187112
2017-06-15,0.7266002435402622,0.718339969376483,0.7495762497063881
2017-06-16,0.7271155941754208,0.718349399227438,0.7497376450210659
2017-06-19,0.7281978193089405,0.7182883433418561,0.750071982950695
2017-06-20,0.7288822259753682,0.7182748893593847,0.7501405596390338
2017-06-21,0.7275828972630807,0.7184854238152991,0.7499660617948029
2017-06-22,0.72825055912039,0.7188136133104511,0.750095646929699
2017-06-23,0.728478044014426,0.7188251307548374,0.7500113042782207
2017-06-26,0.7286525897592421,0.7185867691202598,0.750268515981214
2017-06-27,0.7291634161865465,0.7182805074794255,0.7499984211298918
2017-06-28,0.728057480141564,0.7181229832734393,0.7495600087674019
2017-06-29,0.7285633943217567,0.7180531683822312,0.7496930744869678
2017-06-30,0.7299258535754813,0.7180788722227316,0.7500018632624934
2017-07-03,0.7298830558661352,0.7179283970278976,0.7499299538423251
2017-07-04,0.7284460247431053,0.7182213612682437,0.7500001058178561
2017-07-05,0.7288707520802737,0.7177546000228971,0.7500958588446008
2017-07-06,0.7275085266986397,0.718090788805651,0.75018192584946
2017-07-07,0.7270041846132722,0.7180028634549064,0.7500065514746994
2017-07-10,0.7285543159245315,0.7178879285893165,0.7497911374092516
2017-07-11,0.728739129669202,0.7178379683154075,0.7499457177122162
2017-07-12,0.7283943435109543,0.7178634374951756,0.7500159539041203
2017-07-13,0.7277323654546347,0.7177888946196794,0.7499906998852316
2017-07-14,0.7279168166236589,0.717924439849188,0.7503107670857132
2017-07-17,0.728001704055259,0.7180034611753685,0.7500968230010453
2017-07-18,0.7257261177643057,0.7177503058390975,0.7503807438098747
2017-07-19,0.7253217204692364,0.7177873136276487,0.750226633912916
2017-07-20,0.7260767714965298,0.7177783359494426,0.7503981670834461
2017-07-21,0.7261776073259308,0.7180373005191444,0.7505223705520947
2017-07-24,0.7256014476774587,0.7176674300821595,0.7505921779121983
2017-07-25,0.7257604461533823,0.7175002339431114,0.7506313930288234
2017-07-26,0.727045588005545,0.7175099638203764,0.7506227912951133
2017-07-27,0.7264858199118651,0.7175911540416476,0.7507379064188707
2017-07-28,0.7268881895255981,0.7173904407188282,0.750734408870914
2017-07-31,0.7277183159600612,0.7173769263398537,0.7505865389566013
2017-08-01,0.7272807529894676,0.7173477530617406,0.7505062958730221
2017-08-02,0.7275477104886775,0.717129036405789,0.7505158977270585
2017-08-03,0.7276248288637208,0.7170077284116841,0.7507442711209089
2017-08-04,0.7282972286261936,0.717214255018601,0.7509304707455116
2017-08-07,0.7280408533998668,0.7171198631304289,0.7510273590856557
2017-08-08,0.7288820843656209,0.7169820689174481,0.7511014988084629
2017-08-09,0.7279853064170666,0.7169891240052125,0.7513022401265186
2017-08-10,0.7284405228241527,0.716951931606702,0.7514290989821383
2017-08-11,0.7277137708677125,0.7169423815715322,0.7515548336084825
2017-08-14,0.7280473453726327,0.716703559915725,0.7516702530911569
2017-08-15,0.7277931714305047,0.7167667922635731,0.7516621611659181
2017-08-16,0.7269133726739316,0.7167712996303552,0.7518005399377369
2017-08-17,0.7274587469582504,0.7168359266689961,0.7518478522055111
2017-08-18,0.7278812464284691,0.7165104803648985,0.7518328694295222
2017-08-21,0.7275455647594716,0.716571713493781,0.7521076629158163
2017-08-22,0.7274015591525765,0.716474190535398,0.7518508589428651
2017-08-23,0.7274399797069837,0.7163165865206051,0.7519978025277405
2017-08-24,0.7274446661365687,0.7165906120295614,0.7519818888227182
2017-08-25,0.7272669398581159,0.7165685255014861,0.7521384464821175
2017-08-28,0.7280334371987012,0.7163665228456716,0.7521660953742141
2017-08-29,0.7285126976618818,0.7162491547947215,0.751728530431951
2017-08-30,0.7293319063902819,0.7162368510790766,0.7520508153554891
2017-08-31,0.729373884562354,0.7164105397137637,0.7521966059052089
2017-09-01,0.7293606853963267,0.7165054903436333,0.7522159325467651
2017-09-04,0.7279199378435534,0.7163159193936649,0.7518459257790363
2017-09-05,0.7282538105178245,0.7163304108043851,0.7520662355885351
2017-09-06,0.7287094177134525,0.7162312852173439,0.7525762312656701
2017-09-07,0.7297081763154075,0.7161674047877512,0.7517975312969069
2017-09-08,0.7304615264663968,0.7162726692695331,0.7521615809566317
2017-09-11,0.7321110359703124,0.7159490327036961,0.7517430380069199
2017-09-12,0.7314415654971342,0.7158991580196782,0.7520503492561342
2017-09-13,0.7323135527628688,0.7159812304251322,0.7523112110585063
2017-09-14,0.7304363787831135,0.7157320482089401,0.7524666948220119
2017-09-15,0.7322833012792728,0.7155141888598473,0.7526162423526285
2017-09-18,0.7331214645925317,0.7152555480051876,0.7525884028241469
2017-09-19,0.7336941483881716,0.7155031511013633,0.7522385327174514
2017-09-20,0.7334304949115034,0.7151738834587443,0.7522811075173917
2017-09-21,0.7341309663210602,0.7152049859509816,0.7524489306137597
2017-09-22,0.7346265240024444,0.7150408168006647,0.752480868508031
2017-09-25,0.7340452611715399,0.7152630637366032,0.7522912117647454
2017-09-26,0.7351308344685278,0.7150969460917066,0.7524744126239806
2017-09-27,0.7346151588769458,0.7149751824012397,0.7527448955469718
2017-09-28,0.7345616951126261,0.7150427929498946,0.7524462914919355
2017-09-29,0.7345477508568331,0.7150381191688899,0.7522622056231403
2017-10-02,0.7349967561649519,0.7148417410212946,0.7523044320362375
2017-10-03,0.7359405262816819,0.7148392077141109,0.7522755730217673
2017-10-04,0.7361769674403882,0.7149292837384621,0.751964829705579
2017-10-05,0.7362754914886461,0.7152226632876463,0.7522324868247918
2017-10-06,0.7354323680372234,0.7150355620808881,0.7525295325441208
2017-10-09,0.7357505877913177,0.7149296744307733,0.7521421384210701
2017-10-10,0.7356314840067308,0.7148073700565388,0.7524171927171472
2017-10-11,0.7358952475301649,0.7152728421480191,0.7524423639090884
2017-10-12,0.7349763140062227,0.7149885162726745,0.7527508772613836
2017-10-13,0.7350006727088474,0.7146248481374244,0.7523407944947089
2017-10-16,0.7358340360547515,0.7149833028796749,0.752838222459824
2017-10-17,0.7363078968093216,0.7147124149820955,0.7532537064638064
2017-10-18,0.7380378804939736,0.7148304236739518,0.7533848942385852
2017-10-19,0.7382321277039713,0.7148233168354228,0.7530536170876081
2017-10-20,0.7391308979794906,0.7146453628470345,0.7531415131850294
2017-10-23,0.7401295408019425,0.7144116162246293,0.753088325772826
2017-10-24,0.7408139452239924,0.7141652371927208,0.7528187239728142
2017-10-25,0.7407457388315223,0.7143690119417204,0.7530259071106473
2017-10-26,0.7400150437910878,0.7145250777469194,0.752810716946329
2017-10-27,0.7408347032002711,0.7143597546049852,0.7530677475288936
2017-10-30,0.7399235875182435,0.7144560160323918,0.7533777496435553
2017-10-31,0.7396651447370407,0.7146039871801063,0.7533455911232495
2017-11-01,0.740343474877377,0.7144094654363218,0.753300981078677
2017-11-03,0.7395100221784281,0.7146470480093275,0.7536198306949771
2017-11-06,0.7390957036207185,0.714258593925658,0.7535046080194846
2017-11-07,0.7400000342024341,0.7144666452972631,0.7537371731995587
2017-11-08,0.7398418822096867,0.7141714215092799,0.7536570497819891
2017-11-09,0.7399801107786085,0.7140186957824508,0.7536922563795353
2017-11-10,0.7379900350527069,0.714212059184855,0.7535618271931441
2017-11-13,0.7399835922642654,0.7140094868608848,0.7532820326314309
2017-11-14,0.7402618088117339,0.7141365438008972,0.7536397697563253
2017-11-15,0.7398234989750456,0.7140141080797016,0.7539314115922878
2017-11-16,0.7393433958819213,0.7137297970841193,0.7540955551102885
2017-11-17,0.7402496601896154,0.714062075037955,0.7541616995341441
2017-11-21,0.7403246568168868,0.713818537718157,0.7543163454777684
2017-11-22,0.7412592278164942,0.7138713328915526,0.7537997844255346
2017-11-23,0.7424210892640916,0.7139635509296738,0.7541379314355043
2017-11-24,0.7420037548261385,0.7140501994390749,0.7542401685165516
2017-11-27,0.7416722327182356,0.71418812793984,0.7542349352605211
2017-11-28,0.7415229915122146,0.7139474779937236,0.7544579745713537
2017-11-29,0.7415217955227115,0.7136271977627349,0.7544405578730659
2017-11-30,0.7414221313464759,0.7139198339372455,0.7543038083549615
2017-12-01,0.7416595503978364,0.7136576425334876,0.7541964171610568
2017-12-04,0.742332200361914,0.7135207184983027,0.754102710621533
2017-12-05,0.7423331844489628,0.7135881150754921,0.7542342628850804
2017-12-06,0.7437549548307941,0.7137965995072404,0.7545649358130767
2017-12-07,0.7440093619564129,0.7134595255189825,0.7538634204748834
2017-12-08,0.7434034857312154,0.7136037394602219,0.754719934923493
2017-12-11,0.7432252620207435,0.7136713308597791,0.7543848364408718
2017-12-13,0.7431293480178979,0.7137254428894763,0.75419383054039
2017-12-14,0.7448579278765884,0.7134662753421864,0.7544802048707057
2017-12-15,0.7455282164849037,0.7135111377566972,0.7542735806694467
2017-12-18,0.7455612263428693,0.7135842661899614,0.7542937861044142
2017-12-19,0.7450025498133056,0.7133600913003775,0.7545434872337696
2017-12-20,0.745125584575073,0.7133775646363082,0.754438777973541
2017-12-21,0.745571930328341,0.7134803994470477,0.7549103738003307
2017-12-22,0.7455920749315288,0.7133177448927676,0.7549797903165018
2017-12-26,0.7467678063120075,0.7134163662518525,0.7553507879975392
2017-12-27,0.7465138901457059,0.7132958614891843,0.7551761278678778
2017-12-28,0.7470648846489449,0.7131596526290874,0.7552277080126472
2017-12-29,0.7456587079390621,0.7128211223566709,0.7553588944024546
2018-01-02,0.746003376708477,0.7129181479696302,0.7550842889801648
2018-01-03,0.7465170900438365,0.7128131882100962,0.7550492669845328
2018-01-04,0.7466749482981512,0.7127652691061802,0.7548329177049478
2018-01-05,0.7471487111868534,0.7129334406958788,0.7550649528769443
2018-01-08,0.7478850925626995,0.7127469978569202,0.7549042260177289
2018-01-09,0.7479821258906929,0.7129041536138798,0.7550145947379262
2018-01-10,0.7473877720636871,0.7129213046811829,0.7548969133633299
2018-01-11,0.7480564203059149,0.7126371567725002,0.7550828744297865
2018-01-12,0.7479238350027471,0.712831221225655,0.7553827325899534
2018-01-15,0.7484938840598572,0.7127482828827946,0.7554196157555698
2018-01-16,0.7485705795650517,0.7129594489099658,0.7553314985490112
2018-01-17,0.7477551173018783,0.7126878407935473,0.7557188650862448
2018-01-18,0.7477282941776305,0.7128374939986312,0.7558834716156385
2018-01-19,0.748304522216122,0.7127715392109918,0.7561172891306768
2018-01-22,0.7473913863718978,0.7127030037045038,0.7561077719789613
2018-01-23,0.7475491279500871,0.7129440960205923,0.7559554853338021
2018-01-24,0.7470746876218609,0.712699572909518,0.7558406723329218
2018-01-25,0.7474175691916697,0.7126584467283897,0.7560116140739737
2018-01-26,0.7474149105676473,0.7126218224070928,0.7560045575533593
2018-01-29,0.7469857055870259,0.7130089066072084,0.7559776910812082
2018-01-30,0.7470183438704684,0.7128793822410239,0.7565895531424867
2018-01-31,0.7463818897724032,0.7128504721147595,0.7564219895398882
2018-02-01,0.7476224651413822,0.712653701701211,0.7564591844629074
2018-02-02,0.7479578971667126,0.7128940972823843,0.7566373372137233
2018-02-06,0.746855703680881,0.7126196072580057,0.7567463445966923
2018-02-07,0.7473513287611884,0.7125401794786872,0.7567879099773147
2018-02-08,0.7462189788212561,0.7124947497983999,0.7566497502163329
2018-02-09,0.746463435995363,0.7124842202249719,0.7564380003654553
2018-02-12,0.7469624087967643,0.7126721892125467,0.7566488754490259
2018-02-13,0.7473720361307107,0.7126712427824443,0.7563820864538319
2018-02-14,0.746393891691358,0.7123872865973214,0.7566471243187732
2018-02-15,0.7468768810351092,0.7124478349575973,0.7565000353085234
2018-02-16,0.7472035498439794,0.7124638936358718,0.7567058671702495
2018-02-19,0.7472012409517396,0.7122002210152021,0.7566854972655426
2018-02-20,0.7464598291470259,0.7123950127843278,0.7571032876337997
2018-02-21,0.7466853777726518,0.7121557099158897,0.7567874263115795
2018-02-22,0.7464521013902361,0.7121451204792862,0.756623286030033
2018-02-23,0.7467333860513811,0.7122829520444871,0.7566103757176686
2018-02-26,0.7471224055558163,0.7120179748861347,0.7570121216408836
2018-02-27,0.7467844321592101,0.7122047815879398,0.7570433340510824
2018-02-28,0.7459498918527613,0.7120603596601739,0.7569794410172275
2018-03-01,0.747296057522622,0.71220286863186,0.7570698495899393
2018-03-02,0.7475567723037455,0.7121969226305384,0.7571972546089362
2018-03-05,0.7485150158850699,0.7119194088134579,0.7571203059073799
2018-03-06,0.7474772989093285,0.7117659693461988,0.7570136807533703
2018-03-07,0.7479574837361067,0.7118780573531113,0.7566145312274597
2018-03-08,0.7480372266442262,0.7117746194509172,0.7570861829579109
2018-03-09,0.7482559120509472,0.7120470446885302,0.7570630824100109
2018-03-12,0.7479403948767174,0.7117248522345071,0.7570763078400388
2018-03-13,0.7475039905006184,0.7117626779929817,0.7567961224371476
2018-03-14,0.7471134500001491,0.7118978926956678,0.7566338729056286
2018-03-15,0.7471912828880389,0.7112648680090542,0.7565310600481742
2018-03-16,0.7478574717672987,0.7116821917426729,0.7564121033914296
2018-03-20,0.7470875050341852,0.711517575618931,0.7567473277957255
2018-03-21,0.7465915322439254,0.7112686865898775,0.7566292646403985
2018-03-22,0.7460345794448898,0.7113400303457481,0.7567259727238109
2018-03-23,0.7462615944816227,0.7113393147283741,0.7567544093804632
2018-03-26,0.746072687917265,0.7111069678741345,0.75674820745779
2018-03-27,0.7461752566601011,0.7112511720525952,0.7565911921762036
2018-03-28,0.7454313322560109,0.7109755739831205,0.7568274486881941
2018-04-02,0.7457714599175673,0.7113053703090155,0.756995425983129
2018-04-03,0.7448673791807541,0.7110608323157251,0.7568564911118905
2018-04-04,0.7446342606806802,0.7109737300369685,0.7569790954591087
2018-04-05,0.7452870276121414,0.7110671958062974,0.7568126359095907
2018-04-06,0.7447173292001042,0.710993379279902,0.7567560412185619
2018-04-09,0.7454613642805265,0.7108449417143212,0.7568794758657837
2018-04-10,0.7458800552004443,0.7109141286910369,0.7570003904782902
2018-04-11,0.7458484667696765,0.7108217633954714,0.7571206436514542
2018-04-12,0.7449015681223417,0.7107404599395715,0.756880759397795
2018-04-13,0.7440610668018244,0.7108367050976586,0.7569811767520355
2018-04-16,0.7447212473690148,0.7107455312749597,0.7569340799315877
2018-04-17,0.7448083544144358,0.7107106345118528,0.7569033581226317
2018-04-18,0.7459046020648294,0.7107033416142576,0.7569684759070305
2018-04-19,0.7455063515518913,0.7106957051048242,0.7571525174421895
2018-04-20,0.7453280103512346,0.7106505187491606,0.7571203601935304
2018-04-23,0.7448343437072965,0.710778030954981,0.757291139641728
2018-04-24,0.7442644434249382,0.710503806311818,0.7571154366558928
2018-04-25,0.7436946850900723,0.7106053387452685,0.7570088882022378
2018-04-26,0.744273638482247,0.7103541298584678,0.7570693432521126
2018-04-27,0.7448528877803201,0.7103025742828774,0.7571494489473108
2018-04-30,0.7442769191859308,0.7103129817609151,0.7571722301075926
2018-05-02,0.7458369926473047,0.7105394326941701,0.7574322539526251
2018-05-03,0.7449418879522481,0.7106606341531325,0.7571374514422484
2018-05-04,0.7445468073237382,0.7105774392578724,0.7573380823627218
2018-05-07,0.7433905029347446,0.7102866098390472,0.75740489808987
2018-05-08,0.7441357561478893,0.7107490968513017,0.7574567816522433
2018-05-09,0.7438929035411349,0.7104046541930145,0.7577685571599548
2018-05-10,0.7429791676666122,0.7101794552477576,0.7573396721353458
2018-05-11,0.7428825442880714,0.7103746891796291,0.7570987313188257
2018-05-14,0.7435572139725692,0.7101587899556296,0.7574415446256562
2018-05-15,0.7452845740761933,0.710039534713407,0.7574742228247888
2018-05-16,0.7452986482420227,0.7098103859973746,0.757315606872326
2018-05-17,0.7429649085523404,0.7095868287210066,0.7572314481389485
2018-05-18,0.7435287671621653,0.7094418656556695,0.7572947307986696
2018-05-21,0.7444427658279771,0.7097548121589788,0.7573510278876202
2018-05-22,0.7438574306326188,0.7096740816999076,0.757155642286581
2018-05-23,0.744370893024254,0.7098954597720932,0.7573111144364126
2018-05-24,0.7434638920771198,0.7099034069504524,0.7570567577196391
2018-05-25,0.7448658199723737,0.7095769080693749,0.7572797754894413
2018-05-28,0.7443407797810313,0.7094674657712049,0.7573476617057963
2018-05-29,0.7441055102005789,0.7093019607512727,0.7576865492580667
2018-05-30,0.7434404383739619,0.709387650707676,0.7574654738707702
2018-05-31,0.7432773602423626,0.7091940660715476,0.7578072133518495
2018-06-01,0.742513439944232,0.708940456844547,0.7575441429266124
2018-06-04,0.7442400569536901,0.7094036065025229,0.7573335241531162
2018-06-05,0.7437860099652002,0.7090998758961705,0.7577369839544894
2018-06-06,0.7436203136331813,0.7090089716244894,0.7576894641425833
2018-06-07,0.7436342230167196,0.7092588380037492,0.7578225871285753
2018-06-08,0.7437096438874601,0.7087897308842996,0.7575852479693285
2018-06-11,0.7428836374596135,0.7088572998405553,0.7577576257485109
2018-06-12,0.7428737332621119,0.7090507494827714,0.7575951250147405
2018-06-13,0.7441990555472828,0.708986866186328,0.7578452525554491
2018-06-14,0.7439570783035104,0.7084007012481824,0.7580631055935474
2018-06-15,0.7438737239349167,0.7087275032903708,0.7582056810008065
2018-06-18,0.7428781544814659,0.7085644872583385,0.7584430411997456
2018-06-19,0.7433723386259978,0.7080286669238677,0.7585541674960032
2018-06-20,0.7437818593653646,0.7082818063421793,0.7586701024226505
2018-06-21,0.7428731765587739,0.7082412163951781,0.7586792842183822
2018-06-22,0.7436206847008199,0.708222896582195,0.758389591102799
2018-06-25,0.7440332676083846,0.7082644292773785,0.7582880138377117
2018-06-26,0.7436158330417789,0.7082619512393583,0.75865137604629
2018-06-27,0.7440921386367694,0.7085987441226085,0.7589123408846364
2018-06-28,0.7452581931744958,0.708573121502495,0.7592863730445364
2018-06-29,0.7452619064220076,0.7086092358884717,0.7590289749071394
2018-07-02,0.7449295183786142,0.7082533822648795,0.759059549631027
2018-07-03,0.7451850553502998,0.7082594290990049,0.759459542436171
2018-07-04,0.7444186374750581,0.7077943231547686,0.7591558789018503
2018-07-05,0.7425204513040861,0.7079622467288091,0.7591427524671098
2018-07-06,0.7414266481910974,0.7082397462548345,0.758825101746698
2018-07-09,0.7415303627925727,0.7081308864543184,0.7588477841600149
2018-07-10,0.7419385292174204,0.7081026434437103,0.7588333131855198
2018-07-11,0.742524644499837,0.7081981493871519,0.758818265184245
2018-07-12,0.7412901231521394,0.7080071977270294,0.7589695430337533
2018-07-13,0.7414482051600556,0.7080606515520694,0.7588554815976205
2018-07-16,0.7416232770157054,0.7079532710952234,0.7588114445309657
2018-07-17,0.7420145677677223,0.7079069468425531,0.7588728769119198
2018-07-18,0.7414299788804215,0.7075285148180089,0.7591969418222894
2018-07-19,0.7409272651604011,0.7076537808183432,0.7590020983363008
2018-07-20,0.7417582570332302,0.7075179535948157,0.7587440731524487
2018-07-23,0.7416007980288964,0.7077107967947127,0.7589326313599603
2018-07-24,0.7414013599154763,0.7075894196521821,0.7593831454233844
2018-07-25,0.7413255881625117,0.7078791863761037,0.7591944369424074
2018-07-26,0.7419842702715878,0.7075565946806389,0.7591829790781771
2018-07-27,0.7405949313985678,0.7073738993942563,0.759279185679031
2018-07-30,0.7408473865926724,0.7073627274419972,0.7591099907227976
2018-07-31,0.740771352056923,0.7075477153765543,0.7590080871134205
2018-08-01,0.7403253897136732,0.7073971736284914,0.7592623665931212
2018-08-02,0.7412419182186812,0.7074634548746291,0.7590580529109748
2018-08-03,0.7404247777255113,0.7073273253599177,0.7593418379445915
2018-08-06,0.7406584661213218,0.7069229668977273,0.7591800110651025
2018-08-07,0.7404121581533731,0.7070474655507982,0.7592366759787429
2018-08-08,0.7403335311038188,0.7071732110345237,0.7592711453063153
2018-08-09,0.7407775713127491,0.7070314479938965,0.7593076695097335
2018-08-10,0.7391825012573334,0.7068581908112062,0.7589958292711241
2018-08-13,0.7387471897011572,0.706704928521319,0.7591487618089804
2018-08-14,0.7386476505007179,0.7066933457509085,0.7589093445097733
2018-08-15,0.7389047490323363,0.7068428642778877,0.7591921828926105
2018-08-16,0.7381392940005231,0.7069105173807236,0.7593551359522931
2018-08-17,0.7379617411587611,0.7069151670066378,0.7592408765459177
2018-08-20,0.7379655791868541,0.7071745382879493,0.7593397724633387
2018-08-21,0.7385281484651829,0.7068023356811881,0.7594075827919268
2018-08-22,0.7387002047852099,0.7069095024298083,0.7597076717882105
2018-08-23,0.7387846174343788,0.7064370778218121,0.7598610751579389
2018-08-24,0.7399311868208217,0.7067978645872196,0.7599028591586886
2018-08-27,0.7398215669152702,0.7068269097172194,0.7601016070333753
2018-08-28,0.7383144361753641,0.7070502762121439,0.7599172159117592
2018-08-29,0.738901598484324,0.7066764614789607,0.7602050473304306
2018-08-30,0.7384923793912153,0.7068740260109435,0.7601397916045833
2018-08-31,0.7394252588984932,0.7067052723452004,0.7599124181783117
2018-09-03,0.7393388027871943,0.7066574389493442,0.7597871074975205
2018-09-04,0.7393268349400399,0.7068456248717833,0.7600055586452816
2018-09-05,0.7395892805977828,0.7070974182136457,0.7599391452591181
2018-09-06,0.7393369737059613,0.706496362594555,0.7600308180807731
2018-09-07,0.7394035707757665,0.7067607361037529,0.7596236713496536
2018-09-10,0.7398522689631722,0.706629882802231,0.7598044100411561
2018-09-11,0.7381741848761522,0.706582108937939,0.7595959621587905
2018-09-12,0.7396182307723338,0.7068291801696803,0.7599118728577299
2018-09-13,0.7382866593733203,0.7065369189731587,0.7599059493988224
2018-09-14,0.7390243622875512,0.7066320407340558,0.759654467571799
2018-09-17,0.7392757198291264,0.7063759800472837,0.7600041772710654
2018-09-18,0.7394361423427164,0.7065875923860284,0.7597415367285633
2018-09-19,0.7389417229573905,0.7062618362805657,0.7600402122145175
2018-09-20,0.7389426251205549,0.7065121144788588,0.7601090296196203
2018-09-21,0.7382668089095382,0.7061250272482482,0.7598230697231583
2018-09-24,0.7381092935115522,0.706334494922395,0.7597068333493043
2018-09-25,0.7378665747827403,0.706089424495869,0.7597341175162577
2018-09-26,0.7377121706235654,0.7058951175713306,0.7597848420341539
2018-09-27,0.7378862764146089,0.7057489912142286,0.7597264387848158
2018-09-28,0.7366342455594488,0.7059994919138698,0.7600492182862546
2018-10-01,0.7378729651282948,0.7059735462206618,0.7599950009364985
2018-10-02,0.7373814562209151,0.7059430584216425,0.7598870427268075
2018-10-03,0.7373908637428399,0.7060250171624608,0.7599662736376138
2018-10-04,0.7369438827737295,0.7060576516028721,0.7601398183313469
2018-10-05,0.7376154613694458,0.7060549618133566,0.7599092310202782
2018-10-08,0.7380637945097842,0.7056134251062263,0.7603075452010121
2018-10-09,0.7382578256223142,0.7056788593218886,0.760341472779386
2018-10-10,0.7390697229515104,0.7059808305459807,0.7602829569279765
2018-10-11,0.7382284484585079,0.7061198247107587,0.7603285884559083
2018-10-12,0.7390598363718978,0.7059030073685302,0.7601815422127067
2018-10-15,0.7389736375489132,0.7058009305482162,0.7604331236989401
2018-10-16,0.738294997357105,0.7061785705004003,0.7604197706981579
2018-10-17,0.7380208612147172,0.7055187918050748,0.7604228323688635
2018-10-18,0.7386434611069399,0.7056044947598212,0.7603332224395553
2018-10-19,0.73793858557181,0.7052974233413769,0.7604619185268017
2018-10-22,0.7383636401095596,0.7057187291012673,0.7606927991940926
2018-10-23,0.7384415436570338,0.7059061791565195,0.7603428786171087
2018-10-24,0.7381942612810548,0.7057171803248619,0.7606284535884891
2018-10-25,0.7372088028046191,0.7060034323593316,0.760625425377671
2018-10-26,0.7373783846442346,0.7060147800239299,0.7605297931062802
2018-10-29,0.7362841066034543,0.7061124227139394,0.7607538912878322
2018-10-30,0.7359700397534982,0.7056121900123413,0.7606063942512932
2018-10-31,0.7362149180474413,0.7060259559277418,0.7607702302985554
2018-11-01,0.7347136681250563,0.7057600166896204,0.7606709962530687
2018-11-05,0.7332301837947902,0.7059275067507327,0.760895708461564
2018-11-06,0.733215921637663,0.7055899002116325,0.7607661343866066
2018-11-07,0.731955430716348,0.7058208188400641,0.7612732588921235
2018-11-08,0.730352081710673,0.7052640779928276,0.7609606846331177
2018-11-09,0.7302954792637104,0.7052442355798227,0.7613955202976967
2018-11-12,0.7307433056382556,0.7054752908912966,0.760863463285377
2018-11-13,0.730411195706675,0.7056768331117154,0.7613025902666833
2018-11-14,0.7300789169304801,0.7059621515958351,0.7610471814359073
2018-11-15,0.7299178239153172,0.706013740877461,0.7614851061143341
2018-11-16,0.7290616263645958,0.7057786947159466,0.7613747498051247
2018-11-20,0.7285675230874212,0.7056013424464448,0.7613186056109152
2018-11-21,0.7284161258203591,0.7053693858259455,0.7612583661544965
2018-11-22,0.7284715842155057,0.7054628798537803,0.7614185935469364
2018-11-23,0.7276018259369134,0.7054588840340721,0.7616023309908401
2018-11-26,0.726354887454609,0.7054876085547245,0.76147098588522
2018-11-27,0.7278875981208796,0.7051403926955944,0.7612319052677627
2018-11-28,0.7277524612035157,0.705185370726003,0.7616311991886805
2018-11-29,0.7268130116177471,0.7053235273396993,0.7616400328605529
2018-11-30,0.7264818409118801,0.7055667972433906,0.7616767010080053
2018-12-03,0.7276593371713782,0.7055620653943198,0.7617434159372044
2018-12-04,0.7275800223378146,0.7050579082139662,0.7614218785354444
2018-12-05,0.727128042267606,0.7050890308514193,0.7620570437313532
2018-12-06,0.7281597153716765,0.7050359198436633,0.7622214185394712
2018-12-07,0.7279923395735122,0.7048811029603954,0.7619579070150783
2018-12-10,0.7266252715202982,0.7050285891017507,0.7618861240157287
2018-12-11,0.7262045399502893,0.7047609895456314,0.7620061702345089
2018-12-13,0.7260473511361193,0.7051886158326052,0.7617702899837521
2018-12-14,0.7262896308157913,0.7047594446913856,0.7622176147867973
2018-12-17,0.7247752337741696,0.704926658074445,0.7621234617131999
2018-12-18,0.7253632452656329,0.7048354883607515,0.7621499856326206
2018-12-19,0.7275676134688208,0.7044235696535047,0.7619331775164319
2018-12-20,0.7273179454661496,0.7044796837600781,0.7619975389825083
2018-12-21,0.727257952372205,0.7043040429072134,0.7620296613748557
2018-12-24,0.7272582942539741,0.7043231942832392,0.7619405939893001
2018-12-26,0.7263992963791507,0.7040527788094448,0.7616886369304813
2018-12-27,0.7264571444619716,0.7039868695463887,0.7618981248213809
2018-12-28,0.7269933051192412,0.7040909575046651,0.7619216404887401
2018-12-31,0.7270023168472504,0.7043110588830667,0.7621002577606524
2019-01-02,0.7258895965515793,0.704149973825218,0.7621446543903432
2019-01-03,0.7262983110943504,0.7043563073128991,0.762254269726566
2019-01-04,0.7256247963557411,0.7043756489598304,0.7624084019832464
2019-01-07,0.726153129963151,0.7047498825785273,0.7626798059972503
2019-01-08,0.7261464438913897,0.7043436502226326,0.7626520619165387
2019-01-09,0.7269027922592095,0.7044352746334027,0.7624392034829391
2019-01-10,0.7274887862601538,0.7041437272065726,0.7621953505940131
2019-01-11,0.7274817042448577,0.7044282005766153,0.762463533310157
2019-01-14,0.7281427023703092,0.7045460993641882,0.7623387704141188
2019-01-15,0.728132143595934,0.7044850883829558,0.7624972596782311
2019-01-16,0.7280402805363813,0.7042994888429355,0.7627739916392847
2019-01-17,0.7292039933896278,0.7044292671512238,0.7625898409779774
2019-01-18,0.7294066630836918,0.7048318785633232,0.7624238898771295
2019-01-21,0.7297199373196027,0.7049978781177928,0.7629986318238241
2019-01-22,0.7293199436798709,0.7048217177221454,0.7629241081924738
2019-01-23,0.7312520027704619,0.7049212312692382,0.7627844592394313
2019-01-24,0.7311761394767463,0.7048440723833599,0.7629346235974308
2019-01-25,0.731932797384781,0.7048225228626258,0.7627289416570532
2019-01-28,0.7320146256526986,0.7046924067106018,0.7629898789111403
2019-01-29,0.7321807937836081,0.7048223280779696,0.7629048657935737
2019-01-30,0.7329078978696103,0.704917222038252,0.76318285501021
2019-01-31,0.7321672693356641,0.7050656635690405,0.763013863346581
2019-02-01,0.7316526498826381,0.704848823402618,0.7629975088239854
2019-02-05,0.730819242662063,0.7052007192962648,0.7632130811381149
2019-02-06,0.7310258494766801,0.704622940655582,0.7633160166129563
2019-02-07,0.7311077146314701,0.7049846137101877,0.7631505141996615
2019-02-08,0.7304372924414654,0.7047460010235639,0.7633195651283946
2019-02-11,0.7307171272516177,0.7044563373249738,0.7632790192798627
2019-02-12,0.7307888300758062,0.7042596768276083,0.76327717569103
2019-02-13,0.7312033634945054,0.7040687913227803,0.7630280659147586
2019-02-14,0.7313446010674692,0.7037637472304281,0.7628471124326331
2019-02-15,0.7300595601470933,0.7040350578268192,0.7630463917227813
2019-02-18,0.7290212045030462,0.7039614594682945,0.7630240636657316
2019-02-19,0.7283581397289463,0.7041106153655442,0.7634700508737675
2019-02-20,0.7280497595186551,0.7042038884428251,0.7636450249921807
2019-02-21,0.7288085094292276,0.7041286986015295,0.7637462401615953
2019-02-22,0.7293064595246731,0.7044416829425942,0.7637034927120641
2019-02-25,0.7288959115413978,0.7042231050718838,0.7636419128118306
2019-02-26,0.7292960426144733,0.7040869911709429,0.7637696955463453
2019-02-27,0.7296520978319126,0.7045680964464737,0.763735264287053
2019-02-28,0.7294658720512897,0.7043282764177715,0.7644318144406421
2019-03-01,0.7297874599213834,0.7043284790627458,0.7641109479412139
2019-03-04,0.7310665732974296,0.7040656673535192,0.7640419771054087
2019-03-05,0.7318153726884497,0.7039524072849573,0.7642431378978937
2019-03-06,0.7304471814949498,0.7037512685630851,0.764666439686289
2019-03-07,0.7305313046008762,0.7043614267159751,0.7645268739695443
2019-03-08,0.7303041305107961,0.7042473665972881,0.7644365059203708
2019-03-11,0.7303815414364263,0.7041725083889355,0.7645981214888282
2019-03-12,0.7303742821515146,0.7042239677952287,0.7645295359847829
2019-03-13,0.730224938917718,0.7041575969973468,0.7640484050854246
2019-03-14,0.730384301215988,0.7040071300952347,0.7642109595635528
2019-03-15,0.730804826799315,0.7040072708349753,0.7641854002155929
2019-03-19,0.7306578409377149,0.7036350294109796,0.7640632840277491
2019-03-20,0.7290437505086543,0.703921675801502,0.7637338571620302
2019-03-21,0.7291321307605196,0.703907424287448,0.7640575073519245
2019-03-22,0.728519056711155,0.703957485025125,0.7642231302239966
2019-03-25,0.728777142565078,0.7038098143832987,0.7642018603564628
2019-03-26,0.7275065334871633,0.7036102048946459,0.7642092385449962
2019-03-27,0.7270201355691348,0.7035706604768539,0.7642959943110943
2019-03-28,0.7272613711232816,0.7033800310765037,0.7637976053551534
2019-03-29,0.7267707725737437,0.7037334339986359,0.7636510820908221
2019-04-01,0.7264578332063291,0.7038870880998491,0.7637284476151881
2019-04-02,0.727205137290486,0.7036723724021882,0.763821655121355
2019-04-03,0.7272228480331702,0.7037067479358722,0.7637293599454187
2019-04-04,0.7280703378716913,0.7037224787167153,0.7639962415993042
2019-04-05,0.7273273821320554,0.7038235863333987,0.7640812171636933
2019-04-08,0.7280705683228961,0.7036958661145352,0.7639147177537605
2019-04-09,0.7275730057063465,0.7039476801903825,0.7637264127616261
2019-04-10,0.7263125647245036,0.7035284849633935,0.7638513934006225
2019-04-11,0.7273264319437295,0.7036025896894514,0.763867250781256
2019-04-12,0.7273263065224375,0.7036489595433358,0.7637910950285225
2019-04-15,0.7286404844827592,0.7036433575029647,0.7638865125819924
2019-04-16,0.7274052696568177,0.7035498008752711,0.7643442975279138
2019-04-17,0.7280194150375201,0.7036932883067231,0.763826454473872
2019-04-22,0.7269170927519082,0.7036123237808091,0.7642391740307146
2019-04-23,0.7293769358644676,0.7035288721045215,0.7641051592873532
2019-04-24,0.7297066446114492,0.7034249068397819,0.7638658367740467
2019-04-25,0.7285427390462271,0.703245184991338,0.7640673947168727
2019-04-26,0.7288545692299097,0.7030943717376037,0.763761852711111
2019-04-29,0.7285865055860369,0.7031817190487958,0.7639620220709246
2019-04-30,0.7289243472581912,0.703008712111974,0.76408062518526
2019-05-02,0.7298582968270878,0.703211811837719,0.7643879416680106
2019-05-03,0.7293344560267486,0.7028980382629503,0.7642130433159989
2019-05-06,0.7294055747209764,0.7029654542821321,0.7643569247390193
2019-05-07,0.7312822106182769,0.7031546512554954,0.7643460567189834
2019-05-08,0.7317939890637186,0.7034183935013858,0.7644785223671354
2019-05-09,0.7313933435928482,0.7031330768763185,0.7647028807187762
2019-05-10,0.7316423979005324,0.703187651834483,0.7647694288009299
2019-05-13,0.7315829095488484,0.7031488138908871,0.7647348557604544
2019-05-14,0.7305640120987109,0.7032304938087486,0.7650282450149225
2019-05-15,0.731298633780415,0.7034825288071177,0.765045885638715
2019-05-16,0.7318933300024453,0.7034225794807724,0.7648527329978634
2019-05-17,0.7318258425144282,0.7035268988628015,0.7644786594481299
2019-05-20,0.7303936213432722,0.7032309528123029,0.7649502007381824
2019-05-21,0.7293751030856777,0.7032349865029078,0.7651842969383983
2019-05-22,0.7297978795570135,0.7032705257911077,0.764848163453755
2019-05-23,0.7308561781634149,0.7029402602539854,0.7651808604484279
2019-05-24,0.730677124675835,0.7028882662912804,0.7649775097256909
2019-05-27,0.7302028014077506,0.7028803124571738,0.7646105397848674
2019-05-28,0.7308556041831579,0.702983312408422,0.7647696251466619
2019-05-29,0.7304399884534785,0.7029659780957166,0.7647171948503524
2019-05-30,0.7291900907302594,0.7028383624466383,0.7646495495219326
2019-05-31,0.7285298373987882,0.7028042143650509,0.7645162818520816
2019-06-03,0.7298600204508954,0.7021587194396844,0.7645526519981954
2019-06-04,0.7295375242652635,0.7024004335179745,0.7647423149311489
2019-06-05,0.7289505615653473,0.702140140131979,0.7643559789973426
2019-06-06,0.7298469123172787,0.7023040770529856,0.764356229310071
2019-06-07,0.7298994819610051,0.7016458017348655,0.764624670401331
2019-06-10,0.7297566162223282,0.7022810695546874,0.7648041056589133
2019-06-11,0.7301607608191365,0.7020677066609354,0.7649700789424734
2019-06-12,0.7310820667855954,0.7020243253417016,0.7649991158348313
2019-06-13,0.7304158890595005,0.7020666348003329,0.7646749455947106
2019-06-14,0.7298365268799791,0.7022223009808547,0.7645781316110299
2019-06-17,0.7311945860805601,0.7018975524639501,0.7647463904999422
2019-06-18,0.7316868654698871,0.7020360854869931,0.7649851464191917
2019-06-19,0.7311505157717458,0.7020344538863086,0.7647353102357611
2019-06-20,0.7320018709467071,0.7017412855277766,0.7649135481532378
2019-06-21,0.7324072286570823,0.7019703412625363,0.7649933021798188
2019-06-24,0.73147289457548,0.7020423517536839,0.7652858091297269
2019-06-25,0.7312937322588328,0.7020104529426878,0.7652534585604653
2019-06-26,0.7325478853495727,0.7017210538499369,0.7648884033289585
2019-06-27,0.7303489644924525,0.7017336919614341,0.7651687046163814
2019-06-28,0.730206918104567,0.7018422455592206,0.7653157945784294
2019-07-01,0.7302633318750371,0.7014426830891917,0.765175571478127
2019-07-02,0.7302702161955441,0.7011126990218877,0.7651529589570141
2019-07-03,0.730600266088085,0.7015234934648172,0.7655687233073697
2019-07-04,0.7307545881776096,0.70152463753675,0.7657199105685907
2019-07-05,0.7306626514858907,0.7009925261719036,0.7659165548572974
2019-07-08,0.7312674845001763,0.7016780598064457,0.7658516057999446
2019-07-09,0.7301730679147375,0.7012908817684761,0.7656981365840851
2019-07-10,0.7296272711638264,0.7015378708999525,0.7655233009378952
2019-07-11,0.7288008199802857,0.7010709338212137,0.7656445957183021
2019-07-12,0.7270328832802946,0.7012207913075185,0.7657736410877305
2019-07-15,0.7280417126599651,0.701708837254978,0.7657222799382084
2019-07-16,0.7288128946164842,0.701007020086949,0.7653633426487051
2019-07-17,0.7287154589382411,0.7009696507652678,0.7659133416851038
2019-07-18,0.7285479342452702,0.7012966950433537,0.7661872396362784
2019-07-19,0.7287461880139668,0.7011322724591976,0.7659279447040398
2019-07-22,0.7267907172799245,0.7009749875618426,0.7660755939912619
2019-07-23,0.7277236936693804,0.7008672320231994,0.7658169970999671
2019-07-24,0.7276803668229292,0.7008969102635207,0.765931100626227
2019-07-25,0.7287477121296979,0.7009788744248581,0.765746665316499
2019-07-26,0.7289686679711119,0.7005406485272344,0.7660687069158398
2019-07-29,0.7288762976586378,0.700795133378053,0.7658454866891611
2019-07-30,0.7285383571460033,0.700821702531198,0.7655676342665722
2019-07-31,0.7289172872037492,0.7008679293346398,0.7656643319725372
2019-08-01,0.7291696483933099,0.7007395792799207,0.7655874291610759
2019-08-02,0.7285162072202873,0.7007220031745519,0.7656082564782687
2019-08-05,0.727985175183247,0.7008094578782357,0.7653406779589809
2019-08-06,0.7283013933891747,0.7006643393317895,0.7657151360988969
2019-08-07,0.7289278098012912,0.7004468978571229,0.7657486346690885
2019-08-08,0.7290970588417295,0.7003278905433897,0.7662748217778401
2019-08-09,0.7298286570818697,0.7003190481978873,0.765946315877239
2019-08-12,0.7306909994697284,0.7003293727862068,0.7657946643982093
2019-08-13,0.7298104881360983,0.7004641329651758,0.7658325351437308
2019-08-14,0.7294352786763033,0.7004504285924127,0.7661984388321326
2019-08-15,0.7299033668831898,0.7000212803763212,0.7663041653119417
2019-08-16,0.7296767417611134,0.7003520127909092,0.7663569176492162
2019-08-19,0.7281242891144962,0.7002692701473898,0.7658961917232292
2019-08-20,0.7283691409439704,0.7004567964455836,0.7658544989427774
2019-08-21,0.7284503603957504,0.7005818527718161,0.766237487784979
2019-08-22,0.7284562075072873,0.7007427990887205,0.7663520755000801
2019-08-23,0.7282890023552989,0.7007309958738593,0.766541054257052
2019-08-26,0.7282609262433096,0.7005879029920731,0.7660937367162965
2019-08-27,0.7279211498857094,0.7000174849193419,0.7662574908949201
2019-08-28,0.7284918923859793,0.7001382193019091,0.7660177106423676
2019-08-29,0.7280339397241419,0.7002763815900708,0.7663922462175473
2019-08-30,0.726654136572525,0.7002262506140546,0.7664887019230113
2019-09-02,0.726666899016783,0.7003830505824042,0.7666273587580879
2019-09-03,0.7272992480077577,0.7003301066039148,0.7666288451848752
2019-09-04,0.7279859070652218,0.7006260337272495,0.766275316814007
2019-09-05,0.7273160382996222,0.7000544642907917,0.7664662748429425
2019-09-06,0.7272894262128642,0.6998770984998668,0.766645948597626
2019-09-09,0.7267788972301981,0.7001575621221274,0.7665659997290032
2019-09-10,0.7264204257080424,0.7002549910966559,0.7663788190042544
2019-09-11,0.7282345093843794,0.7000832154881148,0.7663969440979649
2019-09-12,0.7292668170336486,0.6999152995188248,0.7664072910454265
2019-09-13,0.7287858103893571,0.699854597429827,0.7663315690657113
2019-09-17,0.7287204699030653,0.6999317897792623,0.7665900101781907
2019-09-18,0.7286858916697251,0.699768749417486,0.7664804820322265
2019-09-19,0.7288372493112695,0.699906414523404,0.7668865015283631
2019-09-20,0.7288536897653484,0.7000128615646296,0.7660646463619168
2019-09-23,0.7297169070367971,0.6997810216324738,0.7666244522205963
2019-09-24,0.7294834011169736,0.7002551951194689,0.7665194036380353
2019-09-25,0.7287720935199262,0.700104849415457,0.7667199665501249
2019-09-26,0.7289376489616455,0.699942022575947,0.7672258096328312
2019-09-27,0.7297000018236707,0.70006928545188,0.7672543204073257
2019-09-30,0.7289091151592163,0.7001010569876969,0.7674585592022979
2019-10-01,0.7291519935565527,0.7004415516858555,0.7674419086849424
2019-10-02,0.7293010836531463,0.7001375580526005,0.7670560523191453
2019-10-03,0.7299935858289038,0.6999961333013497,0.7670319392394223
2019-10-04,0.7288702573265646,0.6998312529456142,0.7669124083806224
2019-10-07,0.7283264202360796,0.6996882950549939,0.7669086648225106
2019-10-08,0.7292231116364876,0.6997688266961194,0.7669343444603242
2019-10-09,0.7304165942176171,0.7000765814905406,0.7667682971490943
2019-10-10,0.7313717297585346,0.6998311464914757,0.7671895782400282
2019-10-11,0.7298550068516348,0.6998430078180751,0.7671940719777476
2019-10-14,0.7300761981849767,0.6999686134597681,0.7671500363021487
2019-10-15,0.7317406107419206,0.6999041528285611,0.7670539165287594
2019-10-16,0.7310666466085933,0.6996459196897488,0.7673052162503999
2019-10-17,0.7311733409458075,0.6996840448462065,0.767170793886623
2019-10-18,0.7336661572231176,0.699948343637676,0.7668792880565682
2019-10-21,0.7346435686095909,0.6998193350236875,0.7672483306152464
2019-10-22,0.7342201771010105,0.6996232074764844,0.7674907055264074
2019-10-23,0.7348836665917119,0.699687033628433,0.767762431744482
2019-10-24,0.7344397181064313,0.6992300394876475,0.7676918149818829
2019-10-25,0.736279748785317,0.6994827722484896,0.7678302251171829
2019-10-28,0.7357896558097275,0.699552041625391,0.7677888135502836
2019-10-29,0.7368928808968268,0.6994865596048105,0.7678671790188315
2019-10-30,0.7372371772237805,0.6992978603343951,0.7676148125779588
2019-10-31,0.7379719912786316,0.6993359872963085,0.7671346429099859
2019-11-01,0.7382001880841116,0.6994247238889033,0.7672816250852993
2019-11-04,0.7383761256290525,0.6997818963385165,0.7671363289249076
2019-11-05,0.7380863644046628,0.699494482175123,0.7674930351485691
2019-11-06,0.7378506741072891,0.6997384171286699,0.7671761803218503
2019-11-07,0.739313644367519,0.6997813885718762,0.7668701878126718
2019-11-08,0.7401500199872354,0.6989424539590925,0.7672549753701186
2019-11-11,0.73949260797483,0.6996228751348113,0.767343662498509
2019-11-12,0.7381539799013614,0.6994933571622582,0.7671772923716087
2019-11-13,0.7396508978151888,0.6995147471731564,0.767217185116543
2019-11-14,0.7394058037460223,0.699915965315565,0.7673664023527711
2019-11-15,0.7396368668348448,0.6996827689999774,0.7675881460127154
2019-11-19,0.739735612893713,0.6995890364227847,0.7676761131288564
2019-11-20,0.7404119208419219,0.6998595440808019,0.7678001926109957
2019-11-21,0.740062906182159,0.6993888035359729,0.7681387944555599
2019-11-22,0.7393013628572164,0.6996640720687352,0.7676586424831936
2019-11-25,0.7388717976606265,0.6994092922612033,0.767878459349114
2019-11-26,0.7387781008370654,0.6990675792782532,0.7681329296713991
2019-11-27,0.7387946257345447,0.6990660830092924,0.7681508993256321
2019-11-28,0.7386390769489121,0.6994261000064433,0.7683602454022905
2019-11-29,0.7389711827729454,0.6995321663702507,0.7681674054733698
2019-12-02,0.7396423193145614,0.6996422307575064,0.7683801195522829
2019-12-03,0.7407477539273137,0.6997102399818386,0.7682194346645975
2019-12-04,0.7403349801252932,0.6999423537444218,0.7683090236222001
2019-12-05,0.739819436953139,0.6995407904606518,0.7682470733582287
2019-12-06,0.7393992263531195,0.6997214478851157,0.7682517874969169
2019-12-09,0.7387506596098591,0.6996477295601075,0.7677315255388878
2019-12-10,0.7382440512513442,0.6996392200751932,0.7676914975199148
2019-12-11,0.7371664871069152,0.6995184885833967,0.7678318342202843
2019-12-13,0.7370070535118616,0.6993456352209619,0.7674486407012241
2019-12-16,0.7372541726813341,0.6988782877076852,0.767422491050394
2019-12-17,0.7364360642806872,0.6991412136978038,0.7672516152076743
2019-12-18,0.7374498846929181,0.6989588677866299,0.7671728400753292
2019-12-19,0.7378549254834604,0.6988371506692148,0.767082867223647
2019-12-20,0.7387804409316594,0.6986524548970622,0.7671783557637463
2019-12-23,0.7388670186976672,0.6992031252027514,0.7670686227545261
2019-12-24,0.7387832463530097,0.6992476562074366,0.7669644124746369
2019-12-26,0.7378031583000159,0.6990599502938322,0.7669963948453383
2019-12-27,0.7381299631016638,0.6989190361365631,0.7672572372352592
2019-12-30,0.7377034627453674,0.6990529174690248,0.7674696773518106
2019-12-31,0.7349665918515796,0.6989022458264594,0.7672555020158804
2020-01-02,0.7350579382188146,0.6989695863187261,0.7677449179817083
2020-01-03,0.735052236150488,0.6988664854166403,0.7674074911631789
2020-01-06,0.7355226684543517,0.6990871669534282,0.7673332002527974
2020-01-07,0.7344816748682249,0.6989719471060836,0.7673108573378622
2020-01-08,0.7337856157921718,0.698757023137117,0.7675780312288604
2020-01-09,0.7344627236228389,0.6990121392295778,0.7673867478386461
2020-01-10,0.7347978087348818,0.6989916285454426,0.7673895835374047
2020-01-13,0.7338547148906563,0.6985295260139766,0.7676331189843506
2020-01-14,0.7330291197965878,0.6985857071058947,0.7677146731861437
2020-01-15,0.7336187482514933,0.6984696803879905,0.7675638464101532
2020-01-16,0.7333680889377046,0.6982255663531618,0.767398834482372
2020-01-17,0.7330368629876394,0.698357998908176,0.7674431275844003
2020-01-20,0.7344936575907018,0.6981831328922957,0.7671812903219019
2020-01-21,0.7341527086534078,0.6980430268349698,0.7676068068782802
2020-01-22,0.7336606636623177,0.698201738365816,0.7675728925575711
2020-01-23,0.7344160769199689,0.6985420680896243,0.7677416472417522
2020-01-24,0.7322906247830785,0.6979405846123977,0.7674278565893324
2020-01-27,0.7326251534825741,0.6977297058184284,0.7676932945464086
2020-01-28,0.7322872808689344,0.6976953685702728,0.767782010765088
2020-01-29,0.7320195780165942,0.6977626276602429,0.7677630109460338
2020-01-30,0.7328996984077518,0.6978475010799089,0.7675684734305184
2020-01-31,0.7330610637046172,0.6976450678432203,0.7677667387827318
2020-02-04,0.7328479823023157,0.6976739548549209,0.7676170900565125
2020-02-05,0.7321049674737249,0.6977577380378815,0.7679228368540238
2020-02-06,0.7310862127581563,0.6977524398754178,0.7674985579110325
2020-02-07,0.7314255773082861,0.6978235136114271,0.7677999355034906
2020-02-10,0.7325283583973297,0.6971286646432376,0.7678535894363443
2020-02-11,0.7317604625014715,0.6976495643140915,0.7677668472542493
2020-02-12,0.7314980972398184,0.6975403022111212,0.7680310357381597
2020-02-13,0.7310760936826185,0.6971421725772764,0.7683695962114323
2020-02-14,0.7312633273671862,0.6972040594666394,0.7677426811343727
2020-02-17,0.7310959878924242,0.6973092363158242,0.767721618809108
2020-02-18,0.7309215882669894,0.6969401676068527,0.7676728207911909
2020-02-19,0.7316418110847492,0.6970216602859624,0.7677827068418431
2020-02-20,0.7309770905353493,0.6973052600329259,0.7678831393363529
2020-02-21,0.7321019990852576,0.6975627060394891,0.7678851152424484
2020-02-24,0.7302329639210193,0.6976346573521632,0.7681829035663855
2020-02-25,0.7309230978782553,0.6973910596968019,0.768507513970398
2020-02-26,0.7303016313941159,0.697311396327266,0.7684235146926192
2020-02-27,0.7295833346506261,0.6974628680880897,0.7679959056049415
2020-02-28,0.7299120005276921,0.6974049704118646,0.7682196853285339
2020-03-02,0.7306663137085877,0.6970977010239919,0.7681531276493051
2020-03-03,0.7318340417987392,0.6970065667551376,0.768085477029751
2020-03-04,0.7299135123727846,0.6966035337617461,0.7685043267448548
2020-03-05,0.7299091117034743,0.6969784745647502,0.7679866307814108
2020-03-06,0.728727465599424,0.6972775835201196,0.7684864264653273
2020-03-09,0.728299479778462,0.6971177327293892,0.7685431875200882
2020-03-10,0.726100142726767,0.6970229065585826,0.7683725157392058
2020-03-11,0.7247986083217921,0.6970232178636622,0.7681320950463029
2020-03-12,0.7242454742416949,0.696964438127314,0.7678654374627556
2020-03-13,0.7230483214502803,0.6974303723537394,0.7681858651178949
2020-03-17,0.7241399468322518,0.697178835732275,0.7683353635723296
2020-03-18,0.7216669163803945,0.697260863452843,0.7681473626143167
2020-03-19,0.720632620229408,0.6967628772604089,0.7685408275111459
2020-03-20,0.7214433115082122,0.6970886400105982,0.7684331078953013
2020-03-23,0.7200142046631024,0.6968905466143864,0.7687220651095782
2020-03-24,0.7197275552502151,0.696876672157909,0.7688591584028648
2020-03-25,0.7187854992968521,0.6966929302690341,0.7684487362141451
2020-03-26,0.7182688505486913,0.6970637713719281,0.7686271693331119
2020-03-27,0.7164290897690666,0.696763853659607,0.768824862559042
2020-03-30,0.7160223430335488,0.6967569106059508,0.7689449338630561
2020-03-31,0.7162953666845757,0.6966110211459307,0.7686356584882915
2020-04-01,0.7163802811341364,0.6964227741732024,0.7687209734674613
2020-04-02,0.7163724111833631,0.6963497656624409,0.7688168374689899
2020-04-03,0.7166424897984363,0.6961677076681235,0.768966326631907
2020-04-06,0.7149340211302131,0.6963515853144479,0.7687718499656137
2020-04-07,0.7150160727241052,0.6961087309484595,0.7686309795829029
2020-04-08,0.7144688376588451,0.6962598133690338,0.768799475352137
2020-04-13,0.7144808887765215,0.6959078242665246,0.7688505795738592
2020-04-14,0.7143058264707287,0.6959407401780884,0.7686973950676759
2020-04-15,0.7140429645564156,0.6962721823452841,0.7683676110340484
2020-04-16,0.7140685399449863,0.6962323007185106,0.7682073093420572
2020-04-17,0.7133623505514948,0.6965125360115398,0.7681235219373864
2020-04-20,0.7135497192378778,0.6970443019422291,0.7684883745204382
2020-04-21,0.713410588680681,0.6965736113813689,0.7685891481504722
2020-04-22,0.7140701423211958,0.696687152395792,0.768437269606951
2020-04-23,0.714274380864137,0.696299696155493,0.7690210965069088
2020-04-24,0.7147484924454404,0.6964010577529491,0.7690147819966107
2020-04-27,0.7149204439747657,0.6963242184764471,0.7688078203892809
2020-04-28,0.713947259193886,0.696701985866947,0.7688213010501106
2020-04-29,0.7125982181393036,0.696403998822165,0.7688632146663886
2020-04-30,0.7134609528855357,0.6965322285357084,0.7686508197743991
2020-05-04,0.7122811966356924,0.696505427775857,0.7686997977820531
2020-05-05,0.7119162425845219,0.6966094945962436,0.7689036015304548
2020-05-06,0.7116305494414586,0.6962686569968354,0.76853120811049
2020-05-07,0.7113937557450619,0.696535199351413,0.768487844586747
2020-05-08,0.7107800623904165,0.6964887071906528,0.7684976884177817
2020-05-11,0.7106754712533335,0.696500858040942,0.7686580735953799
2020-05-12,0.7108189470314975,0.6963794496595692,0.7685698276444862
2020-05-13,0.710657106312883,0.6963310952727263,0.7688180229560698
2020-05-14,0.7116982583122705,0.6962483443715481,0.7683929874961241
2020-05-15,0.7124735315524858,0.6964156172904411,0.7685175657523047
2020-05-18,0.7106956268411703,0.6962962888062252,0.7682667515746745
2020-05-19,0.7089713686170426,0.6961163183598504,0.7682362674747727
2020-05-20,0.7097343141693978,0.6959291638896096,0.7683342335869903
2020-05-21,0.7101199009917923,0.6960174978803584,0.7686719039672532
2020-05-22,0.7106422973718253,0.6962835796997427,0.7691387112874042
2020-05-25,0.7101777803475846,0.6961449062985426,0.7687992253434587
2020-05-26,0.7100038136523219,0.6962114077105068,0.7685893805860784
2020-05-27,0.7075519524224496,0.6960658866638415,0.7684848617371944
2020-05-28,0.7079655208405206,0.6962139276065753,0.7682383155568436
2020-05-29,0.7080628027671699,0.6963013753776051,0.7682553380770257
2020-06-01,0.7091551119632519,0.6963970807388526,0.7684695198062977
2020-06-02,0.7082617427592134,0.6962723584674794,0.7686646231584191
2020-06-03,0.707265354796181,0.6961391869729638,0.7687785299660207
2020-06-04,0.7069085947590902,0.6959025088337315,0.7686005911081011
2020-06-05,0.7060208088625428,0.6962459961338094,0.7687763607092117
2020-06-08,0.7052365978940501,0.6962821591836327,0.7686959427069557
2020-06-09,0.7046297986851566,0.6961818455625054,0.76865061138083
2020-06-10,0.7042682658236089,0.6957019882259883,0.7685373199677339
2020-06-11,0.7030454898233962,0.6957917279986692,0.7686454167772693
2020-06-12,0.7028466763511707,0.6953467098100035,0.7684554440402619
2020-06-15,0.7036876568912834,0.6956940740821693,0.7684863117669685
2020-06-16,0.7035254381725669,0.6952365778518079,0.76867652336025
2020-06-17,0.702333816100287,0.6953002722093086,0.7688109521793758
2020-06-18,0.7025879020645405,0.695372475783217,0.7689650006167814
2020-06-19,0.7024112672311709,0.6957202740792963,0.7688764698545756
2020-06-22,0.7023158386017255,0.6951554404961121,0.7689191478896217
2020-06-23,0.702717522635931,0.6954892914409412,0.768430971681335
2020-06-24,0.7022753689536944,0.6952607878416418,0.769259831073458
2020-06-25,0.7026181470332935,0.6951328338229896,0.7695083261966993
2020-06-26,0.7018913343276951,0.6952207774303717,0.769300696671277
2020-06-29,0.702840011700245,0.6955841519988613,0.7694169423802169
2020-06-30,0.7027168672626674,0.6952691820179031,0.7694037693399294
2020-07-01,0.7027193925747004,0.695628022557332,0.7692843277289493
2020-07-02,0.7029835177151191,0.6955400924880571,0.7687072248391897
2020-07-03,0.7023560343992925,0.6956451022949064,0.7688458112376507
2020-07-06,0.7030738298614669,0.6955982023690559,0.7690248228137851
2020-07-07,0.7034831843200552,0.6954148539335513,0.7696096006112388
2020-07-08,0.7026043639418816,0.6954677048658087,0.7696932116231897
2020-07-09,0.7012356819095861,0.695636779705899,0.7694544823623604
2020-07-10,0.7001954721836756,0.6956322685264408,0.7694016900513722
2020-07-13,0.6999383292888376,0.6953497811719118,0.7696770624238989
2020-07-14,0.6989051377036984,0.6953527266489656,0.7696199605699922
2020-07-15,0.6991701047368819,0.69558946844669,0.7697222901660119
2020-07-16,0.6985746599278988,0.6955084270412804,0.7696200516550386
2020-07-17,0.6989198971427428,0.695690737870408,0.7695788245270564
2020-07-20,0.6988354247359276,0.6955710953029192,0.7698290220954614
2020-07-21,0.6984798289370657,0.6952902983384467,0.7696209179090558
2020-07-22,0.6985648040701804,0.6952562945488552,0.7695664237571055
2020-07-23,0.6980254149486441,0.6952738703971544,0.7693293726158851
2020-07-24,0.6972955800328291,0.6954114696913305,0.7695223286136013
2020-07-27,0.6983455507404098,0.6950486109958709,0.7696137923224909
2020-07-28,0.6995905198392826,0.6950468641842588,0.7695373904857002
2020-07-29,0.7014256479163976,0.6953825044095306,0.7698312682672436
2020-07-30,0.7015581133197634,0.6949250034523095,0.7699431183814565
2020-07-31,0.7023698701869293,0.6952660812094847,0.7694913952416133
2020-08-03,0.7027493712455908,0.6947805741588367,0.7700297570254726
2020-08-04,0.7029122919810364,0.6946061197465874,0.7696820973835896
2020-08-05,0.7038992867495047,0.694486627697429,0.7698382434554664
2020-08-06,0.7032638133826624,0.6945013926773664,0.770137675449344
2020-08-07,0.7032523824314799,0.6943614513964502,0.7701565728963907
2020-08-10,0.7045431552703834,0.6939997989584061,0.7698935145389718
2020-08-11,0.7046591745852635,0.6942486277162073,0.7698001844149885
2020-08-12,0.7034355307549445,0.6942150714441645,0.7698141442101392
2020-08-13,0.7055145262884919,0.6940971399202432,0.7703872964594656
2020-08-14,0.7064920867699359,0.6947221618384477,0.7700426622429268
2020-08-17,0.7060269336861351,0.6947010278983998,0.7702757945358039
2020-08-18,0.7067023823897591,0.6947350558762642,0.7703340932563322
2020-08-19,0.7059020760842816,0.6940909468132331,0.7704652556913172
2020-08-20,0.7058025133993561,0.694126967356127,0.7703162523369008
2020-08-21,0.7048828161431068,0.6941169654400353,0.770531408009959
2020-08-24,0.7051838302641706,0.6938590618502758,0.7700127328067853
2020-08-25,0.7040538176572495,0.6938088555154255,0.7698938396667717
2020-08-26,0.7041091740553828,0.6940819880404202,0.7697807880582559
2020-08-27,0.7031664477643463,0.6940720845954865,0.7700430945374787
2020-08-28,0.7037127604837817,0.6940778382806257,0.7695612754972044
2020-08-31,0.7049281200120615,0.6935889159725903,0.7698602458894606
2020-09-01,0.7043179102550907,0.6936971824040195,0.7698543259949331
2020-09-02,0.7038795241040522,0.693809638782957,0.7697363232239934
2020-09-03,0.7032083814236011,0.6935118560096963,0.7700908988873246
2020-09-04,0.7028616598760037,0.6932554399803496,0.7699647034133761
2020-09-07,0.7029111412640312,0.6928222357690167,0.770127527918746
2020-09-08,0.7030015563298884,0.6930858388712963,0.7701259157285648
2020-09-09,0.70209827357361,0.6933171152072314,0.7699764443687764
2020-09-10,0.7023775201938572,0.6933098575511958,0.7701100956801802
2020-09-11,0.7027539101238509,0.6936783455913929,0.7701378373049328
2020-09-14,0.701880754102409,0.693118256489205,0.7701006744841011
2020-09-15,0.7020019141703738,0.6930316768998817,0.7701432145916443
2020-09-17,0.7029096118577155,0.6930229957993757,0.7697013724203075
2020-09-18,0.703513537966208,0.693242671624279,0.7699398159422745
2020-09-21,0.7044944878734051,0.6928471845123101,0.7702255587285859
2020-09-22,0.7038491735210873,0.6928613102826118,0.7701629640974508
2020-09-23,0.705538315547619,0.6931020427605319,0.7701032298707708
2020-09-24,0.7061192574436153,0.6930655554253673,0.7701704611223747
2020-09-25,0.7060219403844105,0.6927488723162515,0.7698717045181214
2020-09-28,0.705115496755486,0.6926887373749758,0.7700211185506807
2020-09-29,0.7052205646915372,0.6926456013321772,0.7702217042407636
2020-09-30,0.7045287580861491,0.692863835176215,0.7696243454334093
2020-10-01,0.7042659150114635,0.6924048723576288,0.7697726197834813
2020-10-02,0.7039247073838608,0.6925255590325254,0.7696892144599699
2020-10-05,0.7044337698902128,0.6926758797760874,0.7696741030526274
2020-10-06,0.7046650843059049,0.6926729713944922,0.7699549958524458
2020-10-07,0.7040984654013135,0.6924822802543832,0.7695259192372319
2020-10-08,0.7038371521103644,0.6921476940667401,0.76995656725094
2020-10-09,0.7011455339736842,0.6919204633020951,0.7698265399912423
2020-10-12,0.7014135655391475,0.6923053530468706,0.7700812040380921
2020-10-13,0.6998105724269595,0.6922700458411439,0.7695912953304417
2020-10-14,0.699978771650697,0.6921887809173736,0.7696378132774409
2020-10-15,0.7003393195806642,0.6923207940223701,0.7696191155427422
2020-10-16,0.7002298556939243,0.6920597129601245,0.7699300882247522
2020-10-19,0.6987677875751356,0.692198082950659,0.769573788832236
2020-10-20,0.6993820781369245,0.6916627527182722,0.7698621060004224
2020-10-21,0.699494416044024,0.6921646618390702,0.7699679111971007
2020-10-22,0.7001592122970066,0.6920940406096918,0.7701781466277717
2020-10-23,0.7008883723357452,0.6921752394968422,0.7702565232110399
2020-10-26,0.7000661648977653,0.6919723934236336,0.7701694120548841
2020-10-27,0.699801446948234,0.6921419067158179,0.7702988184771693
2020-10-28,0.6998646261837623,0.6919715210437191,0.7703714983506229
2020-10-29,0.6997668645894353,0.6918613805231558,0.770556913363964
2020-10-30,0.7011326503827401,0.6921439285766223,0.7701702932912191
2020-11-03,0.7012015253259882,0.6918839152859577,0.7699648654973861
2020-11-04,0.7004493807525183,0.6917153479259006,0.7698002800981578
2020-11-05,0.6992484222260774,0.691653794955122,0.7699566240943526
2020-11-06,0.6992040554423197,0.6917356508202612,0.7700642993140587
2020-11-09,0.6989069215224483,0.6916219439672983,0.7697860613293727
2020-11-10,0.6996221513288122,0.6915636859531427,0.7699960366587036
2020-11-11,0.699067369288297,0.691277744099639,0.7699747678962205
2020-11-12,0.6993354785866004,0.6913735330139668,0.7698901497084991
2020-11-13,0.6989378984127383,0.691628572406877,0.7700459871642689
2020-11-17,0.6980700082465181,0.6918465913280805,0.7697964214415463
2020-11-18,0.697523264563377,0.6917104808146202,0.7698397435778571
2020-11-19,0.6980631925026242,0.6913022418584793,0.7704638174400829
2020-11-20,0.6972044229931992,0.6917283276916899,0.7706266808304082
2020-11-23,0.6976894604394892,0.6916256835558676,0.7703834964107783
2020-11-24,0.6987533166445639,0.6914699727376173,0.770468948414145
2020-11-25,0.6978754759742122,0.6909624726196114,0.7707007289375081
2020-11-26,0.6989333867204427,0.6906262237207994,0.7707963703528651
2020-11-27,0.6986503750711301,0.6910696831613473,0.7708879925918709
2020-11-30,0.6985628811983534,0.691294843270147,0.7705589270684002
2020-12-01,0.697821166566448,0.6912842864139267,0.770794596862898
2020-12-02,0.6980641085921074,0.6912502491665984,0.7712973107009446
2020-12-03,0.6984132285432605,0.6918509892201543,0.7708641027954858
2020-12-04,0.6988703535430146,0.6914928758746696,0.770547567077386
2020-12-07,0.6987731587713019,0.6917620239031992,0.7707637916181481
2020-12-08,0.6992131236405955,0.6913186455289861,0.7710487064634403
2020-12-09,0.6998021472283391,0.6913693850407444,0.771073548673294
2020-12-10,0.6997643829216752,0.691187487839956,0.7707643511921688
2020-12-11,0.6999293273772105,0.6917610968012792,0.7710120003612433
2020-12-14,0.7023335717278021,0.6915591914572841,0.7710138136189363
2020-12-15,0.7044690160515515,0.6912409962947452,0.7712474009353592
2020-12-16,0.7050719498453704,0.6915506245717229,0.771527727918654
2020-12-17,0.7044436415051826,0.6913547983099271,0.7709284925001804
2020-12-18,0.704737330402968,0.6909802830892597,0.7713306131884066
2020-12-21,0.7052864297201991,0.691505953975233,0.7710669055704591
2020-12-22,0.7042486602121455,0.6911315792943776,0.7712704177623947
2020-12-23,0.703300221957381,0.6913382697708536,0.7715134000050307
2020-12-24,0.7049699823935835,0.6915694531906844,0.7716388601179426
2020-12-28,0.7042202629614344,0.6914013483432325,0.7716228971068307
2020-12-29,0.7023673973780805,0.6914023254697064,0.7711351850834812
2020-12-30,0.7029334052182211,0.6913100519100155,0.7709703290345501
2020-12-31,0.7032932661831138,0.6911407651249626,0.7710897684044761
2021-01-04,0.70357046793743,0.6911641844070945,0.7711167918419368
2021-01-05,0.7030166277141536,0.6911083392903573,0.7712013176486749
2021-01-06,0.7032764759794231,0.6912070188734933,0.7713182910184717
2021-01-07,0.7047153095466512,0.6909517712334263,0.7715553305081053
2021-01-08,0.7049560383179103,0.6908771013063584,0.7715381972788433
2021-01-11,0.7051702133894703,0.6910991894455009,0.7716390151706448
2021-01-12,0.7052655078205465,0.6908625901919353,0.7718877201571012
2021-01-13,0.7060604175166344,0.6905311802523958,0.7711325245064337
2021-01-14,0.7060082598483887,0.6907102932296578,0.7717030092751752
2021-01-15,0.7064393274726868,0.6903529767860523,0.7719575299100004
2021-01-18,0.7061554373930895,0.6905439818796896,0.7720348217250624
2021-01-19,0.7055420335586869,0.6905365510364663,0.7719837773767367
2021-01-20,0.7058418871041738,0.6909485033312619,0.7717765741880115
2021-01-21,0.7051596896171388,0.6909694517961161,0.7721044969774509
2021-01-22,0.7049541906638407,0.6905905464505986,0.7718945201412912
2021-01-25,0.705112574903814,0.6905220107721664,0.7715812922405595
2021-01-26,0.7058527368196694,0.6906140384944599,0.7717689865519931
2021-01-27,0.7046156277885451,0.6905110030644943,0.771832333672468
2021-01-28,0.7042779020580812,0.6906844874147731,0.7721079163884744
2021-01-29,0.704545895497551,0.6904762989567973,0.7716603493543667
2021-02-02,0.7031616410863986,0.6904344103200741,0.7713906350913081
2021-02-03,0.7033174206166589,0.6901434046695089,0.7718536590189199
2021-02-04,0.703239474819724,0.690106324457197,0.7715556269683442
2021-02-05,0.7040118389193397,0.6902840620383818,0.77162833101814
2021-02-08,0.7049860093214494,0.6902226006833544,0.7715261560873674
2021-02-09,0.7057319142525889,0.6904816647485997,0.771658512100805
2021-02-10,0.705750654241302,0.6907166755607728,0.7719973841715085
2021-02-11,0.7070139022559663,0.6903663280092305,0.7720636185306244
2021-02-12,0.7082108515869544,0.6900120051406562,0.7721377550440004
2021-02-15,0.7080059038918762,0.6901458850154992,0.7720461096988311
2021-02-16,0.7078266313269426,0.6902981911337767,0.7724057806092747
2021-02-17,0.7078320721108867,0.6903506238968765,0.7719997927729803
2021-02-18,0.7088105822413419,0.6899379362361724,0.772016528972217
2021-02-19,0.7098548435295745,0.6906394063028338,0.7720770500355475
2021-02-22,0.712022509443936,0.690264083692512,0.7720875185031559
2021-02-23,0.7126195474961614,0.6901454129821325,0.772495817752081
2021-02-24,0.7140314606140308,0.6905194035955172,0.7726939401973701
2021-02-25,0.7150072161689957,0.6900196686944738,0.7723884005748598
2021-02-26,0.715176540118336,0.690305716574915,0.7727285553792822
2021-03-01,0.7167876651899575,0.6902494469878108,0.7722274767117189
2021-03-02,0.7185717687728909,0.690563051952791,0.7723616800678696
2021-03-03,0.7180964052758229,0.6900464474812777,0.7720424287643429
2021-03-04,0.7181050621473452,0.6903943901055608,0.7726357309150044
2021-03-05,0.7187273689806133,0.6896882380990487,0.7728298089719309
2021-03-08,0.7186368557185574,0.6897443473774614,0.7723244240919103
2021-03-09,0.719135067209319,0.6898409995502266,0.7729096396661642
2021-03-10,0.7206761571038935,0.6897600029207968,0.7727105763963448
2021-03-11,0.7228726999481024,0.689922355537111,0.7727141012331775
2021-03-12,0.7232651014337692,0.6899933039937707,0.7722691940862492
2021-03-16,0.7222211803399545,0.6899218763344244,0.7719873864463479
2021-03-17,0.7221095001476618,0.6897773668746454,0.7721709617341822
2021-03-18,0.7217349082444603,0.689934503391678,0.7722952909475297
2021-03-19,0.7216582831595127,0.6897476149713279,0.7723449547684517
2021-03-22,0.7211399962616113,0.6895227182273481,0.7722827837711692
2021-03-23,0.7217351780875045,0.6897671392554261,0.7722184750519733
2021-03-24,0.7219539222031978,0.6901533684872014,0.7719139287283837
2021-03-25,0.7214099461776814,0.6899856738919788,0.7721954642010556
2021-03-26,0.7219045251561665,0.6897995716695755,0.7722859061305478
2021-03-29,0.7228126288625885,0.6897347266842022,0.772196513551251
2021-03-30,0.7223967608274887,0.6897114389395056,0.7729493085808196
2021-03-31,0.7222156138630468,0.6899939466706788,0.7725794493965475
2021-04-05,0.7220243698899068,0.6894159745065886,0.7727666668277386
2021-04-06,0.7214567303432499,0.689754403237091,0.7725431880161884
2021-04-07,0.7229377170558723,0.689197578094561,0.7725353799985963
2021-04-08,0.7227143340877727,0.6887558583044997,0.7726577788963963
2021-04-09,0.7220384230439334,0.6886908117372246,0.7724452203910567
2021-04-12,0.7212789476820783,0.6891203833393749,0.7726619224618693
2021-04-13,0.7214442618859644,0.68902933759548,0.7722634203843334
2021-04-14,0.7219150787682552,0.6890376463456963,0.7723608428868974
2021-04-15,0.721059657483533,0.6893978629399201,0.7724284964612885
2021-04-16,0.7207156117272366,0.6897616377637373,0.7726252835096425
2021-04-19,0.7209857419775866,0.6892671687818431,0.7725336267770112
2021-04-20,0.7207738876492155,0.6890978897078192,0.7727099488828153
2021-04-21,0.7205276249262408,0.6895280421054293,0.7726855890119172
2021-04-22,0.7207627805567514,0.6896313605320072,0.7724866490794388
2021-04-23,0.7207982383418505,0.6894086847321057,0.7722401208275054
2021-04-26,0.7197404513679236,0.6892342511849912,0.7727537359990414
2021-04-27,0.7199982418241231,0.6892569478785491,0.7728636785254978
2021-04-28,0.7198906660990324,0.6892147957104818,0.7725964991475609
2021-04-29,0.7207916343822952,0.6891983233707389,0.7727607937147658
2021-04-30,0.720697855935955,0.6890803605698578,0.7727011210005799
2021-05-03,0.7221789375298296,0.6891877177625024,0.7726802591459497
2021-05-04,0.7209039086646521,0.6893452052843094,0.772565048182744
2021-05-05,0.7204058987416311,0.6891067211591838,0.7728215260025821
2021-05-06,0.7199238470702253,0.6891537557759179,0.7727465332723035
2021-05-07,0.7198833599190084,0.6889736291491508,0.7726471065646004
2021-05-10,0.7198105597137161,0.6888699557760969,0.7729046829976541
2021-05-11,0.7194156655442723,0.6888619692716191,0.7728801853729046
2021-05-12,0.7202268673289679,0.689044322333422,0.772754796138129
2021-05-13,0.7213076446766563,0.6890280528933913,0.7728993894849578
2021-05-14,0.7212265318421126,0.6888887681337862,0.7731481542751029
2021-05-17,0.7210436231228025,0.6892574596652251,0.7729438826275589
2021-05-18,0.7215751058383894,0.68887012942328,0.7729137885294972
2021-05-19,0.7224360599326762,0.6885566251346271,0.7729582997576845
2021-05-20,0.722525513025012,0.6890530434426806,0.7729802347195078
2021-05-21,0.7226372376650836,0.6886984784568199,0.7729975007184443
2021-05-24,0.7247299463058153,0.6887216922741647,0.7728407601206647
2021-05-25,0.7242385686511269,0.688615260920136,0.7729914356785957
2021-05-26,0.7256541227927351,0.6886721352598104,0.7728064373541185
2021-05-27,0.7265897595429304,0.6886303306313893,0.7730203147702357
2021-05-28,0.7262365603345705,0.6885734931751576,0.7733642040524455
2021-05-31,0.7250208571266629,0.6892832561393227,0.7732227707758746
2021-06-01,0.7244618161982869,0.6889559479404924,0.7732359497467111
2021-06-02,0.7249570464129921,0.6888234800004798,0.773275193975505
2021-06-03,0.7250678328133335,0.6884890644176838,0.7732814373530987
2021-06-04,0.7257571105849857,0.6888436288783679,0.7731210003895916
2021-06-07,0.7247495687097543,0.6887948861973688,0.7730314142527425
2021-06-08,0.7253106745848905,0.6886281083969662,0.7733811806591874
2021-06-09,0.7252801998572047,0.6889359187173276,0.7735937834849708
2021-06-10,0.725271386669588,0.6890915254284273,0.7731354145505442
2021-06-11,0.7257657406972785,0.6886804264399341,0.7734067247236925
2021-06-14,0.7240877954157556,0.6887517929555764,0.7734647530522486
2021-06-15,0.7241219764829171,0.6887629144918208,0.7733559583008545
2021-06-16,0.7238090427140159,0.6881747303416816,0.7736814495664562
2021-06-17,0.7243645657752678,0.6881694201172128,0.7737029804448142
2021-06-18,0.7238444577833545,0.6879822337071627,0.7736988566107011
2021-06-21,0.723041912975754,0.6882636850223742,0.7737996295102448
2021-06-22,0.72171184765879,0.6885439673934637,0.773226743071813
2021-06-23,0.7214311706171382,0.6884035056276854,0.7732011835487829
2021-06-24,0.7212329204627232,0.6883270062356013,0.7729506916734495
2021-06-25,0.7220657304267639,0.6879308255099789,0.7732599433498504
2021-06-28,0.7229118710151845,0.6881926338441663,0.7730179300518075
2021-06-29,0.722206475625871,0.68836606240035,0.7733091086403631
2021-06-30,0.721266170453988,0.6885374305949393,0.7736485733635443
2021-07-01,0.7226484809123782,0.6882508444288411,0.7737252166578621
2021-07-02,0.7224346609636834,0.6880797263273798,0.7732629496963753
2021-07-05,0.7221901112405036,0.6885987775103639,0.7731663521394654
2021-07-06,0.721811150974048,0.6884543964297438,0.7733820210231279
2021-07-07,0.7216376930967887,0.6885159466920874,0.7735957829690281
2021-07-08,0.7202315622942852,0.6880620767022915,0.7741877074552834
2021-07-09,0.7202884442996587,0.6878318064442712,0.7740882810812555
2021-07-12,0.7193629854764749,0.6882047902162213,0.7741185797208249
2021-07-13,0.7188060403019164,0.6880451586232219,0.7742189589623654
2021-07-14,0.7201677850170894,0.6882869656610878,0.7744555628520393
2021-07-15,0.719229601229622,0.6883348281421987,0.7742112048518998
2021-07-16,0.7212025189023393,0.6886602856363296,0.7737795389921467
2021-07-19,0.7199255181287543,0.6880525867081138,0.7736463954293012
2021-07-20,0.7200044212987514,0.6884232438857529,0.7738900276249293
2021-07-21,0.7194195581391378,0.6881778623876788,0.7742879704008476
2021-07-22,0.7200805819271595,0.6882621671266103,0.7743110084566379
2021-07-23,0.7208786335473281,0.6887295491155653,0.7746429121576733
2021-07-26,0.7199612732457117,0.6884488106920281,0.7745767434143038
2021-07-27,0.720036824287608,0.6883012037232024,0.7745547193801525
2021-07-28,0.7212374040743521,0.6885378339058875,0.7745509052786821
2021-07-29,0.7222729587301139,0.688242428685765,0.7748420537678531
2021-07-30,0.7210497629218684,0.6882689586848962,0.7748009480013041
2021-08-02,0.7213019626601798,0.6883847467079793,0.7748640618611512
2021-08-03,0.7195358068329158,0.688789668911333,0.7746005542855005
2021-08-04,0.7197861329840759,0.6883218619044568,0.7750108139015456
2021-08-05,0.7211588647021941,0.6882844334735457,0.7744537326631638
2021-08-06,0.7204436227259706,0.688668790498266,0.775403945388922
2021-08-09,0.7220292599733527,0.6885987732579231,0.7750373215266754
2021-08-10,0.7215851036977127,0.6886335139928909,0.7751239904764547
2021-08-11,0.7228623551338803,0.6886383037787993,0.7749803445728634
2021-08-12,0.7215343979418565,0.6888609014046373,0.7748761076249592
2021-08-13,0.7235404043096477,0.6885643083720528,0.7750506353714459
2021-08-16,0.7243351243193343,0.6885948152548321,0.7751840286502516
2021-08-17,0.7249249428379114,0.6883100703443893,0.7749523771764307
2021-08-18,0.7261908737591517,0.6881133389882964,0.7750417333503251
2021-08-19,0.7252984554624136,0.6885616825257718,0.7749538728993656
2021-08-20,0.7249706958645785,0.6887574084123687,0.7752123023661257
2021-08-23,0.7255389886023289,0.6889142137523757,0.774976930757607
2021-08-24,0.7248614477632132,0.6885710466938822,0.7754477401893746
2021-08-25,0.7257121435224144,0.688158491073361,0.7749677184092634
2021-08-26,0.7250613278797158,0.6886194077116249,0.7751032423417952
2021-08-27,0.7249001856627666,0.6884644464545348,0.7749497066294666
2021-08-30,0.7245438992132159,0.6887568499603997,0.774799864983579
2021-08-31,0.7246447084728501,0.6884326343621646,0.7746451890560323
2021-09-01,0.7245333176278661,0.6884945131687032,0.7746323698522586
2021-09-02,0.7247586334728546,0.6886440540907929,0.7747775269491184
2021-09-03,0.7253576150538,0.6887992253801731,0.7747789306299289
2021-09-06,0.7250483425340735,0.6888355711308967,0.7749270013370918
2021-09-07,0.7258726507408797,0.689072405186199,0.7749654921096081
2021-09-08,0.7248440503473739,0.6889804257353946,0.775064076458018
2021-09-09,0.725141235895114,0.6894721277388054,0.7750394097738544
2021-09-10,0.7244624053179377,0.6890362042376282,0.7745893224193716
2021-09-13,0.7243825088068685,0.6891697889878574,0.7748434489749774
2021-09-14,0.7255574358579955,0.6889904776741275,0.7749983429235344
2021-09-15,0.7267309191610439,0.6888369105187622,0.7745995614328561
2021-09-17,0.7264605519746186,0.6890800264435791,0.7748304944284343
2021-09-20,0.725016936773798,0.6893699142032615,0.7747868320225024
2021-09-21,0.7246193875170359,0.6891526949562085,0.7743182765216238
2021-09-22,0.7253678868485541,0.6890486436024714,0.7744541757973291
2021-09-23,0.7269455137543794,0.6889036423925634,0.7748060440372833
2021-09-24,0.7272903202035562,0.6886487308581664,0.7748167062501454
2021-09-27,0.7276238288740174,0.6887220243465122,0.7745909064754379
2021-09-28,0.7271927674583855,0.6889098128272245,0.7747315753239201
2021-09-29,0.7265373577568748,0.6887385138910125,0.7747830000763696
2021-09-30,0.7254691822546002,0.6885205834098274,0.7746034044574722
2021-10-01,0.7270569137251841,0.6888296160235825,0.7747713056589395
2021-10-04,0.7269270292933838,0.6883870645476236,0.7748497260677918
2021-10-05,0.727568037697627,0.6882863684675709,0.7748541817892453
2021-10-06,0.7274806686098905,0.6882707770774776,0.7742996256351289
2021-10-07,0.728017021482977,0.6886237813519765,0.7743329215266074
2021-10-08,0.7285629264726309,0.6888633842994165,0.7746112280493578
2021-10-11,0.7296267440849025,0.688318939135884,0.7749837673985308
2021-10-12,0.7309990957849299,0.6883393720073495,0.7745957074763502
2021-10-13,0.7314014917245023,0.68803566016117,0.7746959121489142
2021-10-14,0.732113061154436,0.6881950015141014,0.7742996799451826
2021-10-15,0.7316532884557074,0.6878811796858879,0.7742470318100043
2021-10-18,0.7315150704758652,0.687594718977071,0.7743270951096898
2021-10-19,0.7328842939347415,0.6875656310218278,0.7745372216604928
2021-10-20,0.7321342581879153,0.6873269223597005,0.7740096190631095
2021-10-21,0.7317436791033539,0.6875077492078833,0.7743694665376069
2021-10-22,0.7314863701218419,0.6874659841304769,0.7742979463827511
2021-10-25,0.7324604771150708,0.6877721747159076,0.7742041348518373
2021-10-26,0.732398444891202,0.6873976340313639,0.7742256712297448
2021-10-27,0.7334656023220946,0.6872496715819235,0.7742818283922275
2021-10-28,0.7337257943568704,0.6875596037378557,0.7737613860757635
2021-10-29,0.7350653468554629,0.687212224946187,0.7741731433167286
2021-11-01,0.7352987411134466,0.6872800625548897,0.774583190198369
2021-11-03,0.734541731336835,0.6874607580276303,0.7744124965290831
2021-11-04,0.7333436520553341,0.6873585749065049,0.774849983728968
2021-11-05,0.7349438933291792,0.6871133113323661,0.7745031115665133
2021-11-08,0.7351311667924537,0.687000690400228,0.7747572905916309
2021-11-09,0.735179169400549,0.6871857939093962,0.7751092152978816
2021-11-10,0.7349338797780076,0.6870409884124105,0.7747637933877648
2021-11-11,0.7348554624201986,0.6868525353822932,0.7749396258420206
2021-11-12,0.7345763548569376,0.6869412019732988,0.7746595420557356
2021-11-16,0.7351063560882944,0.6870759710200285,0.7749392202551917
2021-11-17,0.7361360895040868,0.6870171969880425,0.774768847109319
2021-11-18,0.7366310060004517,0.6871022940847153,0.775038525221904
2021-11-19,0.7365430061556417,0.6866348373820554,0.775504905160775
2021-11-22,0.7352761228067218,0.6868878891343349,0.7752337727306314
2021-11-23,0.7344580441252131,0.6872109338370606,0.7747465962218176
2021-11-24,0.735039251754839,0.6871238196681928,0.7748223009506398
2021-11-25,0.7350607937741824,0.6869550429807753,0.7746443982188191
2021-11-26,0.7352178549780435,0.6868528808664762,0.7746478338866223
2021-11-29,0.7356332644594272,0.6870359976042619,0.774680063019918
2021-11-30,0.7353789573200189,0.6869347520058613,0.774447503076098
2021-12-01,0.7352207881119257,0.6867845232172379,0.7748166003004439
2021-12-02,0.73462095814866,0.6871712094698272,0.774905443657269
2021-12-03,0.7341400335064487,0.6871080560446635,0.7748450447430502
2021-12-06,0.7344682450505376,0.6863925797949404,0.7748232866752025
2021-12-07,0.7353036834007451,0.6867482890096821,0.7751091099574199
2021-12-08,0.7354508511785742,0.6867549367188233,0.7753930495398177
2021-12-09,0.7360878458786098,0.6863439483896007,0.7751401981349183
2021-12-10,0.7372295416014973,0.686741391183256,0.775173651494714
2021-12-13,0.7372199699791481,0.6866704189989218,0.7753602170833607
2021-12-14,0.737199915200688,0.6867422722935956,0.7752957023600445
2021-12-15,0.7374523875284166,0.6868349045555129,0.7751095968170604
2021-12-16,0.7368716571752703,0.6865489142453725,0.7754065961389129
2021-12-17,0.7366460149480683,0.6863119426313786,0.7756330733376459
2021-12-20,0.7363938839741873,0.6861187806987584,0.7757565757699169
2021-12-21,0.7355410530457508,0.6865134616468153,0.7762412051195235
2021-12-22,0.7358128890991041,0.6866998207844257,0.7759896860111286
2021-12-23,0.7350579640558126,0.6864275622682028,0.7754930512518604
2021-12-24,0.735818292515458,0.6865096303850119,0.7759026128812259
2021-12-27,0.7347333482279087,0.6863236058124965,0.7757739787706935
2021-12-28,0.7351444162289664,0.6866372527837038,0.7760162154582544
2021-12-29,0.7346692195061716,0.6868681215052965,0.7757788719275265
2021-12-30,0.7349799755924241,0.6868191573016568,0.7754971689366471
2021-12-31,0.7347008972085237,0.6871137097503969,0.7758596033570339
2022-01-03,0.7350509701180372,0.6869661224580639,0.7754897127728475
2022-01-04,0.7346326271078053,0.6870284410404769,0.7754652341362684
2022-01-05,0.7354751912154313,0.6865402597925495,0.775609998675584
2022-01-06,0.7356506414730508,0.6867375343115132,0.7762462904025206
2022-01-07,0.7360712111788835,0.6869116608110492,0.7761277844214305
2022-01-10,0.7349070351613726,0.6865468678729247,0.7763130444203836
2022-01-11,0.736146464004257,0.6870114698320477,0.7764977099844096
2022-01-12,0.7374273752035824,0.6869069011364041,0.7765995302818978
2022-01-13,0.7380681663970359,0.6868536521843157,0.7763504548232542
2022-01-14,0.7382074568605085,0.6864484204742077,0.7763501493527483
2022-01-17,0.7381640482033367,0.6864936165752927,0.7761793926261427
2022-01-18,0.7370004963353788,0.6867891581128308,0.7759938078541596
2022-01-19,0.7370664127685908,0.6864650096242688,0.7763150015098207
2022-01-20,0.737722010084644,0.6862965149079712,0.7766244515404251
2022-01-21,0.7378076303579242,0.6853583603502134,0.7762390926599191
2022-01-24,0.7373835233486298,0.6855890520200912,0.7759738851801815
2022-01-25,0.7376921651693316,0.6854923248154087,0.7761820195130384
2022-01-26,0.7389677730445012,0.6859250496299206,0.7758202946863179
2022-01-27,0.7390486312029696,0.6857304935611997,0.7761054540527437
2022-01-28,0.7393934451202571,0.6858312629670411,0.7760294156472907
2022-01-31,0.7388159062067864,0.6855013423429849,0.7758554188144037
2022-02-01,0.7387745612283514,0.6855454672313673,0.7763863920135653
2022-02-02,0.7383024242412292,0.6859589178526115,0.7765389326135084
2022-02-03,0.7381400312622002,0.6855077011785976,0.7766309780136534
2022-02-04,0.7386319718509754,0.6858048736940742,0.7765102326523218
2022-02-08,0.7393155818939987,0.6856853394923516,0.7763432544883708
2022-02-09,0.7386951825426189,0.6858951976421696,0.7766580561234094
2022-02-10,0.7395276713535649,0.6861646218723297,0.7768057154240773
2022-02-11,0.7397758017474764,0.6861716911599052,0.776789011039998
2022-02-14,0.7398893554220994,0.6860109181818154,0.7765496907642423
2022-02-15,0.739051682116397,0.6859339908229857,0.7762743892439281
2022-02-16,0.7381362023149223,0.6856771317632705,0.7767474760013812
2022-02-17,0.7388157263171259,0.6856331708531269,0.7760713826881426
2022-02-18,0.739476406776142,0.6855612031274946,0.7760389264361499
2022-02-21,0.7390828582295634,0.685531748387308,0.7760732817070493
2022-02-22,0.7385766160984311,0.6852880095425613,0.7762240625088982
2022-02-23,0.7384990942497366,0.6852320067600387,0.7767530610049612
2022-02-24,0.7393551078496445,0.6853350358891215,0.7769559955206754
2022-02-25,0.7387725773419258,0.685476039874249,0.7760181091416138
2022-02-28,0.7386672014875275,0.685642916962812,0.7764108781687243
2022-03-01,0.7390128408885753,0.6852184849757741,0.7763633513400836
2022-03-02,0.7391689593435748,0.6853545711314251,0.7767060937935497
2022-03-03,0.7387562498608425,0.6857676001266289,0.7767257121710515
2022-03-04,0.7385481399501703,0.6853152059320422,0.7761206710486956
2022-03-07,0.7370502999400032,0.6853569674490333,0.7760791229032075
2022-03-08,0.7377273488154183,0.6855225443335438,0.7764846995542511
2022-03-09,0.737123611967438,0.6856126811336887,0.7768703432821396
2022-03-10,0.7373705278132389,0.6854348542947817,0.7767159960875462
2022-03-11,0.7380764428988997,0.6852186622409814,0.7769775394232552
2022-03-14,0.7383985987994078,0.6851505168199259,0.7769115845361344
2022-03-15,0.7385736829957487,0.6853456243988525,0.776907413254097
2022-03-16,0.7386503396543517,0.6854669855919898,0.7769223622793319
2022-03-17,0.738706303192002,0.6849669460949918,0.7769654775407222
2022-03-18,0.7390448115663937,0.6852416143864231,0.7770694329432203
2022-03-22,0.7380548965128836,0.6849478251430097,0.7764657321545597
2022-03-23,0.7387336438932102,0.6849565721816725,0.7761395508791826
2022-03-24,0.7371425058539829,0.6844060492040448,0.7764798028131331
2022-03-25,0.7374007987460675,0.684698198135947,0.7764425049545578
2022-03-28,0.7379796299356526,0.6845245023717448,0.776631917469515
2022-03-29,0.7385562418688502,0.6846737156759137,0.7769407092458592
2022-03-30,0.7392472539943702,0.6849619723028917,0.7767102197840696
2022-03-31,0.7388154908832241,0.6848535779325398,0.7763365330866171
2022-04-01,0.7382264743386606,0.6847312127976072,0.7764236234276389
2022-04-04,0.7384152418349136,0.6846436780009065,0.7766128846459144
2022-04-05,0.738179514599861,0.6846596266400193,0.7766711265113595
2022-04-06,0.738156644533593,0.6847506348380963,0.7765914692772734
2022-04-07,0.7374926158464337,0.6842932563818347,0.7768124118167727
2022-04-08,0.7377470881535861,0.6841061493723868,0.7771983637257557
2022-04-11,0.7388366492699174,0.6845893265490878,0.7770168131843669
2022-04-12,0.7379262587227489,0.6844797739459277,0.7767846373490569
2022-04-13,0.7369130588979329,0.6847908210704299,0.7764098699322567
2022-04-18,0.7365798955100695,0.684882351723684,0.7765933683181792
2022-04-19,0.7351556611724354,0.6851399132095006,0.7770290075679427
2022-04-20,0.7360704225810261,0.6851033113370301,0.7772612816047821
2022-04-21,0.7357459204760401,0.6847589270759769,0.7769071939288514
2022-04-22,0.7369167060566265,0.6846038206442977,0.7769835802533879
2022-04-25,0.7358303103852719,0.684792628152244,0.7767240868141547
2022-04-26,0.7367503342539207,0.6844034082365398,0.7769061995357023
2022-04-27,0.7373003028514643,0.6844538734543354,0.7771210113892842
2022-04-28,0.7353469310720258,0.6848382610313852,0.7767115070830296
2022-04-29,0.7356849354251492,0.684341943561856,0.7766519606589904
2022-05-02,0.7363829243519149,0.684243621710529,0.7765095692490851
2022-05-03,0.736443078678545,0.6846511805823953,0.7771832872057962
2022-05-04,0.7366364991596954,0.6845225225946444,0.7769099314216682
2022-05-05,0.7365365413691114,0.6840721478944958,0.7771952755079774
2022-05-06,0.7366311264982984,0.6843181062791547,0.7772093278265926
2022-05-09,0.7363696172898678,0.6839082177354019,0.7772033714611389
2022-05-10,0.7358723240733174,0.6846105240843859,0.7772492954352483
2022-05-11,0.7376339653192248,0.6840488930965036,0.7769803277713663
2022-05-12,0.736778245783181,0.6842786954138195,0.7773623404980556
2022-05-13,0.7365395209644705,0.6849201299766721,0.7770847433542215
2022-05-16,0.7359370598406891,0.6844197964934141,0.7769498633039222
2022-05-17,0.7342478177840223,0.6843000021939879,0.777213913031674
2022-05-18,0.7351723474938814,0.6843150276957192,0.7772249359336151
2022-05-19,0.733816994677524,0.6842999502878927,0.7778327712154383
2022-05-20,0.7342510793766465,0.6841207288240194,0.7775168794814941
2022-05-23,0.7338372284415948,0.6840314578496779,0.7776317998829969
2022-05-24,0.7344222849892897,0.684436554306583,0.7774557891663066
2022-05-25,0.7341565681238913,0.6838870261608126,0.7776392437070415
2022-05-26,0.7351440032186459,0.6841488184609408,0.7778440901302947
2022-05-27,0.7344695305605665,0.6836475827947586,0.7775722877915993
2022-05-30,0.7344642107897331,0.6841655233559578,0.7774654343596589
2022-05-31,0.7352272547671023,0.6845432934416045,0.7777082322902695
2022-06-01,0.7346487172416784,0.6844903802744143,0.7773241948879805
2022-06-02,0.7344711593954529,0.6839441202771277,0.7769872473897043
2022-06-03,0.734841056625811,0.6836150716109667,0.7771164208225626
2022-06-06,0.7352701483147771,0.6836547170921209,0.777035500792157
2022-06-07,0.7356897724858517,0.6840521022087683,0.7771670460650473
2022-06-08,0.7360474719820729,0.6840972024531761,0.7776809718509187
2022-06-09,0.7362967454742783,0.6842377582418976,0.7776203063141501
2022-06-10,0.7351226005724021,0.6839069070244106,0.7778414419635572
2022-06-13,0.7333840965459676,0.6834757284295411,0.7778786337207352
2022-06-14,0.733342798815981,0.6836688842450643,0.7775284002187701
2022-06-15,0.7332693752827631,0.6840535721664182,0.7772588466914919
2022-06-16,0.7324980012799002,0.684172547681176,0.7780481310087012
2022-06-17,0.7318413257743623,0.6841410475525596,0.7776152785482526
2022-06-20,0.7320038845604985,0.6839439660041284,0.7772246904674219
2022-06-21,0.7323392944546198,0.6838391579691541,0.7772553038451393
2022-06-22,0.732145457517239,0.6839705792204088,0.777640850393068
2022-06-23,0.7330013400578315,0.6839549397025413,0.7774914459429066
2022-06-24,0.7313011957230767,0.6840823776466102,0.7774439333194071
2022-06-27,0.731372210421628,0.6840164350331023,0.7775846866556273
2022-06-28,0.730798644508979,0.6841284109753738,0.7775235846591794
2022-06-29,0.7321482451494531,0.6837180820727716,0.7776703391818914
2022-06-30,0.7321963786337453,0.6840573290485368,0.777775653880631
2022-07-01,0.733813927165981,0.6839351021855717,0.7776200342664011
2022-07-04,0.7330862364161371,0.6838841634834915,0.7776922583141095
2022-07-05,0.7340578108741497,0.6841750014157918,0.7780272245574202
2022-07-06,0.7325361906253762,0.6835190202403456,0.7781557716338703
2022-07-07,0.731756825576307,0.6838926035433137,0.7782720023339248
2022-07-08,0.731680224104685,0.6839769623600883,0.7782194182318103
2022-07-11,0.7324594781167032,0.6838235263876582,0.7781581452265287
2022-07-12,0.7326526874832004,0.6841219229207139,0.7780433724549799
2022-07-13,0.7328137119468346,0.6834313977269527,0.7777311170300252
2022-07-14,0.7324914859670683,0.6836851788368511,0.7781773017504386
2022-07-15,0.733394219203085,0.6838397717658111,0.7778555136936117
2022-07-18,0.7328043052978316,0.683751426835746,0.7777718343256698
2022-07-19,0.7323870010742326,0.6837408287453532,0.7777806983883474
2022-07-20,0.7318767901447747,0.6838025623300511,0.7781565134759081
2022-07-21,0.7325298374756247,0.6839136429317448,0.778303681305081
2022-07-22,0.7330319821691663,0.6837848314928586,0.778480112464551
2022-07-25,0.7325467017118714,0.68388563931311,0.7787063448074875
2022-07-26,0.7333171753361426,0.6840022639029253,0.7785014845812626
2022-07-27,0.7339056414116301,0.6838970657344238,0.7785394237913879
2022-07-28,0.7323622125211993,0.6842877878186999,0.7787110584982937
2022-07-29,0.7327791191936937,0.6840601287188831,0.7789320725233032
2022-08-01,0.7335393735302391,0.6841147312898495,0.7786120605754377
2022-08-02,0.7338691456694835,0.6837738412133383,0.7786564860886545
2022-08-03,0.7338665354923704,0.684175254357121,0.7786608835327092
2022-08-04,0.7345204115833781,0.6840334233136908,0.778901999235027
2022-08-05,0.7344528582925499,0.6840278722180146,0.7789456761830563
2022-08-08,0.7351151054094668,0.6839468459265488,0.7788644083669602
2022-08-09,0.7363868046182529,0.6839532447608324,0.7787702230532906
2022-08-10,0.7362207488696884,0.6836879853258186,0.7789208039775892
2022-08-11,0.7359611240027677,0.683856492937494,0.7789109268564287
2022-08-12,0.7357369097244119,0.6835930096853101,0.7787317314283553
2022-08-15,0.7348349061637941,0.683805854050495,0.7787883905376798
2022-08-16,0.735997410926692,0.6840057207575835,0.7791720229688861
2022-08-17,0.7357442057078748,0.6842875394278323,0.7791595123700662
2022-08-18,0.736144694137821,0.6840525349471523,0.77956306465655
2022-08-19,0.736529034223916,0.6840601749858962,0.779622720831137
2022-08-22,0.7357559256437022,0.684407917894975,0.7796998048235001
2022-08-23,0.7348353849209065,0.6838734532832621,0.7793872352674438
2022-08-24,0.7349456337432725,0.6841674268790828,0.7793386012410031
2022-08-25,0.735115369142919,0.6842675130503388,0.7794379848629751
2022-08-26,0.7353690105415684,0.6840035555474784,0.7795200220590566
2022-08-29,0.734686053945576,0.6839016471816499,0.779705883113232
2022-08-30,0.7347544261669948,0.6840856104974592,0.7796770223723853
2022-08-31,0.7343391239384872,0.6833975475085561,0.7794903646591385
2022-09-01,0.7350035885446831,0.6837950106866558,0.7796952592570181
2022-09-02,0.7351777174521831,0.6835857519449243,0.7791537733999115
2022-09-05,0.7350019899120216,0.6839084028922365,0.7789485273244532
2022-09-06,0.7347179415626962,0.6837048727819728,0.7789769504180264
2022-09-07,0.7342605755404061,0.6840418799304107,0.7789892511059449
2022-09-08,0.7328938038874673,0.6841589769980435,0.7793971637606922
2022-09-09,0.7326613567805067,0.6842072940613669,0.7791430406642271
2022-09-12,0.7317645347887055,0.6839557313568319,0.7796674367767148
2022-09-13,0.7328449809274166,0.6841052109108965,0.7794718680558156
2022-09-14,0.7332095686189586,0.6842429178845962,0.7796778715371835
2022-09-15,0.733457311625588,0.6837127802178493,0.7795324913024705
2022-09-19,0.732634210831264,0.6839568475337999,0.7796354053248215
2022-09-20,0.733050354432145,0.6838606810201454,0.7799977112585352
2022-09-21,0.7334525412996387,0.6840226152394854,0.7793879020661324
2022-09-22,0.7326001471342991,0.6839474707205626,0.779439598557416
2022-09-23,0.7323503400555564,0.6842542146923263,0.7793313879239256
2022-09-26,0.7324136489828809,0.6840523837826671,0.7787831790958065
2022-09-27,0.7332524242173735,0.6838167937185669,0.7788144406504941
2022-09-28,0.7321010687487899,0.683513900865207,0.7784691766698015
2022-09-29,0.7335375952978298,0.6834154920200747,0.7786397935306507
2022-09-30,0.7321042361145172,0.6836097328776501,0.7790552571094804
2022-10-03,0.7311779484381474,0.6839996473916119,0.7791431499922521
2022-10-04,0.7310975932143465,0.684353996608519,0.7788797468788607
2022-10-05,0.7310732849172895,0.683819365329956,0.7786343291610196
2022-10-06,0.7311520124052899,0.6837878922549128,0.7785168984564061
2022-10-07,0.7304558829139483,0.6835607199979185,0.7790430211430951
2022-10-10,0.7312246009392344,0.6836285985680358,0.7787775147502767
2022-10-11,0.7300825504312252,0.6839211174808566,0.7794972596959466
2022-10-12,0.7309914778452861,0.6838101492553137,0.7791621647502261
2022-10-13,0.7303071096547543,0.684531507367107,0.7791599644002716
2022-10-14,0.7305641767511721,0.6843543819900852,0.7794074269972435
2022-10-17,0.7303789305248206,0.684611491021838,0.7792156563353805
2022-10-18,0.7301224183847279,0.6842256789455919,0.7789898769627496
2022-10-19,0.7309096148126787,0.6839614543454414,0.7790376432648738
2022-10-20,0.7301640703863271,0.6839842688880603,0.779039981350347
2022-10-21,0.7299891694861348,0.6837216827337005,0.7788709908080489
2022-10-24,0.7292272499844294,0.6837023689471319,0.7789535207993642
2022-10-25,0.7289616051399922,0.6834182733523271,0.7792491286786462
2022-10-26,0.727383440810815,0.6828515273657363,0.7794754916310981
2022-10-27,0.7272815418709739,0.6834114552771048,0.7795314592487805
2022-10-28,0.7276756988380317,0.6828859574341279,0.779615097399628
2022-10-31,0.7267351148409604,0.6829776002605957,0.7795194036787811
2022-11-01,0.7261532293780596,0.6832462060825457,0.7797205316395568
2022-11-03,0.7266198758477658,0.6830985900231411,0.7795649725731264
2022-11-04,0.7254610387624667,0.6828233203548905,0.7793844717844156
2022-11-07,0.7260434150009649,0.6828091513334313,0.779722554709322
2022-11-08,0.7251064659028053,0.682824324658666,0.780187973582874
2022-11-09,0.725205994283849,0.6826024729074782,0.780223403033379
2022-11-10,0.7243460469962993,0.682904777938425,0.7801732236799622
2022-11-11,0.7236386612686962,0.6827666567728263,0.7798369524887292
2022-11-14,0.7242085298253178,0.6829180862277537,0.7800457349257313
2022-11-15,0.7240588962426768,0.6823660181866363,0.7800126119327216
2022-11-16,0.7246621267676009,0.6826806638043518,0.7799612666458446
2022-11-17,0.725069403039525,0.6825624112944647,0.7799734264044437
2022-11-18,0.7241538261728827,0.6827338611135252,0.780330710821585
2022-11-22,0.7251532661672949,0.6827856014365138,0.7803688130004316
2022-11-23,0.7247752764069199,0.6825738241802926,0.7803304520573182
2022-11-24,0.7256533229130985,0.6821543901622429,0.780520460893753
2022-11-25,0.7254824981012168,0.6827155788244148,0.780662484756747
2022-11-28,0.7242871874588876,0.6822262401158503,0.7805615749189501
2022-11-29,0.7235218578802706,0.682325944694267,0.780962979317431
2022-11-30,0.724119645874242,0.6821581145317539,0.780679487309712
2022-12-01,0.7243781615245635,0.68212162277161,0.7812085048085885
2022-12-02,0.7239700611638604,0.6827660059521745,0.7809436926599784
2022-12-05,0.7235256727343677,0.6826692300839068,0.7810041062883725
2022-12-06,0.7246408523690289,0.6820216703698336,0.7809471626159818
2022-12-07,0.7255136638877149,0.6825068233532438,0.7805875546011131
2022-12-08,0.7260236501722639,0.682353063027907,0.7805755016263389
2022-12-09,0.7256686408592441,0.6820180637348441,0.7800812989246753
2022-12-13,0.7262916729599518,0.6820069930922857,0.779794403046117
2022-12-14,0.7267005637587817,0.682266453119065,0.78039861925729
2022-12-15,0.7276232465193289,0.6826673368014081,0.7803860891930583
2022-12-16,0.728232618484367,0.6822206195844285,0.7804756450381942
2022-12-19,0.7286753887284695,0.6826178966766604,0.7803793454705171
2022-12-20,0.7279782544476416,0.6821977795112879,0.7807042822378626
2022-12-21,0.7264800637992371,0.682253893581392,0.7800798270441406
2022-12-22,0.7257961711043247,0.6827336683928267,0.7802315195808082
2022-12-23,0.7258148780942781,0.6821147589426797,0.78035784736294
2022-12-26,0.7268991061644788,0.681575214229262,0.7804101773914454
2022-12-27,0.726122686324907,0.6821667962641846,0.7803790037439622
2022-12-28,0.7256621496229128,0.6817904522100252,0.7800808617593101
2022-12-29,0.7262716773311378,0.6813359218477145,0.7805589029551092
2022-12-30,0.7261677633819514,0.6814059776774394,0.780742011812628
2023-01-02,0.7265751492109529,0.6814388089746723,0.7809096763318469
2023-01-03,0.7263183774590684,0.6815361337993417,0.7806172552994705
2023-01-04,0.7259382678194397,0.6815613023912329,0.7805450602217138
2023-01-05,0.7266115064530032,0.6814454625124017,0.7811226772163639
2023-01-06,0.725758192197441,0.6818052766689946,0.7814956519452807
2023-01-09,0.725813423496057,0.6819409729220416,0.7811965222488464
2023-01-10,0.7253065184629862,0.6812953121163348,0.7812475952039221
2023-01-11,0.7249346865625704,0.6815250817120954,0.781311682619808
2023-01-12,0.7258029839979556,0.6815686836208119,0.7815273973810772
2023-01-13,0.7263895061630072,0.6814075692421447,0.7808352093785357
2023-01-16,0.7261747676430164,0.6815684684514106,0.7807167485601173
2023-01-17,0.7258803849877433,0.6814987724495295,0.7810629967049445
2023-01-18,0.7256407519412462,0.681633354234911,0.7810325414679082
2023-01-19,0.7249778263557165,0.68185181020097,0.7816842615669773
2023-01-20,0.7247248545055525,0.6817778570284069,0.7813829601253811
2023-01-23,0.7241149979119356,0.6821627812537947,0.7814007257438589
2023-01-24,0.7234311710658891,0.6824193088454491,0.7814243602677223
2023-01-25,0.7236643593533171,0.6822007682022433,0.781005447939785
2023-01-26,0.7239060591644411,0.6822334817179083,0.7812021741188999
2023-01-27,0.7244749128504514,0.682456770369682,0.7810017124650616
2023-01-30,0.7241322410694655,0.6816671886908972,0.7813011498814266
2023-01-31,0.7240254629340266,0.6818321182229626,0.7812051904646793
2023-02-01,0.7240485446626521,0.681756939994564,0.7811895706386576
2023-02-02,0.723237368669202,0.681984910648909,0.7813683299425267
2023-02-03,0.724200141732747,0.6820453877386322,0.781606204594017
2023-02-07,0.7235958611023594,0.6822273504298597,0.7815133884982014
2023-02-08,0.723312649172284,0.6815945269745584,0.7815745275835428
2023-02-09,0.7232728668093414,0.6815695434358228,0.7820508717673609
2023-02-10,0.7230487939258947,0.6814359744887833,0.7818818507932032
2023-02-13,0.7240730792008775,0.6809573045000489,0.7822963427821819
2023-02-14,0.7252198883515435,0.6813876780124598,0.7821135516802437
2023-02-15,0.7242219528006758,0.6815229330422659,0.7820396178607256
2023-02-16,0.7253004137527901,0.6814901537671388,0.7819677027447943
2023-02-17,0.7254847545311454,0.681382357788141,0.7821530834163031
2023-02-20,0.7269920102998346,0.6816364843977346,0.7816543237923308
2023-02-21,0.7268194326756254,0.6815725854940317,0.7818117113923463
2023-02-22,0.7278609813000715,0.6817927798852934,0.7817484345076386
2023-02-23,0.7271330221465244,0.681734686960779,0.7820057680144871
2023-02-24,0.7277818270017401,0.6816761721038005,0.7819155573406494
2023-02-27,0.7276335671849405,0.6816850615298808,0.7818499217790996
2023-02-28,0.7281792145711304,0.6819046644878238,0.7818581620218986
2023-03-01,0.7277168066965558,0.6818959278145146,0.7821480078908305
2023-03-02,0.7281427445178972,0.6814606380081553,0.7816014937556582
2023-03-03,0.7270733397265445,0.6816217303686508,0.7818171984537471
2023-03-06,0.7278029388605738,0.6813576469525694,0.78141732596545
2023-03-07,0.7278938385590985,0.682034987187831,0.782066492615115
2023-03-08,0.7279687588210625,0.6819303585822187,0.7821281477588584
2023-03-09,0.7284795462019282,0.681889322494858,0.7818233393585913
2023-03-10,0.7280676685390695,0.6814575638182299,0.7819892517003315
2023-03-13,0.727661081724655,0.6814171029391793,0.7820087375033523
2023-03-14,0.7280037977104277,0.6816816540324715,0.7815415854003573
2023-03-15,0.7274069365631458,0.6815860467658664,0.7813895086127381
2023-03-16,0.727679118002662,0.6814913989086178,0.7815283880476812
2023-03-17,0.7272645045330477,0.6814876736020716,0.7817625824951305
2023-03-21,0.7269874354290311,0.6815742981939537,0.7819592850299153
2023-03-22,0.7265134371131079,0.680809073739298,0.7816578720814569
2023-03-23,0.7258276938370267,0.680837447137914,0.782063895941661
2023-03-24,0.7261644732534464,0.6816281999292709,0.7822129183033925
2023-03-27,0.7271103837484617,0.6815595741333516,0.7823993863967033
2023-03-28,0.7256864352159331,0.6816156357857841,0.782237213721881
2023-03-29,0.7258158183417923,0.6816333691100877,0.7823886619332259
2023-03-30,0.7266277962779029,0.6819366437967637,0.7825862201111453
2023-03-31,0.726294551747175,0.6818897363215956,0.7820977266766355
2023-04-03,0.7260226859120245,0.6815830763508232,0.7828759450427081
2023-04-04,0.7258558531154953,0.6819544560811692,0.782367341660125
2023-04-05,0.7248400926472188,0.68106481975172,0.7822822900281206
2023-04-10,0.7240985449752421,0.6813290422393627,0.7817168338805935
2023-04-11,0.7249341313249855,0.6817677250706101,0.782327066403089
2023-04-12,0.7263909776319334,0.6814292651724139,0.7817823320255651
2023-04-13,0.725900465328634,0.681610186218228,0.7822454445242419
2023-04-14,0.7255565848413169,0.681716999933252,0.781978715857765
2023-04-17,0.72420994955389,0.6820046334589548,0.7818917063443599
2023-04-18,0.7244656761517257,0.6820102423136083,0.7820545590181516
2023-04-19,0.7243073297499404,0.6821328043613044,0.7819611029342931
2023-04-20,0.7237916820746255,0.6817644905572239,0.7822858900760854
2023-04-21,0.7239380318520093,0.68218025309755,0.7812285700246591
2023-04-24,0.7242956267446052,0.6821595534894891,0.7812542255134124
2023-04-25,0.7252740917016078,0.6819920569871202,0.7810065518141556
2023-04-26,0.7257290814738397,0.6822905778968182,0.7808027842631655
2023-04-27,0.726763996775934,0.6819782383026495,0.7811361360575133
2023-04-28,0.7259116532107033,0.6815352810434282,0.7807306326620094
2023-05-02,0.7267789586353137,0.6817941433548831,0.7811892492721491
2023-05-03,0.7270266778717314,0.6817821767073318,0.7810734689961074
2023-05-04,0.727881022548616,0.6817463509551721,0.7808436465084608
2023-05-05,0.7274355439639939,0.6816405877304722,0.7814855292570542
2023-05-08,0.7281988437076249,0.6818694162539799,0.7811333646446452
2023-05-09,0.7271014533720461,0.6819730734681813,0.7813266753493627
2023-05-10,0.7274294555314609,0.6819453618088307,0.7813211353518918
2023-05-11,0.7278529332214604,0.6816685546512813,0.7820686056829859
2023-05-12,0.7264704559553549,0.6817443758439607,0.7827210479347964
2023-05-15,0.7273878825509403,0.681944408920743,0.7825634496277469
2023-05-16,0.7256392595801205,0.6820490838576798,0.782223599902805
2023-05-17,0.7262632233891506,0.6816423649118553,0.7824022011433102
2023-05-18,0.7260110922677688,0.681355285301701,0.7822949006239032
2023-05-19,0.7253899516489994,0.6812974832431303,0.7821137476223023
2023-05-22,0.7240313146058084,0.6810850998181569,0.7822568017879454
2023-05-23,0.7247637841048169,0.6811966814496416,0.7824485856595864
2023-05-24,0.7243575812037868,0.6811156353685318,0.7823415652184327
2023-05-25,0.7252364400626168,0.6812795053386286,0.7823465125395495
2023-05-26,0.7254297663890346,0.681632401434807,0.7820859081550094
2023-05-29,0.7262881031333016,0.6817659172600586,0.7823195944302432
2023-05-30,0.7259203844284008,0.6814925979270147,0.7825718189276072
2023-05-31,0.7275421663388718,0.6815450424961296,0.7825168701311482
2023-06-01,0.7282180987104168,0.6814957492600382,0.7832937058813768
2023-06-02,0.7285389353132228,0.6814383821418378,0.7828492352162773
2023-06-05,0.7286081556892745,0.681620201448024,0.7827061893259687
2023-06-06,0.7272553148824287,0.6816806178713403,0.7828279178000549
2023-06-07,0.7276688953881479,0.681670202711219,0.7821235415748682
2023-06-08,0.728927014822193,0.681501459862221,0.7827044313195292
2023-06-09,0.7289598269898225,0.6815143668551157,0.7828377383094476
2023-06-12,0.7285478700572355,0.6816667143354445,0.7829327128774216
2023-06-13,0.7289829371873496,0.6817343835942289,0.7829885524358537
2023-06-14,0.7290433503981686,0.6815660147554002,0.7829373371101238
2023-06-15,0.7287008353718631,0.6813943712401936,0.7822791077305555
2023-06-16,0.7292174926734524,0.6813078359967252,0.782152796401013
2023-06-19,0.7290440464682642,0.6811636880583621,0.7823757705867562
2023-06-20,0.729562042821717,0.681257293474158,0.7823228885549277
2023-06-21,0.729559878151015,0.6813800530307376,0.7824643548108285
2023-06-22,0.7288753254364513,0.6811048352995223,0.7823655766463651
2023-06-23,0.7292997996544962,0.6811522463604366,0.782520260378026
2023-06-26,0.7284451085453671,0.6811383652293993,0.782694320870844
2023-06-27,0.7287547341788025,0.6810412471416308,0.7827485067730604
2023-06-28,0.72867074597119,0.6809950823041115,0.7830940456685695
2023-06-29,0.7289135514500904,0.6808210036300761,0.7826435610334813
2023-06-30,0.7278000039580812,0.6811496003544971,0.7828741719816121
2023-07-03,0.7265258166290487,0.6809397814063816,0.782786101463628
2023-07-04,0.7263465508777708,0.6811450660145688,0.7827230010463914
2023-07-05,0.7246895795330486,0.6812853148218302,0.7830447635235892
2023-07-06,0.7246862523758805,0.6810760002008117,0.7830365105883557
2023-07-07,0.7241678597005723,0.6811415904628548,0.7828080065333327
2023-07-10,0.7236861175524483,0.6813516135637502,0.7828824594141214
2023-07-11,0.7247791576430543,0.6815215207159256,0.7826963839287738
2023-07-12,0.7252175223418816,0.681374132031135,0.7828899633289149
2023-07-13,0.7257374496419042,0.6817426430011829,0.7830334867156731
2023-07-14,0.725378705659622,0.6816036744575827,0.7831648069478295
2023-07-17,0.7243638832114334,0.681379084625308,0.7829380159369995
2023-07-18,0.7249449399921225,0.6816793997711601,0.7825512418679836
2023-07-19,0.7253618642748195,0.681820414146994,0.7827525844281106
2023-07-20,0.7240752588041873,0.6818289523966478,0.7827390473702215
2023-07-21,0.7228519789303239,0.6813634118428021,0.7827600399812779
2023-07-24,0.7233652307193695,0.6816252193906639,0.7830082990946691
2023-07-25,0.7234527090581829,0.6812718801925356,0.7825822126110282
2023-07-26,0.7232586483248259,0.6814064999616464,0.7829138582677373
2023-07-27,0.7228846704981047,0.6812579870128009,0.7834771579413905
2023-07-28,0.7229569136914256,0.6812868502169865,0.7834424377818935
2023-07-31,0.7218445932886691,0.6811964870298836,0.7832857488921925
2023-08-01,0.7220816162112828,0.6810918028020259,0.783413143055969
2023-08-02,0.7228075012585705,0.6815610301806619,0.7835039337780574
2023-08-03,0.7227176465771407,0.6811918485254569,0.7836012330989447
2023-08-04,0.7215418558736448,0.6813705166872212,0.7832159455203991
2023-08-07,0.72159448627332,0.6810136950391413,0.7831025359555869
2023-08-08,0.7208895196725486,0.6809427201743953,0.7831938972479339
2023-08-09,0.7224576200107059,0.6814395777174351,0.7833301557697188
2023-08-10,0.7225455411891315,0.6813634300330605,0.7828697217059006
2023-08-11,0.7232875131378869,0.6818813549994096,0.7829015471103858
2023-08-14,0.7234636012287018,0.6812252378793638,0.7833966883764344
2023-08-15,0.7236387694277293,0.6817260368659033,0.782708259689562
2023-08-16,0.7237041615327399,0.681565789850671,0.7831472007179476
2023-08-17,0.7233750611827381,0.6819476711906028,0.7828525500392501
2023-08-18,0.7218189275910752,0.681399735241534,0.7827679795842015
2023-08-21,0.7229377810522701,0.6813090158147524,0.7825637358791668
2023-08-22,0.7226787808387773,0.6817480384560682,0.7830694174798368
2023-08-23,0.7216526485207065,0.6815630208907445,0.7830554504485573
2023-08-24,0.7219904758554799,0.6816394842411831,0.7832258760718448
2023-08-25,0.7218967955918444,0.6814605532798077,0.7829033825098182
2023-08-28,0.723003191110519,0.6814909969422152,0.7831134696578973
2023-08-29,0.7227819808443967,0.6814923606554725,0.7828151195344744
2023-08-30,0.7222912852261166,0.6816301387209128,0.7830843459001596
2023-08-31,0.7221707869787634,0.6815105729923098,0.7827193972213988
2023-09-01,0.7216940332425796,0.6815744603372004,0.7819888754673525
2023-09-04,0.7215109260944045,0.6815683335605974,0.7820266484907561
2023-09-05,0.7216941208035821,0.6813304178981436,0.782364438543804
2023-09-06,0.722989748406708,0.6813449370935705,0.7828439727628433
2023-09-07,0.7239634318607749,0.6812125210161574,0.782889820794376
2023-09-08,0.722416520616035,0.6810536760477146,0.7831127482946458
2023-09-11,0.7220741659080804,0.6813438037348571,0.7829408072114254
2023-09-12,0.7221675521249559,0.6812576765848997,0.7829729302702924
2023-09-13,0.7231234412851612,0.6808784870717375,0.7830044600086178
2023-09-14,0.7233902142722101,0.6811257300146488,0.7834209837261704
2023-09-15,0.7236517637602138,0.6808076645021427,0.7831306705610755
2023-09-18,0.7227931872891835,0.6810114453869168,0.7833618381089437
2023-09-19,0.7224958218699569,0.6811154257367011,0.7835842436596403
2023-09-20,0.7233537383310128,0.6810073480682686,0.7835907256927507
2023-09-21,0.7228709177475168,0.6806455443955498,0.7836726452177696
2023-09-22,0.7223433938457092,0.6805339631762277,0.7835505369290441
2023-09-25,0.7222144580634771,0.6808831427823173,0.7833237866670885
2023-09-26,0.7223161119129796,0.6805898610495601,0.783643584864969
2023-09-27,0.7227242327559357,0.6807462407107062,0.7837032683548684
2023-09-28,0.7228641887805579,0.6807587869758234,0.7836580914888839
2023-09-29,0.7223400730702927,0.680906947228329,0.7835046703010973
2023-10-02,0.721466129960095,0.6809956075901951,0.7833772420166776
2023-10-03,0.7207641381587543,0.6809635802525033,0.7835773725440583
2023-10-04,0.7213442405991574,0.6810130636303463,0.7834169443997228
2023-10-05,0.7200900650731514,0.6808869405139575,0.7836387725655499
2023-10-06,0.7216421916100353,0.6811349202695108,0.7835466438825804
2023-10-09,0.7221054782520147,0.6811150876639229,0.7838571186770827
2023-10-10,0.7218557038485062,0.6809522893482545,0.783640512188856
2023-10-11,0.7221102300694754,0.6808811789756405,0.7838637602714499
2023-10-12,0.7209020200049024,0.6809359108409815,0.7834568418782822
2023-10-13,0.7224607085362755,0.6807462699883413,0.7832407829506194
2023-10-16,0.7221937232064263,0.6810288541179557,0.7833708222031227
2023-10-17,0.7229173846023776,0.6809622701023301,0.7832798747094099
2023-10-18,0.7235502948647851,0.6809088532096684,0.7834528215802141
2023-10-19,0.7228803950319734,0.6815005217892025,0.7835539452931596
2023-10-20,0.7225686727538145,0.6814391474993218,0.7835893581484904
2023-10-23,0.723089210229382,0.6815617310301302,0.7832700383560341
2023-10-24,0.7229036752134739,0.6813828235586458,0.783490336348277
2023-10-25,0.723242579763939,0.6816083421980148,0.7830261925132702
2023-10-26,0.7230579239066499,0.6812414179293056,0.7835275634810982
2023-10-27,0.7235645016690624,0.6810186033183218,0.7835935978353086
2023-10-30,0.7229332615738696,0.6815135734621602,0.7836867140445269
2023-10-31,0.723749919008984,0.6816302725772371,0.7838555221251156
2023-11-01,0.7233158280707183,0.6817337195466758,0.7835627839331485
2023-11-03,0.7221284559544481,0.6812997448440281,0.7837379782227766
2023-11-06,0.7223391722638837,0.681337864376935,0.7839950423565295
2023-11-07,0.7221542238716274,0.6811621409482196,0.7839316221977559
2023-11-08,0.7213317563414655,0.6808900922088466,0.7838310501431005
2023-11-09,0.7220906591872115,0.6810547453384512,0.7842854716615121
2023-11-10,0.7228678279439543,0.6812410097985336,0.7841747288271442
2023-11-13,0.7227913573509774,0.6810617150628627,0.7844250244841465
2023-11-14,0.7221034417852176,0.6806005616746121,0.7844336413407317
2023-11-15,0.7226721417638398,0.6806082640030421,0.7844162202976199
2023-11-16,0.7221672977567236,0.6807466355289746,0.7845130300997732
2023-11-17,0.7221070716466269,0.6808005190134957,0.7846182842923908
2023-11-21,0.7225616397721282,0.680616189062897,0.7841815713254425
2023-11-22,0.7230330216726947,0.6802844045313802,0.7839714469939424
2023-11-23,0.7219060459524893,0.6805380110616231,0.7848238849175749
2023-11-24,0.7224164193923621,0.6805357687121886,0.7842647513424944
2023-11-27,0.7241105550988371,0.6800736763681136,0.7841529652630677
2023-11-28,0.7238759826407782,0.6803749524329556,0.7845848385563855
2023-11-29,0.7243859589963465,0.6804985514640612,0.7847114379239672
2023-11-30,0.723857305060611,0.6806876355675033,0.7844019443315968
2023-12-01,0.7234985024453237,0.6803602819457629,0.7846407337780071
2023-12-04,0.7229954072571383,0.6804697293288494,0.7851094394148445
2023-12-05,0.724257247715901,0.6802775223880484,0.7845346432054306
2023-12-06,0.7240112020759985,0.6804041568344348,0.7843684256897295
2023-12-07,0.7242538018705046,0.680500593082248,0.7854889159233321
2023-12-08,0.7242507052910577,0.6808133338472871,0.7849786310067989
2023-12-11,0.7239562968372939,0.6809216466301035,0.784412669229542
2023-12-13,0.7250392027528338,0.6798823357551865,0.7847346164011093
2023-12-14,0.7248602201513412,0.6799765255294892,0.7841006668276841
2023-12-15,0.7241849787294388,0.6800376508389785,0.7841285212537006
2023-12-18,0.7247762716043303,0.6802314771172561,0.7840399926921113
2023-12-19,0.7260735078195745,0.6800405738689268,0.7842931992280575
2023-12-20,0.727026785047753,0.6797811332657191,0.7843360851269521
2023-12-21,0.72597658320311,0.6798665483026218,0.7844210023457172
2023-12-22,0.725681348626944,0.680157487169717,0.7841813690384895
2023-12-26,0.7259368125940132,0.6799905252363658,0.7839811681945692
2023-12-27,0.7260456255131349,0.6801210035269533,0.7844609637607133
2023-12-28,0.7265285278498088,0.6804888276579795,0.7844791286341183
2023-12-29,0.725836965258234,0.6804614795168231,0.7840147536036618
2024-01-02,0.7260170285944919,0.6805504041710758,0.7842428587615153
2024-01-03,0.7235928753667024,0.6806759751522348,0.7845455536278946
2024-01-04,0.7245665760022235,0.6805015483329139,0.7850041572376291
2024-01-05,0.7238981400494694,0.6801747968622667,0.7854143169460952
2024-01-08,0.7241411245614371,0.6802547610144576,0.7852769722957856
2024-01-09,0.7226148574403699,0.680107960463589,0.7846554231749532
2024-01-10,0.7231576416162053,0.6799635056650399,0.7847461911321896
2024-01-11,0.7235897903541785,0.6800232301440857,0.7852305208191062
2024-01-12,0.7234763279088238,0.6803307562377401,0.7854538795628659
2024-01-15,0.7234974862595592,0.6802428456954728,0.7851266119196795
2024-01-16,0.7236542742168208,0.6798780347878575,0.7855924400424759
2024-01-17,0.7238998767136259,0.6794285457031696,0.7853128240338981
2024-01-18,0.7237211996308979,0.6800136969918377,0.7855219701086749
2024-01-19,0.7232933798121477,0.6800098721617744,0.7852199247514131
2024-01-22,0.723073254233796,0.6800492331762326,0.785857596280493
2024-01-23,0.7230628090636023,0.6798836626601913,0.7852495288938487
2024-01-24,0.7232526127849787,0.6795793791280205,0.7852389664116719
2024-01-25,0.7217609351921257,0.6800198822840865,0.7851870639807481
2024-01-26,0.7203250323243862,0.6800971024969885,0.7854078709091206
2024-01-29,0.7197486909424192,0.679624034335452,0.7852048488823018
2024-01-30,0.720771269304914,0.6796895085715344,0.7856555234102477
2024-01-31,0.7212072965503579,0.679423682424157,0.785767166998311
2024-02-01,0.7223099671278997,0.6796182397547587,0.7859941286014971
2024-02-02,0.72180736361741,0.6794481610442701,0.7853062432496772
2024-02-06,0.7219701266907397,0.6797883697544312,0.785521722599316
2024-02-07,0.7225076236237656,0.679899412666784,0.7854860983364353
2024-02-08,0.7220882439329379,0.6800256107696099,0.7853255019005769
2024-02-09,0.7217319857403784,0.679947419059516,0.7851060416904672
2024-02-12,0.7215481855440484,0.680298585018332,0.7854637276672545
2024-02-13,0.7219840477148056,0.6799890623225953,0.7852545514885436
2024-02-14,0.7223349829179087,0.6796908645885715,0.7850264918045265
2024-02-15,0.7222358453410002,0.6794534269585013,0.7852710997286689
2024-02-16,0.7238033292044045,0.679222199619429,0.7853500272271254
2024-02-19,0.7227373237812927,0.6791028401133107,0.7848757048511181
2024-02-20,0.7235897360077023,0.6788919393817738,0.7854088027654066
2024-02-21,0.7253053079131809,0.6790126710245002,0.7850544761156186
2024-02-22,0.725363250626453,0.6793498389215828,0.785570696422981
2024-02-23,0.7263665264786673,0.6792930551401457,0.7846557923795305
2024-02-26,0.7272301165292888,0.6796132744819334,0.7848108273619314
2024-02-27,0.7261344351936619,0.6791254598811928,0.7847716055948508
2024-02-28,0.7254637056678553,0.6794405896000691,0.7850979864083567
2024-02-29,0.72571348781228,0.6796091512486386,0.7846881561146275
2024-03-01,0.7263085728312435,0.6797137073449676,0.7843089787041123
2024-03-04,0.7254558712466127,0.6798339113335903,0.7845869768221363
2024-03-05,0.7260484160169272,0.6796054181163462,0.7844333350847822
2024-03-06,0.7252054496953556,0.6794103594649613,0.7843200918686206
2024-03-07,0.7261467051857357,0.6792749534030534,0.7844581513467264
2024-03-08,0.7252276593206246,0.6791400847789654,0.7844945250025319
2024-03-11,0.7257320278813044,0.6787377357954762,0.7844535484672832
2024-03-12,0.7258670436374747,0.6788775157157033,0.7850003530567293
2024-03-13,0.7253775925357917,0.6788762757544512,0.7849051407342016
2024-03-14,0.7253570157172466,0.6792528813650096,0.784889979021521
2024-03-15,0.7251607923111831,0.6793543300022719,0.7849130583633283
2024-03-19,0.7250201991242387,0.6796876671004278,0.7847004096482397
2024-03-20,0.7252815461434604,0.67921215748609,0.7847428611827322
2024-03-21,0.7252753207990279,0.6795473136635477,0.7847857082314474
2024-03-22,0.7253389177897536,0.6792813653901344,0.7852135907477017
2024-03-25,0.7262544122184381,0.6795938041478401,0.7850228082591054
2024-03-26,0.7258272944563118,0.6790959767665132,0.7847699432347314
2024-03-27,0.726604557342271,0.6794667132430615,0.7846779672727
2024-04-01,0.7268227606744974,0.6793951087962438,0.7847104238191475
2024-04-02,0.7256244840524645,0.6794502963419773,0.7846358577737067
2024-04-03,0.7261342232161376,0.679314678238847,0.7851162384441764
2024-04-04,0.7254722540114484,0.6792130360209245,0.785403271161872
2024-04-05,0.7254164544252171,0.6795173678632679,0.7849877675161121
2024-04-08,0.7247577736953827,0.6789573181032139,0.7850603025613759
2024-04-09,0.7254321236223228,0.6789768931788889,0.785134730803622
2024-04-10,0.7249004172303526,0.6791100565558325,0.7849047581426984
2024-04-11,0.725073493330278,0.6789254480159567,0.7844683112916686
2024-04-12,0.726504972665269,0.6794639063894412,0.7846924717526509
2024-04-15,0.726286442039875,0.6794967246888848,0.7843291940872247
2024-04-16,0.7260392832859147,0.6792032231260003,0.784889232793978
2024-04-17,0.7263660265453429,0.6793956225515955,0.7847901791771668
2024-04-18,0.7261641951390703,0.6794228037184706,0.7846773309604436
2024-04-19,0.7254020784614196,0.6787658743675721,0.7844979922867582
2024-04-22,0.7251198931077363,0.6788255307304791,0.7848979494809902
2024-04-23,0.7244091647976959,0.6790609981664072,0.7852455487432821
2024-04-24,0.7246049608005946,0.679173685242727,0.7849647693635342
2024-04-25,0.725973841348229,0.6787365863937203,0.7855142908574577
2024-04-26,0.7252271323099143,0.6785544947589242,0.7850439999979908
2024-04-29,0.7243260332600882,0.6786133895955369,0.7855307732692496
2024-04-30,0.7223538219992816,0.6787640138507998,0.7853954225669343
2024-05-02,0.7229353729829123,0.6786829275970682,0.7862639772657647
2024-05-03,0.7234194705956046,0.6788909421875228,0.7859644120034762
2024-05-06,0.7245972313894252,0.6790136658928568,0.7858227556399954
2024-05-07,0.7244299102198243,0.6787769484655914,0.7861774096857567
2024-05-08,0.7249608300540474,0.6783406700180917,0.7861200176399945
2024-05-09,0.7238852714872873,0.6782344576294712,0.7864578750714819
2024-05-10,0.7239012206410291,0.6784200571592368,0.7864160107338432
2024-05-13,0.7253911800168961,0.678582056541001,0.7859653976210504
2024-05-14,0.7243730822410076,0.678469872884195,0.7860185149194489
2024-05-15,0.7244832130150871,0.6783466961060723,0.7861697320077926
2024-05-16,0.7243175714181956,0.6786163210091399,0.7861844871882103
2024-05-17,0.7250229775456812,0.6785391324351021,0.7857076901015213
2024-05-20,0.7246916506822841,0.6783200851763115,0.7859426562459632
2024-05-21,0.7249595828984416,0.6780742996231757,0.7859015862402394
2024-05-22,0.7240391519377062,0.6778580459703347,0.7858760275995323
2024-05-23,0.7240446003091713,0.6776985880516873,0.7856419791289224
2024-05-24,0.7233720879201951,0.6774271938155354,0.7855802788488483
2024-05-27,0.7224531328264565,0.6772607509997913,0.7855587703473776
2024-05-28,0.7240436160084488,0.6770418239030547,0.7850201822714316
2024-05-29,0.7234170335142194,0.677243750149283,0.7849517695477469
2024-05-30,0.7246674693620181,0.6773114714944247,0.7847617480396128
2024-05-31,0.724162274808105,0.677087984879231,0.7848396093624559
2024-06-03,0.7236639159109677,0.67717053118123,0.7849085474410317
2024-06-04,0.7225307675051894,0.6767785192677843,0.7846413642824379
2024-06-05,0.7216450965812311,0.676955032685226,0.7849979714740607
2024-06-06,0.7227505850157563,0.6769844790330501,0.7853060307267163
2024-06-07,0.7214090792013973,0.6766212498553879,0.7852650365668392
2024-06-10,0.7228354711870533,0.6768707193401312,0.7853591437480661
2024-06-11,0.7214153431884583,0.6763810042005475,0.7858483326685438
2024-06-12,0.7225446990931704,0.676635002260772,0.7860332688190403
2024-06-13,0.7231904706309793,0.676664079294807,0.7854334445564722
2024-06-14,0.7232319864030443,0.6766543455240213,0.7855537078861129
2024-06-17,0.7242729291465041,0.676668704707839,0.7863911994102298
2024-06-18,0.7230717876503097,0.6768467061195311,0.786781482787894
2024-06-19,0.722641747043985,0.6766089731676527,0.7862545929233048
2024-06-20,0.7237770115895348,0.6761027979606716,0.78608489822141
2024-06-21,0.7237885498287073,0.6765324651841031,0.7862338374517323
2024-06-24,0.7236075597973696,0.6766460722549843,0.7860248915904744
2024-06-25,0.7231057119775199,0.6767951236078191,0.7861060271073831
2024-06-26,0.7241314268783539,0.6767248226401781,0.7860956143560963
2024-06-27,0.725015388183404,0.676588737355462,0.7860687810637434
2024-06-28,0.7257685237299594,0.6762829177800777,0.7861087563393055
2024-07-01,0.7257586232984183,0.6762623583796925,0.7858602186049938
2024-07-02,0.7243665823033555,0.6764525456509252,0.7861441395773496
2024-07-03,0.7234994470290157,0.6766838591896588,0.7858924845856224
2024-07-04,0.7243171677925313,0.676232899545983,0.7862135349005275
2024-07-05,0.7231453398906406,0.6763197688673728,0.7861423171314591
2024-07-08,0.7227187171489665,0.6761133028974095,0.7859689016429242
2024-07-09,0.7220537104398898,0.6759313639514064,0.786346957023623
2024-07-10,0.722545141391528,0.6762808446879676,0.7861260753300048
2024-07-11,0.7226483016205881,0.6760530255568998,0.7860942156424084
2024-07-12,0.7224653645122512,0.6760018902137506,0.7865498507185305
2024-07-15,0.7214977866394331,0.6765325627692577,0.7866952488888876
2024-07-16,0.721005486618758,0.6765917038385864,0.7863920785568792
2024-07-17,0.7216014949225422,0.6765139567226701,0.7859006969057118
2024-07-18,0.7213883531300159,0.6767360102237719,0.7861208014254824
2024-07-19,0.7219829644553014,0.6761723049366581,0.7861907305250113
2024-07-22,0.7208353787453077,0.6767128833286425,0.7866474517036524
2024-07-23,0.72151679940042,0.6763889510313135,0.7864961871919034
2024-07-24,0.7223282767442712,0.6764938201415611,0.7863823236192324
2024-07-25,0.7216949904086176,0.6763583853109646,0.7859985322981086
2024-07-26,0.7212772968332731,0.6766341171733435,0.7860295252144115
2024-07-29,0.7209194522063165,0.6763269755866346,0.786027716579205
2024-07-30,0.7208429146176853,0.6766277120610723,0.7858167822658471
2024-07-31,0.7200944541158905,0.6766031575371625,0.7857589140560817
2024-08-01,0.7203345382283475,0.676476666179361,0.785583864220471
2024-08-02,0.718911998713412,0.676019868203084,0.785822129624287
2024-08-05,0.7187405071867503,0.6763675763780715,0.785469293918969
2024-08-06,0.7194886608445001,0.6757314982648331,0.7859128560127547
2024-08-07,0.7212922926048437,0.6763944288182944,0.7855523139886198
2024-08-08,0.7213059350126079,0.6762172273421481,0.7857640748151689
2024-08-09,0.7212082155249512,0.6760797434464233,0.7857008915963288
2024-08-12,0.720545730977215,0.6759760430462466,0.7857556511455495
2024-08-13,0.7201883942104584,0.6761910687527501,0.786094959300145
2024-08-14,0.720081657356404,0.6757536559260453,0.7865400306351216
2024-08-15,0.7204491712255845,0.6757035226419117,0.7864433643067873
2024-08-16,0.7197571323601217,0.6758882249089265,0.7862809623789673
2024-08-19,0.7209406345795419,0.6764291483249538,0.7864607919254785
2024-08-20,0.7205009723272129,0.6759595472773873,0.7864572567043849
2024-08-21,0.7207654298494934,0.6760426314471933,0.7862347509851503
2024-08-22,0.7202672818281083,0.6756263998836545,0.7859743011711776
2024-08-23,0.7206686916372312,0.6761413947975904,0.7862637062756419
2024-08-26,0.720274286919991,0.6760952440304833,0.786369606426106
2024-08-27,0.7203168129440731,0.6761833871872633,0.7863601946039481
2024-08-28,0.7201510946704728,0.6760135061915831,0.7860715954775537
2024-08-29,0.7196041991012909,0.6757678592269551,0.7862997553712685
2024-08-30,0.7197688921261626,0.6755842245213862,0.7866131293613507
2024-09-02,0.7200632199773469,0.6760167261322144,0.786601675054212
2024-09-03,0.7198100244852623,0.6762064825057803,0.7864432783865144
2024-09-04,0.7203424431694662,0.6758729200485578,0.7863868434013271
2024-09-05,0.7205622839377064,0.6757064059151539,0.7864260590687276
2024-09-06,0.7203187312257192,0.6757402816536676,0.7867709481964611
2024-09-09,0.7199900103656947,0.6762031099623278,0.7867015836568613
2024-09-10,0.7209495927189074,0.6759955031584657,0.7865760566508027
2024-09-11,0.7210321697232078,0.6758154013785408,0.7864488738496396
2024-09-12,0.7217896800995052,0.675731194613221,0.7867911167219755
2024-09-13,0.7221384316469917,0.6756430486864209,0.7864849687641464
2024-09-17,0.7220609842632166,0.6754393674735637,0.7867277463901058
2024-09-18,0.7219665026666421,0.6758300446408886,0.7864415715491376
2024-09-19,0.7225356683716534,0.6756352009990133,0.7865884723069846
2024-09-20,0.7223814049015015,0.6757054807010433,0.7864375502274922
2024-09-23,0.7221827559131373,0.6756056049842478,0.7867445416210014
2024-09-24,0.721026139308247,0.6755414797797983,0.7866311980827875
2024-09-25,0.7217494630833524,0.6756899367638393,0.7867245023324516
2024-09-26,0.7215148233121911,0.6755437755133177,0.7866581521675696
2024-09-27,0.7220996545173002,0.6758581565606314,0.7866503591738451
2024-09-30,0.7219133776597242,0.6756672339082628,0.787080350082224
2024-10-02,0.7231357905350384,0.6752208745500519,0.7866921562784367
2024-10-03,0.7213303109546192,0.6757225935659349,0.7867863563266746
2024-10-04,0.7205763740850556,0.6755989253823768,0.786511030507938
2024-10-07,0.7206231229148473,0.6758850888849601,0.7866925945091391
2024-10-08,0.7204098828103773,0.6756123549035731,0.7867428190295828
2024-10-09,0.720437573341696,0.6760543619697932,0.7866320773010318
2024-10-10,0.7202128627326437,0.6756952384695778,0.7864869771950964
2024-10-11,0.72092173942995,0.6757352237349159,0.7866636245399611
2024-10-14,0.7207063571271263,0.6760316811029831,0.7860330378793342
2024-10-15,0.720778902421148,0.675911092626777,0.7862922029777616
2024-10-16,0.7196156732524147,0.675856910771742,0.786249527103487
2024-10-17,0.7204331200592022,0.6756870911146767,0.7861776601738296
2024-10-18,0.7199083915947307,0.6756304067130487,0.7866520436165387
2024-10-21,0.7211279440108981,0.6757613118445118,0.7866483382068412
2024-10-22,0.7209288150642612,0.6754260426588553,0.7864330562805949
2024-10-23,0.7218384500472544,0.6755462394974393,0.7862656681402368
2024-10-24,0.7216022082838034,0.6755358936849203,0.7866912317629106
2024-10-25,0.7217178924275771,0.6755232050439207,0.7871057352613763
2024-10-28,0.7211098764215221,0.6751567236363868,0.787070005280365
2024-10-29,0.7211081557747774,0.675071507964368,0.7872364807108341
2024-10-30,0.7232165416971145,0.6749700905839221,0.7868999548669336
2024-10-31,0.7234338134871955,0.6754882720141941,0.7873108479855524
2024-11-01,0.7245988619591398,0.6748957050427319,0.7870532666670986
2024-11-04,0.7246084442355017,0.6751242173297624,0.7873209145863869
2024-11-05,0.7238141965908662,0.6752687363208274,0.7870867339175734
2024-11-06,0.7241785463256408,0.6750703542966519,0.7870166080559557
2024-11-07,0.7236537267713824,0.6751556457973058,0.7865065371558775
2024-11-08,0.7239699955710626,0.6749718631262597,0.7866012264006745
2024-11-11,0.7239058847989128,0.6752026340648122,0.786801275121908
2024-11-12,0.7242394098046304,0.6750741704773333,0.786556316618345
2024-11-13,0.7256223697727331,0.6754901676943145,0.7866054835428089
2024-11-14,0.7259703250973422,0.675388722840882,0.7866193195702917
2024-11-15,0.7252244292627599,0.6755306820323486,0.7867208049179577
2024-11-19,0.7249704738355865,0.6755096722549322,0.7865160555476589
2024-11-20,0.7247629496569421,0.6755068509703553,0.7867277514805089
2024-11-21,0.7249353292678503,0.6759052530866138,0.7866698526604204
2024-11-22,0.7238757139457913,0.6761126043325639,0.7865025647685299
2024-11-25,0.7248349856055152,0.6754362934283646,0.7863858399750009
2024-11-26,0.7243250328610954,0.6754795160200847,0.7863499244630984
2024-11-27,0.725058143953082,0.6755767881886097,0.7865870929736543
2024-11-28,0.7258740812215385,0.6753203796730266,0.7865515366785701
2024-11-29,0.7251206183355123,0.6754698409990233,0.7864151641316245
2024-12-02,0.7253129582792501,0.6754098676950119,0.7863305027306763
2024-12-03,0.7244092889850597,0.6749058720282985,0.7865226513252512
2024-12-04,0.726153246582143,0.6745590861269184,0.7862783802147301
2024-12-05,0.7248455740599211,0.6749225746119005,0.7860239693112885
2024-12-06,0.7254915435713989,0.6752503545718773,0.7862065394634078
2024-12-09,0.7258582418327274,0.6754031828399168,0.7856974864658974
2024-12-10,0.725400118454694,0.6749581764354626,0.7857586110839235
2024-12-11,0.7249939071220036,0.6746226828439091,0.7859269579478853
2024-12-13,0.7250649702513607,0.6747376547104847,0.7860010248485291
2024-12-16,0.7249372695326626,0.6752724990370025,0.7862941949696113
2024-12-17,0.7265661617862182,0.6751768868802356,0.7863042781505649
2024-12-18,0.7266457436264844,0.6748149448415264,0.7860482119819652
2024-12-19,0.7258008940847849,0.6752049992807897,0.785793828470252
2024-12-20,0.7254755210991171,0.6751023846910016,0.7860121007754962
2024-12-23,0.7267224010283649,0.6749764731325635,0.7861774951763406
2024-12-24,0.7281047381107615,0.6749334922095396,0.7860877966805877
2024-12-26,0.7270812797649984,0.675008219161863,0.7860348468429302
2024-12-27,0.7262595032054682,0.6749107396982672,0.7859872556387072
2024-12-30,0.7260839689051554,0.6750604172174476,0.7853180531481269
2024-12-31,0.7261585602381824,0.6747975787277224,0.7856536328281903
2025-01-02,0.7262687133364486,0.674923426813333,0.785546472297753
2025-01-03,0.7259737456912073,0.6747358339161718,0.7856962967458219
2025-01-06,0.7264750612307749,0.6748487219633301,0.7855994738778661
2025-01-07,0.7262708150094775,0.6754329425073253,0.7860726429307494
2025-01-08,0.7265652147518503,0.674589925263332,0.785487162885133
2025-01-09,0.7263421996715759,0.6749433237734757,0.7859461099362336
2025-01-10,0.7272847630447618,0.674685142345031,0.7857213252248367
2025-01-13,0.7275559386930978,0.6745860491163164,0.7858952240962013
2025-01-14,0.7275721735865762,0.6745051418238139,0.7858118451291066
2025-01-15,0.7284754740181476,0.674457955180651,0.7860473574960322
2025-01-16,0.728370783515505,0.6745769722099226,0.7856951465347333
2025-01-17,0.7275384294459937,0.6744281083905123,0.7859311589166786
2025-01-20,0.727483448395117,0.6746886794139896,0.7859916726111691
2025-01-21,0.729001503971244,0.674661257807004,0.7860381157282105
2025-01-22,0.7284615121291595,0.6753823810505635,0.7858299772119084
2025-01-23,0.7270418774179314,0.6744729608746004,0.7857690950630721
2025-01-24,0.7271575348219597,0.6749040520594193,0.7857650243349326
2025-01-27,0.7270429174536058,0.6741668126853767,0.7866089915286525
2025-01-28,0.7268973375508146,0.6746485064245633,0.7864732620021374
2025-01-29,0.728461530039724,0.6739956590255862,0.786162732788719
2025-01-30,0.7281100102741396,0.6754834378694643,0.7867168914029877
2025-01-31,0.7272393275440497,0.6747874357475553,0.786544418283224
2025-02-04,0.7275044344680386,0.6748513352087653,0.7861447853223508
2025-02-05,0.7275965153313629,0.6750929789990667,0.786039323061685
2025-02-06,0.7262190990620041,0.6746925990291447,0.7862794739767938
2025-02-07,0.7264289310073831,0.6746185434062125,0.7868067134834581
2025-02-10,0.7259427829561987,0.6745468593531806,0.7863416216452881
2025-02-11,0.7247152314612632,0.6748648171067657,0.7866588241419693
2025-02-12,0.724295582561844,0.6746119313503413,0.7862986665114298
2025-02-13,0.7245629209301923,0.6745444951797207,0.7862635829197394
2025-02-14,0.7244928637334082,0.6744987082086773,0.7859598557097387
2025-02-17,0.7256095269931989,0.6743554680094982,0.7861170748744359
2025-02-18,0.7254460240520608,0.6744501194461268,0.7859540887696601
2025-02-19,0.7263925749558886,0.6749625056457859,0.7856894494120632
2025-02-20,0.7259977817023705,0.6750243492604451,0.7860415721544183
2025-02-21,0.7253092751928669,0.67434028796073,0.7860125472489841
2025-02-24,0.7251723984236025,0.6746703929609519,0.7855609566210008
2025-02-25,0.7253051866200347,0.6746026021535543,0.7857538687667678
2025-02-26,0.7255720652172797,0.6745012471428261,0.786110257973499
2025-02-27,0.7253301283360055,0.6748630923724963,0.7863417562908985
2025-02-28,0.7251898504249856,0.6748119414608571,0.7865062386300354
2025-03-03,0.7252825075739487,0.6747285726286665,0.786144614756502
2025-03-04,0.7247953625219353,0.6750109550322612,0.7864044912453051
2025-03-05,0.7266479883918426,0.6746841232683547,0.7865105794368323
2025-03-06,0.7267620582009884,0.674362874421355,0.786834401288228
2025-03-07,0.7273111302470103,0.6746288217741605,0.7868312650846854
2025-03-10,0.7266951295296247,0.6743784421033494,0.7867421733982651
2025-03-11,0.7265451589596041,0.675140152873823,0.7865871875633066
2025-03-12,0.726342270889524,0.6747481770233388,0.7865577734488772
2025-03-13,0.7274455579949032,0.6743428388500398,0.7870201151893534
2025-03-14,0.727038890866092,0.6743440354435772,0.7870358781879809
2025-03-18,0.7262708435763947,0.6742283616694692,0.7865530727911371
2025-03-19,0.7263429880233238,0.6742175626299526,0.7862050081268516
2025-03-20,0.7263108880176431,0.6740440299526604,0.7865460626191373
2025-03-21,0.7260241403598842,0.6743584448889854,0.786331111119689
2025-03-24,0.7253533631444888,0.6742489571341627,0.7864601677489599
2025-03-25,0.7254280191943296,0.6746064439624044,0.7864716879514181
2025-03-26,0.7252320169188345,0.6742951345425999,0.786495954667563
2025-03-27,0.7260640375806796,0.6741658412891203,0.7862720707688137
2025-03-28,0.7272201532599126,0.6739427551656673,0.786304343431447
2025-03-31,0.7264201136708239,0.6739705032803699,0.7860304757746944
2025-04-01,0.7263718691119097,0.6742288743312674,0.7862538782036229
2025-04-02,0.7268014023136596,0.6740311722982115,0.7858354880374249
2025-04-03,0.7255856097921983,0.6741261936811618,0.7854825072586786
2025-04-04,0.7256468522467658,0.6746489973152292,0.7856918298043079
2025-04-07,0.724834912615353,0.6744959632046021,0.7857718048969787
2025-04-08,0.7251876977109217,0.674093558834028,0.7861633441168464
2025-04-09,0.7236731338785257,0.6741084622833394,0.7858438953876619
2025-04-10,0.7240991253548094,0.6743540237469179,0.7858153285965344
2025-04-11,0.7248111290678095,0.6740339493856132,0.7858246546196458
2025-04-14,0.7239481150496305,0.6741048945611959,0.7859525973842897
2025-04-15,0.7246162106884831,0.6744349365085721,0.7856773932457074
2025-04-16,0.725107563739235,0.6742596739497647,0.7860850249959263
2025-04-21,0.7250460140116575,0.6739535862735444,0.7859430316577296
2025-04-22,0.7243612630415543,0.6740765437185607,0.7857867092135632
2025-04-23,0.7240185902274652,0.6736866413935853,0.7861034235130167
2025-04-24,0.7246064518972806,0.6740987093948418,0.7855645241220398
2025-04-25,0.7252702430965721,0.6743808368870025,0.7864740483590774
2025-04-28,0.7257964106512561,0.6739167488151836,0.7863547530698058
2025-04-29,0.7249609457615226,0.6738163069989759,0.7863119980635166
2025-04-30,0.7242034426626954,0.6735409983207389,0.7858539993088182
2025-05-02,0.72406209402305,0.6734191165395963,0.7864753006604507
2025-05-05,0.7237114385664293,0.6739813615614265,0.7863415129636055
2025-05-06,0.7219389698075656,0.6737154204146921,0.7862519069678046
2025-05-07,0.7234243272582493,0.6737274244789739,0.7860191505698825
2025-05-08,0.7230154306497466,0.6739341129584,0.7857958516487249
2025-05-09,0.7242325684168329,0.6741630007041086,0.7860725888487429
2025-05-12,0.7247288760819713,0.6742556883395983,0.786276874330358
2025-05-13,0.7237784012799895,0.67412071015448,0.7866870602001493
2025-05-14,0.7248067777602597,0.6743482782243071,0.7860293594990545
2025-05-15,0.7250314517565171,0.6742339007218777,0.7860349184088846
2025-05-16,0.7247908924517286,0.6738835800411359,0.7862345781928071
2025-05-19,0.7234142742652201,0.6740399272576295,0.786396417313366
2025-05-20,0.7253529634846788,0.6743406089297056,0.7867787905274981
2025-05-21,0.7253818268610089,0.6741410521666945,0.787031683196656
2025-05-22,0.7263947934938095,0.6741444332794868,0.7868093240084477
2025-05-23,0.7256909004490865,0.6742116794777714,0.7867191243051438
2025-05-26,0.7268758928562563,0.674044271950062,0.786791657521748
2025-05-27,0.7271490210695326,0.6736331040505126,0.7864874641171291
2025-05-28,0.7266606426730011,0.673604184054341,0.7866936418602511
2025-05-29,0.7272045576269573,0.6733364159806138,0.78702967628254
2025-05-30,0.728478271871863,0.6736314793210212,0.7868249654143862
2025-06-02,0.7282190666052482,0.6729316753200425,0.787521132643702
2025-06-03,0.727315757109797,0.6729462258936553,0.7877088812328361
2025-06-04,0.7284139456685113,0.6729690111733403,0.7873512668889416
2025-06-05,0.7283355518836016,0.6733190251267607,0.7873281917037226
2025-06-06,0.7286919228323684,0.6737940886480441,0.7868660216176276
2025-06-09,0.7292760196434901,0.6734803087769332,0.7868488276735718
2025-06-10,0.7282080569815905,0.6733766879036063,0.7871967612998678
2025-06-11,0.7279967965213114,0.6735048079723077,0.7876291755804821
2025-06-12,0.7284288016726449,0.6735315694087562,0.7872906205239869
2025-06-13,0.7278250968210027,0.6733395352713791,0.7876892539143525
2025-06-16,0.7279738711121917,0.6729374343792607,0.7875915220193138
2025-06-17,0.7272249442145996,0.673072018162217,0.7879515444956436
2025-06-18,0.7290122969809457,0.6733450469798005,0.7881604083310149
2025-06-19,0.7286533949498409,0.6736800296088332,0.7882569155394652
2025-06-20,0.7290093804209682,0.6730110961487055,0.7882434861748192
2025-06-23,0.729028032376247,0.673696628522602,0.7876050320811174
2025-06-24,0.7296126992834973,0.6734003639674938,0.7882331796058512
2025-06-25,0.7293615144701842,0.6730103959231044,0.7877425316656675
2025-06-26,0.7292905564334611,0.6732919815627874,0.7873472758263663
2025-06-27,0.7283578756207632,0.6729906877800647,0.7875510694604948
2025-06-30,0.7287106040722374,0.672851450296802,0.7885249807126271
2025-07-01,0.7294593382258268,0.6734962256742334,0.7880966394365884
2025-07-02,0.7297071026120534,0.6731510999675434,0.7880935867666773
2025-07-03,0.730191025359858,0.6729725748156413,0.7879108562427264
2025-07-04,0.7304717125332917,0.6732229021372639,0.7884273448770183
2025-07-07,0.7302217271811305,0.6729347675127341,0.7878817247689587
2025-07-08,0.729969140568649,0.6729316832792911,0.7881317648131007
2025-07-09,0.7305549346100185,0.6726750139918398,0.7878654422906501
2025-07-10,0.7302958878947792,0.6731108663188465,0.7873486766231603
2025-07-11,0.7319933404547906,0.6729891236862702,0.787842567136605
2025-07-14,0.7310628484838434,0.6721607652989706,0.7870758030554427
2025-07-15,0.7313034145488126,0.6726651512321437,0.7875164087302723
2025-07-16,0.7312064304055254,0.6728813777219274,0.786741002978259
2025-07-17,0.7311413572308039,0.672632760019246,0.787363637826287
2025-07-18,0.7306201179786928,0.6723123637996078,0.787154010417665
2025-07-21,0.7317255560013616,0.6723650579020809,0.7878288319780584
2025-07-22,0.7312857366359939,0.6723930011668673,0.7877629084441617
2025-07-23,0.7307719946086689,0.6720884496329267,0.7877346674108529
2025-07-24,0.7319593086668401,0.6722482241085433,0.7882620801557169
2025-07-25,0.7315588323547781,0.6724245041527461,0.7879427917450886
2025-07-28,0.7326524311495338,0.6722650081393731,0.7880480281307807
2025-07-29,0.7328875448011594,0.6731224031772336,0.7874869562975357
2025-07-30,0.733750470949336,0.6726768518947496,0.787898095407303
2025-07-31,0.7347730670262,0.6726283579223231,0.7872370555678683
2025-08-01,0.7350978349584146,0.6721934908917419,0.7873647367583556
2025-08-04,0.7340016420624325,0.6724755841915967,0.7875001943522426
2025-08-05,0.7343470441226613,0.6727981250495784,0.7865545492692868
2025-08-06,0.7349423036204101,0.6729816289584464,0.7873931020609566
2025-08-07,0.7345334881048464,0.6726282234002726,0.7874943539580417
2025-08-08,0.7330991607478119,0.6728368216952839,0.7870905749651914
2025-08-11,0.7322490676606433,0.6729898183465416,0.7878465695474796
2025-08-12,0.732187250040378,0.6727727307858635,0.7876751996972157
2025-08-13,0.7320130549940173,0.6727051814377836,0.7874218837336832
2025-08-14,0.7323360192369259,0.6722351630515305,0.7874291606931153
2025-08-15,0.7319384154681913,0.6729282582110598,0.7871668126271512
2025-08-18,0.7327939428840429,0.6725527647054519,0.7876390351300083
2025-08-19,0.7328022763401973,0.6726158777993221,0.788002422911026
2025-08-20,0.7337874212283437,0.6722995579209605,0.7882231174418931
2025-08-21,0.7342844186355423,0.6726840559197199,0.7877066598159539
2025-08-22,0.7324552909573355,0.6728264404939507,0.7881188896101793
2025-08-25,0.7338646422087741,0.6726228876219569,0.7882962423449853
2025-08-26,0.7331933700287909,0.6728400907615548,0.7883779507654566
2025-08-27,0.7333675930890309,0.672273012653446,0.7887077485059938
2025-08-28,0.7326077641149785,0.6727636803775799,0.7889475003448402
2025-08-29,0.7332737995545754,0.6721150343178453,0.7893992476127015
2025-09-01,0.7330924141625771,0.6721580229008579,0.7885399176174391
2025-09-02,0.7327888080913629,0.671872427081898,0.788515536539912
2025-09-03,0.7332077831878963,0.6729976212619608,0.7882541873229071
2025-09-04,0.733471230782496,0.6725035659709586,0.7887017058855565
2025-09-05,0.7316910589094351,0.6724575862222222,0.7886238283373048
2025-09-08,0.7316781575588686,0.6725281241230517,0.7884005082317096
2025-09-09,0.7334188310380403,0.6725173085138404,0.7893661532825089
2025-09-10,0.734667994485789,0.6726102065202473,0.7889656743230156
2025-09-11,0.7345549255518735,0.6724039753636752,0.7893287132291318
2025-09-12,0.7341472140337695,0.6722986437668329,0.789183484498731
2025-09-15,0.7336600274546934,0.6725525225631253,0.789325614869323
2025-09-17,0.7328906597591709,0.6733747323410639,0.7894762046546584
2025-09-18,0.7345572873168716,0.6730352174098475,0.7894842644179527
2025-09-19,0.7346390695328021,0.6734915475012787,0.7891765632510589
2025-09-22,0.7343895103854372,0.6731594350511696,0.7890042473441135
2025-09-23,0.7337954102651982,0.6732391065020275,0.7889227027773179
2025-09-24,0.7332088959513999,0.6730345284883501,0.7886106236777102
2025-09-25,0.7340612753107665,0.6732569536091407,0.7896180088330726
2025-09-26,0.7337160086622538,0.6731328961905754,0.7895882487968375
2025-09-29,0.7347481622099196,0.6730374910124993,0.7889081595370974
2025-09-30,0.7345946110371934,0.6732025172023924,0.788719032943343
2025-10-01,0.7328247724838983,0.6734307246342216,0.7886445406008192
2025-10-02,0.7329127281462531,0.6736832705640401,0.7887728778461922
2025-10-03,0.7330669004002395,0.6734332266355771,0.7891715234758244
2025-10-06,0.7330575561525942,0.6741817003750376,0.7888767653027065
2025-10-07,0.7331615969048922,0.6740689623562047,0.7891363043847025
2025-10-08,0.7319880384390673,0.6735752005318043,0.7890413937648981
2025-10-09,0.7323198975063518,0.6739388929212794,0.7891307439156026
2025-10-10,0.7330828031025389,0.6736256042156575,0.7892435808006679
2025-10-13,0.7325585027975314,0.6734373214257794,0.7892610057418548
2025-10-14,0.7322283854657787,0.6731747347818018,0.7894550886733035
2025-10-15,0.7325898418645629,0.6731635700369403,0.7888594877598445
2025-10-16,0.7322156784068274,0.6732043861202096,0.788821086797052
2025-10-17,0.7309001490725906,0.672622042998567,0.78924821265231
2025-10-20,0.7309885815580529,0.6727046865375093,0.7891492976286247
2025-10-21,0.7300635543295723,0.6729895427258374,0.7888261771319899
2025-10-22,0.7300663726889136,0.6729291187023672,0.788613796179546
2025-10-23,0.7304832181937956,0.6726645659113458,0.7887205387278902
2025-10-24,0.730977829936097,0.672722356292162,0.7889575234489045
2025-10-27,0.7307759408211857,0.6725340472243241,0.7884599429423467
2025-10-28,0.7300397938370365,0.6727031371069168,0.789309258000221
2025-10-29,0.7296124049355328,0.6726537982330641,0.7895656391908088
2025-10-30,0.7291876556147356,0.6723908345633706,0.7889691460005136
2025-10-31,0.7289157072292906,0.6728149142544712,0.788786446512113
2025-11-03,0.7286860325265611,0.6725556622008209,0.7884553158057103
2025-11-04,0.7279239208656079,0.6728795877810528,0.788454299708111
2025-11-05,0.7279257580977813,0.6726027798349854,0.7890323126277368
2025-11-06,0.7276014377406951,0.672435997416705,0.7888262140141907
2025-11-07,0.7273334013692208,0.6721505260443262,0.7885809713215408
2025-11-10,0.7281558068545299,0.6722356215940417,0.7877918466706719
2025-11-11,0.727472015552254,0.6722213138711355,0.7883957991243488
2025-11-12,0.7263843033662402,0.672495847635936,0.7885478594096266
2025-11-13,0.7267327420846575,0.6724772760861499,0.7890550030420153
2025-11-14,0.7263772922191972,0.6721513471522509,0.788437053921285
2025-11-18,0.7266956688328169,0.6720472041421525,0.7881185202927754
2025-11-19,0.7269379573362774,0.6716324231590612,0.7885940690838162
2025-11-20,0.7266030928034848,0.6711597576374274,0.7885291563543424
2025-11-21,0.7278599121934126,0.6714840318617307,0.7883866418056863
2025-11-24,0.7279141065877687,0.6712229073797051,0.7889899018942741
2025-11-25,0.7283701641656161,0.6713722603320946,0.789425756878452
2025-11-26,0.7272027247731495,0.670822902567454,0.7897979692864382
2025-11-27,0.7264468907724004,0.6708584176040868,0.790218475539846
2025-11-28,0.7275395457757865,0.6711161645573376,0.7898987512518374
2025-12-01,0.7281439710068838,0.6709352155978257,0.7901317699759947
2025-12-02,0.7288473299704317,0.6713305568066529,0.7894425926745532
2025-12-03,0.7287540224370299,0.6712107642158192,0.7906159312990426
2025-12-04,0.7277360385280023,0.6714094120328558,0.7901549142039413
2025-12-05,0.7291119936383936,0.6712844635168411,0.7898578583626434
2025-12-08,0.7291549931944007,0.6713321873190513,0.7893849690427631
2025-12-09,0.7301124512590559,0.6714473507767682,0.7890754181915878
2025-12-10,0.7304391799184802,0.6714357844780405,0.7895591258264644
2025-12-11,0.7307040336292793,0.671009734391045,0.7896386185549451
2025-12-15,0.7310898246938021,0.6716450752797832,0.7893689787615354
2025-12-16,0.729891970065763,0.6714700167728644,0.7894515129410808
2025-12-17,0.7308645972836201,0.6713529950972893,0.7894191380023273
2025-12-18,0.7291899149126531,0.6710834322841673,0.7895349627792192
2025-12-19,0.7307026170296327,0.6711470104596916,0.7896828657135663
2025-12-22,0.7304774222048706,0.6708823376544097,0.7898650699411343
2025-12-23,0.7301321867814436,0.6709131585478046,0.7903716434118101
2025-12-24,0.7295457540053015,0.6712940958183022,0.7899959289715486
2025-12-26,0.7286287874289497,0.671219181119927,0.7905413240211389
2025-12-29,0.7275842794160396,0.6713381247540802,0.7906389978434544
2025-12-30,0.727931448144612,0.6713357997826684,0.7898651186518696
2025-12-31,0.7281905544573645,0.6713448551108228,0.7902878819564483
