Date,NTL,CI_low,CI_high
2017-04-18,0.7383348263769927,0.7383348263769927,0.7383348263769927
2017-04-19,0.7380689721330719,0.7374996228383583,0.739129647999868
2017-04-20,0.7377559226200514,0.7372468946830888,0.7394282956730845
2017-04-21,0.7377961266140537,0.7370231897787939,0.7396370612356379
2017-04-24,0.7371032831099554,0.7369334675025316,0.7397639341394207
2017-04-25,0.7365139513052994,0.7368074004795004,0.7399803921957265
2017-04-26,0.7366418791298361,0.7365533638994697,0.7401294925888715
2017-04-27,0.7373944289600673,0.7363877829793745,0.7403991838978635
2017-04-28,0.7377849225739445,0.7363037065433177,0.7405149591429723
2017-05-02,0.737837265767668,0.736180827469505,0.7405307079553546
2017-05-03,0.7376043763448407,0.735966320308644,0.7406887976002612
2017-05-04,0.7385061623560117,0.7357238311173584,0.740996943257789
2017-05-05,0.7373931422382014,0.7356550134952461,0.7409975631798537
2017-05-08,0.737656386485597,0.7355434969964632,0.7411756911315809
2017-05-09,0.7377070760309185,0.7354436576124058,0.7413057608832128
2017-05-10,0.7377732061290947,0.7353550521172244,0.7412608904721485
2017-05-11,0.7385538024969288,0.7352256243912876,0.741288866183323
2017-05-12,0.7380877123239211,0.7353341052376052,0.7414625771645608
2017-05-15,0.7379527759910305,0.7352737014411568,0.7416007065311365
2017-05-16,0.7383572396272171,0.7351615657613741,0.7416875895004401
2017-05-17,0.7373688342150977,0.7350947574297684,0.7418902114474994
2017-05-18,0.7370273435342389,0.7350501158460648,0.7419904453353681
2017-05-19,0.7364599191222317,0.734949896690414,0.7420238876180625
2017-05-22,0.7370641919589451,0.7348312286729372,0.7420869873382069
2017-05-23,0.7378666463536812,0.7347487511837945,0.7421876061647721
2017-05-24,0.7379902708747011,0.7346323475177096,0.7422370513184181
2017-05-25,0.7381616062655896,0.7344931563993176,0.7423783374429754
2017-05-26,0.7380978902368115,0.7344279774936385,0.7425255765627503
2017-05-29,0.7380798713765736,0.7342196913794333,0.7424957756946315
2017-05-30,0.7377537824626224,0.7343277043704552,0.7425881160192974
2017-05-31,0.7373804322598938,0.7341333217612803,0.7427284578535086
2017-06-01,0.7379249735937892,0.7341067528594901,0.7426357396854083
2017-06-02,0.7383587378881676,0.7341267700762026,0.7426915875451565
2017-06-05,0.7378104048081022,0.7340478257969828,0.7427586392149553
2017-06-06,0.7382555883204103,0.7339556399084362,0.7428861392074295
2017-06-07,0.7377688938560986,0.7338669987065005,0.7429898890925222
2017-06-08,0.7380990235003009,0.7338422383248887,0.7430467873059453
2017-06-09,0.7383703375174917,0.7337168051510841,0.7432045445782194
2017-06-12,0.738923985637804,0.7337721493646382,0.7431073942075426
2017-06-13,0.7391870732437327,0.733607474630475,0.7431496024327425
2017-06-14,0.7390824614083733,0.7335411484637149,0.7432575732245685
2017-06-15,0.7389757685877402,0.73347585844306,0.74326737294023
2017-06-16,0.7391403681430804,0.7334255729013932,0.7433983702681716
2017-06-19,0.738790494636433,0.733445855639761,0.7434805949346444
2017-06-20,0.7393344071096514,0.7332516128036275,0.743438692499509
2017-06-21,0.7392651559571317,0.7330710546454454,0.7435982795967986
2017-06-22,0.7391113198390792,0.733054817108866,0.7435748934477359
2017-06-23,0.7391094445964015,0.7330947630920973,0.7436488632886166
2017-06-26,0.7390495834201918,0.7329963772161616,0.7437127371583133
2017-06-27,0.7392054473631466,0.732833690320497,0.7437687324053831
2017-06-28,0.7389253823661113,0.7328270859088742,0.7437453263912177
2017-06-29,0.7385287847447939,0.7327131184136442,0.7438412650719959
2017-06-30,0.7386845300386441,0.7326810911197373,0.7439321238574801
2017-07-03,0.7388515460846694,0.7325244851823465,0.7440256370174063
2017-07-04,0.7383420789658951,0.7323766102369647,0.744147718398186
2017-07-05,0.7386901616948638,0.7324633753083161,0.7441059912821836
2017-07-06,0.7384262037188544,0.7323601597214251,0.7441925986696536
2017-07-07,0.7388705189312406,0.7322479046955471,0.7442878413405924
2017-07-10,0.739046995654401,0.7322344019491883,0.744238057979321
2017-07-11,0.7389339139146798,0.7321148389382989,0.7442441866946753
2017-07-12,0.7389887444620787,0.7320010264959419,0.7443790428665165
2017-07-13,0.7393815042288371,0.7321069979985104,0.744638531201634
2017-07-14,0.7394482786806571,0.7319531411870156,0.7444334415465246
2017-07-17,0.7390035193668004,0.7319127566532462,0.7445469379334585
2017-07-18,0.7387139760289071,0.7319342063460297,0.744678032812997
2017-07-19,0.7393199302539936,0.731908988479174,0.7445523592792349
2017-07-20,0.738816114089195,0.7318670593520856,0.7446253486214275
2017-07-21,0.7388498932682229,0.7317427079993547,0.7446049952603572
2017-07-24,0.7388069630598629,0.7316175766982805,0.744772401956906
2017-07-25,0.7388143242785907,0.7315932991846177,0.7446951880482576
2017-07-26,0.7387953681870345,0.7316898109921297,0.7446698250568015
2017-07-27,0.7387942353222483,0.7317502472411419,0.744828269076357
2017-07-28,0.7386988585074242,0.731682575727013,0.7448638428484026
2017-07-31,0.7383015872495721,0.7315569254479223,0.7448902920926969
2017-08-01,0.7384727192676772,0.7316262991800588,0.7449635260284674
2017-08-02,0.7385810247395894,0.7316807134752673,0.7450462840988132
2017-08-03,0.7385073815391483,0.7316060982036212,0.7451324126443957
2017-08-04,0.7383857870711406,0.7314697449668057,0.7451765393033722
2017-08-07,0.7381456337082208,0.7313183178009264,0.7450951249845081
2017-08-08,0.7385914439209257,0.7311894581964259,0.7451052429749714
2017-08-09,0.738984995555318,0.7312256572552969,0.745146216719696
2017-08-10,0.738939032773615,0.7312290676061616,0.7451882506622391
2017-08-11,0.7387061793183127,0.731299819738689,0.7451571830774101
2017-08-14,0.7387457509192368,0.7314051481186696,0.7451887138969221
2017-08-15,0.7384191025250938,0.7312265356944393,0.745281769253148
2017-08-16,0.7381051489510413,0.7311381756230845,0.745338141500882
2017-08-17,0.7385864701906034,0.7311824505630555,0.7454391205649507
2017-08-18,0.7382440458032726,0.7311028384329624,0.7456417246441727
2017-08-21,0.7380957899470854,0.7310997741958617,0.7457444653686932
2017-08-22,0.7389771044869488,0.7309354320440556,0.745710730845225
2017-08-23,0.7385187873590331,0.7309139619213963,0.7457974115715007
2017-08-24,0.738576671171841,0.7308614171568096,0.7458895975286389
2017-08-25,0.7381276901370838,0.730919715302866,0.7459727392608692
2017-08-28,0.7390331378010166,0.7307049922406212,0.7458477324213468
2017-08-29,0.7388695921388657,0.730677657333598,0.7459781309486023
2017-08-30,0.7396411499760607,0.7304929704257265,0.7459761065819822
2017-08-31,0.7390760951076656,0.730484959621441,0.7459935999817726
2017-09-01,0.7398333267161776,0.7305167162983485,0.7460913219320554
2017-09-04,0.7397248411401869,0.7304731880745201,0.7461534542924075
2017-09-05,0.7396198097303456,0.7305018873960077,0.7461897058743392
2017-09-06,0.7396146394351979,0.7304521821035387,0.7462188058506934
2017-09-07,0.7399001925507619,0.7303749787962039,0.7462691787532547
2017-09-08,0.7392919276195171,0.7302286963210297,0.7461944872803258
2017-09-11,0.7394184691110407,0.7303279659439468,0.7462566830530036
2017-09-12,0.739372909539931,0.7301890749073713,0.7462413264604234
2017-09-13,0.7390478193986522,0.7298933557251841,0.7462545820012696
2017-09-14,0.7391525528196914,0.729953591933627,0.7463471388256904
2017-09-15,0.7389828431576448,0.7298002787264005,0.7464069630605515
2017-09-18,0.7389678280723981,0.7299816713868836,0.7464689706706837
2017-09-19,0.7390878195814737,0.7299452581747239,0.7464920524912081
2017-09-20,0.7386006362301136,0.7299265089573526,0.7465428717851239
2017-09-21,0.7392149954648926,0.7297727635062068,0.7466065195106719
2017-09-22,0.7396031619133062,0.7298662457970134,0.7465164633038486
2017-09-25,0.7403952832020246,0.7297902373837439,0.7466348935220619
2017-09-26,0.7407690635614824,0.7295958210038107,0.7464682011920786
2017-09-27,0.740446392740731,0.7297922023143399,0.7465764172546084
2017-09-28,0.741157138017189,0.7297837166646776,0.7467329720531717
2017-09-29,0.7409474017817262,0.7297013658779028,0.7467686620405706
2017-10-02,0.7414484303468136,0.7295819434982077,0.7466554336732902
2017-10-03,0.7420626086917258,0.729432640731762,0.7468653880684729
2017-10-04,0.7419456805485026,0.7294379825875216,0.7468209032291114
2017-10-05,0.7412667596723095,0.7292059409984399,0.746759713204771
2017-10-06,0.7407877496581236,0.7294578326244094,0.7468224398295945
2017-10-09,0.7412347508000894,0.7293789738308781,0.7467907190967656
2017-10-10,0.7415283323753655,0.7293512613118258,0.7468581447009917
2017-10-11,0.7417544381583087,0.7294224030378393,0.7469630160995275
2017-10-12,0.741586429463913,0.7291514004024029,0.7469930225564607
2017-10-13,0.7414832893681916,0.7292063969493725,0.7470472560083267
2017-10-16,0.7415985990836482,0.7291747204931178,0.7471919520426201
2017-10-17,0.7410965391534643,0.7291043558279132,0.7472182322907431
2017-10-18,0.7415882651562344,0.7289717884981544,0.7472106852820309
2017-10-19,0.7411962935479617,0.7288423105317685,0.7473967262053915
2017-10-20,0.7416371574546033,0.7289235491965731,0.7474440466076794
2017-10-23,0.7418064135096777,0.7287803954161933,0.7473875930163417
2017-10-24,0.7412510254654425,0.7288826516662267,0.7475877091506149
2017-10-25,0.7405482511102047,0.7285824510175258,0.7475623639815969
2017-10-26,0.7407654538245383,0.7287982204965094,0.7474944423266519
2017-10-27,0.7405411375563392,0.7285557270742554,0.7475632710651879
2017-10-30,0.7405391651639195,0.7285284057107452,0.7475699574468155
2017-10-31,0.7409316989606224,0.7285904954422349,0.7475645414315012
2017-11-01,0.7406680672309949,0.728503161445789,0.7476593616648904
2017-11-03,0.740506203131555,0.7283945875050548,0.7478164265413323
2017-11-06,0.7404879134364792,0.7284050921652923,0.747986344620052
2017-11-07,0.7396940719348128,0.7284015879902694,0.7480211792766357
2017-11-08,0.7405958875853215,0.7283542218405792,0.7481043007282808
2017-11-09,0.7406355203894806,0.7283726241901112,0.7481120736091217
2017-11-10,0.7401978815248558,0.7282955752199147,0.7481276720641856
2017-11-13,0.7401745861000393,0.7284891294137658,0.7482334158069508
2017-11-14,0.7404521643630181,0.7283067109274792,0.7481824186254987
2017-11-15,0.7400134689572984,0.7282300145577985,0.7481448448446633
2017-11-16,0.73973122439706,0.7282744491197612,0.7480422675700347
2017-11-17,0.7406511915910126,0.7282840224401633,0.7481966812753237
2017-11-21,0.7405406298485558,0.7283632113037382,0.748329795324766
2017-11-22,0.7410958785506775,0.7282944082057291,0.7481793713259464
2017-11-23,0.7407915942774089,0.7283871073767483,0.748381629233414
2017-11-24,0.7409909245466179,0.7283924989578499,0.7482771239776731
2017-11-27,0.7415458347553133,0.728418063900977,0.7483912233397912
2017-11-28,0.7419815750397708,0.728297818103685,0.7483767366344249
2017-11-29,0.7414753868553554,0.7281582726386667,0.7483267163563234
2017-11-30,0.7429001479634328,0.7281588666755822,0.748391705916895
2017-12-01,0.7437225781436452,0.7281258021001898,0.7483991985368503
2017-12-04,0.7431703916701953,0.7280338358736335,0.748491423596806
2017-12-05,0.743442499432307,0.7280304681712342,0.7485350527615072
2017-12-06,0.7434358263099149,0.7279881273129533,0.7484705315139949
2017-12-07,0.7428740915253416,0.7278685506790888,0.7486630867868665
2017-12-08,0.7425962321116932,0.7280442348382336,0.7486722243064146
2017-12-11,0.742407867804166,0.7278024656984554,0.7488802873367447
2017-12-13,0.7424038875872225,0.7279498775106287,0.7488939750918977
2017-12-14,0.7428336450010539,0.7278957703320191,0.7488986311542769
2017-12-15,0.7427711618774352,0.7275812760356448,0.7488251913318201
2017-12-18,0.7422827464806317,0.7277284844650939,0.749042899808562
2017-12-19,0.7424585387596639,0.7277033097107372,0.7491649663329141
2017-12-20,0.7422985288725797,0.7275763832260965,0.7489605763558294
2017-12-21,0.7417993624927839,0.7273938824202487,0.7491948621271716
2017-12-22,0.7417399880840663,0.7273734210222859,0.7492165349689518
2017-12-26,0.7419691936867223,0.7272578380539935,0.7492360365473311
2017-12-27,0.7416868429632824,0.7272113512122929,0.7493162863424802
2017-12-28,0.7417412451932568,0.7271087482729174,0.7491936520215576
2017-12-29,0.7420231727186932,0.7270295866717256,0.7493693053143111
2018-01-02,0.7411299553051759,0.727104262635163,0.7494302856129311
2018-01-03,0.7413602016705667,0.7270445979272937,0.7494486307975534
2018-01-04,0.7417010698592335,0.7271045988205147,0.7495340088642437
2018-01-05,0.7416518706132583,0.7270087869538184,0.7493763767191892
2018-01-08,0.7417033575181846,0.7271182876401295,0.7495370261960869
2018-01-09,0.7414839785610354,0.7268855128908975,0.7495729177057859
2018-01-10,0.7407874962412203,0.727098353249829,0.7496083155835354
2018-01-11,0.7411131304486354,0.7270234296327897,0.7495521209072901
2018-01-12,0.741094290028165,0.7269263083440796,0.7496671943456402
2018-01-15,0.7410467583288041,0.7269899424828745,0.7496047959836702
2018-01-16,0.7412560240751488,0.7268456688586475,0.7497474337935583
2018-01-17,0.7420871979497916,0.7266837393274485,0.7498893219907162
2018-01-18,0.7420842116847198,0.7268637643102264,0.749777749644208
2018-01-19,0.7421854879736877,0.7266204914026264,0.7496955770042362
2018-01-22,0.7424695377224806,0.7264456210175948,0.7497467010230714
2018-01-23,0.741932263357015,0.7264709562811874,0.7499403221103026
2018-01-24,0.7425678085921911,0.7263564324959497,0.7496971382871651
2018-01-25,0.7423248353494537,0.7264490270715276,0.7497951428742865
2018-01-26,0.7422886533977495,0.7265890310405014,0.7497723686871847
2018-01-29,0.7429418563662924,0.7265265514099049,0.7496269173503801
2018-01-30,0.7426717058329565,0.7266136831496383,0.7497213648041097
2018-01-31,0.742842865666975,0.7264518859442675,0.7497182165806032
2018-02-01,0.7431828421691933,0.7264841493830674,0.749740866794953
2018-02-02,0.742684116674207,0.7263159837119759,0.749782790241283
2018-02-06,0.7426825307146346,0.7265004651564623,0.7498572132776975
2018-02-07,0.7427962275772436,0.7265614057791454,0.7499310251822401
2018-02-08,0.7417972756225669,0.7266270799476158,0.7499440836998624
2018-02-09,0.7424139221078666,0.7263684123488277,0.7499760886666498
2018-02-12,0.7429682507521994,0.7262448430337175,0.7499266704235862
2018-02-13,0.7431346511374766,0.7260965797846001,0.7500100033128089
2018-02-14,0.7425266683919549,0.7261156075776461,0.7498467883267675
2018-02-15,0.7429073556990131,0.725735043213844,0.7500579668327024
2018-02-16,0.7429160773719656,0.7259504843243801,0.7501337930815993
2018-02-19,0.7432453418849535,0.72603035548135,0.7501345132064869
2018-02-20,0.743591029772984,0.7258397019667924,0.7502036579383435
2018-02-21,0.743520092387457,0.7257575737167753,0.7501833756219212
2018-02-22,0.7429143262951519,0.7258860320671918,0.7501797382486834
2018-02-23,0.7424813393765547,0.725708194654114,0.7504160232350063
2018-02-26,0.7422545964650392,0.7255941473486724,0.7505191000031894
2018-02-27,0.7426491203566865,0.7255581135922022,0.7504774145414969
2018-02-28,0.7438200981531568,0.7255744243217197,0.7504728520582851
2018-03-01,0.7441311066358878,0.7256720432726192,0.7505598888075219
2018-03-02,0.7431470555248453,0.7257450244396793,0.7505584931016623
2018-03-05,0.7438685638550288,0.7257798841065337,0.7507691009630388
2018-03-06,0.7445855177033353,0.7257650108185446,0.7506602876388686
2018-03-07,0.7449649408766852,0.7257926695559772,0.7506182750325435
2018-03-08,0.7446715489695542,0.725844597349552,0.7507350279799612
2018-03-09,0.7441660672037361,0.7259834880216112,0.7508751513146361
2018-03-12,0.7443981528736955,0.7259517733895942,0.7507555302594486
2018-03-13,0.7447367593908669,0.725930618477375,0.7507850603910556
2018-03-14,0.7446237911576651,0.7258850544768807,0.7507887305000794
2018-03-15,0.7442852302765911,0.7257666183710696,0.7507842070133075
2018-03-16,0.745566959321346,0.7258089516617001,0.7508649430117937
2018-03-20,0.7445667601115853,0.725794153343924,0.7509629895888299
2018-03-21,0.7438464155329106,0.7257366395376886,0.7508554071360009
2018-03-22,0.7442210672994245,0.7256583892683233,0.7509345631430286
2018-03-23,0.7439495507926064,0.7256637614766304,0.7509100395352962
2018-03-26,0.743937122947087,0.7257105869926088,0.7506935155426568
2018-03-27,0.7447674141181942,0.7255955324086678,0.7506687033795033
2018-03-28,0.7438290667514846,0.7256427620236511,0.750717280153261
2018-04-02,0.7438309527131102,0.7255854727183488,0.750958729407925
2018-04-03,0.7440473005338815,0.7255414318785116,0.7510118307154885
2018-04-04,0.7439853213188201,0.7255705619923153,0.7508789557227757
2018-04-05,0.7440714373185786,0.7257103453089219,0.7509539930327068
2018-04-06,0.7440759468936639,0.7258229491912277,0.7510566316539035
2018-04-09,0.7439172642526968,0.725480995556204,0.7513210974774133
2018-04-10,0.7444614610769378,0.7254918150298222,0.7512258759491908
2018-04-11,0.744754285437179,0.7255804608525133,0.7514144573169558
2018-04-12,0.7440995727458779,0.7255897106316234,0.7515263147465547
2018-04-13,0.74413282904222,0.7254523967821838,0.751217529699566
2018-04-16,0.7445205836698154,0.7254841767612962,0.7514172175071402
2018-04-17,0.7458208759179764,0.7254235199317254,0.751400291153707
2018-04-18,0.7462886956916797,0.7253362113241857,0.7513856650534902
2018-04-19,0.746130725443634,0.7250509091211331,0.7515651556984486
2018-04-20,0.747062075090758,0.7251720098809277,0.7514070055127923
2018-04-23,0.7468451310462698,0.7249553677320576,0.7513582022039286
2018-04-24,0.7471911758041667,0.7249007293443701,0.7514503692557216
2018-04-25,0.747401080064901,0.7249662170232888,0.7515407870857433
2018-04-26,0.7475752159792859,0.7250561770583255,0.7514263010412466
2018-04-27,0.7472901681261773,0.7250643286925514,0.7513696465356848
2018-04-30,0.7469006663507698,0.7252005138781425,0.7513895187766361
2018-05-02,0.7464141765188209,0.7251272474180456,0.751475023107987
2018-05-03,0.746476037465535,0.7250466669802728,0.7514479433374847
2018-05-04,0.7462388213672122,0.7247785329090782,0.7515042845816522
2018-05-07,0.7461772590690156,0.7247320091256695,0.7516255503293415
2018-05-08,0.7462305979459122,0.7247513907098034,0.7518500372531145
2018-05-09,0.7461230336907536,0.7248227874785205,0.7518490950996981
2018-05-10,0.7455754490319864,0.7246035856273263,0.751824730463646
2018-05-11,0.7461855899955189,0.72484115507551,0.7515841284179147
2018-05-14,0.7470234055957102,0.724881065833135,0.7514561021640195
2018-05-15,0.7469140719208507,0.7245544976160699,0.7515936391847107
2018-05-16,0.7461428427116231,0.7247836708552798,0.7515416419058375
2018-05-17,0.7459845369857004,0.724577759572678,0.7517594101580829
2018-05-18,0.7462618117833407,0.7247229911150447,0.7517415407031621
2018-05-21,0.7468654639904875,0.7247196756854205,0.751717881083573
2018-05-22,0.7466480319724714,0.724652457143976,0.7518906863990655
2018-05-23,0.7468123821441273,0.7244497907639394,0.751665365477087
2018-05-24,0.746540079079786,0.7245557272054622,0.7517577441324449
2018-05-25,0.747305049187594,0.7242160523603828,0.7518892779118348
2018-05-28,0.7471640908440579,0.7242723849916861,0.7516553200160095
2018-05-29,0.7469415678577365,0.7244586533609106,0.7518109268306465
2018-05-30,0.7461693445873019,0.7243533898002743,0.7518607239295679
2018-05-31,0.7464901883664298,0.7244413426897488,0.7520081367700248
2018-06-01,0.746865506370933,0.7243432746883182,0.7518325995569105
2018-06-04,0.7461507760797959,0.7243521720661944,0.7520315398794257
2018-06-05,0.7470389764069217,0.7244019542620564,0.7520529229853129
2018-06-06,0.7468132443808615,0.7241574292476292,0.7521294255094628
2018-06-07,0.7477362054437806,0.724090284228427,0.7520853307320123
2018-06-08,0.7471457588985432,0.7238113395500362,0.7522263041934963
2018-06-11,0.7487220791069027,0.7239406199990417,0.7520403732432488
2018-06-12,0.7493815191374371,0.7240506096832944,0.7522063565584916
2018-06-13,0.7492063144192569,0.7240492971477644,0.7522581400215463
2018-06-14,0.7488812527263305,0.7239416421240112,0.7522625372475575
2018-06-15,0.7490025064177824,0.7239337727322466,0.7520903869343909
2018-06-18,0.7497901356133454,0.7238200099178739,0.752264967308378
2018-06-19,0.7501212731920396,0.7239273215120651,0.752393235570349
2018-06-20,0.7500193022806212,0.7239424969075896,0.752447584686393
2018-06-21,0.7500657799092733,0.7238810816048822,0.7520917425048169
2018-06-22,0.7512639375113468,0.7236195208934154,0.7523464387482113
2018-06-25,0.7504441009364168,0.7236482041435064,0.7524489022964116
2018-06-26,0.7512056365801263,0.723798502286056,0.7524597666657926
2018-06-27,0.7513764031097151,0.723715770839466,0.7526249907902607
2018-06-28,0.7507726293671676,0.7236667966682427,0.7524355644561056
2018-06-29,0.7503342867959812,0.7237089931873718,0.7525232090158163
2018-07-02,0.750296378603153,0.7235083531835094,0.7525295232524973
2018-07-03,0.7507886568550812,0.7235049701956356,0.7523499267185809
2018-07-04,0.7508867049892839,0.7235771299778155,0.7523059735838168
2018-07-05,0.7497518069091388,0.7233113345345689,0.7523525830131846
2018-07-06,0.750463698318694,0.7234514612308187,0.7523771327321859
2018-07-09,0.7504048675406896,0.723364115685892,0.75257735386609
2018-07-10,0.7509324809800183,0.723292880777338,0.752477429986091
2018-07-11,0.7507195671272344,0.7234399851919725,0.7524514792509882
2018-07-12,0.7498993070175417,0.7232775305335594,0.75267504963444
2018-07-13,0.7503902486166318,0.7232911733634709,0.7525795986184864
2018-07-16,0.7501666223112371,0.7232041020929866,0.7524495285682785
2018-07-17,0.7503469002245858,0.7232201656396945,0.7525647873509591
2018-07-18,0.7504203293064736,0.723268378541954,0.7525100504720451
2018-07-19,0.750412265794985,0.7232995922623064,0.7524900855918384
2018-07-20,0.7504644452879579,0.7232427742438822,0.75235126703506
2018-07-23,0.7501356204024019,0.7232486583237847,0.7523676873497492
2018-07-24,0.7487569105704794,0.7233065242300482,0.7522996817348435
2018-07-25,0.7494670563439462,0.7233175497016717,0.7521630920755572
2018-07-26,0.7496861770124577,0.7233371142514156,0.7523990915153324
2018-07-27,0.7495791604876809,0.7232802611409453,0.7524849920775506
2018-07-30,0.7506846848613504,0.7232423212154275,0.7525923183473404
2018-07-31,0.7504650582069208,0.7231712159632522,0.7525584411232806
2018-08-01,0.7503482469517572,0.7232545387639024,0.7524706455596879
2018-08-02,0.7505193871221221,0.7232994657576214,0.7523943128050979
2018-08-03,0.750847295407047,0.7233584747665811,0.7523154972822065
2018-08-06,0.7512885024313425,0.7233227239520916,0.7524539853757765
2018-08-07,0.7510298020845192,0.723187399483052,0.7525491563314319
2018-08-08,0.7509289376717466,0.7231101080800917,0.7526920937297665
2018-08-09,0.7511293581275162,0.7231249995313423,0.7525550374212063
2018-08-10,0.7509088450274101,0.7231451149623708,0.7524915386873937
2018-08-13,0.7499797607886822,0.7229631279336091,0.7523007820767388
2018-08-14,0.7499794847143341,0.7229165543624619,0.7524366492368028
2018-08-15,0.7497084819162511,0.7228783232759497,0.7526512850475554
2018-08-16,0.749818645995558,0.7227875917900279,0.7527657685120545
2018-08-17,0.7500374063417468,0.7229199615246784,0.7526874009473059
2018-08-20,0.7499632187028565,0.7228476145797814,0.7527127167542975
2018-08-21,0.7503452975713572,0.72270881491215,0.7528733162057055
2018-08-22,0.7498587192455041,0.7225886389887579,0.7526783650614847
2018-08-23,0.7504135255990318,0.7225225546155487,0.7526889852099113
2018-08-24,0.7506941554301976,0.7225999137263829,0.7526571402635556
2018-08-27,0.7502375047212672,0.7225463684833122,0.7528220354770098
2018-08-28,0.7494656831545617,0.7226039894318279,0.7528833380961292
2018-08-29,0.7504054667927402,0.7223929718222424,0.7528264643920811
2018-08-30,0.750013431922939,0.7224508043802109,0.753013709916873
2018-08-31,0.7505735727838863,0.7222777594046482,0.7527985784679002
2018-09-03,0.7507913814575308,0.7224044069266083,0.7529650240547091
2018-09-04,0.7503445265304182,0.7227633659429391,0.7527980380284813
2018-09-05,0.7504095623042588,0.722632434432062,0.7529267461799221
2018-09-06,0.7500293454220588,0.7225699578680771,0.7530359158777068
2018-09-07,0.7498858719174615,0.7227778391508102,0.7529077368646382
2018-09-10,0.7501961381244877,0.7225552241562789,0.7528990814044605
2018-09-11,0.7498496055234697,0.7221984088901784,0.7530240588720758
2018-09-12,0.7497562879616031,0.7225110280350778,0.7532507907401148
2018-09-13,0.7495342810741559,0.7226118964397968,0.7532025803747399
2018-09-14,0.7489217592547955,0.7225978209765983,0.7534398367691062
2018-09-17,0.7490483019538388,0.7227457312311197,0.7534311572256034
2018-09-18,0.7493673266404954,0.7227379784483393,0.7534654990929929
2018-09-19,0.7487100958724403,0.72258550244573,0.7532171835502272
2018-09-20,0.7478340397870651,0.7226153782982027,0.7534252693749984
2018-09-21,0.7475531971498887,0.7225585521549418,0.7533997550453837
2018-09-24,0.7485562532177855,0.7224933880597767,0.7532368342976198
2018-09-25,0.7486613585797902,0.7223717232739412,0.7533204700728876
2018-09-26,0.7490941871475897,0.7222633084475568,0.7529982098371114
2018-09-27,0.7494137083144541,0.7222896411965141,0.7531675423917313
2018-09-28,0.7488777800065363,0.7223793558292548,0.753334750222702
2018-10-01,0.7488256654296227,0.7223719064822504,0.7531455825580712
2018-10-02,0.7488311875932774,0.7220122301492339,0.7531277468074871
2018-10-03,0.7494959613192359,0.7217260173740064,0.7533827885747532
2018-10-04,0.7489026587019457,0.721909976710385,0.7534782577704404
2018-10-05,0.749498259178704,0.7218139942749866,0.7534889287610553
2018-10-08,0.7494963682142086,0.7218715046499302,0.7533698965094998
2018-10-09,0.7495461542664978,0.7218210854495922,0.753339302850617
2018-10-10,0.749323455284172,0.7221044895085851,0.7535136479002236
2018-10-11,0.7482101834334189,0.721903381243421,0.7533914327687395
2018-10-12,0.7492122370678035,0.7220341906726688,0.7537542668275344
2018-10-15,0.7486628175893744,0.7220728270537194,0.7537864348980554
2018-10-16,0.7487793045912161,0.721908467275352,0.7537427348853982
2018-10-17,0.7489551915171561,0.7222079548193485,0.7536979209985456
2018-10-18,0.748570407359263,0.7219431644367819,0.7536325461300482
2018-10-19,0.7485658707334958,0.7219890736240445,0.7538536132676327
2018-10-22,0.7485314382493545,0.7220834829420967,0.7536685586496403
2018-10-23,0.7482372912591218,0.722150133169366,0.7538086448507411
2018-10-24,0.7482385229448353,0.7220936030372618,0.753616810179751
2018-10-25,0.7481846109516731,0.7221301248459957,0.7536621310093436
2018-10-26,0.7477311251320807,0.7221639997462255,0.7536238873683134
2018-10-29,0.7461982094641407,0.722052018683112,0.7536918396878147
2018-10-30,0.7468568001915952,0.7221528466191448,0.7535920693394829
2018-10-31,0.7468680871071154,0.7221099461172605,0.7536589811429838
2018-11-01,0.7458164391955964,0.7220998294831712,0.753589304230306
2018-11-05,0.7447213530968646,0.7218801410009554,0.7537205047974602
2018-11-06,0.7447121597256248,0.721719940096254,0.7538669340232029
2018-11-07,0.7441671791892724,0.7217239537422988,0.7537469076643235
2018-11-08,0.7436105296919295,0.7217856504947303,0.7536250775039982
2018-11-09,0.7432823903059441,0.7218345406482694,0.753847201031393
2018-11-12,0.7424403388459531,0.7217051167450923,0.7539613395504733
2018-11-13,0.7421421841999793,0.7216515539410929,0.7538233112644505
2018-11-14,0.7420966308495904,0.7215145921589574,0.7540295512224011
2018-11-15,0.7414374224726995,0.7217661074404617,0.7540190772342122
2018-11-16,0.740727665263276,0.7214173079161655,0.754099017539814
2018-11-20,0.7405632291097041,0.7216779823427307,0.7543308706463039
2018-11-21,0.7410227521378968,0.7217254893163664,0.7543148269566076
2018-11-22,0.7401887333586128,0.7216236270594882,0.7541766465081751
2018-11-23,0.7405876130609661,0.7217096823058026,0.7543330408699198
2018-11-26,0.7406928097976884,0.7215786293224936,0.7542914627833737
2018-11-27,0.7400445663139719,0.7216082985237252,0.7542088180552906
2018-11-28,0.7395300729990882,0.7214378737341975,0.7543026215692913
2018-11-29,0.7387995341501034,0.7211740671469814,0.7541859961346081
2018-11-30,0.7402893549196409,0.7212201637136618,0.7544361283295595
2018-12-03,0.740237159916157,0.721173244278066,0.7544207724611318
2018-12-04,0.7404088705870304,0.7212179713884692,0.7545591381743213
2018-12-05,0.7399103411375606,0.7211160812533035,0.7544500126370135
2018-12-06,0.7402043273989745,0.7212154849445571,0.7545413961868085
2018-12-07,0.7399020161160101,0.72113782224963,0.7546775114354256
2018-12-10,0.7397927783558155,0.7212481136410187,0.754493078174286
2018-12-11,0.7393488124929538,0.7211145577758191,0.754576701016276
2018-12-13,0.7391182424699894,0.7212559115656597,0.7545143050879888
2018-12-14,0.7395054246833426,0.7212002029846283,0.7545660507260051
2018-12-17,0.7391725611289904,0.721633857377556,0.7545645782422147
2018-12-18,0.739619799761619,0.721548341658205,0.7544873379489884
2018-12-19,0.7392790903831546,0.7215965439754651,0.7545656521986177
2018-12-20,0.7393828056897201,0.7212754966737731,0.7544191679121965
2018-12-21,0.738885814771025,0.721457930983884,0.7547224325935854
2018-12-24,0.7397203540479015,0.7213266157787895,0.7548071455036868
2018-12-26,0.7387754181744929,0.7213199342455195,0.7548684421408198
2018-12-27,0.7388686396367056,0.7214931492005742,0.7549664280498722
2018-12-28,0.7384880001186168,0.7213000704602902,0.7550163837237096
2018-12-31,0.7388486419687778,0.7212029677224568,0.7548862941197708
2019-01-02,0.7385889912196875,0.7209133042519562,0.7546205567402241
2019-01-03,0.7389871032421764,0.7206617558634857,0.7545185206815029
2019-01-04,0.7383234032144922,0.7206528103135255,0.7546529105404707
2019-01-07,0.7379668616245358,0.720785265810974,0.7549462831685648
2019-01-08,0.7381334587937366,0.720843834847554,0.7548010750302969
2019-01-09,0.7378036440982785,0.7206223249156276,0.7546744899306793
2019-01-10,0.7375328782494391,0.7207932411947173,0.7546513276328458
2019-01-11,0.7385749534415446,0.7206875656292776,0.754724764961496
2019-01-14,0.738293903448247,0.7206726154510161,0.7547427053666941
2019-01-15,0.7381402685124613,0.720373840841001,0.7548318903338503
2019-01-16,0.7380747702859255,0.7207025471489373,0.7547654463479726
2019-01-17,0.7379630975809185,0.7207817058382224,0.7547825541642879
2019-01-18,0.7384109323051696,0.7207761371337305,0.7550176901649778
2019-01-21,0.738234176903501,0.7207534663033528,0.7548586271190526
2019-01-22,0.7382955940139392,0.7206233899254523,0.7549275197597584
2019-01-23,0.7384977791047265,0.7206779372583452,0.7549760364078089
2019-01-24,0.7389468927300238,0.7206243322259425,0.7550863557799082
2019-01-25,0.7391806924830865,0.7205433524012748,0.7550717291904218
2019-01-28,0.7391081450744382,0.7203379272602983,0.7549262246213261
2019-01-29,0.7394013727762965,0.7203076155976161,0.7549670535482966
2019-01-30,0.739338155949635,0.7202859316548643,0.7548182991547737
2019-01-31,0.7391343357466544,0.7201963036597524,0.7548407556476491
2019-02-01,0.7391313732365599,0.720434559157235,0.754962930377226
2019-02-05,0.7387950239288739,0.7202982713594831,0.7548932677112663
2019-02-06,0.7400180031956978,0.7203015746716332,0.7547993781422432
2019-02-07,0.7397478607222616,0.7202049471798434,0.7549007053827734
2019-02-08,0.738958974922246,0.7203909255887739,0.7551583725159301
2019-02-11,0.7389706659639466,0.7203899828918482,0.754982658246971
2019-02-12,0.7393693821089214,0.7202522002519641,0.7550513704885528
2019-02-13,0.7393151279285497,0.7203851248415979,0.755147285150093
2019-02-14,0.7390377525837826,0.7203907675075001,0.7552933854264152
2019-02-15,0.7394750195087143,0.7204543200697269,0.7553051726077956
2019-02-18,0.7400344584789307,0.720545632776859,0.7552430180214879
2019-02-19,0.7398822913546499,0.7206326092843124,0.7551288290751405
2019-02-20,0.7399868654414229,0.7203677256577519,0.7551578081644259
2019-02-21,0.7400902674594477,0.7205138722389893,0.7550350098337819
2019-02-22,0.7401526503158044,0.7203158671538663,0.7550045796307022
2019-02-25,0.7395519095134268,0.7206980888626761,0.7549449218831188
2019-02-26,0.7397239795142515,0.7204060474133119,0.7550714356287546
2019-02-27,0.7392640326178133,0.7204352564046129,0.7551818298706556
2019-02-28,0.739023366859911,0.7204855678866922,0.755039980689662
2019-03-01,0.7389711264120843,0.7204794716828524,0.7552625110466014
2019-03-04,0.7386966853931315,0.7205364499273532,0.7553340966053098
2019-03-05,0.738576108390028,0.7206094073617262,0.7554734283022166
2019-03-06,0.7384104950071557,0.7205176877857608,0.7553666524417173
2019-03-07,0.7381331535417586,0.7204996887597511,0.7551027324638652
2019-03-08,0.7374198067875706,0.72059022948034,0.755308177759257
2019-03-11,0.7379143700316624,0.7206214224774347,0.7549962639857688
2019-03-12,0.7382001451961421,0.7204145212740825,0.755320169675699
2019-03-13,0.7376439555179805,0.7205279671668976,0.7551592214313553
2019-03-14,0.7372448712269692,0.7204993362992025,0.755234337042684
2019-03-15,0.737465782790037,0.7204531765518328,0.7554856472120051
2019-03-19,0.7374747211707819,0.7203700685413108,0.7554276272910851
2019-03-20,0.7367423502229555,0.7202726177280028,0.7556203929284835
2019-03-21,0.7361243315686595,0.7203133217530662,0.7557770335905439
2019-03-22,0.735520333766528,0.7201465952772688,0.7559978210748541
2019-03-25,0.7353124894300533,0.7202642021477862,0.7558694405223214
2019-03-26,0.734989074067459,0.7200148403932037,0.7558748107976864
2019-03-27,0.7351965525642189,0.7200730185871334,0.7558115432780439
2019-03-28,0.7352474955294488,0.7199366756065534,0.7559518829786237
2019-03-29,0.734636605769465,0.7199398527519588,0.7559422558716139
2019-04-01,0.735269416938199,0.7200502157128258,0.7560281366257785
2019-04-02,0.735997732548986,0.7200208549638826,0.7560826349057838
2019-04-03,0.7355670564249185,0.7199027220979992,0.7558837652743136
2019-04-04,0.7357862988715655,0.7198878690141853,0.7559220620944161
2019-04-05,0.7351498727230416,0.7197466550794057,0.7559069849457365
2019-04-08,0.7362676344798785,0.7199080808988702,0.7557356080740242
2019-04-09,0.7367636614993672,0.7197698073203682,0.755604172831523
2019-04-10,0.7363308740141055,0.7199615272562641,0.7556836314366215
2019-04-11,0.7363938574414928,0.7199711909540377,0.7559088086121277
2019-04-12,0.7368417441814696,0.7198086153996401,0.7557474080932046
2019-04-15,0.7372185971733283,0.7197671331534157,0.7557990650613599
2019-04-16,0.7365926570835234,0.7199230804717784,0.7558615002318029
2019-04-17,0.7358586031172818,0.71971093034606,0.7560345147915425
2019-04-22,0.7360358191245162,0.7197996964208472,0.7560726316913952
2019-04-23,0.7360461958582732,0.719816233834431,0.7559468184617196
2019-04-24,0.736876305441849,0.7198213154233131,0.756089350387214
2019-04-25,0.7368846048121357,0.7198981394829211,0.7562076897453045
2019-04-26,0.7365938054944899,0.719721777538435,0.7560557135213154
2019-04-29,0.7363812266110108,0.7198524865486321,0.7560629579660129
2019-04-30,0.7367683031502258,0.719864329170753,0.7559096181330168
2019-05-02,0.7365946614990847,0.7197811838590289,0.7561661038003649
2019-05-03,0.7374418892865662,0.7198068113101703,0.756096485005014
2019-05-06,0.7370901872027533,0.7199939337980027,0.7560257170195455
2019-05-07,0.7370445697499709,0.7198764757825641,0.7559605496213233
2019-05-08,0.7372751569191743,0.7197913835066841,0.7561495341962899
2019-05-09,0.7374341187605674,0.7198039542577339,0.7559924698763
2019-05-10,0.7375628372963297,0.719776662137045,0.7561491201151618
2019-05-13,0.7375584835648037,0.7196593241903422,0.7560458352054684
2019-05-14,0.7370327396970469,0.719811791921671,0.7559822235055474
2019-05-15,0.7371825786104438,0.7196343737417028,0.7560769460236201
2019-05-16,0.7371238311917618,0.7197323747781234,0.756141424176734
2019-05-17,0.7373535268412106,0.7194983500119849,0.7562617693266309
2019-05-20,0.7375905862124237,0.7195915533581597,0.7561553268933318
2019-05-21,0.7376360533536017,0.7196309734076832,0.756089799835609
2019-05-22,0.7381245177749687,0.7196508290365367,0.7561748657135657
2019-05-23,0.7378959023095994,0.7196753607456131,0.7561526321555935
2019-05-24,0.7377421177861843,0.7195482778705342,0.7561671285781365
2019-05-27,0.7377944220229146,0.7194372598407145,0.756118117543813
2019-05-28,0.7376259441506038,0.7193098602025938,0.7565466928333937
2019-05-29,0.7378542880884614,0.7192357630404599,0.7565158198327393
2019-05-30,0.7374052551205104,0.7192028045343843,0.7563698021623367
2019-05-31,0.7371377733822738,0.7191078153195218,0.7565925929817192
2019-06-03,0.7379079161429373,0.7193106985585119,0.75655595239995
2019-06-04,0.737457878638694,0.719142566717643,0.7566281013293193
2019-06-05,0.7372414401513827,0.7191462140519946,0.7566184152971003
2019-06-06,0.7371732491583186,0.7191294703854987,0.7566371567861185
2019-06-07,0.7366797693431422,0.7192340106036945,0.7565790772018993
2019-06-10,0.7365816484880868,0.7192168809915156,0.7562877667707858
2019-06-11,0.737563640559866,0.7192272490497233,0.7566185260547029
2019-06-12,0.7367869292200313,0.7190263394235318,0.7568061713221049
2019-06-13,0.7370159461147523,0.7190501723473067,0.7564535950454951
2019-06-14,0.7371247729450647,0.7187039900683919,0.7566491839989149
2019-06-17,0.737963987705019,0.7189738815885995,0.7565656201034097
2019-06-18,0.7376991820942882,0.7191766509759774,0.7567826666047646
2019-06-19,0.7381870521581478,0.7191627701948167,0.7569162593613383
2019-06-20,0.7377904740534941,0.7190664856844077,0.7566854729433976
2019-06-21,0.7383390560692005,0.7190402124297797,0.756799642323764
2019-06-24,0.7378440268852035,0.7188259974397335,0.7568508689417698
2019-06-25,0.7382341509326946,0.7189197138837138,0.7567235254971805
2019-06-26,0.7384124653831666,0.7189492793819686,0.7566959633924422
2019-06-27,0.7380312613388368,0.7190563924243529,0.75686784054967
2019-06-28,0.7373660918684853,0.7188557730589648,0.7568985875636709
2019-07-01,0.737363062358563,0.71870921061768,0.7568539161533676
2019-07-02,0.7379832641774015,0.7187271563298457,0.7568862622966274
2019-07-03,0.7373601808158184,0.718630240968232,0.7567418789120516
2019-07-04,0.7375740067051364,0.7185541118171044,0.7568328861489056
2019-07-05,0.7376196171637089,0.7186301504847432,0.7570328430471035
2019-07-08,0.7378413919687805,0.718365410116941,0.7570049309786357
2019-07-09,0.7376174668862039,0.7183985187779213,0.7571197597419215
2019-07-10,0.7379559367055456,0.7185866921741014,0.7571042982141092
2019-07-11,0.7380614652216237,0.7183596497620145,0.7570649688048195
2019-07-12,0.7378187238596892,0.718547558529354,0.7572373373565554
2019-07-15,0.7389974543133159,0.7186911977540391,0.7573490310624679
2019-07-16,0.7388366234751994,0.7186388324764532,0.7572308565320345
2019-07-17,0.7391723706317949,0.7185988372631319,0.7572397718979333
2019-07-18,0.7383350271246452,0.7185732282200231,0.7572321766748004
2019-07-19,0.7377217802677465,0.718626160965521,0.7572909816821304
2019-07-22,0.7377030964370104,0.7184699148359655,0.7574576243157607
2019-07-23,0.7384270253138182,0.7185765209240319,0.7575355863169383
2019-07-24,0.7388151109040957,0.7186390826702477,0.7572689560406505
2019-07-25,0.7379352638697944,0.7186273042696785,0.7572185200023928
2019-07-26,0.7379481597860954,0.7185095102240876,0.7569992158954693
2019-07-29,0.7380046253049128,0.7185014179175297,0.7573014452817245
2019-07-30,0.7381751037055305,0.7187150744456916,0.757290146480063
2019-07-31,0.7382636360234843,0.7185581777606178,0.7573165786273682
2019-08-01,0.7380376317046232,0.7185172892207056,0.7574771184680079
2019-08-02,0.7385970578231361,0.7184230196486368,0.7574954831784767
2019-08-05,0.7389334000559343,0.7184234055902226,0.7573786542778863
2019-08-06,0.7393177692126446,0.7187381228726609,0.757446647944772
2019-08-07,0.739391056330133,0.718448654594191,0.7578542928253468
2019-08-08,0.739556377254341,0.7184440138310878,0.7579390116721683
2019-08-09,0.739499933264151,0.7185160898952858,0.7578528897635209
2019-08-12,0.7394010528943851,0.7185723241870479,0.7579068941840936
2019-08-13,0.7393258314657247,0.7184310901693696,0.7580638625294965
2019-08-14,0.7385840764927201,0.7186276386985595,0.7579987138362674
2019-08-15,0.7396685224705843,0.7187356527304676,0.7581114606638366
2019-08-16,0.7389445866510509,0.7185942846433943,0.7580250555370089
2019-08-19,0.7389446655226883,0.7186762505674245,0.7581196877996628
2019-08-20,0.7391101693124894,0.7187315553128224,0.7580030275206832
2019-08-21,0.739468177676781,0.7186388485131472,0.7577991054965085
2019-08-22,0.73928450922972,0.7186241649812639,0.7578387572430657
2019-08-23,0.7388507378663496,0.7185838477360131,0.7582110721293314
2019-08-26,0.7393872530637216,0.7184686493269515,0.7582045849789016
2019-08-27,0.738894888095751,0.7185440164891519,0.7583177192888607
2019-08-28,0.7396690334116596,0.7185057256128806,0.7579347121660188
2019-08-29,0.7382871404464548,0.7183313106812689,0.7581454993572472
2019-08-30,0.7372524282082391,0.7184434405596893,0.7580140677605465
2019-09-02,0.7377411807709778,0.7185028573747667,0.7581339435521479
2019-09-03,0.7378227548452372,0.7184326760302201,0.7582155801496391
2019-09-04,0.738551263130959,0.7185040275928586,0.7583081205390432
2019-09-05,0.7381682072153407,0.7185158406582897,0.7582774638623749
2019-09-06,0.73834927574611,0.718373419697045,0.7581353953528739
2019-09-09,0.7374974679028887,0.7183577346789692,0.7579987968968547
2019-09-10,0.737833868269358,0.7183781736297334,0.7579435866259255
2019-09-11,0.738131160535322,0.7182366661117772,0.7577522936802731
2019-09-12,0.7376265913392994,0.7181703831318421,0.7580411124654275
2019-09-13,0.7379173755529169,0.7182057365645121,0.7581498160728598
2019-09-17,0.7380921478907304,0.7179882259033123,0.7579765926794794
2019-09-18,0.7388129374423764,0.7181322160659471,0.7581416438036084
2019-09-19,0.738819304417701,0.7180298498274166,0.7578582461830011
2019-09-20,0.7375361775872152,0.718130874243261,0.7578540674996229
2019-09-23,0.7375451200264962,0.7182890959052343,0.7579218867251544
2019-09-24,0.7379379071023419,0.7183717452546425,0.7577308283634447
2019-09-25,0.7379431221661926,0.7183049553457982,0.7577252961802154
2019-09-26,0.738561590963925,0.7183441161539816,0.7578503729643197
2019-09-27,0.7385009005885304,0.7183946339099411,0.7578456992853965
2019-09-30,0.7383208997607597,0.7183309742639459,0.7580008811932386
2019-10-01,0.738043829049228,0.7183814660652171,0.7582930134299446
2019-10-02,0.7377044169719459,0.7183218241187131,0.7579854947746858
2019-10-03,0.7382399522482284,0.7184287747492953,0.7582214697147187
2019-10-04,0.738911250462116,0.7184537963322434,0.7579962570639285
2019-10-07,0.7377556966730044,0.7182500848932418,0.7580573892861064
2019-10-08,0.7382594025071301,0.7181930637099619,0.7581467482651472
2019-10-09,0.7382131444018593,0.7183774537344212,0.7581210132772239
2019-10-10,0.7388908117758669,0.7179093803923942,0.7582277204662087
2019-10-11,0.7393394715999401,0.7180824692417769,0.7581980831631977
2019-10-14,0.7388367808981594,0.7183448643136155,0.7582085906322414
2019-10-15,0.7391096522661851,0.7179196156418312,0.7583060093449197
2019-10-16,0.7393504496796384,0.7179121558934826,0.7582860007195718
2019-10-17,0.7390186227379276,0.7178379038062619,0.7583679887636955
2019-10-18,0.7389574196000415,0.7177211603753979,0.7584433176710954
2019-10-21,0.7391757805868403,0.7177178295149075,0.7584073172391502
2019-10-22,0.739372212350888,0.7177993831847648,0.7583120193716241
2019-10-23,0.7396691443465966,0.717961222586478,0.7582917647192721
2019-10-24,0.740388989548888,0.7178432491103823,0.7582935519335685
2019-10-25,0.740056658293696,0.7178542140314182,0.7581071134098927
2019-10-28,0.7389306472518302,0.7177346487361718,0.7582746408888441
2019-10-29,0.7400951470491505,0.717430032699337,0.7584403360006473
2019-10-30,0.7397098465220551,0.7174813608511915,0.7584795112891585
2019-10-31,0.7392757592123218,0.7175452624126983,0.7584003847984054
2019-11-01,0.7387191860085407,0.7174960662476092,0.7583421463535458
2019-11-04,0.7388864392515558,0.7176029427296264,0.7585252901249473
2019-11-05,0.7388284239612942,0.7172703245161852,0.7583374316497479
2019-11-06,0.7392548966072656,0.7172951958230009,0.7587581404201268
2019-11-07,0.7386747179083879,0.7172557638198518,0.7583790092511884
2019-11-08,0.7387833661095948,0.7172262858972497,0.7584812673465323
2019-11-11,0.739023170669566,0.7171705210589139,0.7587387598937537
2019-11-12,0.7393996703237304,0.717273534766845,0.7589823096920453
2019-11-13,0.7395657839345253,0.7171365637547819,0.758849199085068
2019-11-14,0.7389130275983621,0.7172143437349007,0.7587444049958406
2019-11-15,0.7387356426930276,0.7169844902819861,0.7585903105512248
2019-11-19,0.7382099910577038,0.7170803036221784,0.7585070853245669
2019-11-20,0.7382192261816884,0.7170190205894837,0.7583606582239061
2019-11-21,0.7385763310685253,0.7169385007279236,0.7584564401926295
2019-11-22,0.7390721026732487,0.7171988709353668,0.7583033324568655
2019-11-25,0.7384640891031796,0.7168723077169704,0.7583967197251112
2019-11-26,0.738439673076338,0.7170403602774327,0.7582672561648066
2019-11-27,0.7372723953932597,0.7172635520594668,0.7583399194710387
2019-11-28,0.7378958898907352,0.717167063663355,0.7584875486637062
2019-11-29,0.7375112755591107,0.7171666838187462,0.7582406650234585
2019-12-02,0.7377902313250182,0.7170314114980101,0.7582757910789408
2019-12-03,0.7379400261578827,0.7169676484909638,0.7581083828167028
2019-12-04,0.7383451373202106,0.7170835615666373,0.7585614432476137
2019-12-05,0.7389562702841715,0.7169326995519978,0.758645891068192
2019-12-06,0.738354987113286,0.7168471076571346,0.7585250583912766
2019-12-09,0.738841758861501,0.7168955608264705,0.7586344837750831
2019-12-10,0.7386747163569993,0.7165832107781394,0.758720321039914
2019-12-11,0.7377779867922607,0.7165383850958981,0.7587023085251561
2019-12-13,0.7380571703538061,0.7165094765134673,0.7586211550218036
2019-12-16,0.7378866799047467,0.7166971431365196,0.758729020337476
2019-12-17,0.7382216362084806,0.7167800137819605,0.7587100015301628
2019-12-18,0.7383658011362959,0.716665739759325,0.7585318348540987
2019-12-19,0.7384239036616345,0.7167090314720351,0.7587990884091541
2019-12-20,0.7379476932910846,0.7166596208246464,0.7589263686456776
2019-12-23,0.7379746296643332,0.7167697245758891,0.7589480142250647
2019-12-24,0.7384325852342306,0.7165769020727394,0.7588148593812963
2019-12-26,0.7384769023532834,0.7168300852220116,0.7586536280265535
2019-12-27,0.7380867621442121,0.7165088931773074,0.7587133671722934
2019-12-30,0.7379246256114342,0.7165912440327628,0.7588660700643933
2019-12-31,0.7372024982964811,0.7165445988391936,0.7587183862427782
2020-01-02,0.7366870248800952,0.7163422922211317,0.7588490384290368
2020-01-03,0.7357512577308107,0.7161471872328818,0.7589799345716461
2020-01-06,0.735513882805425,0.7162857758971675,0.7590398266955638
2020-01-07,0.7356272776017464,0.7162383167871816,0.7591096646172099
2020-01-08,0.7354138848849125,0.7162651206853972,0.7589470157614598
2020-01-09,0.7359742320538293,0.7163990035168476,0.7592090634083002
2020-01-10,0.7364161534108602,0.7167019862913027,0.7590615378683252
2020-01-13,0.7360341133276173,0.716508640000038,0.7589010773310364
2020-01-14,0.7355342574086383,0.7165856565471664,0.7588731747607232
2020-01-15,0.7357518813836127,0.7164073391650402,0.7589102721787634
2020-01-16,0.7359077352138235,0.7165705483459073,0.7591519225114752
2020-01-17,0.7354243162337714,0.7163781419349347,0.7589292703609131
2020-01-20,0.7358530635218704,0.7164698936126502,0.7589506017913086
2020-01-21,0.7359248332238555,0.7163551466950859,0.7588843330317618
2020-01-22,0.7365791712457197,0.7163895128992624,0.758943913527578
2020-01-23,0.7359134193423124,0.7159628860681957,0.7589574148515553
2020-01-24,0.7356390388199375,0.7162573668931614,0.75889634200284
2020-01-27,0.734448864085102,0.7159938638551724,0.7590908804124935
2020-01-28,0.7349525161350193,0.7160730212039439,0.7589982658191238
2020-01-29,0.7349917939048467,0.7159263251596489,0.7592197362579415
2020-01-30,0.7349472172716887,0.7156143104095329,0.7591817831247709
2020-01-31,0.7347774459608969,0.7160401425307782,0.7592232584418376
2020-02-04,0.7345471789886183,0.716055099556421,0.7593451835644507
2020-02-05,0.7349538412677935,0.7159206871947776,0.7593163558680202
2020-02-06,0.7347360028153538,0.7157459252844107,0.7593123172299667
2020-02-07,0.7342591332928444,0.7158074422646241,0.7592454808894747
2020-02-10,0.7344968468557723,0.7159122500354899,0.7592465641843225
2020-02-11,0.7344236897737975,0.7160004715893553,0.7595103550320542
2020-02-12,0.7344134010304202,0.7160511284132973,0.7595747319188152
2020-02-13,0.7346366549897679,0.7157178533470016,0.7596494586948099
2020-02-14,0.7353071796206065,0.7159025714382641,0.7595752229233618
2020-02-17,0.7348533491898509,0.7157121552170554,0.7597834756946692
2020-02-18,0.7342973023634198,0.7157590584626188,0.7598312064805242
2020-02-19,0.7340688727765035,0.7157957931675694,0.7599361003352902
2020-02-20,0.7347903323403178,0.7158084035075468,0.7597896670157818
2020-02-21,0.7351810414849443,0.7161646982159658,0.759657010280403
2020-02-24,0.7346802847976714,0.7158407679437206,0.7594541464557952
2020-02-25,0.7340157703924527,0.7158151667731453,0.7595326478282988
2020-02-26,0.7344639242479352,0.7159932963467859,0.7598219649032157
2020-02-27,0.733762585653723,0.7157781458632713,0.7595684411702479
2020-02-28,0.7342139815601831,0.7157496112700064,0.7596886233656137
2020-03-02,0.73452301176657,0.7157825005226297,0.7594551244931099
2020-03-03,0.7339673710233645,0.7158385035811006,0.7595817567453889
2020-03-04,0.7339021490919582,0.7156766554789,0.759360642244215
2020-03-05,0.7334982435349494,0.7155289855444122,0.7595979454426208
2020-03-06,0.7333957276022391,0.7154458840843498,0.7595998995049362
2020-03-09,0.7321347179022325,0.7154733322714449,0.7597038476873575
2020-03-10,0.7317450254708604,0.7156332173373308,0.7597233719452275
2020-03-11,0.7306898005357058,0.7155563356687034,0.7597537796927324
2020-03-12,0.7303436957424768,0.7156933276826074,0.7595845242381888
2020-03-13,0.7297551384999972,0.7156657788283871,0.7597836004242674
2020-03-17,0.729523258207873,0.7154606593101426,0.7598564264088571
2020-03-18,0.7294207720736873,0.7154680004860482,0.7597854339376479
2020-03-19,0.7292448840234467,0.71532461871483,0.7598973979685584
2020-03-20,0.7289599340106215,0.7154359980120344,0.7596337793753334
2020-03-23,0.7284397300925348,0.715285653058362,0.7598820645010399
2020-03-24,0.7274803656607516,0.7152537749564222,0.7599273126798813
2020-03-25,0.7273135145319137,0.7152865657471639,0.759783162857066
2020-03-26,0.7274351440212461,0.7154672978746809,0.7597395654206774
2020-03-27,0.7258127245344328,0.7152036216111503,0.7597948527989359
2020-03-30,0.7271637457538562,0.715241065836781,0.7601390873112934
2020-03-31,0.7266121381022839,0.7151976938718587,0.7600384033922138
2020-04-01,0.726094570072676,0.7152404215670778,0.7600008190432473
2020-04-02,0.7269502313978312,0.7152461753899281,0.7600770608654241
2020-04-03,0.7268926068482778,0.7152959806811511,0.7599022402730725
2020-04-06,0.7260957406634471,0.7153552812941131,0.7599771823707197
2020-04-07,0.7257107809807705,0.7151619239196758,0.7600716701531706
2020-04-08,0.7267876996999819,0.7153183094191838,0.7602111188464191
2020-04-13,0.7278391725006147,0.7152658483630843,0.7603540189844942
2020-04-14,0.7274265164317748,0.715276762406321,0.7601543035704241
2020-04-15,0.7280027966594322,0.7151092885035413,0.7606343429193234
2020-04-16,0.7294124734668761,0.7151110528170572,0.760478571546103
2020-04-17,0.7294578686172768,0.7151427540089605,0.7605343492207425
2020-04-20,0.7287738280237346,0.7150399372286605,0.7604198477598758
2020-04-21,0.7296087681601645,0.7149616828085631,0.7606589199935762
2020-04-22,0.7300850576759099,0.7150258176969833,0.7605232160983808
2020-04-23,0.7304934930180513,0.7151432765433564,0.7603950658646881
2020-04-24,0.7316963549107715,0.7151761500381177,0.7601882316293582
2020-04-27,0.7311332852913532,0.7151702972091962,0.7603621626271662
2020-04-28,0.7306849379496642,0.7149591122365023,0.7602155293730499
2020-04-29,0.7302379804331867,0.7150732317383555,0.760185776577137
2020-04-30,0.7311082190247239,0.715175163555606,0.7602092323066962
2020-05-04,0.7307058340206636,0.715071175329717,0.76036904977639
2020-05-05,0.7308567419960389,0.7149095148806356,0.7602088183510959
2020-05-06,0.7312707561749562,0.7150998014097731,0.7602117786266904
2020-05-07,0.7316558737002138,0.714891915954436,0.7601109829032957
2020-05-08,0.7312219322453976,0.7149826645697751,0.7601796829663695
2020-05-11,0.731780302101739,0.7149977049473215,0.7603531383298657
2020-05-12,0.7317186621138736,0.7150471040447544,0.760029839955405
2020-05-13,0.731545999068502,0.7150528598160787,0.7603019672810569
2020-05-14,0.7318270839294201,0.7149431424263109,0.7603544247051235
2020-05-15,0.7313726421692547,0.7150129233065725,0.7605557075797353
2020-05-18,0.7307524008904966,0.7149365221026226,0.7603815820692287
2020-05-19,0.7291560037733197,0.7149529666363841,0.7604207228134371
2020-05-20,0.7297166374884161,0.7147865577148231,0.7604578670346035
2020-05-21,0.729557286857012,0.7146774405144658,0.7607097338697401
2020-05-22,0.7299542211761372,0.714839080711043,0.7605950212044311
2020-05-25,0.7299643724893442,0.714694273576263,0.7604851561289178
2020-05-26,0.7296705901592312,0.7145546868731033,0.7605244076267609
2020-05-27,0.7301306593223269,0.7146123915227556,0.76045741021346
2020-05-28,0.7302960974177957,0.7148221524395397,0.7605085430110684
2020-05-29,0.7297737918037724,0.7147698694954615,0.7605263249386941
2020-06-01,0.7296086284518534,0.7148561874996816,0.7605169421020711
2020-06-02,0.7292613359736334,0.7145414217521306,0.7606039061070164
2020-06-03,0.7288092014648722,0.7148054353603831,0.7604683457351494
2020-06-04,0.7283978529848735,0.714879709970892,0.7605764323479196
2020-06-05,0.7272810239805682,0.714961981200771,0.7605521247016411
2020-06-08,0.727196892174699,0.7148874300034765,0.7609156315892213
2020-06-09,0.7266466036782865,0.7148716163535809,0.7608260429292202
2020-06-10,0.7267113156351135,0.715073116116379,0.7607787737002772
2020-06-11,0.7254337466006414,0.7148649936177918,0.7605209880615839
2020-06-12,0.7251843932663974,0.7148919664287047,0.7605540450863042
2020-06-15,0.7251234053159572,0.7148493839778277,0.7607798256976422
2020-06-16,0.7253420711800226,0.7148900952992345,0.7607192139256986
2020-06-17,0.7252502332144374,0.7147941862579534,0.7610175078773346
2020-06-18,0.7249251140603341,0.7147814587249718,0.7609491402723667
2020-06-19,0.7250200053933636,0.7149280336508224,0.7607017058948314
2020-06-22,0.7247288723369825,0.7149491503446129,0.760798878033328
2020-06-23,0.7244478146756177,0.7150705969311812,0.7608479504680011
2020-06-24,0.7240004386170509,0.7149839869283204,0.7611477245315658
2020-06-25,0.7232807854463615,0.7150620432174045,0.7610280129643082
2020-06-26,0.7239118414204766,0.71496460889961,0.7611791685176627
2020-06-29,0.7230477259371092,0.7149968985036549,0.7611677423653168
2020-06-30,0.7235481911519798,0.7150793368246023,0.7613300624667932
2020-07-01,0.7235446552471947,0.7151905795629254,0.7612165008773043
2020-07-02,0.7235494737142811,0.7148614379748591,0.7612842786074501
2020-07-03,0.7232824569878824,0.7148584430261833,0.7610978344418949
2020-07-06,0.7231128321672912,0.7148569275729745,0.7612993562151799
2020-07-07,0.722998914023822,0.714921241518032,0.7611330791159509
2020-07-08,0.7231919368638957,0.7149789924090172,0.7612677257613164
2020-07-09,0.7225689236656507,0.7147818921856514,0.7612978480537396
2020-07-10,0.7213271344402623,0.7146281099078045,0.7612464362536469
2020-07-13,0.7218353165391012,0.7145949798949025,0.7611846479907249
2020-07-14,0.7226918157077123,0.7148073422832202,0.7612336837271199
2020-07-15,0.7223332890849603,0.7148483420767007,0.7615041092512446
2020-07-16,0.722729143443276,0.714630805199966,0.7613878264753166
2020-07-17,0.7223222792564576,0.7147522548337722,0.7614502703065116
2020-07-20,0.7224887740095617,0.7150448605578953,0.761386723045898
2020-07-21,0.7226155556684248,0.7149675784318397,0.7613361458612359
2020-07-22,0.7221412553729636,0.7147235463995627,0.7613626176299808
2020-07-23,0.7226849051747254,0.714658691690118,0.7612826407277166
2020-07-24,0.7230931736181575,0.7147389406460333,0.7614620856258476
2020-07-27,0.7232011083746417,0.7146320879270436,0.7617041951841328
2020-07-28,0.7229439480499199,0.7148071160483844,0.7616260868397708
2020-07-29,0.7227080798784341,0.7147566809229379,0.7614170174430676
2020-07-30,0.7226143706830124,0.7146387907908303,0.7614514759566067
2020-07-31,0.7237992395947311,0.714622179598013,0.7616081266562533
2020-08-03,0.7240311384454102,0.7146087663333269,0.7612867022369647
2020-08-04,0.7240827558841366,0.7145511295459197,0.7613896368995352
2020-08-05,0.7238079071140117,0.7146004138898805,0.7613795389367835
2020-08-06,0.724211815858644,0.7146488731565497,0.7614879152186796
2020-08-07,0.724157806748889,0.714743978929827,0.7613167742362045
2020-08-10,0.7247844346848803,0.7147061924584215,0.7615286580496479
2020-08-11,0.7240046557794603,0.7148090953740085,0.7613703270583035
2020-08-12,0.7239413239450645,0.7150034483091344,0.7614958209138428
2020-08-13,0.7243229303465324,0.7148062999837215,0.7613637227465381
2020-08-14,0.7240914590556186,0.714599701399683,0.7613936658241077
2020-08-17,0.7239227667411495,0.7145508851216725,0.7612157405041223
2020-08-18,0.7244890796331732,0.7145072896510141,0.7613528973361583
2020-08-19,0.7247859055893872,0.7144787819368412,0.7614672686350332
2020-08-20,0.7245277721443392,0.7146076759646458,0.7612685900816599
2020-08-21,0.7239547013631024,0.7147057188620374,0.7612483486588444
2020-08-24,0.7253885197884015,0.7144992924479963,0.7613206902912671
2020-08-25,0.7255071853429096,0.7146795131169749,0.7613639521312108
2020-08-26,0.7256193849484834,0.7145882502259805,0.7613861244643819
2020-08-27,0.7259013268425646,0.71437095438171,0.7616853736029376
2020-08-28,0.7254289262586509,0.7144140765178177,0.7615993347662389
2020-08-31,0.7240358718795282,0.7143934646750891,0.7616908313014444
2020-09-01,0.7234157069995364,0.7142228170122374,0.7618039646158642
2020-09-02,0.722899338198923,0.7141401588752698,0.7616497083070948
2020-09-03,0.722487723287758,0.7140091521487738,0.7618647425233346
2020-09-04,0.7224320275028994,0.7141272090127408,0.7618394616015257
2020-09-07,0.722589011822325,0.7138881995605283,0.7622227820338358
2020-09-08,0.7225891131768227,0.7139754639649388,0.7619149093233547
2020-09-09,0.7225674727536342,0.7139991133381032,0.7621827279157325
2020-09-10,0.7230770909671081,0.7141255962326732,0.7619443880686194
2020-09-11,0.7219664837326478,0.7141065599114832,0.7620500455500856
2020-09-14,0.7224869510761446,0.7139748717686364,0.7622182779990657
2020-09-15,0.7221028477128246,0.7140279906945396,0.7620096081704748
2020-09-17,0.7219804568690424,0.7139777350560582,0.7619342723617113
2020-09-18,0.7229520043257784,0.7137385031894055,0.7618996065286943
2020-09-21,0.7223813657545627,0.7139490577425459,0.7616806632168386
2020-09-22,0.7221182570077261,0.7136356280750893,0.7619220342700206
2020-09-23,0.7225290412241501,0.713782746708265,0.7618954635219976
2020-09-24,0.7233238096748676,0.7137241753707164,0.7619709155296756
2020-09-25,0.7233996258090545,0.7140524042804426,0.7620334493171644
2020-09-28,0.7221061536935318,0.7137495668204784,0.7620239887208669
2020-09-29,0.72238679808061,0.7137640759586756,0.7620441267032521
2020-09-30,0.7220006109917598,0.7137037813985752,0.7619635175438597
2020-10-01,0.7217753962818158,0.7140403947931208,0.7620031459576683
2020-10-02,0.7214304414137509,0.7139543152014474,0.7617918214050224
2020-10-05,0.7213238023322598,0.7139835656659361,0.761918913527033
2020-10-06,0.7212796999968775,0.7139929412690658,0.7619423718780514
2020-10-07,0.720950299380255,0.7137680181737867,0.7619640524870833
2020-10-08,0.7201124702209168,0.7141463008378338,0.7619101152908164
2020-10-09,0.7190761858653975,0.7140704476572115,0.7620097980277125
2020-10-12,0.718908529005075,0.7140074931053703,0.762130394902007
2020-10-13,0.7182656370836873,0.7137260713644991,0.7618953303968168
2020-10-14,0.7185921422516204,0.7140107011282526,0.7622952106944277
2020-10-15,0.7183130842214687,0.7136415118476231,0.762294918487748
2020-10-16,0.7179631286281033,0.7140184403101361,0.7623994966869306
2020-10-19,0.7169841496500446,0.7138832970443658,0.7623693519242204
2020-10-20,0.7168498714780408,0.7136433469571954,0.7625007237428916
2020-10-21,0.7165765093019216,0.7136690805168179,0.7623251734481471
2020-10-22,0.7158766747638267,0.713722356954959,0.7623248867293548
2020-10-23,0.7160095712846793,0.7136900259519484,0.7623214200376641
2020-10-26,0.7163322467328022,0.7135404384912719,0.7622555882955263
2020-10-27,0.7157452619513516,0.7137027507817594,0.7623855452240571
2020-10-28,0.7151920938024209,0.7136637788555159,0.7622440450444024
2020-10-29,0.7154123989362745,0.7136558794732232,0.7625890011242156
2020-10-30,0.7162048258285393,0.7137964140691442,0.7626545999752613
2020-11-03,0.7159771505126091,0.7134412695925366,0.7624159786957708
2020-11-04,0.715589397491148,0.7131216571100487,0.7622220018146534
2020-11-05,0.7149876617315831,0.7135800105360177,0.7623577670168811
2020-11-06,0.7154909969649051,0.7134424130571358,0.7625248232466074
2020-11-09,0.7151228796990535,0.7129696989428862,0.7623041972616933
2020-11-10,0.7146255525190156,0.7131116912688654,0.7621802022548801
2020-11-11,0.7148873678122278,0.7132013240023546,0.7623032500279124
2020-11-12,0.7145552421094548,0.7130444866786193,0.7622763924100648
2020-11-13,0.7142177993884302,0.7130512511387697,0.7619467069046018
2020-11-17,0.7142523700502396,0.7128741761619288,0.7621122670268515
2020-11-18,0.7134313004585681,0.7129865624246856,0.762354066001713
2020-11-19,0.7133720047186166,0.7128451604394248,0.76236708862439
2020-11-20,0.7137112114119135,0.7132036882824035,0.762469987794732
2020-11-23,0.7139012553244131,0.7132791502679207,0.7625425335729806
2020-11-24,0.7139201399557,0.7129689381672443,0.7624868601153711
2020-11-25,0.7139730847574326,0.712941791741737,0.7625029004927617
2020-11-26,0.7144759978199865,0.7129378124573558,0.7624267861038004
2020-11-27,0.7147211506028256,0.7131561967096808,0.7625735110601054
2020-11-30,0.7142666725075261,0.7131315589917463,0.7626128087277132
2020-12-01,0.7143971192489534,0.7130451663143803,0.762928801005953
2020-12-02,0.714866312327759,0.713058635631808,0.7627221892809912
2020-12-03,0.7145721169988528,0.7131116286833799,0.7627107507051918
2020-12-04,0.7155554306876692,0.7128299092802624,0.7625627616578189
2020-12-07,0.7147977488941545,0.7129946151124488,0.7624333893896703
2020-12-08,0.7149122808447342,0.713174516813176,0.7626235309340481
2020-12-09,0.7157764640532924,0.7129786266207542,0.7626635345728818
2020-12-10,0.7144720291344269,0.7130251244604255,0.7626618692980535
2020-12-11,0.714706254287971,0.7131870814989811,0.7628040482356996
2020-12-14,0.7143770597370427,0.7128589707101847,0.7628041808144764
2020-12-15,0.7148340566236764,0.7130667358306099,0.7626796234035306
2020-12-16,0.7144030045408464,0.7128052510679417,0.762655599059499
2020-12-17,0.7142293968795288,0.7126834408243816,0.7624198739384598
2020-12-18,0.7143845853859687,0.7129545026789417,0.7623068258102641
2020-12-21,0.7144376884035422,0.7131407491507149,0.7625629188693538
2020-12-22,0.7136833571822081,0.7126363326714884,0.7626575237777594
2020-12-23,0.712959509100441,0.7128313353263078,0.7625316466596065
2020-12-24,0.7145135134295689,0.7127399195438529,0.7625157591433986
2020-12-28,0.7138446293599792,0.7126700516833033,0.7625571145082245
2020-12-29,0.7137557153320014,0.7125641005396158,0.7625892618175691
2020-12-30,0.7139404263118526,0.712730279818052,0.7625751725412685
2020-12-31,0.7132507549125999,0.7128667382416103,0.7624738513281719
2021-01-04,0.7136451800366509,0.7128049054805989,0.7625011776884097
2021-01-05,0.7132300460819928,0.7127410055304024,0.7625128274284798
2021-01-06,0.7134888698329265,0.7127695586557483,0.7628469354160645
2021-01-07,0.7139569227900674,0.712891529794848,0.7625426902328436
2021-01-08,0.7138539959227953,0.7128208297080191,0.7626633997268802
2021-01-11,0.7141718599627838,0.712853816679072,0.7626430317985077
2021-01-12,0.7135898673868848,0.7127623026664754,0.7624553686180612
2021-01-13,0.7138942271060355,0.7127960838560228,0.7622390169839872
2021-01-14,0.7130679193293625,0.712815153287846,0.762470718983195
2021-01-15,0.7131123132316489,0.7126780340357441,0.7625394100191148
2021-01-18,0.7137478592271411,0.7126396976842888,0.7624710284872781
2021-01-19,0.7140947054695735,0.7128317748950949,0.7624045106672135
2021-01-20,0.7147790124043656,0.712870398080877,0.7625071582898958
2021-01-21,0.7153537011886757,0.7128083044528591,0.7623419203610493
2021-01-22,0.7155548026443315,0.7126311788251096,0.7624318839192917
2021-01-25,0.7154762362590875,0.712619415218465,0.7624350619413345
2021-01-26,0.7153183164382381,0.7124829594296983,0.7624768854428945
2021-01-27,0.7148127484117586,0.7125709340375334,0.7626164361974804
2021-01-28,0.7153072414825001,0.7124270818195865,0.7628422993033732
2021-01-29,0.7153242307428616,0.7125274200549118,0.7625700734571693
2021-02-02,0.7154516077749672,0.7125972657157088,0.7625017689443881
2021-02-03,0.7157254528553377,0.7126111816696323,0.7626411762199861
2021-02-04,0.7148662518499991,0.712601619016653,0.7625898932569651
2021-02-05,0.7154943729455453,0.7125812453139319,0.762076353877874
2021-02-08,0.7159692742647765,0.7127037400710153,0.7622939850704604
2021-02-09,0.7161343765879566,0.712755112016497,0.7622382232230364
2021-02-10,0.7161484594041511,0.7127399969453359,0.7622671709674268
2021-02-11,0.7157892504726118,0.7129091022297246,0.7625534137466689
2021-02-12,0.7160659237932449,0.7127373369428633,0.7625425961092389
2021-02-15,0.7161797200941931,0.7126260321272234,0.7626129650361334
2021-02-16,0.7157216768314564,0.7126966506861044,0.7625104668959437
2021-02-17,0.7157695901099747,0.7128411848056101,0.7629206050085283
2021-02-18,0.7156305485805303,0.7128507743828251,0.7629311886552013
2021-02-19,0.7155973361747199,0.7129353096643488,0.7625629378493052
2021-02-22,0.7151898555490571,0.7129160613978182,0.7624566145283431
2021-02-23,0.7153073253439909,0.71272399333043,0.7624214372641043
2021-02-24,0.7164348644903513,0.7126896409013754,0.762470383349244
2021-02-25,0.7164423555915145,0.7128396170468412,0.7627366203576168
2021-02-26,0.7163841329153775,0.7125816070915972,0.7629405438368413
2021-03-01,0.7162800235088617,0.7125371303333619,0.7631576921433638
2021-03-02,0.7166728342043138,0.7127452968917408,0.7628282060125741
2021-03-03,0.7164247238056363,0.7124415187824535,0.7630327946323585
2021-03-04,0.7165326235814853,0.7125467668364293,0.7629805748809237
2021-03-05,0.7164260113797507,0.7127166532401668,0.7630958023788711
2021-03-08,0.716553809762499,0.7126036218587753,0.7633141714088828
2021-03-09,0.7166410277444987,0.712783334934459,0.7631112133136085
2021-03-10,0.7170627353392701,0.712819343657464,0.7631849991152283
2021-03-11,0.7176289889055296,0.7126604874077825,0.7633413797683977
2021-03-12,0.7178396508778411,0.7128118568546946,0.7631892756811097
2021-03-16,0.7182902658749399,0.7127442777691437,0.7632521976754396
2021-03-17,0.7181795158133825,0.712757540885012,0.7632982189805066
2021-03-18,0.7176643995752346,0.712467014190104,0.7631528624681785
2021-03-19,0.7170524806122321,0.7124392598988832,0.763181465769788
2021-03-22,0.7168226625352226,0.7124551719194594,0.7631756393362434
2021-03-23,0.7166883347147381,0.712558908022514,0.7631322604815727
2021-03-24,0.7171276054604926,0.7124442732666387,0.7631596231721877
2021-03-25,0.7166023493008291,0.7123097420502628,0.7632623653402326
2021-03-26,0.7169667250771694,0.7122261488093979,0.763231051000238
2021-03-29,0.716580329820764,0.712098905702273,0.7629799811291009
2021-03-30,0.7169152748932243,0.7124016245222021,0.7630668122036961
2021-03-31,0.717172344662159,0.7121872992955663,0.763116013907399
2021-04-05,0.7166689728567397,0.7121146881899272,0.763202201700254
2021-04-06,0.7167421412396778,0.7122435699281802,0.7631496229688931
2021-04-07,0.7164058955155975,0.7124199711872244,0.763009594688665
2021-04-08,0.7166440949911694,0.7125274297211426,0.7630508017244698
2021-04-09,0.7156992251978623,0.7123809001561345,0.7632647857880108
2021-04-12,0.715239044043882,0.712436778765595,0.7632332944808671
2021-04-13,0.7155591997084315,0.7123521648040722,0.7629887025371958
2021-04-14,0.7155533547048522,0.7124399321682519,0.7631640074928295
2021-04-15,0.7157616325695809,0.7123013290028248,0.7633383108225045
2021-04-16,0.7158628171239078,0.7122506624314079,0.7632362934757708
2021-04-19,0.715130428942856,0.7124229729444674,0.7629721946305468
2021-04-20,0.7155713627388214,0.7122287259430478,0.763278391783211
2021-04-21,0.7154370720311176,0.7121870534020305,0.7632565329276361
2021-04-22,0.715585361392176,0.7124123430575305,0.7630220403810072
2021-04-23,0.7148658328030966,0.7121150690719176,0.7632326003080968
2021-04-26,0.714949199908162,0.712052185553169,0.7632766371724441
2021-04-27,0.7153445179206305,0.7120575798634329,0.7631763428682179
2021-04-28,0.7155703576668732,0.7120620063833428,0.7628639761107998
2021-04-29,0.7156942845404215,0.7119345720351943,0.7630137248904558
2021-04-30,0.7150922473887132,0.7117903929854315,0.7628075976322164
2021-05-03,0.7147386002910383,0.711584736014527,0.7632481638517192
2021-05-04,0.714534525593999,0.7118881335496214,0.7632771171514945
2021-05-05,0.7145049849092999,0.7118506998965031,0.7632825475504695
2021-05-06,0.7154783354697932,0.7119997208202115,0.7632710377069721
2021-05-07,0.715692605831364,0.7118893607231322,0.7635004153740524
2021-05-10,0.7159681679902795,0.7118793818361723,0.7631662096033404
2021-05-11,0.715836108854671,0.7118843450741039,0.7632685292069371
2021-05-12,0.7158283907828877,0.711775128201373,0.7633024742260017
2021-05-13,0.7151020451731093,0.7116889569283943,0.7631152174610587
2021-05-14,0.7152410916811816,0.7117357738371327,0.76328785759613
2021-05-17,0.7155705480948474,0.7117850360123587,0.7635118336503531
2021-05-18,0.7155195567890833,0.7116081996243776,0.7634153805236231
2021-05-19,0.7156999016858241,0.7117691847819534,0.7636512410767599
2021-05-20,0.7164779301641832,0.7115326685155205,0.7637602775125499
2021-05-21,0.7166162886372893,0.7114604318813602,0.7637037415623422
2021-05-24,0.7171530418544468,0.7116609506636739,0.7635004051449238
2021-05-25,0.7170736898704627,0.7117551422124955,0.7640144269202657
2021-05-26,0.7172217289279316,0.7115010690232222,0.7639688796560724
2021-05-27,0.7173632594439515,0.7116037074754739,0.7639948133295372
2021-05-28,0.7177639981059136,0.7116892186013063,0.7640751988753145
2021-05-31,0.7175988419129392,0.7118876509827124,0.7639525795933009
2021-06-01,0.7169653962762448,0.7118355437078457,0.7640000597564129
2021-06-02,0.7173522625215936,0.7120017507814668,0.7641381349610141
2021-06-03,0.717805439621348,0.7117193036782242,0.7640199685171456
2021-06-04,0.7178397715258286,0.711693216175263,0.7641427636766879
2021-06-07,0.7168095451330344,0.711709617425258,0.7640478599412901
2021-06-08,0.7178774955696136,0.7116266282922183,0.7639572579926476
2021-06-09,0.7189666481354992,0.7118014273758462,0.763737518469683
2021-06-10,0.7186030351089534,0.7116605716736546,0.7641102354863454
2021-06-11,0.7185475474937599,0.7116505285558292,0.7640127152969797
2021-06-14,0.7185839688024814,0.7114750884491345,0.7639559949934759
2021-06-15,0.7191756809971964,0.7113748205220113,0.7641009523091292
2021-06-16,0.7192381945865133,0.7112379546333081,0.7641470494696371
2021-06-17,0.7191373150418671,0.7115846447008294,0.7640792768797455
2021-06-18,0.7191232554007869,0.711478869053201,0.764176472882521
2021-06-21,0.719067548011343,0.7115773576374153,0.7641433508354298
2021-06-22,0.7189071646376278,0.7113073141196495,0.7637844231024197
2021-06-23,0.7185153761224656,0.7113809242207787,0.764124422813988
2021-06-24,0.7181143258614356,0.7114933081240143,0.7637262954607096
2021-06-25,0.7177504072058243,0.7115256968773619,0.763728827964038
2021-06-28,0.7179578452805475,0.7116245613925167,0.7637114509258588
2021-06-29,0.7183751744745589,0.7113604734681641,0.7639399900830564
2021-06-30,0.7180872415217752,0.7113219943880935,0.7640368843107936
2021-07-01,0.7183528636704636,0.7113216544972748,0.7638475321138555
2021-07-02,0.7179546735788348,0.711252886755345,0.763903279651556
2021-07-05,0.7189012805513134,0.7114512737582215,0.7639802549159854
2021-07-06,0.7187386662095168,0.7113614742036666,0.7641003157722586
2021-07-07,0.7183985078098012,0.7114990970288602,0.7641293670586015
2021-07-08,0.7185159352306519,0.7111971717569238,0.7641101797318395
2021-07-09,0.7182876967427357,0.7112791137448307,0.7642274685889581
2021-07-12,0.7182963251300626,0.7115201809003748,0.7646835249185895
2021-07-13,0.7175625995838243,0.7117884323520479,0.7645487675675644
2021-07-14,0.7180320382162081,0.7116573368694278,0.7643916191894878
2021-07-15,0.7173292479602859,0.711377217607006,0.7643929345232114
2021-07-16,0.717589960585345,0.7114203915611206,0.7646339619151847
2021-07-19,0.7166945260672694,0.7115127832139554,0.764674338433556
2021-07-20,0.7163897135970699,0.7114585020591332,0.7645051590821227
2021-07-21,0.716055064621996,0.7111758665983363,0.7644379230382194
2021-07-22,0.716497401665933,0.7111368852073804,0.7645843948522856
2021-07-23,0.7158645470387064,0.7112771355718305,0.7646640022383699
2021-07-26,0.7158223702934442,0.7112769490800102,0.7647273599767179
2021-07-27,0.7155990397103966,0.7112842188468557,0.7644950349159125
2021-07-28,0.7165745496088278,0.7112592939806349,0.7642761594827828
2021-07-29,0.716247879832177,0.711197904919339,0.7643989918512181
2021-07-30,0.7164134430080988,0.7111180439149607,0.7642073026138769
2021-08-02,0.7158956842967861,0.711190779579179,0.7639391539165833
2021-08-03,0.7175933185433997,0.7112871692104188,0.7642420371538493
2021-08-04,0.7180864681073563,0.7112862028193035,0.7645249011451852
2021-08-05,0.718902927738797,0.7111993159909924,0.764615065312001
2021-08-06,0.7184400163234448,0.7112475299155205,0.7644821986312679
2021-08-09,0.7195776026934444,0.7116617400953968,0.764334314336759
2021-08-10,0.7194570907466807,0.7114302059268303,0.7641627117846969
2021-08-11,0.7195046709798821,0.7113524869477478,0.763964408474945
2021-08-12,0.7212505622627742,0.7112838590201216,0.7638591160318517
2021-08-13,0.7216600533961579,0.7112576295527151,0.7641352191878584
2021-08-16,0.7224072931870671,0.7111870117636808,0.7642497025540502
2021-08-17,0.7233017755669799,0.7110648555061249,0.7642791848112166
2021-08-18,0.7238178443529852,0.7110326815831267,0.7642756829515578
2021-08-19,0.7238349228034435,0.7109180954197797,0.7643021584036227
2021-08-20,0.7251322016359791,0.7109063582960988,0.7645665386760536
2021-08-23,0.7247471068182204,0.7113186719223902,0.7645707427881983
2021-08-24,0.7250192870297854,0.7112094819531503,0.764207674634173
2021-08-25,0.7256343690167849,0.7111588812877779,0.7645874243576007
2021-08-26,0.7258367080729007,0.7111086555274542,0.7645132966945628
2021-08-27,0.7259470515240806,0.7110640150132232,0.7645933896521454
2021-08-30,0.7266729375417933,0.7111291466912788,0.7643097015667673
2021-08-31,0.72727283261988,0.7110732105763712,0.7644604089885831
2021-09-01,0.7271649182752083,0.7111390367887294,0.7645065831447594
2021-09-02,0.7272057849196899,0.7108706694752446,0.7649650220194425
2021-09-03,0.7272564263413086,0.7109691814823907,0.7650545723854708
2021-09-06,0.7274730703841463,0.7105819523660657,0.7648956769568354
2021-09-07,0.7278063441737043,0.7106367076117227,0.7649691069922444
2021-09-08,0.7276379959049346,0.7105924092033628,0.7648005144448886
2021-09-09,0.7270176724015428,0.7105554680932559,0.7647582348003679
2021-09-10,0.72706840365066,0.71062136322361,0.764860056515525
2021-09-13,0.7281049188767911,0.7103255067630736,0.7649414719604604
2021-09-14,0.7283062517162958,0.710375698135621,0.7646679566115884
2021-09-15,0.7286172816637866,0.7102795037543786,0.7648025944891426
2021-09-17,0.7286232339561693,0.7103413926750413,0.7647327928446294
2021-09-20,0.7289066162579254,0.7101593813897829,0.7647876097393786
2021-09-21,0.7292375838019167,0.7099603995352984,0.7647925001870783
2021-09-22,0.7298999006094471,0.7103036435542078,0.7649285501607893
2021-09-23,0.7292161182135584,0.709943821940504,0.7648065149231977
2021-09-24,0.7287150603009644,0.7103501164659407,0.7647516161420803
2021-09-27,0.7285940530075081,0.7102004510496002,0.7648716421108492
2021-09-28,0.7278031282822023,0.7100205656216428,0.7647265526218049
2021-09-29,0.7283325960108394,0.7098355618819188,0.7648150152171663
2021-09-30,0.7287457804217253,0.7100695343217476,0.7648296816616339
2021-10-01,0.7287055720245474,0.7099207259708737,0.7651550588047684
2021-10-04,0.7291496951146901,0.709707506990565,0.7648725316605031
2021-10-05,0.7292715155476962,0.7097638808539489,0.7649708416984846
2021-10-06,0.7292664910699059,0.7098517225469542,0.7649478132389534
2021-10-07,0.7297729006160949,0.7097475438003512,0.7648490809698626
2021-10-08,0.7296538020334576,0.7097876958223853,0.7648768636018421
2021-10-11,0.7294901439075052,0.7099389470473659,0.7648319535001596
2021-10-12,0.7288505375626634,0.7099234603343124,0.764671791845146
2021-10-13,0.7296259785486695,0.7098685617269753,0.7644976145741411
2021-10-14,0.7298272159234958,0.7097964388405542,0.7644574155476228
2021-10-15,0.7296858502647928,0.7094899605388575,0.7648400686140121
2021-10-18,0.730833443659485,0.7095075177107295,0.7648143067408508
2021-10-19,0.7312818211641139,0.7097222588927627,0.7645611603647388
2021-10-20,0.7315459362411468,0.7096263233007609,0.7645847454058984
2021-10-21,0.7315768508792206,0.7098144304936486,0.7646926164924586
2021-10-22,0.7312895277360909,0.709492243036627,0.7645516978382162
2021-10-25,0.7311268103076352,0.7096953237096287,0.7645005285525582
2021-10-26,0.7311855495575106,0.7095770736708921,0.7647410779598329
2021-10-27,0.7311978474587103,0.7094833560306244,0.7648759934696404
2021-10-28,0.7307955534321344,0.7091668641803861,0.7650016847681871
2021-10-29,0.7310763821463651,0.7093122524579498,0.7650533762356798
2021-11-01,0.7315545077523475,0.7092062826346334,0.7650094481008666
2021-11-03,0.7325098427253525,0.709402257538095,0.7649171193195651
2021-11-04,0.7325885012728486,0.7093721612996632,0.7649706599323516
2021-11-05,0.7325677844707059,0.7095154065637518,0.765145509680353
2021-11-08,0.7336890306671772,0.7091808232803778,0.7651404709826591
2021-11-09,0.7340577526710989,0.7089504075613791,0.7650149609100498
2021-11-10,0.7333360902591648,0.7088957869117279,0.7650112147552297
2021-11-11,0.734281396355983,0.7090908412583257,0.765075817841448
2021-11-12,0.7351237068125231,0.7089945937125072,0.7651020136181874
2021-11-16,0.7354500774881039,0.7088942884120717,0.7650222328161386
2021-11-17,0.7359011237058194,0.708883637870325,0.765408179100072
2021-11-18,0.7349841510994753,0.7086535057277573,0.7654140292044779
2021-11-19,0.7351827698661468,0.7086248917267364,0.7650663501243763
2021-11-22,0.735871197037862,0.7089339330884155,0.7652177614126312
2021-11-23,0.7360239000901658,0.7084804441883387,0.7653020558241912
2021-11-24,0.7359589198136094,0.7087087655662836,0.7655243832947581
2021-11-25,0.7361309131072422,0.708777485956631,0.7652543160012673
2021-11-26,0.7360112799933867,0.7089646110464533,0.7652445815233184
2021-11-29,0.736125646470841,0.7088103659604957,0.7652363423008774
2021-11-30,0.7354541385779021,0.7086895628254658,0.7653072086823712
2021-12-01,0.7356220463811786,0.7088310300135846,0.7653324306695453
2021-12-02,0.7357882503756669,0.7090438655722829,0.7648361532168563
2021-12-03,0.7357829964942378,0.7090075533865718,0.7650660787940367
2021-12-06,0.7351119754470831,0.7092988667422767,0.7651215398307506
2021-12-07,0.7353313012405195,0.7092071343362737,0.7652141097432599
2021-12-08,0.7347706597575012,0.7091426931256519,0.7649176161061181
2021-12-09,0.7350851019039554,0.709327633863742,0.7651354414873627
2021-12-10,0.7355314217055046,0.7090092139345019,0.7652558527410045
2021-12-13,0.7354301760871716,0.7090760325035701,0.7650141173199487
2021-12-14,0.7355926379013595,0.7088401262917026,0.7646269591373634
2021-12-15,0.7356848890888892,0.7088746828386073,0.7646798623281035
2021-12-16,0.7361408981933132,0.7089999717070044,0.7648941960059897
2021-12-17,0.7358104120147454,0.7090542681553957,0.7648719478938947
2021-12-20,0.7347453155151512,0.7089902240073518,0.7646339852673589
2021-12-21,0.7349104017714225,0.7090243329853013,0.7647615684268625
2021-12-22,0.7351247024136681,0.7088702860281558,0.7651338006530137
2021-12-23,0.7349339029794646,0.708926822482356,0.7649346544812562
2021-12-24,0.7349034303376516,0.708946373884903,0.7651393150650997
2021-12-27,0.7345121816282365,0.7090343098801963,0.7650450500254816
2021-12-28,0.7347307394285219,0.7090812789462416,0.7652197245927373
2021-12-29,0.7344678035390286,0.7091641839054881,0.7652207110128416
2021-12-30,0.7341542380019566,0.7088463963271929,0.7650592125177054
2021-12-31,0.733457143524859,0.7088818196391371,0.765065119065976
2022-01-03,0.7344600266929334,0.708979341299524,0.7650364528927021
2022-01-04,0.7339964862869306,0.7089622490048636,0.7650083117558725
2022-01-05,0.7342004318314693,0.7089297652414158,0.7650831231737217
2022-01-06,0.7336287700149899,0.7087736774040196,0.76503882053695
2022-01-07,0.7344130974130961,0.7089622083370706,0.7651855999589464
2022-01-10,0.7333847641803217,0.7091019193710651,0.7653369935759875
2022-01-11,0.7343168487004136,0.7091659091357272,0.7651857910940026
2022-01-12,0.7348886001473259,0.7089934642463904,0.7651154267769145
2022-01-13,0.7344530599610835,0.7087688520596527,0.7652922638155818
2022-01-14,0.7346673044184255,0.7087513246319361,0.7652894762491668
2022-01-17,0.7347376810679874,0.708777337682182,0.7654207141039496
2022-01-18,0.7339182455743999,0.7085927129350693,0.7654492341581908
2022-01-19,0.73349913406375,0.7085707099958126,0.7653919427723122
2022-01-20,0.7335704740648613,0.7086831141579188,0.7657828282902439
2022-01-21,0.7330279024216035,0.7084112663803618,0.7656187386132091
2022-01-24,0.7328011502904919,0.7086598844168301,0.7655703444028673
2022-01-25,0.7330105768005127,0.7084833572188038,0.7654427233993434
2022-01-26,0.7329368018814518,0.7085289459716092,0.7657315269905154
2022-01-27,0.7331193935981262,0.7084543511273808,0.7657240316170764
2022-01-28,0.7346949095161421,0.708495109318068,0.7659417622937803
2022-01-31,0.7339556198842262,0.7087985098541002,0.7657534681160493
2022-02-01,0.7341901421065558,0.7087874575460819,0.7658388724337498
2022-02-02,0.7348052264060349,0.7089726721770625,0.7656695684468234
2022-02-03,0.7351419212873603,0.7087333300345313,0.7655755314981519
2022-02-04,0.7360839591008205,0.7090536109152764,0.7655605214248034
2022-02-08,0.7363071476990649,0.7086746481913149,0.7654316960736618
2022-02-09,0.7358298732117396,0.7086112101012436,0.7653706030459979
2022-02-10,0.7360952703039844,0.7085194055090636,0.7654400872933049
2022-02-11,0.7364658348423728,0.7086083708165666,0.7657374524513658
2022-02-14,0.7363134809799826,0.708589599373621,0.7656604204075435
2022-02-15,0.7358666594413065,0.7083884448212255,0.7657257814400313
2022-02-16,0.735540502969601,0.70852947403788,0.7655475792288164
2022-02-17,0.7361607687637841,0.7081230946892695,0.7655895003044159
2022-02-18,0.7359906083856336,0.708196891241447,0.7656380131475624
2022-02-21,0.7363241335304985,0.7080261664425761,0.7658454590448369
2022-02-22,0.7372401980685218,0.7080234396383313,0.7659206191464709
2022-02-23,0.736302743101371,0.7079828405993109,0.7656871107889687
2022-02-24,0.7354829932239508,0.7082997122561009,0.7657910856905552
2022-02-25,0.7346394733018784,0.7084484879158776,0.7658945348748739
2022-02-28,0.7350717738638625,0.7085954711227658,0.7659039495286819
2022-03-01,0.7341349812318595,0.7082861713080811,0.765873037634015
2022-03-02,0.7349213852085008,0.7082357078544356,0.7658465460147788
2022-03-03,0.7348699986286198,0.7083642428952116,0.7657129483116714
2022-03-04,0.7355352259627261,0.7081697402673246,0.7657861943219467
2022-03-07,0.7347001350540137,0.7079201105272088,0.7655965413759783
2022-03-08,0.7350720659582825,0.7082464731636218,0.7660678020034324
2022-03-09,0.7341587910961727,0.7081759556300612,0.7660482437127472
2022-03-10,0.7342021554700716,0.7080283494554211,0.7660827409838591
2022-03-11,0.7349050777174883,0.7079595909760266,0.7660103281062868
2022-03-14,0.7356831653315219,0.7081837899889998,0.7660176044103761
2022-03-15,0.7368292544115035,0.708096307204013,0.7660937957947503
2022-03-16,0.7372752282351073,0.7080590206875506,0.7658366350885828
2022-03-17,0.7374428870272197,0.7080597927127981,0.7658356375605698
2022-03-18,0.7368363419011338,0.7078901446118592,0.7658386911319929
2022-03-22,0.7367747635342567,0.7081494169812904,0.7659675157188309
2022-03-23,0.7371039294714412,0.7081699883188212,0.7656954149297273
2022-03-24,0.7375391825684572,0.7080143338949136,0.7658017238273666
2022-03-25,0.7376206809266053,0.7078997815461461,0.7657484996359725
2022-03-28,0.7376699367655363,0.7080122222915051,0.765924522787183
2022-03-29,0.7376175409940586,0.7078304172991188,0.766049250471375
2022-03-30,0.7379946919272402,0.7079155163320036,0.7658919048671624
2022-03-31,0.7379444397948313,0.7078860128571537,0.7658213469890602
2022-04-01,0.7383280699256696,0.7076576958425095,0.765996050453911
2022-04-04,0.7384352505225418,0.707691531949424,0.7660813646477214
2022-04-05,0.7391647555200522,0.707708921080717,0.7659445512675886
2022-04-06,0.7387859870532806,0.7078245129525407,0.7659387272843179
2022-04-07,0.7389218772322095,0.708186520686095,0.7657620498144098
2022-04-08,0.7390200510054272,0.707961558196233,0.7657877036395657
2022-04-11,0.7397555047990506,0.7079838162467913,0.7658188312779619
2022-04-12,0.7397342546649621,0.7081019351643953,0.7659729902119703
2022-04-13,0.7397847625948781,0.7080783484891373,0.7659764176730672
2022-04-18,0.7397904987583798,0.7077845567045968,0.7661339200925216
2022-04-19,0.7402374469442542,0.7077677226394871,0.7662221264123148
2022-04-20,0.7400123510046566,0.707839885946181,0.7662212595935419
2022-04-21,0.7404513383446054,0.7077869562041642,0.7662633239205534
2022-04-22,0.7408042760202086,0.7079281921230742,0.7660822661285164
2022-04-25,0.7413032942030768,0.7080148366906547,0.7661221442475121
2022-04-26,0.7405803585075413,0.7078314607582302,0.7660855628832103
2022-04-27,0.7409051120887602,0.7078693696648642,0.7661665301093306
2022-04-28,0.7410332938686763,0.7080520925666679,0.7662990449098261
2022-04-29,0.7412745594282175,0.7080517967669174,0.766248112348555
2022-05-02,0.7410495086967623,0.7085185281199075,0.7662797178511467
2022-05-03,0.740377041124255,0.7081556240765113,0.7664633959271162
2022-05-04,0.7398938309206455,0.7084589000348827,0.7666158715794607
2022-05-05,0.7394409657894913,0.7086591731159394,0.7665564578651937
2022-05-06,0.7399458980334256,0.7078255543521734,0.7665740281656991
2022-05-09,0.7398820261004738,0.7081205917771314,0.7663597113293706
2022-05-10,0.7399024632994238,0.7080489927268299,0.7663237379480395
2022-05-11,0.7402957565089617,0.7078670975907485,0.7664101190746818
2022-05-12,0.7408455659252353,0.7079413729050573,0.7663360648252798
2022-05-13,0.7405711117063579,0.7077824106457842,0.76658958169752
2022-05-16,0.739874364788616,0.7078126034452603,0.7666738699377398
2022-05-17,0.7398733253595465,0.707524642040746,0.7665959844679529
2022-05-18,0.7384927176550651,0.707545524603948,0.7669845798648377
2022-05-19,0.7382573904710811,0.7075104124296188,0.7668894829466683
2022-05-20,0.7385838052230957,0.7072953830667381,0.76699191485747
2022-05-23,0.7385931166422319,0.7077024943928781,0.7668699488722885
2022-05-24,0.7381062041006876,0.707610117086257,0.7669887269853023
2022-05-25,0.7384366523799389,0.7076022364869557,0.7671186907595434
2022-05-26,0.7390011901957914,0.7076807046426652,0.7672695707824001
2022-05-27,0.7385148537472638,0.7075494464004718,0.7672371381913379
2022-05-30,0.7391985435048387,0.7076402805759615,0.7671661888679009
2022-05-31,0.7395351026031015,0.7074064678017415,0.7670612309799819
2022-06-01,0.7391505282526162,0.7076712880252323,0.7670863973465968
2022-06-02,0.739903168941344,0.7077344930395034,0.7668726782128185
2022-06-03,0.7402794400027722,0.7073626670317212,0.7668805469736759
2022-06-06,0.739896868577027,0.7077294932794392,0.767146655067521
2022-06-07,0.7406119935913136,0.7075448631609602,0.7671752984844922
2022-06-08,0.7407714359933316,0.7076010853308247,0.7671322936364495
2022-06-09,0.7409041134572745,0.7073419473483745,0.767166781815367
2022-06-10,0.7397364515092725,0.7071298925922723,0.7671667252246397
2022-06-13,0.7400153139299183,0.7073126057098529,0.767159239494317
2022-06-14,0.7402598354749229,0.7072664206737784,0.767140387847635
2022-06-15,0.7402940712533495,0.7073874941715882,0.7671018569318132
2022-06-16,0.739903801673931,0.7075297152619271,0.7672804155550939
2022-06-17,0.7402307725347034,0.7074620304432551,0.7674925791788261
2022-06-20,0.7401927136875205,0.7074122973789014,0.7673707836317377
2022-06-21,0.739812606482118,0.7070894584948348,0.76731149501726
2022-06-22,0.7397539075082328,0.7071962354909384,0.7673072421595507
2022-06-23,0.7398576424484972,0.7069353996837111,0.7674210035853583
2022-06-24,0.7394721754723551,0.7070097749208214,0.7675531089289058
2022-06-27,0.7387088376811278,0.7071780721832128,0.7679366941272584
2022-06-28,0.7389377891022725,0.7070458394962295,0.7678885721792192
2022-06-29,0.7386062158358422,0.7072466529094025,0.7676815180390405
2022-06-30,0.7387063425117456,0.7074146200193766,0.7678691338521106
2022-07-01,0.7395359291572777,0.7073771711064584,0.7678500231549997
2022-07-04,0.7395294613047578,0.7072677341420773,0.7681103327649996
2022-07-05,0.7406121069367835,0.707391086871851,0.7678347098511124
2022-07-06,0.740482692952467,0.7073506264883387,0.7678961273538796
2022-07-07,0.7400870290877652,0.7075715148953775,0.767472496794413
2022-07-08,0.7402154406764896,0.7076541292794215,0.7675035262128895
2022-07-11,0.7403699342393251,0.7077495143860034,0.7677091891974401
2022-07-12,0.7404490369694738,0.7076820358626327,0.7675505960202651
2022-07-13,0.7402716203837132,0.7075203810185346,0.7677885006031551
2022-07-14,0.740326271389378,0.7075456009559772,0.767424450326889
2022-07-15,0.7408841974915519,0.7071312463989542,0.7676823886851877
2022-07-18,0.7411576040735257,0.7074718944615805,0.7677737193043157
2022-07-19,0.7408170427562115,0.7074714080270993,0.7675842415295292
2022-07-20,0.7405499021703763,0.7076021329671998,0.7677063713095428
2022-07-21,0.7410518346767728,0.7076556048973575,0.7675427588094619
2022-07-22,0.7413407624393475,0.7075144431977081,0.7676357686417066
2022-07-25,0.7416070344862824,0.7075857931202221,0.767445814799649
2022-07-26,0.7416303763280555,0.7075771061431708,0.7675560875234244
2022-07-27,0.7415774219390735,0.7074703726468439,0.7676067979650217
2022-07-28,0.740962308847517,0.7071265571330767,0.7677833906245322
2022-07-29,0.7418604601175106,0.7069399857527778,0.7676797067042701
2022-08-01,0.7417501067672614,0.7071429189248027,0.7676069350734629
2022-08-02,0.7424320941336605,0.7073221398180186,0.7675608603838573
2022-08-03,0.7425860534165403,0.7072056968280843,0.7674536120080875
2022-08-04,0.7424090865222703,0.7069431122465054,0.7676182248240694
2022-08-05,0.7429321042747354,0.70711361050942,0.7676638740591271
2022-08-08,0.7426529225497639,0.707161430513418,0.7678307599593555
2022-08-09,0.7422702616476328,0.7071508583753358,0.7675303839192189
2022-08-10,0.7424958126929833,0.7070438779153176,0.7673788501509572
2022-08-11,0.7419248033318808,0.7071760648717782,0.7675703203679033
2022-08-12,0.7420538268249464,0.7073203517024408,0.7677130424381967
2022-08-15,0.7429452893863848,0.7069962067180341,0.7674624950220423
2022-08-16,0.7432668911199446,0.7068649483785211,0.767594167062314
2022-08-17,0.7435495214880719,0.706680483172958,0.7674993829422206
2022-08-18,0.7432497172275538,0.7067631068141472,0.7676815358683892
2022-08-19,0.7432507143145113,0.7068245560992013,0.7676498835759702
2022-08-22,0.7436934576327204,0.7072673449245455,0.7677471474767877
2022-08-23,0.7434636092556223,0.7070093347395141,0.7681053625624669
2022-08-24,0.7431439899810337,0.7067004993856348,0.7676615073030886
2022-08-25,0.7428037540298864,0.7070763465474569,0.767437049893163
2022-08-26,0.7435824713062842,0.7068317693366304,0.7679523291953018
2022-08-29,0.7425201976008475,0.7067463714049955,0.7675492930826788
2022-08-30,0.7424662205100994,0.7069020955923503,0.7676687761439275
2022-08-31,0.7422445980624678,0.7066539561537079,0.7677488911477832
2022-09-01,0.7420127615524489,0.7067720203449134,0.7677612416218732
2022-09-02,0.741513081704205,0.7069158699085597,0.7677326533436749
2022-09-05,0.7415680410613197,0.7068905890770356,0.7673648674974534
2022-09-06,0.7413253187105978,0.706801737852668,0.7674692684035319
2022-09-07,0.7409440346348989,0.7065496144083763,0.7673748823299228
2022-09-08,0.7414104287617411,0.7063128387114812,0.7674397331971798
2022-09-09,0.7410104523682699,0.7065390723551697,0.767605001617513
2022-09-12,0.740194315466567,0.7064835177316451,0.767680223431015
2022-09-13,0.7399110533834028,0.7066028864626275,0.7675491816516992
2022-09-14,0.7408558822495946,0.7069187158561875,0.7675602665771706
2022-09-15,0.7412993749051272,0.7068616618728211,0.7676555466313438
2022-09-19,0.7410941995752325,0.707040630093496,0.7675927261747364
2022-09-20,0.7413689322423767,0.7069715364457492,0.7674494703472405
2022-09-21,0.7409757069822356,0.7069600837987663,0.7674638081904216
2022-09-22,0.7403670578097753,0.707005643182285,0.7677628852274485
2022-09-23,0.7394120129243622,0.7069244093034144,0.767985101048566
2022-09-26,0.738286108056189,0.7068291529810959,0.7677217569442003
2022-09-27,0.7380389704067658,0.7070663986644633,0.7678780244513405
2022-09-28,0.7386031099283609,0.7068096866990514,0.7676090043318182
2022-09-29,0.7384856719922004,0.7070044754608872,0.7676783801842579
2022-09-30,0.7380188086538191,0.7069370832657261,0.7677593117808124
2022-10-03,0.7382620423388215,0.7070559012616255,0.7678571535069028
2022-10-04,0.7370858261851244,0.7071249402398186,0.7674539166963805
2022-10-05,0.7373112613562955,0.7071217930345031,0.7677703923293296
2022-10-06,0.7372535403985486,0.70727313127764,0.7675904175294367
2022-10-07,0.7370289250155263,0.7072039070131688,0.767777819127209
2022-10-10,0.7375968059055223,0.707076762432829,0.7676591553449564
2022-10-11,0.7377648746787128,0.7074051925117715,0.7675478129539537
2022-10-12,0.7381526239098279,0.707205513110307,0.767850645145319
2022-10-13,0.7374767496476324,0.7070477881594674,0.7678548909985499
2022-10-14,0.7378328131607504,0.7069791210295461,0.7679347686697962
2022-10-17,0.7387101293417999,0.7070398578096047,0.7679791832997754
2022-10-18,0.7380096559833367,0.7068593615716002,0.7680357805949004
2022-10-19,0.7386077214863298,0.7068934099808195,0.7679503294463643
2022-10-20,0.738450052914883,0.7071117344565953,0.7679225350740048
2022-10-21,0.7388451454940591,0.7071208942976865,0.7678390819314282
2022-10-24,0.73895023651339,0.7073304480356319,0.7678356839920251
2022-10-25,0.7383367590967923,0.7073487989626286,0.767796594560496
2022-10-26,0.7378935867020132,0.7073358550321698,0.7679004900171816
2022-10-27,0.7381889570205682,0.7073786905160904,0.7679127304493544
2022-10-28,0.7385771927134943,0.7076068864587314,0.7678848729601798
2022-10-31,0.7379182993688862,0.7074116604509454,0.7679538833788957
2022-11-01,0.7377665479351507,0.7072593204814706,0.7679935544837508
2022-11-03,0.738106417080267,0.7073061892036219,0.7676379393426556
2022-11-04,0.7377549767237238,0.7074056288543304,0.7678153954477687
2022-11-07,0.7375241860157375,0.707123515732587,0.7681907535945949
2022-11-08,0.7378059528517456,0.7072546968227982,0.7681197646029515
2022-11-09,0.7382420582062846,0.7073267668696319,0.767899311893243
2022-11-10,0.738403508620459,0.7073339698095739,0.7679190330308278
2022-11-11,0.737606411492997,0.7072842075327034,0.7680596895755436
2022-11-14,0.736761999336108,0.7074903912364023,0.7679054929776
2022-11-15,0.7372306504948779,0.7072406776995133,0.7680087776975846
2022-11-16,0.7376747126335476,0.7071950821291898,0.767927526587448
2022-11-17,0.7378653389821215,0.7073525880478138,0.7679738155045018
2022-11-18,0.7376863498686946,0.7072248768589446,0.7682234409675958
2022-11-22,0.7378536167077376,0.7071493259119479,0.7681315609512882
2022-11-23,0.7373959720910087,0.7070662755582152,0.7680762200714575
2022-11-24,0.7370103288143967,0.7069181877161306,0.7680377232694434
2022-11-25,0.7379145625681218,0.7069104572043318,0.7676799507384902
2022-11-28,0.7381429803069754,0.7072264353278415,0.7674554596119558
2022-11-29,0.7378048730485824,0.7072503363758357,0.7676082947804727
2022-11-30,0.7373496440686591,0.7075016015366541,0.7676751666503151
2022-12-01,0.7375688249048327,0.7075315203756779,0.7679010229026983
2022-12-02,0.7370109799876479,0.7076238494197622,0.7681735145447528
2022-12-05,0.7371741154807573,0.7077055031026793,0.7682781904076056
2022-12-06,0.7373991340948108,0.7075288195784173,0.7682832363531573
2022-12-07,0.737683962719684,0.7073380295621261,0.7677504745022767
2022-12-08,0.7376161463446832,0.7072355192081423,0.7675506455609858
2022-12-09,0.7373052247743087,0.7073231776654928,0.7674166390375475
2022-12-13,0.7378441666342477,0.7072260101968513,0.7675166660680232
2022-12-14,0.7380601412237421,0.7073422421068074,0.767459976269019
2022-12-15,0.7372120972980026,0.7069627642851443,0.7674830654221022
2022-12-16,0.7379434132418256,0.7072336055110287,0.7675398891301882
2022-12-19,0.7380555449595443,0.7071231812614099,0.7676448804984433
2022-12-20,0.7391065517063808,0.7073024238879938,0.7675857092236759
2022-12-21,0.738928655371471,0.7072197910853332,0.7676218608788841
2022-12-22,0.7391124277330419,0.7073768388177413,0.7674723661311598
2022-12-23,0.7380763352174717,0.7073935330632453,0.7673868750926788
2022-12-26,0.7386361619521927,0.707060419732824,0.7675217146027018
2022-12-27,0.7385574238154444,0.7073742033103048,0.7676804135035737
2022-12-28,0.7379935166902932,0.7072028446717485,0.7676399587965403
2022-12-29,0.7379994727113754,0.7071292924389436,0.7677959341910896
2022-12-30,0.7374841057893529,0.7072227471709199,0.7677390789701743
2023-01-02,0.7371219395129724,0.7073219305243453,0.7678186208087108
2023-01-03,0.7374140462716311,0.7071737616402508,0.7677419025735566
2023-01-04,0.7376977009740048,0.7070097629952595,0.7675881802219793
2023-01-05,0.7370364680211597,0.7069267099431437,0.7676777080749901
2023-01-06,0.73665182967076,0.7066988462496938,0.7677765614254702
2023-01-09,0.7361961358810544,0.7068519194627391,0.7678453344602565
2023-01-10,0.736349172084347,0.7068082595483938,0.7679426373045121
2023-01-11,0.736404977556625,0.7066624065506028,0.7675026105649797
2023-01-12,0.7356150605886205,0.7067012784649015,0.7679653550821887
2023-01-13,0.7359290099653938,0.7066553267509844,0.7678583881490542
2023-01-16,0.734710935882223,0.7069015321368968,0.7680666805738113
2023-01-17,0.7348933464787091,0.7070538956998534,0.7679874331232609
2023-01-18,0.7350656004422498,0.7069948598766697,0.7681193318972728
2023-01-19,0.7348191327706094,0.7071963318279432,0.7678064258778078
2023-01-20,0.7360988797905659,0.7072252453553579,0.768053793409723
2023-01-23,0.7354782412361833,0.7072743980934869,0.7679940766387737
2023-01-24,0.7354722139110771,0.7072418513127128,0.7677284290373868
2023-01-25,0.7355147011134018,0.7070856081718716,0.7680397264924037
2023-01-26,0.7357479667061876,0.706958578855979,0.7679898727039256
2023-01-27,0.7358745106771009,0.7068932122849275,0.7678598284928386
2023-01-30,0.736555190773588,0.7071886787358999,0.7682150957327464
2023-01-31,0.7364759437442613,0.706742212568413,0.7683397757311647
2023-02-01,0.7364823910426473,0.7067562351137182,0.7681195683137682
2023-02-02,0.7361277881240313,0.7065965040546853,0.7680911475357263
2023-02-03,0.735953672386668,0.7067348216028095,0.7680005469867799
2023-02-07,0.7359515047725882,0.7069366309042886,0.7681653130939031
2023-02-08,0.7356780236340644,0.7066341652805572,0.7680876532056381
2023-02-09,0.7350006359788328,0.7066919341693384,0.768342751670409
2023-02-10,0.7352871005606729,0.7065450716191801,0.7680277993145611
2023-02-13,0.7352849162464022,0.7063592817647647,0.767805016466804
2023-02-14,0.7353956371782162,0.7062886412681494,0.7679597760464367
2023-02-15,0.7351263245796952,0.7063664929221799,0.7683163815569312
2023-02-16,0.7350110339647218,0.7065173009086743,0.7683350795812118
2023-02-17,0.7354666049635182,0.7061332893431528,0.7683845174400679
2023-02-20,0.7348928297102164,0.7060297519891654,0.7683451507846496
2023-02-21,0.7354797436000752,0.7061522421804214,0.7684332377786182
2023-02-22,0.7358460320007919,0.7060998808235548,0.7687538830359223
2023-02-23,0.7363002841862071,0.7060818110183094,0.768710114089824
2023-02-24,0.7359638490841118,0.7061055610672078,0.7684886985917477
2023-02-27,0.7363257237803582,0.7056452909993183,0.7686584324469792
2023-02-28,0.7358848985075541,0.7058750742341637,0.7683752435193972
2023-03-01,0.7357564203806781,0.7060067085393791,0.7683096235483103
2023-03-02,0.7357679102258295,0.7056946615007629,0.768231055320559
2023-03-03,0.7347081055319896,0.7057091881532581,0.7681191536217022
2023-03-06,0.7347572395088976,0.7057636773668651,0.7681646660334857
2023-03-07,0.734435263183543,0.7058289624044228,0.7683374573106184
2023-03-08,0.7345220100801152,0.7059031062881125,0.7684155449292047
2023-03-09,0.7337370887262734,0.7057079314331111,0.7685394441179295
2023-03-10,0.7341780326082373,0.705763198753122,0.7681429356588778
2023-03-13,0.7345970089496017,0.7056685116902784,0.7681638830901949
2023-03-14,0.7357660550761473,0.7057334789497649,0.7685317157609489
2023-03-15,0.7357138224713214,0.7056361124206256,0.7685950449084026
2023-03-16,0.7355978699579715,0.7056585743060323,0.768481610728099
2023-03-17,0.7358301923699284,0.7056904828996374,0.7683880942137514
2023-03-21,0.7359287960818142,0.7056434426438041,0.7686316522502669
2023-03-22,0.7364496314966917,0.705835817426388,0.7683048445230478
2023-03-23,0.7362771165895714,0.705887108453479,0.7683175337335083
2023-03-24,0.7367164618476251,0.7059091102520708,0.7683147913622564
2023-03-27,0.7363733791849272,0.7058559458208203,0.7684596089463899
2023-03-28,0.7362806656467016,0.7062836246502945,0.7684744655467716
2023-03-29,0.7357264177349028,0.7062124506241391,0.76861124767789
2023-03-30,0.7357130578692955,0.7061395569134509,0.7687054088049083
2023-03-31,0.7359389117349138,0.7060315156135591,0.7687483738391315
2023-04-03,0.736103213567723,0.7063430425847919,0.7686225992090948
2023-04-04,0.7361526210548878,0.706461159928275,0.7688797529295202
2023-04-05,0.7351006257705008,0.7061601000031772,0.7687127967243959
2023-04-10,0.7348037036543961,0.706166933630125,0.7689162219349367
2023-04-11,0.7350257105019916,0.706302886720143,0.7687391436511153
2023-04-12,0.7351912628815278,0.7061759405296482,0.768845009873624
2023-04-13,0.735271945667736,0.7059495855879155,0.7686701575603447
2023-04-14,0.734252668649019,0.7058586595066846,0.768780669858946
2023-04-17,0.7341649273963111,0.7057803831749508,0.7686366723942788
2023-04-18,0.7339237901651423,0.7058914795184849,0.7687467170431954
2023-04-19,0.7332067561032782,0.7061121953723126,0.7687899940799079
2023-04-20,0.7333165167787425,0.7063730145267422,0.7690048111279698
2023-04-21,0.7332020812122468,0.7062429393431833,0.7686569096540109
2023-04-24,0.7330291681314124,0.7063199784498069,0.7687356715221025
2023-04-25,0.7330336162813206,0.7062724854369267,0.7688275805060345
2023-04-26,0.7328112240054616,0.7062193878569011,0.768698846235634
2023-04-27,0.7332159545195175,0.7061425102874924,0.7686542672877783
2023-04-28,0.7322566218471581,0.7062792151985933,0.7687506327559154
2023-05-02,0.7315838217548238,0.7060864234163173,0.7688714493245962
2023-05-03,0.7318082963259623,0.7061756359661286,0.7689693610255248
2023-05-04,0.7314853170908444,0.7062805721911494,0.768708060644194
2023-05-05,0.7314301196635336,0.7061325812129077,0.7684355607769243
2023-05-08,0.7315323973547744,0.7060830332199053,0.7688119099499758
2023-05-09,0.7318067596007589,0.7060387327743582,0.7689634579309005
2023-05-10,0.7316869064108401,0.7059275583886672,0.7686333506456315
2023-05-11,0.7314061065465328,0.7058439878688514,0.7686717753836677
2023-05-12,0.7313973220592068,0.7058583254404694,0.7688065973142778
2023-05-15,0.7315402319172468,0.7056512888631311,0.7691101323195849
2023-05-16,0.7313485312560203,0.705756743565109,0.768983982041642
2023-05-17,0.7321969801828031,0.7058548791875442,0.7691387198071085
2023-05-18,0.7323044757132251,0.705955057318612,0.769274767661351
2023-05-19,0.731683023720664,0.7059217202706469,0.7691167118601725
2023-05-22,0.7310684619257453,0.7058794754497082,0.7690005210000247
2023-05-23,0.7306847298865681,0.706072877208429,0.7691210885979177
2023-05-24,0.7312458847658221,0.7059300831584844,0.7691072370468073
2023-05-25,0.7318193624285382,0.7059998584469237,0.7689622406834933
2023-05-26,0.7315464295886489,0.7056554955874921,0.7689790060986433
2023-05-29,0.7318723253485947,0.7059376702468613,0.7688605473411085
2023-05-30,0.732138488584127,0.705821692026636,0.7690520464440321
2023-05-31,0.7323991524020164,0.7056553230590115,0.768903310526087
2023-06-01,0.7332489460546181,0.7057369929098076,0.7689051779544569
2023-06-02,0.7336393062527141,0.705627611468633,0.7689327676161596
2023-06-05,0.733867672431887,0.7054433660043836,0.7689827607425168
2023-06-06,0.7333098428475059,0.7054441190304825,0.7690040759447334
2023-06-07,0.7338601137255889,0.705346025054789,0.7689315093952219
2023-06-08,0.7341891518714839,0.7052988911802457,0.7691086055367031
2023-06-09,0.7348201567096051,0.7053636828963928,0.7689222107104647
2023-06-12,0.7344860148587127,0.7053168330400266,0.7690588340608647
2023-06-13,0.7344382768729018,0.7054082656709125,0.7691631598441927
2023-06-14,0.7333900619344815,0.7053495510391067,0.7692621354709881
2023-06-15,0.7334553766971493,0.7053842415674902,0.7693675731721927
2023-06-16,0.73331146397219,0.7055160603690014,0.7692054668247856
2023-06-19,0.7329640855523893,0.7054161930877321,0.7692948214661174
2023-06-20,0.7331574531194439,0.7055698412558549,0.7693479385809343
2023-06-21,0.7327972604843451,0.7053071354453393,0.7691728177196727
2023-06-22,0.7326306452865462,0.705471980620591,0.7692992387873432
2023-06-23,0.7323137300885465,0.7052419616417336,0.7693062426618967
2023-06-26,0.7319102137910738,0.7054886052053598,0.7694475453690905
2023-06-27,0.7316443391743939,0.7055672113399533,0.7692386888319199
2023-06-28,0.7315346734755245,0.7056634966427643,0.7693860123868843
2023-06-29,0.7314144268217592,0.7054309903947774,0.7697074359986172
2023-06-30,0.7311839313284467,0.705624622906679,0.7695813386308318
2023-07-03,0.7304911389298426,0.7055292269534742,0.7693705143525617
2023-07-04,0.7300324263364819,0.7056604876170812,0.7695311618692112
2023-07-05,0.7298538539899823,0.705839306412738,0.7692890948372034
2023-07-06,0.7304807732200769,0.7056537280249556,0.7696443586237177
2023-07-07,0.7299080260666369,0.705570422137847,0.7698379227087792
2023-07-10,0.7299469834554823,0.7052027320839693,0.7700177646990968
2023-07-11,0.7297165882519435,0.7054951557676375,0.7700642312362717
2023-07-12,0.73016232927325,0.7053993896853351,0.7695541795978127
2023-07-13,0.7303568443781088,0.7052486964454816,0.7697477784844747
2023-07-14,0.7297778067498901,0.7056749693293097,0.7698362726111322
2023-07-17,0.72927200978078,0.7054197919551078,0.769592538825912
2023-07-18,0.7292901667834457,0.7057079884750171,0.7699733816004035
2023-07-19,0.7294040909838474,0.7055147489445769,0.769942077654498
2023-07-20,0.730214799770424,0.7053841411076233,0.7697971439599383
2023-07-21,0.7300922535149058,0.7051388800258144,0.769737379206496
2023-07-24,0.7296511675948228,0.7049060527056576,0.7698441435338582
2023-07-25,0.7298519164032023,0.7050868257644548,0.7696947511123899
2023-07-26,0.7296477455143875,0.7052105609006905,0.7697395914378531
2023-07-27,0.7295874135399341,0.7051715781234479,0.7700140965199926
2023-07-28,0.7297638741034199,0.704591146976222,0.7700418338234463
2023-07-31,0.7304398930701235,0.7047153388736901,0.770346445061295
2023-08-01,0.7302588158242326,0.7045785536046536,0.7701928246508193
2023-08-02,0.7306740557658015,0.7045422306336485,0.7702479197291519
2023-08-03,0.7310162043723915,0.7047914047300905,0.770233944166095
2023-08-04,0.7306828564726637,0.7048138680609792,0.7701160385979935
2023-08-07,0.7315230876090235,0.7046954361638197,0.7702299242916503
2023-08-08,0.7310806480480634,0.7047612942579272,0.7700745880157963
2023-08-09,0.7312509188526807,0.7046685219503084,0.7701367371319163
2023-08-10,0.7316496977375281,0.7045337071154215,0.7700594045092495
2023-08-11,0.7324719390443002,0.7044619975063648,0.7700726124718308
2023-08-14,0.732206157978627,0.7044961738042796,0.7701821754469336
2023-08-15,0.7318374473572224,0.7045234754425679,0.7700024551759623
2023-08-16,0.7318429286192167,0.7045290847468881,0.7703564319008535
2023-08-17,0.7318836970469571,0.7044682864825271,0.7699983387119379
2023-08-18,0.7314754970553414,0.7045691591316856,0.7700755881178971
2023-08-21,0.7316396032204585,0.7045597060685631,0.770409928201089
2023-08-22,0.7311107786176949,0.7045023644029411,0.7704318819261725
2023-08-23,0.7307023521387532,0.7042794810368986,0.77019913288781
2023-08-24,0.7310141828872259,0.7044028364483973,0.7701890058157268
2023-08-25,0.7312711244282104,0.7045055414823285,0.7700897490173834
2023-08-28,0.7304646384733022,0.7042939171175536,0.7700373451805174
2023-08-29,0.729916794437379,0.7041967545912614,0.7701577273868359
2023-08-30,0.7301121813367609,0.7041057647517046,0.7700993835052784
2023-08-31,0.7296910492706953,0.7042571543125336,0.7699299237981351
2023-09-01,0.7298628970132294,0.7042049334785965,0.7700128991053126
2023-09-04,0.7296294630786101,0.7041889028270023,0.7699537735532769
2023-09-05,0.7292876127922309,0.7038764920427052,0.7699620003408334
2023-09-06,0.7290849835476836,0.7041271735218531,0.7699487277232268
2023-09-07,0.7288302133523044,0.7037604590513373,0.7698581386430227
2023-09-08,0.7287388290691734,0.7040192512627583,0.7699324340467525
2023-09-11,0.7289699249273156,0.704157441119878,0.770424894283489
2023-09-12,0.7288123393711159,0.7040974506116787,0.770261013776558
2023-09-13,0.7294997846046491,0.7040450186134608,0.7702087634431101
2023-09-14,0.7294481986179014,0.7041550964213229,0.7702221130486056
2023-09-15,0.7295366309131293,0.704261051914984,0.7702127578082091
2023-09-18,0.7306634166693909,0.7044363305247424,0.7705573422169408
2023-09-19,0.7301289100236177,0.7042187135943608,0.7706901596696375
2023-09-20,0.7295950040225622,0.7041157777007375,0.7703005686846383
2023-09-21,0.7296550127094884,0.7041508033325156,0.770588373705229
2023-09-22,0.7297189941849367,0.7041415573249841,0.7705030044360938
2023-09-25,0.7307353216518743,0.7041770690553399,0.7704169223413775
2023-09-26,0.7296566921323986,0.7038866121421413,0.7705682481267798
2023-09-27,0.7297873075863605,0.7039615658382584,0.7707970320493035
2023-09-28,0.7297136358910614,0.7038519278867326,0.7705671245572963
2023-09-29,0.7292496646782484,0.7040309408049877,0.7706610899532207
2023-10-02,0.7293627559439761,0.7039192994318888,0.7703127653767785
2023-10-03,0.7292337876311745,0.7040975339110995,0.7704544063802609
2023-10-04,0.7292167394351694,0.7040416795832893,0.7702946709204326
2023-10-05,0.7294970691047643,0.7041119068572675,0.7705093654043085
2023-10-06,0.7289607159432663,0.7039713949968136,0.7705410326359091
2023-10-09,0.72912563864139,0.7037394860875644,0.7704276994891597
2023-10-10,0.7281863062733567,0.7038906460066542,0.7705400274672143
2023-10-11,0.7278583665625842,0.7039376152088224,0.7706913343830749
2023-10-12,0.7282756825780604,0.7038198833407454,0.770712525988246
2023-10-13,0.7293739586117094,0.7039530594921372,0.7708077118853857
2023-10-16,0.7293526028906885,0.7039151498482797,0.7708537607776257
2023-10-17,0.7298527601211857,0.7036052306051772,0.770672933069704
2023-10-18,0.7303429452076234,0.7036906830231026,0.7710405937318451
2023-10-19,0.7297753620552007,0.7036752271835424,0.7707568622993659
2023-10-20,0.7297008180155935,0.7036222286846148,0.7708831719145869
2023-10-23,0.7298102772635963,0.7035854527730546,0.7709098500182321
2023-10-24,0.7295877848968823,0.7035222811853717,0.7708292598145993
2023-10-25,0.7302217595838127,0.703607668962767,0.7709010446102811
2023-10-26,0.7308044108807912,0.7036792617347072,0.7709237315035059
2023-10-27,0.7306472054978803,0.7036603560300504,0.7705881948461218
2023-10-30,0.7299389008284694,0.7034623615332694,0.7709690042083415
2023-10-31,0.7294939178908454,0.7033684097736631,0.7708362008252798
2023-11-01,0.7295071836952536,0.7035995048676388,0.7709477853259484
2023-11-03,0.7289503493842316,0.7033210775521583,0.7711682933162235
2023-11-06,0.7292795158276596,0.703541325709675,0.7711942132044933
2023-11-07,0.7291148260215641,0.7034850846804704,0.7710510982163454
2023-11-08,0.72832848186317,0.7030167703626459,0.7709943651966817
2023-11-09,0.7282157594865066,0.7032381615109942,0.7701670155370733
2023-11-10,0.7291326113189024,0.7032414097442047,0.7704247594555571
2023-11-13,0.7291854341895898,0.7033926484575391,0.7702541977673297
2023-11-14,0.7280771703928409,0.7035951066879562,0.770386014619372
2023-11-15,0.7286627752378015,0.7035730204811409,0.7707200016387499
2023-11-16,0.7284684154873114,0.7034281050486033,0.7707133040161978
2023-11-17,0.728503578286741,0.7034201904381631,0.7706169411894754
2023-11-21,0.729566127309309,0.7033983268173921,0.7701304262489598
2023-11-22,0.729731944339578,0.7032319121313979,0.7704285465990549
2023-11-23,0.729164927249819,0.7032496123861129,0.7701855959526982
2023-11-24,0.7297015600493557,0.7032105075126164,0.7702277596935414
2023-11-27,0.7304332289240704,0.7032669038064914,0.7701187698637597
2023-11-28,0.7311788568395459,0.7033368024796335,0.7703414914553991
2023-11-29,0.7311014078155973,0.7030646778983334,0.7701981679015449
2023-11-30,0.7303834448602574,0.7029566567313348,0.7705830445714122
2023-12-01,0.7307859032834405,0.7030810677295003,0.7703678556469042
2023-12-04,0.7302721692152108,0.7030239645730576,0.7704794483083167
2023-12-05,0.7309538463246538,0.7032252229534451,0.7705648961207534
2023-12-06,0.7304145863057065,0.7033142954289818,0.7706560101065952
2023-12-07,0.7304890095980859,0.7032113962018295,0.7706181693468857
2023-12-08,0.7305919790023657,0.7032261276007872,0.7707027108285996
2023-12-11,0.7301356056269737,0.7031679863777345,0.7707637659473413
2023-12-13,0.7301648344426165,0.7031468632194787,0.7704923542203397
2023-12-14,0.7293150761100813,0.7034347647810016,0.7708031921185277
2023-12-15,0.7290246430045121,0.7034010778334715,0.7707014292538413
2023-12-18,0.7290872159788953,0.7032565599625168,0.7708961232934538
2023-12-19,0.7295810329097193,0.7031392817475868,0.7710734018357029
2023-12-20,0.7291260045778652,0.703050626700797,0.7712088354609495
2023-12-21,0.7291258888904933,0.7029279007706379,0.7707405951920178
2023-12-22,0.7285508757599822,0.7028630260834428,0.7710427775679084
2023-12-26,0.7289542660423125,0.7030639364899803,0.7710687755988419
2023-12-27,0.7293702022784053,0.7031494034020318,0.7709650217591524
2023-12-28,0.729278322164373,0.703077477368786,0.7710051999873756
2023-12-29,0.7290643850210872,0.7031403377373606,0.770875399208672
2024-01-02,0.7285018041628717,0.7027799009883863,0.7709326280288652
2024-01-03,0.7282092863355388,0.7027030861433792,0.7710095838797202
2024-01-04,0.7279029986185941,0.7026577460558792,0.7710244799319268
2024-01-05,0.7280623519217069,0.7025965218247154,0.7708026016319616
2024-01-08,0.7284057932962127,0.7023954898348416,0.7706531835736947
2024-01-09,0.728058494613715,0.7024037356295306,0.7709234077550752
2024-01-10,0.7275733757607467,0.7024788382402641,0.7709603963415016
2024-01-11,0.7283116178593124,0.7022913883157009,0.7712343581336331
2024-01-12,0.7276927809071034,0.7023747793648791,0.7712958671024317
2024-01-15,0.7279363910483216,0.7021506199517974,0.7712995634275478
2024-01-16,0.7264931794944572,0.7022286618025704,0.7710206552569482
2024-01-17,0.726235335880864,0.7022119521487805,0.770764354735756
2024-01-18,0.7269828441837496,0.7022250092591951,0.7710897006939791
2024-01-19,0.7259242380098271,0.702183044481643,0.7709918768026528
2024-01-22,0.7257091114665472,0.7021215798036763,0.7710943136966598
2024-01-23,0.7254360804745129,0.7021260788928546,0.7710394598420452
2024-01-24,0.7259663258274892,0.7020706810017382,0.7708324567357614
2024-01-25,0.7265369726598959,0.702288008662768,0.770879095709578
2024-01-26,0.7267585974977766,0.7023589287004549,0.77103884558111
2024-01-29,0.7263749814583861,0.7023822459450711,0.7709961675261986
2024-01-30,0.7263888173298189,0.7023954604683884,0.7707508257894442
2024-01-31,0.7268976670041125,0.7023977976232305,0.7705454351055999
2024-02-01,0.7266067726025727,0.7023964868306819,0.771054823846724
2024-02-02,0.7276704636102446,0.7022127673521567,0.7704654956517889
2024-02-06,0.728024322261449,0.7024114793654036,0.770810881690643
2024-02-07,0.7285832078026785,0.7023774002045757,0.7706150850191817
2024-02-08,0.7286358549212884,0.7023631792661273,0.7705391886444191
2024-02-09,0.7289896987917579,0.7022111766969886,0.7706972535913722
2024-02-12,0.7280201589836475,0.7023836118082442,0.770651704996892
2024-02-13,0.7281567285066465,0.7022872655595271,0.7707075692596487
2024-02-14,0.7278258930365736,0.7024396952784553,0.7708022698114957
2024-02-15,0.7283368499433106,0.702326748747613,0.7707075276636739
2024-02-16,0.7291061894878744,0.7025234858263768,0.7708677743578165
2024-02-19,0.7295604038069735,0.7025760609306706,0.770941011426926
2024-02-20,0.7300262143383749,0.7022941556305251,0.7707143829326752
2024-02-21,0.73011506042244,0.7023735316561917,0.7705096779699007
2024-02-22,0.7297646105135405,0.7020785480760533,0.7706095254978066
2024-02-23,0.7306673324399225,0.7021341199280247,0.7706675173454152
2024-02-26,0.7305804897010367,0.7023045550636386,0.7707840985897121
2024-02-27,0.7302365930885188,0.7022392899946708,0.7710025240500639
2024-02-28,0.7301822999964219,0.7025320461442338,0.7711288193553887
2024-02-29,0.730613050240483,0.7022391687805742,0.7708053889418626
2024-03-01,0.730876901320481,0.7020949272177046,0.7709878201619709
2024-03-04,0.7310203568888004,0.7021063753766629,0.7708787980640174
2024-03-05,0.7313598234102094,0.7022954496757459,0.7709870662439378
2024-03-06,0.7309605321438368,0.7022868620305052,0.7710880439319394
2024-03-07,0.7313340730845981,0.7021936775451078,0.7712234304231679
2024-03-08,0.731845881696615,0.7024865662277533,0.7711454530901646
2024-03-11,0.732117537214561,0.7022380229304822,0.7712491709572373
2024-03-12,0.7317223574645313,0.7023384805769027,0.7712208445969336
2024-03-13,0.7316035666540814,0.7023539703180246,0.7712403379225083
2024-03-14,0.7316479660705602,0.7023642511816257,0.7711196449052407
2024-03-15,0.7312960983932709,0.7024228001536389,0.771261495100653
2024-03-19,0.7310582303288347,0.7020179234155743,0.7710266342559798
2024-03-20,0.7305631371791819,0.7020198710260175,0.7707800222304902
2024-03-21,0.7304506783777149,0.7016733868660254,0.770930876811385
2024-03-22,0.7306579723389609,0.7019696986240661,0.7710782365243566
2024-03-25,0.7301498948378798,0.7019242242938912,0.7711433614389595
2024-03-26,0.7299132329484322,0.7019451511449581,0.7710655390210642
2024-03-27,0.7301888148047494,0.7017758394752558,0.7708735749866821
2024-04-01,0.7306133347830847,0.7017464117876647,0.7708705121009182
2024-04-02,0.7309380397946847,0.7019471889027533,0.7709557455764569
2024-04-03,0.730393188324917,0.701906767113413,0.7708970359950009
2024-04-04,0.7298694504937473,0.7017864030869639,0.7707791014650021
2024-04-05,0.7303600514414673,0.7018804357665136,0.7710731839985631
2024-04-08,0.7307500542401751,0.7017442457022993,0.7708874272653273
2024-04-09,0.7308470837539259,0.7020238451742269,0.7710290782682565
2024-04-10,0.7298735430221854,0.7019516111691839,0.7707504259687319
2024-04-11,0.7299388960109381,0.7018548209560733,0.7707814840703181
2024-04-12,0.730206826164566,0.701745996647333,0.7709427426499728
2024-04-15,0.7304246684512885,0.7018268854999118,0.7711637480763222
2024-04-16,0.7310669803060356,0.7019390965902305,0.7713191662225428
2024-04-17,0.730504383180123,0.701749278285544,0.7711726627319976
2024-04-18,0.7297369096413078,0.7017801461649905,0.7711246961797175
2024-04-19,0.7302755176273275,0.7016673166225885,0.7711594675503676
2024-04-22,0.7296665212714041,0.7018832736894746,0.7711457256791655
2024-04-23,0.7295629888615179,0.7017044749101061,0.7713130071018185
2024-04-24,0.7290618467216171,0.701823610423819,0.7714904236143787
2024-04-25,0.7292619315546519,0.7016265190668316,0.7715683230194154
2024-04-26,0.7291871256026075,0.7019650652023766,0.7714781706881784
2024-04-29,0.7289002106627404,0.7017613922444793,0.7715026529638142
2024-04-30,0.7280097489140827,0.7018478035741726,0.7716483270876071
2024-05-02,0.7281358771117743,0.7020174230770806,0.7715280458915503
2024-05-03,0.7283631025707071,0.701869469790739,0.7716907567816902
2024-05-06,0.7288935722158776,0.7016990041096597,0.7715602193730507
2024-05-07,0.7290028674753581,0.7018743305692976,0.7716179828760492
2024-05-08,0.7296182693899402,0.7019833228721085,0.7717046633989759
2024-05-09,0.7301296969323401,0.7018546132328832,0.7717175669988088
2024-05-10,0.7296394160834261,0.7016968707143146,0.7715146593315222
2024-05-13,0.7300367201677006,0.7018018982048663,0.7716741754546514
2024-05-14,0.7299209352123723,0.7019180047151805,0.7715534918773942
2024-05-15,0.7296846914175414,0.7016866967939377,0.7716879837702307
2024-05-16,0.7289134180247039,0.7022759519591631,0.7716757189951307
2024-05-17,0.7296290677998477,0.702283669117037,0.7718387555990633
2024-05-20,0.7304382957265434,0.7023195746686537,0.7715049776541977
2024-05-21,0.7294892839639013,0.702246782468528,0.7714740324275055
2024-05-22,0.7294363646550783,0.7022970113634223,0.7715334978223106
2024-05-23,0.7295279677680008,0.7022132427032546,0.7713523827009015
2024-05-24,0.7296992150089447,0.7019871434598108,0.7713407274010935
2024-05-27,0.7300760825186723,0.7019439331547842,0.7713071426441801
2024-05-28,0.7296795203042893,0.7021700650405178,0.7715990823420676
2024-05-29,0.7296878627543427,0.7021964882024445,0.771486370385566
2024-05-30,0.7297560639076734,0.7018134310045318,0.7714408164574289
2024-05-31,0.7295698619649552,0.7020714168453812,0.7716246633799108
2024-06-03,0.7287260315235987,0.7019566174030877,0.7714995058599251
2024-06-04,0.7285365545558075,0.7018528404853434,0.7714020946662303
2024-06-05,0.7290856391056186,0.7017863459864144,0.7714794525843421
2024-06-06,0.7286481922667638,0.7018160043233901,0.7715542670708739
2024-06-07,0.7283803333581385,0.7017737064668829,0.7716695016229813
2024-06-10,0.7287373958298904,0.7016799645188646,0.7714643184990493
2024-06-11,0.7286601859010838,0.7020354760536069,0.7712581066102178
2024-06-12,0.7293421918794855,0.7017985192196081,0.7713215657228086
2024-06-13,0.7293123980928877,0.7019830962853391,0.7716222608619187
2024-06-14,0.7297952390634254,0.7018194582654571,0.7713838245156819
2024-06-17,0.7289047318299747,0.7019019097620497,0.7714684766704585
2024-06-18,0.7284977328590282,0.7020101339724248,0.7712560591738064
2024-06-19,0.728380352595253,0.7018076421480093,0.771382765450399
2024-06-20,0.7287687012375509,0.7018716396583848,0.7713942593869373
2024-06-21,0.7287588852157147,0.7022116776983549,0.7719565239168552
2024-06-24,0.7290738179533806,0.7022458762871124,0.7718980603429579
2024-06-25,0.7292395869932234,0.702005921747208,0.7717260831832907
2024-06-26,0.7296789838073645,0.7020306017549033,0.7716661993512111
2024-06-27,0.7295233595306986,0.701971832920909,0.7715228869038729
2024-06-28,0.7304558792305006,0.7019487964729568,0.7717550796833798
2024-07-01,0.7305996534194277,0.701853664006422,0.771602907451593
2024-07-02,0.7298111278729827,0.7017650163283295,0.7717744539754688
2024-07-03,0.7299301236213714,0.7018738973148232,0.7716423293282393
2024-07-04,0.7296357192018038,0.7024912945955756,0.7716237485840322
2024-07-05,0.7293084203061945,0.7023377222917577,0.7719027948393531
2024-07-08,0.7283596619007835,0.7021892761320783,0.7718667622978728
2024-07-09,0.7283120217228553,0.7018760339570673,0.7720056326337188
2024-07-10,0.7283203680356436,0.7016914722637444,0.7717871049750217
2024-07-11,0.7286369103387497,0.7015859585442148,0.7719711448450174
2024-07-12,0.7278077023793055,0.7014987974032144,0.7722089041320479
2024-07-15,0.727657801109485,0.7015385648345066,0.7720413533442846
2024-07-16,0.7272463553159907,0.7015038392637158,0.7720328805408219
2024-07-17,0.7273688335830841,0.7013639300729081,0.7719730526701222
2024-07-18,0.7266404963436671,0.701685814920334,0.7717909889208605
2024-07-19,0.7262809018891803,0.7017289000496104,0.7722446237330179
2024-07-22,0.7262270448955703,0.7014883751843521,0.7723490590926025
2024-07-23,0.7265819535350845,0.7016336862071466,0.7721340363732316
2024-07-24,0.727248182934987,0.7017417805958164,0.7718769883111997
2024-07-25,0.7270008998127754,0.701883450506734,0.7718781763294512
2024-07-26,0.7279711741467056,0.7016779589260024,0.7719136446601318
2024-07-29,0.7282897617146188,0.7016045294021052,0.7719264123060252
2024-07-30,0.7283787873576459,0.7017906766047464,0.7721159288559004
2024-07-31,0.7266385339240011,0.7015050161032376,0.7722883031056267
2024-08-01,0.7259391600058858,0.702085359377909,0.7722113499986255
2024-08-02,0.7259676305322065,0.7020411994409405,0.7724446946999036
2024-08-05,0.726097502758184,0.7020234704571986,0.7723234943272167
2024-08-06,0.7258771921772817,0.7020591180675074,0.7720633367033737
2024-08-07,0.7261483252979325,0.7019499961578711,0.7724643464420997
2024-08-08,0.7270085605549177,0.7018309176942387,0.7721672331137949
2024-08-09,0.7265692516909886,0.701930614764565,0.7723768330683894
2024-08-12,0.7276207451116028,0.7017194694651253,0.7720737768725661
2024-08-13,0.7267762201024052,0.7019471536990843,0.7720931115701812
2024-08-14,0.7271013102579027,0.7017549094542539,0.7722992566548028
2024-08-15,0.7273462945886753,0.7021032179562459,0.772081307409032
2024-08-16,0.7279157904893012,0.7021628289146986,0.7720684481654719
2024-08-19,0.7276972938209622,0.7018491850683308,0.7720417359049232
2024-08-20,0.7279723378635552,0.7019336069508213,0.7720157554159008
2024-08-21,0.7276471797258365,0.7017427820389885,0.7719316395501433
2024-08-22,0.7274942344499535,0.7016180259004589,0.7718359289582597
2024-08-23,0.7273668777537909,0.7015353738914639,0.7721056034497361
2024-08-26,0.727419299296482,0.7015084005636378,0.7720577512636766
2024-08-27,0.7270460461832231,0.7013764308597568,0.7721960158731835
2024-08-28,0.7278697437433242,0.7014043775257911,0.7722430834884395
2024-08-29,0.7274508183678086,0.70167799708433,0.7722190412037836
2024-08-30,0.7278497216595587,0.7017992449485394,0.7723965585031215
2024-09-02,0.72768743756495,0.7016094138744653,0.7725490251154061
2024-09-03,0.7264749886275604,0.7016106979305101,0.7726613489247376
2024-09-04,0.72612724108106,0.7015524340688487,0.7726502137012742
2024-09-05,0.7267508087630086,0.7016936546015012,0.7723775068052843
2024-09-06,0.7271882463076471,0.7016374500098621,0.7723441047644038
2024-09-09,0.7274284084573569,0.7014698863666811,0.7724208360502193
2024-09-10,0.7271822374927407,0.7014379720585309,0.772732306773783
2024-09-11,0.7275874749307135,0.7012017726131796,0.7726622973620325
2024-09-12,0.7277205328384682,0.7013483216948083,0.7724717825376678
2024-09-13,0.7276651087497067,0.7012097790776116,0.7725339019479628
2024-09-17,0.728318967515764,0.7011321863245783,0.7725750453074292
2024-09-18,0.7277181358705223,0.7010861786324091,0.7729226855132143
2024-09-19,0.727789024543248,0.7007936972175364,0.7728790097901964
2024-09-20,0.7276861505528331,0.7007425298096718,0.7729566818554271
2024-09-23,0.7280428310774034,0.7007152792799666,0.7728829250997332
2024-09-24,0.7276125995483527,0.7005554487461985,0.7730787627635783
2024-09-25,0.7269654657645023,0.7006508958583589,0.7731518238844709
2024-09-26,0.7275979204232688,0.7003235725431172,0.7731367656865872
2024-09-27,0.7273915054728181,0.7003234771249462,0.7732038529841992
2024-09-30,0.7271637187568576,0.7002942662767276,0.7732002917066447
2024-10-02,0.727827156983556,0.7000399751129253,0.7729815145071376
2024-10-03,0.7280130802201215,0.7001766866166735,0.7729483418975062
2024-10-04,0.7272022908373019,0.6998249257869114,0.7726772024747138
2024-10-07,0.7273902888516127,0.7001299627302486,0.772632014203625
2024-10-08,0.7275518916893389,0.6998547937166407,0.7728261478240057
2024-10-09,0.7276935338303457,0.6995552976605355,0.7727680676473242
2024-10-10,0.7276729398013095,0.6995819544322031,0.772959208540893
2024-10-11,0.7279502848939104,0.6998874570088586,0.7729569627246206
2024-10-14,0.7278641765427258,0.7000434885027345,0.7729541255615836
2024-10-15,0.7289687364589486,0.6997900454083844,0.7730300592150254
2024-10-16,0.7289358735564195,0.7002394656923857,0.7727607776891041
2024-10-17,0.7283943754494884,0.7003081053704989,0.7731617791689572
2024-10-18,0.7276984263409171,0.7002897852707238,0.7730131530132766
2024-10-21,0.728075692243444,0.7001933631987611,0.7730261019085951
2024-10-22,0.7281464707756949,0.7002509094007693,0.7732444859206423
2024-10-23,0.7284352626916278,0.7003373918204487,0.7731724256427459
2024-10-24,0.7279944767581372,0.7001539341421074,0.7731150228745045
2024-10-25,0.7278914351474896,0.7002272420934619,0.7732518053204223
2024-10-28,0.7278197453233046,0.6999729330783323,0.77321096995076
2024-10-29,0.7285104451117735,0.6998696528899753,0.7731013678610216
2024-10-30,0.728828535635647,0.6998323786626462,0.7736453612300817
2024-10-31,0.7292314230072485,0.6998890806181846,0.7734841634160222
2024-11-01,0.729190530218509,0.6998415881977396,0.7733377007177821
2024-11-04,0.728978793404776,0.6997450575550384,0.7730527328845729
2024-11-05,0.729467800139699,0.6998472326219505,0.7732298507301998
2024-11-06,0.7296839605560876,0.7002210490891616,0.773441506656491
2024-11-07,0.7295212188760026,0.6999602326795213,0.7729356964645873
2024-11-08,0.7295751742241152,0.7000823603269803,0.7732811548622722
2024-11-11,0.729925591823125,0.6999405473383444,0.7733159641816291
2024-11-12,0.7305067955530663,0.6999894117434368,0.7732559876942017
2024-11-13,0.7305975550122806,0.7001128464826109,0.7735037353864999
2024-11-14,0.7310041523977844,0.7001876136820123,0.7737310909786448
2024-11-15,0.7307769760672591,0.7002563654561379,0.7738285969432093
2024-11-19,0.7308983554554733,0.7003834245040821,0.7739339378495262
2024-11-20,0.7311194954745728,0.70017384817469,0.7741735273033645
2024-11-21,0.7313546998304998,0.7002081951236631,0.7738065606643227
2024-11-22,0.7304597802053342,0.7006710421958181,0.7740307650500818
2024-11-25,0.7312507800728065,0.7006614792885903,0.7741094844562649
2024-11-26,0.7312534333109001,0.700711933829485,0.7742339005698903
2024-11-27,0.7316284957398755,0.7003717390712595,0.7743692578314814
2024-11-28,0.7318456777432651,0.7001296906823552,0.7737680734629871
2024-11-29,0.7316295783607738,0.7003194850741915,0.7740039947678861
2024-12-02,0.7315767124539037,0.700207627034382,0.7737125678837538
2024-12-03,0.7311996216057891,0.7002013017242499,0.7737923276115031
2024-12-04,0.7317549939135951,0.699693677100919,0.7736855363309552
2024-12-05,0.732101311535249,0.6997502820743878,0.7737273735414708
2024-12-06,0.732154965197106,0.699847323921107,0.7736637975974214
2024-12-09,0.7319413215966964,0.70003995787974,0.7737353282972944
2024-12-10,0.7323874906529316,0.6998984610602025,0.7735427473032896
2024-12-11,0.7324237211946416,0.7001603999696157,0.7730875072975344
2024-12-13,0.7323639819637338,0.7001568649437898,0.773211773088132
2024-12-16,0.7326962771003704,0.7003804723828508,0.773161656321088
2024-12-17,0.7325347603329917,0.7003241357489288,0.7735482630127943
2024-12-18,0.7327051911565994,0.7005043490433492,0.7733816424175307
2024-12-19,0.7332092199095236,0.7004752429797654,0.7733896068774273
2024-12-20,0.7334304479921814,0.7004115843740549,0.7735696424892824
2024-12-23,0.7335469955453838,0.7002938908139053,0.7734407169382391
2024-12-24,0.7340051184404921,0.7002290107586122,0.773453184943998
2024-12-26,0.7338894582312716,0.7003780153436483,0.7734369902107513
2024-12-27,0.7335998670481292,0.7001499950742832,0.7734485251357881
2024-12-30,0.7339035990535069,0.7005167901928254,0.7733091853092442
2024-12-31,0.7329934161908733,0.7004741885647472,0.7732574430786807
2025-01-02,0.7332269026605526,0.7005093006957612,0.7735712415352282
2025-01-03,0.7329460453860283,0.7005116068362462,0.7738919222470325
2025-01-06,0.7332169219612413,0.7004787034072057,0.773270063113302
2025-01-07,0.7324345492016613,0.7001844259886438,0.7738530629930032
2025-01-08,0.7323334815995908,0.7002458521689602,0.7734216370376336
2025-01-09,0.7328887277679759,0.700607919997365,0.7732964509200213
2025-01-10,0.7332317806395378,0.7005694918512503,0.7734136361148082
2025-01-13,0.7337246900234548,0.7002518437273505,0.7731272160328219
2025-01-14,0.7336713796161037,0.7001645107841308,0.7731725164848374
2025-01-15,0.7332872682374244,0.7005411354160841,0.773169969727046
2025-01-16,0.7335241090583626,0.7002516326905093,0.773573791794949
2025-01-17,0.7336371637583422,0.7003860741576747,0.7732715586632406
2025-01-20,0.7339241433957062,0.7002334125827256,0.7735074722832493
2025-01-21,0.7337525043541785,0.7001811427847496,0.7737646624023019
2025-01-22,0.732747840535253,0.6999597118101649,0.7735091160057667
2025-01-23,0.7324892012893284,0.7002258873504992,0.7733519646837949
2025-01-24,0.7318553441684722,0.6997789228375556,0.773190758750209
2025-01-27,0.7324122239002487,0.6997595959314273,0.7735522739313636
2025-01-28,0.7325768833421014,0.7001198032270898,0.7732651960041633
2025-01-29,0.7329136233223466,0.7002379401855158,0.7733681827475858
2025-01-30,0.7330336356008769,0.7000094462711199,0.7736652020107735
2025-01-31,0.7328773155861985,0.7000813060372965,0.7736757397105659
2025-02-04,0.7326057422561084,0.7000678633534542,0.773615150791216
2025-02-05,0.7329893584499049,0.700211941224908,0.7733414782238491
2025-02-06,0.7334927535742186,0.7002488919201171,0.7732795069178128
2025-02-07,0.733998008400668,0.7000452355689515,0.7732754676671254
2025-02-10,0.7336065602633203,0.6999782468727285,0.7732820589139026
2025-02-11,0.7333091165785176,0.6998496274872736,0.7735348204275129
2025-02-12,0.733242621058799,0.6998320644222789,0.7734316299372571
2025-02-13,0.7332105688313438,0.6999135351022543,0.7732333951892161
2025-02-14,0.7327986113358219,0.7002186979211625,0.7735862110479156
2025-02-17,0.7324251567493976,0.7002208312195024,0.7731529867250054
2025-02-18,0.7318685957032358,0.7002185694352919,0.7733607823248169
2025-02-19,0.7335186260454895,0.7001251712298644,0.7731695967514763
2025-02-20,0.7331813485691033,0.7004545020077,0.7732782166753108
2025-02-21,0.7331913987735844,0.7001630506314239,0.7732780317196982
2025-02-24,0.7329281623922127,0.6998664728567282,0.7733875747001066
2025-02-25,0.7321506336228101,0.6998776533497539,0.7731106098121177
2025-02-26,0.7322963592031336,0.6996376332902461,0.7732330593634124
2025-02-27,0.7318360837436595,0.6997739515384376,0.7733046910234012
2025-02-28,0.7323032138430786,0.6997119036012033,0.7734342361632106
2025-03-03,0.7328070046491466,0.6996172071411432,0.773918189022617
2025-03-04,0.7325429835395166,0.6994202180573466,0.7736915943731024
2025-03-05,0.7323173270968346,0.6993770663898778,0.7735980956288949
2025-03-06,0.7327061990767311,0.6996500423580966,0.7737470325329864
2025-03-07,0.7329406673217234,0.6994328916815067,0.7737636701141873
2025-03-10,0.7327641369129654,0.6995996914080289,0.7738614505009561
2025-03-11,0.7340006371764775,0.6996676537261495,0.7738866192006467
2025-03-12,0.7340040322005454,0.6995012998508557,0.7737856882360659
2025-03-13,0.7338468289190695,0.6994695131600861,0.7741472345347564
2025-03-14,0.7330976409481037,0.6995593770378514,0.7742986466523418
2025-03-18,0.7326708165569888,0.6994999770963534,0.7741671886686525
2025-03-19,0.7328840008512585,0.6992528870634203,0.7738101096725641
2025-03-20,0.7328281481238564,0.6993962758403149,0.7735679477399103
2025-03-21,0.7341913466856904,0.6991589846856282,0.7736901791446089
2025-03-24,0.7332816213175808,0.6994157506206483,0.7737166275103287
2025-03-25,0.7332141835500934,0.6992727730179926,0.7737418542731874
2025-03-26,0.7331438252611793,0.6992969258425533,0.7739996395926264
2025-03-27,0.7334652723666408,0.6993332757096651,0.773771837693387
2025-03-28,0.7339500012631573,0.6993210258560756,0.7736788226496385
2025-03-31,0.7337833618844256,0.6993845416138886,0.7736369684630795
2025-04-01,0.7331142851169788,0.6992776196344467,0.7736163420823239
2025-04-02,0.7334960069511081,0.6991517070565008,0.7734262665066898
2025-04-03,0.7328366738331225,0.6992991949263183,0.7735837315764719
2025-04-04,0.7318909562420244,0.6990218307209674,0.7729786695754357
2025-04-07,0.7311315690414633,0.6987479316271096,0.7731745050792816
2025-04-08,0.7310175617886872,0.6991506257954441,0.7731936219852938
2025-04-09,0.7305228023458535,0.6989702965568031,0.7732606393816815
2025-04-10,0.7294639592637031,0.6987981097519558,0.7732323864759938
2025-04-11,0.7292013654226549,0.6987139867173614,0.7730624154220819
2025-04-14,0.729140776640758,0.6989114400388967,0.7733422053997717
2025-04-15,0.7299366085346309,0.6990439431297547,0.7729697006322976
2025-04-16,0.7306640881528735,0.6986005330981484,0.7733981221882934
2025-04-21,0.7309902550028311,0.698758756847946,0.7732416776630158
2025-04-22,0.7306758817718931,0.698505262899403,0.7733409706944802
2025-04-23,0.7298709579323536,0.6985011456347376,0.7732787583456365
2025-04-24,0.7296620168355998,0.698600309800525,0.7733103226933353
2025-04-25,0.7302936666766029,0.6986655200908386,0.7732597727503021
2025-04-28,0.7311962907603835,0.6985341563174763,0.7732468722613234
2025-04-29,0.7307759210030284,0.6984685629706635,0.7731687117398405
2025-04-30,0.7309837481786466,0.6982831464864357,0.7732284148357903
2025-05-02,0.7316159808353864,0.6983082037815643,0.7730455429163201
2025-05-05,0.7308773693216393,0.6986458462777128,0.7731839450334766
2025-05-06,0.7308333110420656,0.6985097635666194,0.7734253644556818
2025-05-07,0.7308112974564723,0.6982749388497409,0.773554683755472
2025-05-08,0.7304664778274728,0.6982213471880592,0.773262518732197
2025-05-09,0.7299165624340107,0.6982063426451703,0.7729548584108207
2025-05-12,0.7297952978444084,0.6983255500564193,0.7731619492756344
2025-05-13,0.730027918769049,0.6983395363063857,0.7730207369589421
2025-05-14,0.7298585757126012,0.6984536355194577,0.7732023583265863
2025-05-15,0.7303597111935708,0.6981709483964185,0.7731657015613684
2025-05-16,0.7300318600175256,0.6983612037632082,0.7731498414967093
2025-05-19,0.7309835076767026,0.6984609315804403,0.7729444776793645
2025-05-20,0.7307081268550786,0.6984896486372089,0.7730483298228042
2025-05-21,0.729969204212575,0.6986633092035377,0.772867133969789
2025-05-22,0.7314650458504054,0.6985366482189186,0.7729971324191672
2025-05-23,0.7300652895080754,0.6985013356599921,0.7730349102657605
2025-05-26,0.7301012910781814,0.6982576073537748,0.7730130568264767
2025-05-27,0.7310919399562431,0.6985566339514844,0.7730228168937592
2025-05-28,0.7311360820506234,0.698347689727175,0.773071926532269
2025-05-29,0.7305351459093261,0.6985105451232881,0.7731117278614262
2025-05-30,0.7311382400234722,0.6985730098848345,0.7732500733683507
2025-06-02,0.7318820538477953,0.6986755056332841,0.7734803536925982
2025-06-03,0.7326469347137404,0.6984789946957836,0.7734023074915855
2025-06-04,0.7317147607865098,0.6986864328674353,0.7732549719515965
2025-06-05,0.7317138207875714,0.6984624806633692,0.7731942178244323
2025-06-06,0.7323152858792461,0.6984324878827896,0.77322025715355
2025-06-09,0.7324275088828881,0.6982814297268978,0.7734431293306294
2025-06-10,0.7322137454252827,0.698311349744549,0.773444880079606
2025-06-11,0.7327118904745505,0.6979061746801585,0.7732358256916316
2025-06-12,0.7337100363504914,0.6980631350512039,0.7734975142030106
2025-06-13,0.7335857845195006,0.6981787394886025,0.7732737839097427
2025-06-16,0.7339500335250932,0.6978745270628751,0.7735983353646178
2025-06-17,0.7344543131666542,0.6981334263465531,0.7735873471961766
2025-06-18,0.7346868466795231,0.6983884538371947,0.7734940612138145
2025-06-19,0.734679284753984,0.6981695246808841,0.7734544070029233
2025-06-20,0.7344665173184409,0.698295835232753,0.7732150490299533
2025-06-23,0.7337389902883221,0.6981833712456785,0.7733177355745402
2025-06-24,0.7332193803016448,0.6983458031228411,0.7733992741864943
2025-06-25,0.7340173179373456,0.6983561888764614,0.773390730458499
2025-06-26,0.7344468081885733,0.6982490315096299,0.7731448127477238
2025-06-27,0.7342305204882312,0.6980152143561167,0.7733503094737126
2025-06-30,0.7343418076134567,0.6981818218576679,0.7732785756802601
2025-07-01,0.7349542021559136,0.6981593443390658,0.7733666621226553
2025-07-02,0.7349984396811348,0.6981109197155331,0.7731314402832643
2025-07-03,0.7355440986037983,0.6981151795144679,0.7731992964345386
2025-07-04,0.7358760863069651,0.6977488646912254,0.7733552347419853
2025-07-07,0.7357986391739293,0.6978267195751008,0.7732644851805351
2025-07-08,0.7366241868370142,0.6981701196764806,0.7734229757491587
2025-07-09,0.7364106532542108,0.6982670890464091,0.7733447384504127
2025-07-10,0.7358991829545808,0.6979040102116505,0.7733543330042154
2025-07-11,0.7364111596133215,0.6982459067233427,0.7733823849869514
2025-07-14,0.7364665167475515,0.6977692114295936,0.7736258020619181
2025-07-15,0.7361865636922413,0.6982122548535817,0.7733704388471807
2025-07-16,0.7358428729666296,0.6978995936749166,0.7738131036072706
2025-07-17,0.7362921626653592,0.6980407651784697,0.773826309557489
2025-07-18,0.7357907117731239,0.6979201494547667,0.7737406500421333
2025-07-21,0.7351865772815809,0.6980757862938491,0.773876448372423
2025-07-22,0.7353277315322283,0.6979793502901099,0.7740166266475061
2025-07-23,0.7349897915280158,0.6979187509363932,0.7741362519034398
2025-07-24,0.7348884325449178,0.6973505362144737,0.7738128469882003
2025-07-25,0.7345422239601751,0.6975530145645004,0.7739051673128442
2025-07-28,0.7343533193053371,0.6978235778261747,0.7736578808702406
2025-07-29,0.7346915515386726,0.69758883766183,0.7737916844172217
2025-07-30,0.7342043168722718,0.6975520468529389,0.7738622923632547
2025-07-31,0.7341602228351783,0.6975900348278035,0.7737833719784217
2025-08-01,0.7340309877124556,0.6977542468173877,0.773978902279057
2025-08-04,0.7339450754119071,0.6975660352451463,0.7739866952307357
2025-08-05,0.7338826313454822,0.6978753557809604,0.7739610417067421
2025-08-06,0.7349111813082689,0.6974821814009446,0.7738847352642276
2025-08-07,0.7346151066711855,0.6975734261290616,0.773759095581468
2025-08-08,0.7342116695989481,0.6972938341591117,0.7736898108773629
2025-08-11,0.7341158433540637,0.697439180556743,0.773881572467611
2025-08-12,0.7338800090156057,0.6978296306171535,0.7736805653614167
2025-08-13,0.7338276203052219,0.6976208556556943,0.7737305662610562
2025-08-14,0.7332655853084569,0.6973939965057427,0.7739447308507125
2025-08-15,0.733763481165238,0.6975687098973332,0.7742506938751734
2025-08-18,0.7333203353553629,0.6976537552386295,0.7741854002497194
2025-08-19,0.73293857791314,0.6978518595109579,0.773706717742091
2025-08-20,0.7331850637202001,0.6977972387440062,0.7735989988308357
2025-08-21,0.7329215557813817,0.6976839026230582,0.7740852580914799
2025-08-22,0.7318453718328809,0.6979649770666941,0.7742217570861757
2025-08-25,0.73239394279954,0.6979571192903856,0.773786201572388
2025-08-26,0.7328734670170596,0.6980211110765827,0.7737842627370745
2025-08-27,0.7331958986993439,0.6977553687176483,0.7741930269408557
2025-08-28,0.7329071576499335,0.6979143029849714,0.7741242869173531
2025-08-29,0.7324092564351367,0.6978091981431224,0.7740230123604583
2025-09-01,0.73219175633975,0.6979494984193828,0.7740823904210564
2025-09-02,0.7331948394331432,0.698046497613906,0.7740799577334456
2025-09-03,0.7331036077735583,0.6979713222741303,0.7742367862708044
2025-09-04,0.7334888570601077,0.6980760770178478,0.7741690006731154
2025-09-05,0.7333071848242133,0.6980545624277755,0.7741599211301061
2025-09-08,0.7335868346123845,0.6981479050400476,0.7744588612266671
2025-09-09,0.7340400437873296,0.6984001040955466,0.7745575157731311
2025-09-10,0.7332967878854804,0.6982851341434012,0.7743067867317802
2025-09-11,0.7331881164116897,0.6980065990094285,0.773899138729693
2025-09-12,0.7338457130947638,0.6979821992603165,0.77344410158469
2025-09-15,0.7338750509141372,0.6979485183325814,0.7735754481784748
2025-09-17,0.7337597614510238,0.6980092748278892,0.7736960616656591
2025-09-18,0.7347208411648892,0.6977446566512993,0.7737596311176209
2025-09-19,0.7339527792676677,0.6978600437588433,0.7738657917335213
2025-09-22,0.7335502099792338,0.6976345196140686,0.7736783584012987
2025-09-23,0.7341701813458246,0.6976093472373626,0.7737348133724749
2025-09-24,0.733289115722426,0.6975678200329083,0.7738522902243322
2025-09-25,0.7335591465500755,0.6978719935988795,0.7735575553848847
2025-09-26,0.7333053422495291,0.6975454488511027,0.7736085414989129
2025-09-29,0.7338495942503087,0.6976828542946587,0.7740156545411119
2025-09-30,0.7339228546941137,0.697777461888602,0.774187648940815
2025-10-01,0.7339641414818048,0.6974230414133294,0.7737762947349429
2025-10-02,0.7339197755464731,0.6975097583389083,0.7741906086688048
2025-10-03,0.734360132213778,0.6972256699021059,0.7742688637766687
2025-10-06,0.734074202273737,0.6970506335076248,0.7740436070399703
2025-10-07,0.7331736307374498,0.6969403202394878,0.7738755118125816
2025-10-08,0.7327750198773255,0.6970712246822205,0.7741110681179275
2025-10-09,0.7328221850988405,0.6969780294988359,0.7741548073123994
2025-10-10,0.7319100818830356,0.6971368868238104,0.7742972743724089
2025-10-13,0.7325786697362551,0.6972265684269979,0.7741645193560669
2025-10-14,0.7326470969908441,0.697520939254122,0.7741747307712523
2025-10-15,0.7322471238343269,0.6973161267244646,0.7741200303331858
2025-10-16,0.732362645123998,0.6972466719658544,0.7742429781448635
2025-10-17,0.7319811482945113,0.6972563947862076,0.7743214463391795
2025-10-20,0.731986813911865,0.6973010782489244,0.7743343493668822
2025-10-21,0.7319915723335011,0.6977495387122978,0.7744131339040171
2025-10-22,0.7318317418918573,0.6976896562668976,0.7740784106786128
2025-10-23,0.7324271708187675,0.6978399765322435,0.7744437030221368
2025-10-24,0.7325748424142686,0.6980900330242639,0.7739620113960328
2025-10-27,0.7319034374112311,0.6983013811034622,0.7743950182103752
2025-10-28,0.7319818325693553,0.6978576666713452,0.7739978235723688
2025-10-29,0.7322541978625541,0.6974161989518031,0.7741920779875111
2025-10-30,0.7322489774780641,0.69741316508028,0.7742907500151829
2025-10-31,0.7316177803151968,0.6973733011346985,0.7743062274131843
2025-11-03,0.7312779578782008,0.6976326278620455,0.7745590213543094
2025-11-04,0.7310562564374207,0.6975837083066279,0.7743804585019674
2025-11-05,0.7319128005781734,0.6976245575312847,0.774448117091648
2025-11-06,0.7327382261693522,0.6975989295766019,0.7742384463429867
2025-11-07,0.7334308949040523,0.6977868826440939,0.7740690306143873
2025-11-10,0.7326331599350898,0.6979607419770125,0.7742367614971366
2025-11-11,0.7324699962289953,0.6977886579003217,0.7745291574221053
2025-11-12,0.732501616608276,0.6978606080903598,0.7743427901393409
2025-11-13,0.7324583505883604,0.6978604905779037,0.7744859068187308
2025-11-14,0.7327356412557166,0.6980073281793723,0.7743344510236667
2025-11-18,0.732515141360085,0.6980109452462023,0.7740624233208657
2025-11-19,0.7322133867973645,0.697924980639309,0.774211665624974
2025-11-20,0.7326256544634213,0.6975646176027662,0.7739571530757157
2025-11-21,0.7333952474516223,0.6975059564498429,0.7742826829750706
2025-11-24,0.7330561986087806,0.6976727904129503,0.7744038767581254
2025-11-25,0.7332303694804517,0.6976235298461523,0.7743766535342976
2025-11-26,0.7337224432966014,0.697663700339962,0.774312265673423
2025-11-27,0.7336121509414811,0.6977599218651729,0.7740759373159727
2025-11-28,0.7334608346841358,0.6974341384788477,0.7740121501289926
2025-12-01,0.7342403346236855,0.6972271669448268,0.7740336884952216
2025-12-02,0.7337981830878986,0.6971066011029466,0.7741886652886731
2025-12-03,0.7342793327358762,0.6972033380171054,0.7741192487955381
2025-12-04,0.7342245769869692,0.6976410917216812,0.7742757766358939
2025-12-05,0.7343953776481362,0.697505224241597,0.7742450457791571
2025-12-08,0.7352218711082706,0.6972695724460687,0.7742997041859931
2025-12-09,0.7352796549528046,0.6974349882448466,0.7741243969064466
2025-12-10,0.7356433097958208,0.6973219084330619,0.774355575018599
2025-12-11,0.7359110103982832,0.697140128484106,0.7741416703820427
2025-12-15,0.7349441312035121,0.69723326439565,0.7737731616744913
2025-12-16,0.735206132437349,0.6973258678608736,0.7743100230440949
2025-12-17,0.7353915141168036,0.6974212780504075,0.7739268174676401
2025-12-18,0.7354414317764392,0.6975656407130686,0.7739414136262933
2025-12-19,0.7361285779819103,0.6975653076627167,0.7736931335468872
2025-12-22,0.7360699029476,0.6972453358552277,0.7743596987805125
2025-12-23,0.735870968375556,0.6972017317438329,0.7743359314934831
2025-12-24,0.7355872077445181,0.6972743842466366,0.7743656244996922
2025-12-26,0.7351863755791143,0.6975626803962842,0.7747464328711396
2025-12-29,0.7355682147165653,0.6971733802134849,0.7746822284939353
2025-12-30,0.7346586811265512,0.697089216363165,0.7746387273529898
2025-12-31,0.734047203683853,0.6970215516015124,0.7746596844462191
