Date,NTL,CI_low,CI_high
2017-09-18,1.160051442734354,1.160051442734354,1.160051442734354
2017-09-19,1.159485113393609,1.1587778853144983,1.1612187483192007
2017-09-20,1.1592103067280295,1.1581539237702827,1.1618118789262164
2017-09-21,1.1583817564055834,1.1573979349107824,1.1622928869008595
2017-09-22,1.157910675078579,1.1568240113313621,1.1631263688151985
2017-09-25,1.1576891794700936,1.156456501522225,1.1633481518275097
2017-09-26,1.1574896668549348,1.1560484537907052,1.1638243214506334
2017-09-27,1.1588856756279704,1.1549625984274998,1.1642896434158732
2017-09-28,1.1590180012054825,1.1544656349442919,1.1646339618047763
2017-09-29,1.1586045844269222,1.1537782398662242,1.1651508324714597
2017-10-02,1.158598487127093,1.153527724190643,1.1653958883871354
2017-10-03,1.1593716758614117,1.1529892383314386,1.165743620712936
2017-10-04,1.15957483845387,1.1523233647017226,1.1661569069787452
2017-10-05,1.1597028003187815,1.1523405054179836,1.1665988146729025
2017-10-06,1.1600530483038047,1.1513983321328518,1.1668798418868644
2017-10-09,1.1602261112656416,1.1501038710427771,1.1670084590673613
2017-10-10,1.1597167489075872,1.1493538652284607,1.1676755753120858
2017-10-11,1.1600767782202361,1.1488276762043588,1.1677041934839496
2017-10-12,1.1590632415881306,1.1483626821579465,1.1682508064253367
2017-10-13,1.1593954721560804,1.1478255228965668,1.1692111752491345
2017-10-16,1.1594256565389118,1.146792594850051,1.169423281777457
2017-10-17,1.159625206597306,1.1462569137053966,1.1701610154810118
2017-10-18,1.1597996241441615,1.1450944881789111,1.1703945025642566
2017-10-19,1.1601282437462686,1.1435109472001823,1.1707781301340934
2017-10-20,1.1603423185194635,1.1424404211351444,1.1709167335657604
2017-10-23,1.1612822425989286,1.1415073296679645,1.1712237022094265
2017-10-24,1.1608303600636132,1.140432139640517,1.1710993270478336
2017-10-25,1.1615573971891673,1.1408371912448223,1.1724868472288723
2017-10-26,1.1626524983406359,1.1405823928621455,1.1724345706112465
2017-10-27,1.1629543925859076,1.1401404441013914,1.1732683460785815
2017-10-30,1.1631328373871517,1.1395462369975389,1.173547773951034
2017-10-31,1.1631217436985197,1.139058130434952,1.1743091605959204
2017-11-01,1.1628006921689056,1.139026864371567,1.1746174395189264
2017-11-03,1.1623794585336404,1.138666228039273,1.1749016703726216
2017-11-06,1.161514184992548,1.1382702368892894,1.1757105798517955
2017-11-07,1.1614057696624813,1.137954855582638,1.1761608040212896
2017-11-08,1.1627119387986697,1.1376731848680544,1.1765167890777963
2017-11-09,1.1630518201546256,1.1374384092645244,1.1773153994594814
2017-11-10,1.1616501583976817,1.1371157895013269,1.1775536559053645
2017-11-13,1.1619121847683993,1.1369039937783134,1.1774690564010137
2017-11-14,1.1619640152366273,1.137199730334162,1.1785059767164907
2017-11-15,1.1618485534734648,1.1368516687165668,1.1789444309824346
2017-11-16,1.1620993250354719,1.136549479947625,1.1802343591491888
2017-11-17,1.1618811595633691,1.1363519237020736,1.1803452323649402
2017-11-21,1.1620856176412655,1.1353531408620188,1.1809421560926763
2017-11-22,1.1627726408926164,1.1347962757761691,1.1813321201609945
2017-11-23,1.1623704799826946,1.1343932310292943,1.182001136143765
2017-11-24,1.1623706133207927,1.134074200075286,1.182130728395803
2017-11-27,1.1625431005402223,1.133500453092374,1.1836154544232773
2017-11-28,1.1626045360701938,1.132772805010688,1.1835759558110714
2017-11-29,1.162925932686551,1.1328053103376636,1.1837463567371331
2017-11-30,1.1647523737606782,1.1315845737510424,1.1844570163610832
2017-12-01,1.164970273745704,1.1312668719263195,1.1845781478706936
2017-12-04,1.1648622855358624,1.131795131881121,1.1843874627875015
2017-12-05,1.1646427591401134,1.131623630331446,1.1847483427126575
2017-12-06,1.1640638924248872,1.130996408119154,1.185929313100143
2017-12-07,1.1636136269877018,1.1308417241805115,1.1861351377735843
2017-12-08,1.1633203802895358,1.1304406956555462,1.1864051460042058
2017-12-11,1.1631120691577816,1.1301787287903569,1.1864485208201017
2017-12-13,1.1633993921642303,1.1297463595502983,1.1873043911795407
2017-12-14,1.163204797084868,1.1290221862231664,1.1885080163171085
2017-12-15,1.1693299695637014,1.1285915209109654,1.1895066902104834
2017-12-18,1.166208304248869,1.1286233110841906,1.1895746948774468
2017-12-19,1.165992167324597,1.1277736369193991,1.1889377854787664
2017-12-20,1.1660644589106854,1.1278904530626932,1.1894156836069751
2017-12-21,1.1659385663297752,1.1277022734235236,1.1896964559742518
2017-12-22,1.1664890830745243,1.1273973837670948,1.189877941186052
2017-12-26,1.170234304161883,1.127324584878131,1.1893442354953985
2017-12-27,1.1703641489000898,1.1269336991213748,1.1907566678619699
2017-12-28,1.1701115645111861,1.1271755471295053,1.1913531692846688
2017-12-29,1.1693005589640808,1.1262877469016706,1.191803622835884
2018-01-02,1.1700417445666307,1.1262720431448539,1.1918361385210126
2018-01-03,1.1699933163577476,1.1257908697565882,1.1922996345643577
2018-01-04,1.1706986672217257,1.125158587829912,1.1925146792325727
2018-01-05,1.1707190321950298,1.1249960678611843,1.1932759763528011
2018-01-08,1.171344442298809,1.1245502670424836,1.193533645668148
2018-01-09,1.1712681951982564,1.124214632819106,1.1935346361021713
2018-01-10,1.170617444633977,1.1238699417681304,1.1940304413132377
2018-01-11,1.1705953265118565,1.1230088529065239,1.1939640558265665
2018-01-12,1.1703230129906992,1.1235039806713127,1.194783338061006
2018-01-15,1.1703278884053692,1.1235041126222174,1.1942463635397589
2018-01-16,1.1702111913667608,1.1236394977720263,1.1943041837235975
2018-01-17,1.1701997471234635,1.1233379466948745,1.1946166643209855
2018-01-18,1.170146202275168,1.122271321150086,1.194837333876297
2018-01-19,1.1700463730854187,1.1214462365496936,1.1950558329189362
2018-01-22,1.1698320230112844,1.1209919397617787,1.195531875647659
2018-01-23,1.1701612206307204,1.1211096901136544,1.1958079067271996
2018-01-24,1.1699378056519054,1.1204298399796087,1.196398117148974
2018-01-25,1.170052175960552,1.1187968274666864,1.1966933918572347
2018-01-26,1.1701495038668899,1.117738502328401,1.1976535819291712
2018-01-29,1.1700834571794165,1.1182013125997905,1.1978311890227173
2018-01-30,1.169830537805814,1.1181010050004052,1.1980748191588035
2018-01-31,1.1703062363475512,1.117654028874878,1.1976262220018143
2018-02-01,1.1699422443697183,1.1176706586886154,1.1978535501715344
2018-02-02,1.1701754976427503,1.1176800968756693,1.197651802646718
2018-02-06,1.1686969779512308,1.1166944717926084,1.1978078914765367
2018-02-07,1.1683785443335024,1.1167356783188518,1.1981203031641432
2018-02-08,1.1660963937021758,1.115866046658621,1.1978032335450228
2018-02-09,1.1667443751092321,1.115536157767983,1.1983233199369658
2018-02-12,1.1669806185278007,1.1153922558109823,1.198735289930833
2018-02-13,1.1676913446887642,1.1155358117025256,1.1990630950744712
2018-02-14,1.1674221581134407,1.1134122434584277,1.1997711303990186
2018-02-15,1.166937251985609,1.1139961768708309,1.1999791520135241
2018-02-16,1.1662634774067282,1.1139767272316279,1.199876777201499
2018-02-19,1.1659561686534075,1.1113138103098004,1.2000188586794125
2018-02-20,1.1659766262460132,1.1109599046838898,1.1999682300626382
2018-02-21,1.1659796186604752,1.111110799817769,1.2003453036707805
2018-02-22,1.1660045954760592,1.11071165861272,1.2002664762530675
2018-02-23,1.1658314865429613,1.1114203307359365,1.2002378925454507
2018-02-26,1.1662118646760025,1.1111367084004995,1.2004264053707427
2018-02-27,1.16608242552828,1.1096338230296758,1.2000589567652704
2018-02-28,1.1659438862657783,1.1083916026103813,1.2007252979492444
2018-03-01,1.1664777954185377,1.1085021302112879,1.200846776262648
2018-03-02,1.16644295444514,1.106886542767833,1.2011586652998851
2018-03-05,1.166474291264044,1.106915783603155,1.2014633979801743
2018-03-06,1.1666430097790492,1.1071281553090637,1.2020236664364117
2018-03-07,1.1669224371753304,1.1067180830931236,1.2021050714492527
2018-03-08,1.16636532147203,1.1064232760250612,1.2017982457990242
2018-03-09,1.1654726217869391,1.106365398569427,1.2023704420924575
2018-03-12,1.1661180622303504,1.1073908216932131,1.2025738743649868
2018-03-13,1.166666620553499,1.1062125283701592,1.2022446960255004
2018-03-14,1.1665391908564735,1.1061675739945993,1.2021361753275288
2018-03-15,1.1662391853156873,1.106551723613006,1.2022988305380204
2018-03-16,1.1660136661498166,1.1061294673537956,1.2026361687550202
2018-03-20,1.1654444366121606,1.105560682721639,1.2026369879868812
2018-03-21,1.1640632439767065,1.106147092753804,1.2027473041366565
2018-03-22,1.1640620975232365,1.1055154095222788,1.2025629228991308
2018-03-23,1.1630518916715644,1.104975048010405,1.2023377364072318
2018-03-26,1.1620199273369938,1.1047898432063983,1.202014651095176
2018-03-27,1.1619230869067332,1.1045297499219109,1.2021867822015408
2018-03-28,1.160643890351981,1.1040421508795297,1.202842459083251
2018-04-02,1.1606010007266625,1.1041247984987812,1.2031012863488073
2018-04-03,1.1594245524645992,1.1039650760745583,1.2033490109020715
2018-04-04,1.1591881755031916,1.1032169734060924,1.2033444418322112
2018-04-05,1.1591415952100215,1.102877626274572,1.2029651994236636
2018-04-06,1.1595438611705093,1.1027376564685856,1.202753424620106
2018-04-09,1.1602368873416664,1.103019848213081,1.2033845409896777
2018-04-10,1.1601678733592016,1.1027947932003697,1.2032310928902947
2018-04-11,1.1599687366913052,1.1024634586009014,1.2040335646435187
2018-04-12,1.15997591436796,1.1023497203479287,1.2041596375163437
2018-04-13,1.159667345775607,1.1023052709220598,1.204783018351448
2018-04-16,1.1594734909266187,1.1016924256206932,1.2050606105704533
2018-04-17,1.1591917485328818,1.0997174297817205,1.2051061751674321
2018-04-18,1.1588868060981605,1.099645086164628,1.2055989761623251
2018-04-19,1.158840805714936,1.0999282654247682,1.2057520046502663
2018-04-20,1.1591177869516225,1.099734330936038,1.2057040810546644
2018-04-23,1.1601104805307423,1.1000055191136455,1.2056486427285145
2018-04-24,1.16030710165839,1.0999663573923728,1.2054681404707444
2018-04-25,1.1605307125660942,1.100164982954659,1.2057214150442752
2018-04-26,1.1608157080120936,1.1004299051108726,1.2052647913647556
2018-04-27,1.161706934076695,1.1001810268967844,1.2053391452180526
2018-04-30,1.1617127113954115,1.100201730096327,1.2061258429875754
2018-05-02,1.1611064632850905,1.100276290666851,1.2061187970334148
2018-05-03,1.1601252996525333,1.099754808831602,1.206262552430833
2018-05-04,1.1597879670541629,1.0997213707543967,1.2064987316714828
2018-05-07,1.1589464818755344,1.0997932326531148,1.2070072976551363
2018-05-08,1.1585822128491532,1.0992417460518815,1.2072795411477995
2018-05-09,1.1587677993721142,1.0993153258144954,1.2069664276098289
2018-05-10,1.1584980232622253,1.0992120357808568,1.206763676665132
2018-05-11,1.1591190431506802,1.0996379614443281,1.2066925781183178
2018-05-14,1.1598432692060145,1.0992925415116919,1.2068757442730849
2018-05-15,1.1596812880236327,1.0989285776999977,1.2069165043609653
2018-05-16,1.1600598161333302,1.0991367475895004,1.2076637448678378
2018-05-17,1.1585422056634993,1.0988007976042318,1.2075862768203738
2018-05-18,1.1594941416432196,1.0989063548342275,1.2079036146532383
2018-05-21,1.159761989804481,1.0987538539379398,1.2075198329211332
2018-05-22,1.1597273981133798,1.0986341821300993,1.2073774245680802
2018-05-23,1.1598791073422154,1.098120332020557,1.2078971062504884
2018-05-24,1.162011655156334,1.0979998783358251,1.2080145641401456
2018-05-25,1.1627262385915542,1.0975214380765108,1.208012676690808
2018-05-28,1.1635496642758572,1.097631398537372,1.2081112799726375
2018-05-29,1.1634243729058522,1.0975251996349071,1.2081625947456118
2018-05-30,1.163628446386957,1.097498462949149,1.2080098623102922
2018-05-31,1.163965598794899,1.0972301622767955,1.2077227171892524
2018-06-01,1.1639450906403201,1.0973361178136842,1.2081340645496468
2018-06-04,1.1653450338087836,1.0971685947721668,1.2081341066236067
2018-06-05,1.1649211782778406,1.0965588691073374,1.2082188072785003
2018-06-06,1.1651016797372504,1.0964300087375045,1.2083115108298528
2018-06-07,1.1650218721978427,1.0969784636708388,1.2083753290411987
2018-06-08,1.164961002639472,1.0962548046528522,1.2091870052642224
2018-06-11,1.1654378161860866,1.096290860688019,1.209805030701353
2018-06-12,1.1655829684533703,1.0957552615888126,1.2100315545908495
2018-06-13,1.1663319159744676,1.0959648406458768,1.210077013649665
2018-06-14,1.166436303526743,1.0963831825465924,1.2098053114810003
2018-06-15,1.1672992618113402,1.0955320872635539,1.2099528834103783
2018-06-18,1.1671218842774123,1.0944244488537307,1.2097362047483433
2018-06-19,1.1674216180154555,1.0949914066238682,1.2098806292303548
2018-06-20,1.1669410946906296,1.0945010993650548,1.2096131796122878
2018-06-21,1.167257757380227,1.0950376933818946,1.210180439635865
2018-06-22,1.168215070119816,1.0943250364785868,1.2101875573276395
2018-06-25,1.1687748364679704,1.0938722005479555,1.2105792815805956
2018-06-26,1.168854218475406,1.0938972686649966,1.2103271188964186
2018-06-27,1.1682025900553168,1.094057302444087,1.2104873281368234
2018-06-28,1.1676506512467741,1.0933978022166506,1.2106213370038077
2018-06-29,1.1666371286097126,1.0933536603315044,1.210950404298074
2018-07-02,1.16640110685311,1.0930807865431422,1.2110969236624265
2018-07-03,1.167190913787616,1.0929162666498229,1.2107268740387063
2018-07-04,1.1673310732224664,1.0930726321779718,1.2108698678249938
2018-07-05,1.163599056666224,1.0933313109386311,1.2108568159167084
2018-07-06,1.1640960747764917,1.0931294317995048,1.2111997027660084
2018-07-09,1.1639355177567545,1.0926899633006737,1.211222398777778
2018-07-10,1.164340208861666,1.09278668624244,1.2116886615514662
2018-07-11,1.1646228804087648,1.092715161677205,1.2119683983844944
2018-07-12,1.1648807748367334,1.092014665590696,1.2122709477653006
2018-07-13,1.1650702448165118,1.0918186226528641,1.2123377518243053
2018-07-16,1.1655353672962718,1.0917287869764085,1.2124157261080146
2018-07-17,1.16588519149594,1.0913676068442801,1.21278829627089
2018-07-18,1.1666018939801366,1.091481343812263,1.2131180849273722
2018-07-19,1.166611046093292,1.090856466424868,1.2133222479513754
2018-07-20,1.166508191951179,1.0908539345536732,1.2133656573804676
2018-07-23,1.167689293220812,1.0906739293653624,1.2133224289012137
2018-07-24,1.1674345051401984,1.0913854804587073,1.2134204507330075
2018-07-25,1.167606556874432,1.0910371336733742,1.2132133376790986
2018-07-26,1.1688491818089144,1.0909602219795407,1.2137507844606688
2018-07-27,1.169365394330414,1.091071854702235,1.213956827740919
2018-07-30,1.1692375686867196,1.090318792668582,1.2144614282954134
2018-07-31,1.169129805007713,1.090079577702851,1.2145817266360437
2018-08-01,1.1684952435498805,1.0897774943983456,1.2149792716023797
2018-08-02,1.1684920729151838,1.089167037768213,1.2146153449749393
2018-08-03,1.1680274380896285,1.0891066159270675,1.214959762214304
2018-08-06,1.1684932888113242,1.0885848454072515,1.214983742956179
2018-08-07,1.168058524031568,1.08803892084555,1.2147586507325092
2018-08-08,1.1678308796442973,1.0877802197859747,1.2147112724794926
2018-08-09,1.168997979400766,1.0876659031680538,1.2149768326520645
2018-08-10,1.16730804770289,1.0869236871674424,1.2152241132383288
2018-08-13,1.1667497419979418,1.0873487711149008,1.2148049773341791
2018-08-14,1.1666259701929254,1.0874147260152065,1.2145274897707272
2018-08-15,1.1655961616178856,1.0869867036034597,1.215214016794634
2018-08-16,1.1653416832134793,1.0872938526657916,1.2150977531250955
2018-08-17,1.1651892654227276,1.0872680875013327,1.215179000958373
2018-08-20,1.1650914902989347,1.0873128784844275,1.2156151359412062
2018-08-21,1.1660401965976355,1.0872651177733073,1.2157281558933877
2018-08-22,1.1651532971416008,1.0875073083994156,1.2173037147600114
2018-08-23,1.1655880689485913,1.0877126200854996,1.2176740411838567
2018-08-24,1.1669385146383302,1.0876372711041828,1.2176519624007969
2018-08-27,1.1667409749490554,1.0875497726731564,1.21788208285275
2018-08-28,1.1664504587153894,1.0872485423236133,1.2176467361532566
2018-08-29,1.1664142368255639,1.0869618617559038,1.2172422371378713
2018-08-30,1.166365354035796,1.0870052385480036,1.2178705801663643
2018-08-31,1.1674084792475963,1.087017089667205,1.217204712051975
2018-09-03,1.1675204608737453,1.0869739435671568,1.217177174930418
2018-09-04,1.1670488600653381,1.086969005633394,1.217780028854773
2018-09-05,1.167393356384472,1.0870148273163995,1.2188114018806064
2018-09-06,1.1685957879219022,1.087335222270114,1.2183191179230035
2018-09-07,1.168204490316973,1.086986281970327,1.2182764883079427
2018-09-10,1.1684865748559712,1.0867511402044432,1.2187790704732508
2018-09-11,1.1681531726608272,1.086465126781019,1.2187559221351165
2018-09-12,1.1685866235034155,1.085686997823066,1.2190025325010148
2018-09-13,1.1682002020091355,1.0860771894345937,1.2190154298197435
2018-09-14,1.1687179798992242,1.0865145639092706,1.2183651785119431
2018-09-17,1.1704511064752579,1.0864820580683703,1.2182359251803487
2018-09-18,1.1705931776397454,1.0865063001293915,1.2180983583476368
2018-09-19,1.1703563413861489,1.085974385955224,1.2181872265790041
2018-09-20,1.1704175300319029,1.0863374816736617,1.2181613811788439
2018-09-21,1.1705446570804159,1.086575250945045,1.2179928925499222
2018-09-24,1.1703675821688555,1.0863799917987742,1.2177625000775345
2018-09-25,1.1702089620145255,1.0858590276388005,1.2179561801068302
2018-09-26,1.170082960600919,1.0858555649873325,1.21814464303793
2018-09-27,1.170149002021112,1.0861846289169688,1.2186336838852456
2018-09-28,1.171973322783431,1.085616203133735,1.2184887373923674
2018-10-01,1.1724084866974722,1.085272611101821,1.219046877156918
2018-10-02,1.172767722185447,1.0846981036387846,1.2191960028351654
2018-10-03,1.1765424140033978,1.0846954840405114,1.2192148100032152
2018-10-04,1.1764460934641305,1.0847087233620598,1.2196018945083933
2018-10-05,1.1805273554087325,1.0841773202941876,1.219044931446625
2018-10-08,1.1993003687280956,1.0839738450296563,1.2182649886120707
2018-10-09,1.2003440183324938,1.0841151089742675,1.2184829189301438
2018-10-10,1.2002836288063734,1.0841185038411052,1.2182726911826494
2018-10-11,1.2007366759905005,1.0834270224772453,1.218058514227831
2018-10-12,1.200295729152321,1.0834822020048758,1.2182868821910906
2018-10-15,1.2007627410505468,1.0832182521009517,1.217378497965708
2018-10-16,1.2010574251821133,1.0826933410201411,1.217289406839549
2018-10-17,1.200911694723875,1.0824828666055881,1.2183524119547102
2018-10-18,1.199277857088344,1.0826383984414711,1.2184490459632964
2018-10-19,1.199271923961274,1.0824535274018636,1.2182063834409977
2018-10-22,1.1981689367215733,1.0827085911127534,1.2186868365541037
2018-10-23,1.1986087597235038,1.0830295744492353,1.2171093384305374
2018-10-24,1.1983443694890137,1.082601722587638,1.217068192387474
2018-10-25,1.198150033788463,1.0823274249494834,1.21727122680921
2018-10-26,1.198466356304733,1.0823341216220614,1.2172928752203138
2018-10-29,1.189071310669695,1.0828104419541749,1.217893715131567
2018-10-30,1.1881591350584504,1.0825233600552164,1.217770490232268
2018-10-31,1.1876135664142164,1.0826435729805404,1.2176637680046505
2018-11-01,1.1825000204347627,1.0825003732407212,1.2176267964944814
2018-11-05,1.1787307551359683,1.0822251972907717,1.218187983309314
2018-11-06,1.1791764836603293,1.0817913925700113,1.2185211401510092
2018-11-07,1.179283178462645,1.0822917135905241,1.2189923837505299
2018-11-08,1.1615984954573888,1.0818681546014688,1.2184083402344805
2018-11-09,1.1620518828389457,1.0821718462035181,1.218575182901738
2018-11-12,1.1629791817670858,1.0817093113140916,1.218868714970953
2018-11-13,1.1613758180308706,1.0813930179797018,1.2191550993791491
2018-11-14,1.1623131864862462,1.0808034158523343,1.2193783701302445
2018-11-15,1.1611312583258704,1.0804968527965586,1.2192654961018479
2018-11-16,1.1589878817318822,1.0804989617318765,1.2192299629636345
2018-11-20,1.1589348809917912,1.0796453841114393,1.2191961264550566
2018-11-21,1.158149566699127,1.079391033210103,1.219524246140681
2018-11-22,1.1581129843162492,1.079129743484763,1.219717548357209
2018-11-23,1.1586235817860648,1.0787235744049073,1.2197261919005218
2018-11-26,1.1552173208623369,1.078171786998606,1.2194665962917528
2018-11-27,1.1541292191039771,1.0784450781280295,1.2197142623224988
2018-11-28,1.150317236719136,1.0787545228288764,1.2193702568396152
2018-11-29,1.1504337591280136,1.0785152881227915,1.2194875897755644
2018-11-30,1.1501844040783187,1.077986312223485,1.2189499791072318
2018-12-03,1.149460508564443,1.0786903733930915,1.218503838584284
2018-12-04,1.1502096127782944,1.0785289109955625,1.2187222697321616
2018-12-05,1.150681747321944,1.078284943665919,1.219085331816823
2018-12-06,1.151164165374334,1.078476042920402,1.219354259392309
2018-12-07,1.1512239436754208,1.0779528117752863,1.219703120747459
2018-12-10,1.1503871503670298,1.0776031696139612,1.2197468003755434
2018-12-11,1.150556422271933,1.0773342322189317,1.219738107974973
2018-12-13,1.1515526828031764,1.0764150596731736,1.220228294654818
2018-12-14,1.1513119943664636,1.0766942770939028,1.2201440464236424
2018-12-17,1.1500624346867505,1.0765884658588039,1.2198630132632915
2018-12-18,1.1489000406113725,1.076504802383183,1.220042339836857
2018-12-19,1.1477192483411631,1.0761852391054718,1.2203470328660426
2018-12-20,1.1500097685362107,1.0761695019761806,1.220724037231722
2018-12-21,1.1511221731928725,1.0762156178742681,1.2205626560766532
2018-12-24,1.1498227979580458,1.0773758024602005,1.2202581728937079
2018-12-26,1.1504173217079616,1.0764749671319394,1.2210338552290148
2018-12-27,1.1503895434621336,1.0761535670274347,1.22052990262702
2018-12-28,1.150304670182153,1.075958533118898,1.2211814041723772
2018-12-31,1.1501978975193106,1.0761388582520974,1.2213226182909467
2019-01-02,1.1484673399998442,1.0759949121987222,1.2211560798601375
2019-01-03,1.1481469430657583,1.0755849828670767,1.2215041392999755
2019-01-04,1.1481278773865438,1.0757724321211621,1.2211695478239222
2019-01-07,1.1480861212493525,1.0756094626074293,1.2214440967865021
2019-01-08,1.1474592661401695,1.0757748899280282,1.2215512550839536
2019-01-09,1.1480757214807227,1.0743368338301698,1.2215130093960211
2019-01-10,1.148858274100855,1.0743588107834068,1.221524763887884
2019-01-11,1.1485637783105862,1.074173667435157,1.2219444677072604
2019-01-14,1.1487517919344898,1.074093907769797,1.2218571945288086
2019-01-15,1.1489228771033537,1.07399520748594,1.2218725213864323
2019-01-16,1.1488017864882176,1.0747380474760073,1.22181237514862
2019-01-17,1.1494314622330428,1.0739863438292778,1.221919243023862
2019-01-18,1.1498839806145253,1.0735345912215508,1.2218799141162933
2019-01-21,1.1506604327596122,1.0733866855345797,1.2220325213419638
2019-01-22,1.1514202132261546,1.0726977895493768,1.221732791623711
2019-01-23,1.1511539570450728,1.0725669259181787,1.2211654926706872
2019-01-24,1.1512502904207047,1.0716302143730578,1.2210570649059482
2019-01-25,1.1510250927968144,1.0709830520330421,1.2203514527905777
2019-01-28,1.1513599769724785,1.0716196488421044,1.2207924586563532
2019-01-29,1.1511960367347693,1.0718599955259183,1.2205027989757498
2019-01-30,1.1511807945717643,1.0720030073175681,1.220463645173118
2019-01-31,1.15085913358074,1.0717982908372077,1.2205531389443376
2019-02-01,1.1511033576164176,1.0729484925184511,1.2203874312387901
2019-02-05,1.1507279646477304,1.0725994439450315,1.221334992188673
2019-02-06,1.150551317037802,1.072485982584235,1.22130970645773
2019-02-07,1.1507986240614831,1.0723248311251024,1.2213526726379822
2019-02-08,1.1501710784724724,1.0720270494342492,1.2218253157196701
2019-02-11,1.1501657279889095,1.0717757054201036,1.2224370072366555
2019-02-12,1.1500107424462112,1.0723736534936854,1.222707868744471
2019-02-13,1.1491079167797962,1.072088698821068,1.2233891553746163
2019-02-14,1.149907450586415,1.0724701156386505,1.2231054339599117
2019-02-15,1.1501063591110938,1.072367375813741,1.2233106670937242
2019-02-18,1.1498646989686505,1.0721430793769113,1.2232656472266827
2019-02-19,1.150287830170767,1.0724840779354823,1.222589423424711
2019-02-20,1.1500367836334866,1.07212481101568,1.2227096124082637
2019-02-21,1.1504996244263428,1.072225471048813,1.222961033140596
2019-02-22,1.1499602277712557,1.0726264075819074,1.2233250717762634
2019-02-25,1.1491983891432453,1.0719699332559787,1.2242106086358864
2019-02-26,1.1491172999467927,1.0725947456161549,1.2243242897320972
2019-02-27,1.149223531891809,1.07263805163043,1.2243237064268853
2019-02-28,1.1494093888341348,1.072743152994467,1.223774228107472
2019-03-01,1.1494867676279639,1.0724666839551156,1.2239670416710589
2019-03-04,1.149929889296566,1.0723635124926238,1.2248761563765298
2019-03-05,1.1498934410555355,1.0716174087329413,1.2247381959174974
2019-03-06,1.1504223500608943,1.071632696393316,1.2241183945073726
2019-03-07,1.1494637012346713,1.0710730085391986,1.2243837279434102
2019-03-08,1.149292770461379,1.0705787156514652,1.2236807067758761
2019-03-11,1.149300316657042,1.0697893883676453,1.2238141496508153
2019-03-12,1.1497752250995588,1.0701651989970498,1.2236150380402748
2019-03-13,1.1500608454206196,1.070121256090508,1.2240462520418316
2019-03-14,1.1500146587297588,1.0701657512654865,1.2239442465868213
2019-03-15,1.1504758916138023,1.0698203325398512,1.223912768160945
2019-03-19,1.1505736185138806,1.0700590867098958,1.2241905077241328
2019-03-20,1.149400841762522,1.0688203787632469,1.224404757880342
2019-03-21,1.1495477421199956,1.0689282901257775,1.2243926124130449
2019-03-22,1.1478174557221241,1.0688443999855242,1.2251674533015344
2019-03-25,1.147754103631803,1.0685369694210272,1.22496222139141
2019-03-26,1.1479488482947382,1.068379360590541,1.224640036491775
2019-03-27,1.147481313310848,1.06869707744422,1.2244957095216957
2019-03-28,1.1478297237731414,1.0688249939351453,1.2245471276813558
2019-03-29,1.147529072638473,1.0688078930326614,1.224730950035889
2019-04-01,1.147872512780182,1.0685991673423094,1.2247766902278157
2019-04-02,1.1482785179975434,1.0682695854216233,1.2252873186539273
2019-04-03,1.1481715878332068,1.0680929568969726,1.2253094714092945
2019-04-04,1.1483325645458602,1.067789220159607,1.225428723109774
2019-04-05,1.147331496013362,1.0677000523483091,1.2248211615956537
2019-04-08,1.1470959360975794,1.0681468897672834,1.2248768011306683
2019-04-09,1.1477235646300288,1.067856349617449,1.2250608831053706
2019-04-10,1.1478646817917137,1.0679561066814423,1.2258955087524692
2019-04-11,1.1476705040629311,1.06757461584752,1.2258883799359592
2019-04-12,1.1481246734775774,1.0674414477049181,1.2259505836934663
2019-04-15,1.1487718570727885,1.0672542667419567,1.2259515953096038
2019-04-16,1.1487114802992031,1.0674211863537433,1.2264754317109985
2019-04-17,1.1479827256263653,1.0673440232641367,1.2264009969178966
2019-04-22,1.1474751225898652,1.0683292919609453,1.22577091013541
2019-04-23,1.147473377690381,1.0680027932661795,1.226098111843163
2019-04-24,1.1478974764849694,1.0681114024724472,1.2259472211967526
2019-04-25,1.1478883547582486,1.0682374392699834,1.2263455150668758
2019-04-26,1.1482445723844945,1.0682281487191894,1.2270885304136845
2019-04-29,1.1479879124319239,1.0685071781765965,1.2278566536155227
2019-04-30,1.1485370818829974,1.0672461886921714,1.2278826170187485
2019-05-02,1.1493518134733216,1.067310110547186,1.2279862954547935
2019-05-03,1.1497364034289053,1.066641119052049,1.2277894877595952
2019-05-06,1.1501014764497564,1.0664318354932334,1.2274171761716337
2019-05-07,1.1499796209770397,1.066257698784022,1.2281799423648083
2019-05-08,1.1500118698479385,1.0664619495649148,1.2282861352061454
2019-05-09,1.1505922830131285,1.066062667693499,1.228528197863849
2019-05-10,1.1506846939447233,1.0663959495180366,1.2284424613653677
2019-05-13,1.1504723082141353,1.0663445958786701,1.2284446972257461
2019-05-14,1.1505575077095584,1.065381209111945,1.2283447443266962
2019-05-15,1.1508249019636767,1.0657122094050573,1.2286094157626488
2019-05-16,1.1506842732726847,1.064835242656087,1.2292097100244008
2019-05-17,1.1505446021411208,1.064642994546675,1.2293596770864372
2019-05-20,1.1513878857510225,1.0644562731064866,1.2289986163439548
2019-05-21,1.1515228126891521,1.0646021277913353,1.229252251503044
2019-05-22,1.1512173313735963,1.064972878313504,1.229129285168227
2019-05-23,1.1509108563046437,1.06474811008513,1.2296436950399006
2019-05-24,1.1505822915568165,1.0650678674679726,1.2294147207891994
2019-05-27,1.1505773682638836,1.0652412665039217,1.2292692986462042
2019-05-28,1.1507087631533026,1.0651405226456554,1.2292490187160114
2019-05-29,1.1504712502450463,1.0651512802347478,1.229289021700831
2019-05-30,1.1498251706637534,1.0649301538077507,1.229524200753988
2019-05-31,1.14892853627772,1.06472721110803,1.2299338708735479
2019-06-03,1.1489693941713452,1.064968294772242,1.2298117139701563
2019-06-04,1.1490991780999564,1.0651930290868723,1.2298572696820034
2019-06-05,1.1492270219975553,1.0646727773109246,1.2304641788186435
2019-06-06,1.1491066567890835,1.0645097199479039,1.2302898959022175
2019-06-07,1.1489001227028925,1.0642898458366685,1.2298774243360144
2019-06-10,1.1487689091350681,1.0649506377868792,1.2294466830401187
2019-06-11,1.1488397201660039,1.064611655190305,1.2300707331324103
2019-06-12,1.1499045783163755,1.0641113191640719,1.2297665871832542
2019-06-13,1.1496730390963958,1.0633148476118448,1.229626115314579
2019-06-14,1.149881748409343,1.06352253970024,1.2294028831796342
2019-06-17,1.149952519905769,1.0633519035669805,1.2300007080051647
2019-06-18,1.150119150391228,1.0635411918536084,1.2305563439393883
2019-06-19,1.150027413063564,1.0627373953446408,1.230008790471526
2019-06-20,1.1498231518818456,1.062865633499713,1.2311904140839047
2019-06-21,1.1497586540744429,1.0631017718693492,1.230791342188349
2019-06-24,1.1492673851515336,1.062694095373185,1.230645360030275
2019-06-25,1.1488148558659927,1.0623522348823229,1.2306706951418975
2019-06-26,1.1484540700605042,1.062048665601113,1.2306264192327832
2019-06-27,1.148061015722332,1.0622301171282282,1.2308763957361866
2019-06-28,1.1480755225610533,1.0620166325431029,1.230275781750197
2019-07-01,1.1480734612807588,1.062101729286255,1.2299773578223707
2019-07-02,1.1480360994760768,1.061644739898419,1.2298352182135306
2019-07-03,1.1478520083827835,1.0611901591678818,1.2293049531894724
2019-07-04,1.147915362188058,1.0609001561338036,1.22978053293333
2019-07-05,1.147359553423966,1.061165206004613,1.229587310014899
2019-07-08,1.147441726288644,1.0607992752963804,1.2298113985980235
2019-07-09,1.1467646920964283,1.0609072272986504,1.2302516974364648
2019-07-10,1.1469909420619713,1.0608825174499532,1.2307446137511655
2019-07-11,1.1471839893409972,1.060970678595293,1.2303128138020034
2019-07-12,1.1472870570373088,1.0606701143313257,1.2300308580052366
2019-07-15,1.1473465094398492,1.060580932192719,1.2297882209621427
2019-07-16,1.1473595310239149,1.0609349480437933,1.229446798917153
2019-07-17,1.1464591759091765,1.0608498496516408,1.2292443257894854
2019-07-18,1.1456090293701384,1.060741380635235,1.2297358433854122
2019-07-19,1.146177595790298,1.0604827243943888,1.2297775763496273
2019-07-22,1.145684750364884,1.0603330469331465,1.2296792919728419
2019-07-23,1.146923750121096,1.0601270865295611,1.2298448855575232
2019-07-24,1.1466768194150776,1.0603022086891156,1.230670152299743
2019-07-25,1.1469348552220893,1.0600184793897338,1.2303455404648964
2019-07-26,1.1467496368517538,1.0602971468173557,1.2301909495897116
2019-07-29,1.1466507686678136,1.0594717583684454,1.2303811764676076
2019-07-30,1.1477545353896785,1.0597923394758402,1.2300011825134218
2019-07-31,1.147829356732313,1.0591949353531167,1.2306561646514615
2019-08-01,1.1480247884996928,1.0590227742257254,1.2312404754543953
2019-08-02,1.1484346874345264,1.059063067632865,1.231014544819924
2019-08-05,1.1484322333968957,1.0589817734018836,1.2310711973045836
2019-08-06,1.1497374031586547,1.059025836577855,1.2307873732723131
2019-08-07,1.1487160958283316,1.059087706860168,1.2306601838864466
2019-08-08,1.1490503224498667,1.0590082889265915,1.2308039504726036
2019-08-09,1.1490816068711547,1.0588734946525427,1.231294702134247
2019-08-12,1.1484553324295175,1.0589315078248234,1.2310639531241474
2019-08-13,1.1481845007168257,1.0588300256187444,1.231212238860129
2019-08-14,1.1462275351538946,1.058889824499386,1.2312615550077335
2019-08-15,1.146311317745494,1.0583812137904574,1.2319648986682663
2019-08-16,1.1449657183847024,1.0581039595692718,1.2326119023187363
2019-08-19,1.1445662481069847,1.058047598656013,1.2328050481897983
2019-08-20,1.144583828520889,1.0583604417149115,1.2331949383658727
2019-08-21,1.1450363345775643,1.0583061716855486,1.2326452148926383
2019-08-22,1.1455333791549522,1.057847907082299,1.232360760205957
2019-08-23,1.1456381662842599,1.0574909553005893,1.2323026301842606
2019-08-26,1.1457128123438085,1.0576582572694437,1.2320102390137357
2019-08-27,1.1452628525391144,1.0572381318157844,1.231874724793337
2019-08-28,1.144900208499609,1.0571721482665108,1.2321543980211056
2019-08-29,1.1426244302136668,1.0574082366732531,1.2322151840507143
2019-08-30,1.1419043609983435,1.0565047749650365,1.2328243486760326
2019-09-02,1.1420771854317096,1.0568845779985825,1.2330040451092734
2019-09-03,1.1420754156940893,1.0564503912776657,1.2331212983780038
2019-09-04,1.1421926978595038,1.0560590659017772,1.232723528421226
2019-09-05,1.1417276279484263,1.056051382659666,1.2327442107144018
2019-09-06,1.1418499861153821,1.0560924423597058,1.2330934526978656
2019-09-09,1.1421708895330849,1.056482896180284,1.2330636270739783
2019-09-10,1.1424864898337246,1.0562753764985846,1.2325741300230226
2019-09-11,1.1425736221126888,1.0564245511518107,1.2316400254914692
2019-09-12,1.143313662648841,1.056758828625992,1.2321791658637138
2019-09-13,1.1435317668018732,1.0564075940768118,1.2314485163504534
2019-09-17,1.143616528389956,1.0560063526752388,1.231150442438059
2019-09-18,1.1442663788373995,1.055460586914069,1.2311889379927463
2019-09-19,1.1439406228879738,1.0559504661619434,1.2312690773889
2019-09-20,1.1430062984354472,1.0554754472858445,1.2314072575340498
2019-09-23,1.1433073331271064,1.055380552493312,1.231517038093666
2019-09-24,1.1434065993800306,1.0549955913379117,1.2320071959886967
2019-09-25,1.1436887404293592,1.0545920488346812,1.231736767438559
2019-09-26,1.1439484237449975,1.0541190454309561,1.232919498051088
2019-09-27,1.1434699740662422,1.0539264549723169,1.2333617750135795
2019-09-30,1.1440952570855691,1.0536192044408088,1.2333199692941508
2019-10-01,1.1438056970702335,1.0536328643466433,1.2332849420578404
2019-10-02,1.1432529564268217,1.0534020771082866,1.2327090542950958
2019-10-03,1.1432490069190018,1.052659999844439,1.2317268058987272
2019-10-04,1.1425067120743666,1.0522134221269743,1.2315411146062665
2019-10-07,1.1424979216055509,1.0526551986561492,1.2317347253699134
2019-10-08,1.1429818993590575,1.0519685207975975,1.2321011727259348
2019-10-09,1.1426618175386312,1.0530061777781605,1.2321621912461325
2019-10-10,1.1421420865582752,1.0527569625198387,1.2331135315593855
2019-10-11,1.1426793023336377,1.0529860441158998,1.2330384014889337
2019-10-14,1.1423902637623076,1.0528777493601915,1.232890334191596
2019-10-15,1.1418525247573938,1.0529073956136723,1.2333689009401405
2019-10-16,1.142314350311372,1.0530630276313577,1.2338160093747372
2019-10-17,1.1422884302248637,1.0529469496718247,1.2334861972102908
2019-10-18,1.1419379197515291,1.052947373882761,1.233412883762044
2019-10-21,1.1415363049638974,1.0531174334560223,1.2332483528944307
2019-10-22,1.1416289792002727,1.05410303958197,1.2331407236484053
2019-10-23,1.141436075037611,1.0540754236180048,1.23317234532845
2019-10-24,1.1423080935556535,1.054197745073142,1.2330700479284697
2019-10-25,1.144678814143931,1.054650065053187,1.2328451524381028
2019-10-28,1.1435058261198412,1.0545421537996726,1.2326093139084484
2019-10-29,1.1437485166219667,1.0542328931816973,1.233630982776966
2019-10-30,1.143612587725305,1.0534686511673224,1.233582780170392
2019-10-31,1.1438470050831742,1.0532482866488946,1.2338357856873816
2019-11-01,1.1434607330003015,1.0523706581718713,1.2342414424747503
2019-11-04,1.1434306307089717,1.0528062992062523,1.234059725370701
2019-11-05,1.143288654701093,1.0525520323261166,1.2340037019858592
2019-11-06,1.1434844368571344,1.0527668465447972,1.2338561512396513
2019-11-07,1.1438427197668706,1.0526050952640782,1.233451704481533
2019-11-08,1.1435736145258009,1.0520328265549281,1.2335686773152492
2019-11-11,1.1438243033545157,1.0519586481337244,1.233347130036069
2019-11-12,1.1430669169646777,1.0515055906060922,1.2335175683898414
2019-11-13,1.1424943945888701,1.0520987866618758,1.2337258662152937
2019-11-14,1.1433442116435375,1.0517438938837191,1.233497817680056
2019-11-15,1.1431603088369453,1.0518726388173072,1.2331264326706777
2019-11-19,1.1430358496295099,1.0523330907280735,1.2335509586320166
2019-11-20,1.1426066536764727,1.0510235562285355,1.2333065019062572
2019-11-21,1.1422334133809446,1.0509801008949287,1.2334560743148446
2019-11-22,1.141966116840082,1.0501176679080033,1.2336923244778553
2019-11-25,1.1421880084371236,1.0502429888670093,1.2338409619770068
2019-11-26,1.1420053018908032,1.0498847589389912,1.234651443553596
2019-11-27,1.1424274087625526,1.0499959386469624,1.2339807959728906
2019-11-28,1.1426162264691342,1.0508208750662604,1.233967133988653
2019-11-29,1.1422044700492384,1.0506832222775477,1.2336581507151547
2019-12-02,1.1418566567357065,1.0497806811880241,1.2343008891354208
2019-12-03,1.1420722385726871,1.0501009535784047,1.2341081991561718
2019-12-04,1.1418016873552057,1.0499379810244251,1.234396875684808
2019-12-05,1.1419076645160227,1.0499270724414171,1.234698515126618
2019-12-06,1.1430168291021197,1.0498309565251212,1.2344518318928652
2019-12-09,1.142754593734569,1.0501339971684862,1.2346376737162363
2019-12-10,1.1424476901949818,1.050124343762647,1.2346523927660868
2019-12-11,1.1423091240506107,1.0498608620643808,1.2348213908170664
2019-12-13,1.1392644767870237,1.0502471402066924,1.2350769611366372
2019-12-16,1.1397546246295125,1.0495926359753938,1.235365285564567
2019-12-17,1.1399821741220624,1.0497909314534861,1.235172238924339
2019-12-18,1.1400624587483796,1.0499725137450322,1.2349833761011229
2019-12-19,1.1402624264077734,1.050025469667491,1.2348890715946461
2019-12-20,1.1402668615072626,1.0499643219440582,1.2349327068101577
2019-12-23,1.1407123416989393,1.0497524093234085,1.2354253112191156
2019-12-24,1.1406004644627723,1.0496908042228634,1.2352196808994296
2019-12-26,1.1402362475734704,1.0500916916083347,1.2353068706327002
2019-12-27,1.1402530621168547,1.04937887470839,1.2350874243527956
2019-12-30,1.1401881763128001,1.049173739881298,1.2355779269248752
2019-12-31,1.139729120084443,1.048507028705356,1.2357752449119155
2020-01-02,1.138552200402564,1.04737040662852,1.2358196834868949
2020-01-03,1.1386136268898885,1.0479899571497537,1.235708062140434
2020-01-06,1.1400278837586342,1.047988989741076,1.2356562966379374
2020-01-07,1.1390928990091271,1.0481277481623346,1.2357595368515015
2020-01-08,1.140139558502919,1.0482477169691327,1.2355665114939998
2020-01-09,1.1404081896170986,1.048038819674655,1.2361112441803523
2020-01-10,1.141148938882537,1.0485602632271311,1.2364621774309374
2020-01-13,1.141206817339236,1.049024620136971,1.2374052703761724
2020-01-14,1.1413644022881335,1.0489485413596984,1.2369316990278028
2020-01-15,1.1412228997332081,1.047683043397152,1.2369518177796313
2020-01-16,1.1397691740889992,1.048762568493081,1.237247446987742
2020-01-17,1.1397150852701712,1.0476679111854876,1.2368149369223647
2020-01-20,1.1401834720711492,1.0481321071361624,1.237990658759523
2020-01-21,1.1403820208733568,1.0472363756064917,1.2386272821270787
2020-01-22,1.1405749009893373,1.0467732171092519,1.2380706155586871
2020-01-23,1.1406766435730487,1.0475150666444832,1.2372985940485075
2020-01-24,1.14024973185621,1.047638895230818,1.2368985103382104
2020-01-27,1.1388488369025205,1.0473226466462842,1.2371274486599833
2020-01-28,1.1384450128118901,1.0471580035920647,1.2373276934084116
2020-01-29,1.1381379541405992,1.0465351868482458,1.236591799014232
2020-01-30,1.1379465745285642,1.0458564159835497,1.2365377064549827
2020-01-31,1.1387242141273703,1.0457340246870959,1.236745214723514
2020-02-04,1.1384259557603986,1.0456261600604926,1.2370986453771404
2020-02-05,1.1380454184249031,1.0447319937955382,1.2368585208446452
2020-02-06,1.1376982413168513,1.04458884120612,1.2364875383511227
2020-02-07,1.1388264941655404,1.044721243586969,1.236604927917298
2020-02-10,1.1391704010021402,1.0455480908907968,1.2365326398669128
2020-02-11,1.1379631298504942,1.045976909877935,1.2364112474513183
2020-02-12,1.1385115074633525,1.0460740730322486,1.2366063946904524
2020-02-13,1.1376675637030305,1.0462975518083486,1.2368659756353897
2020-02-14,1.1375644293021598,1.0461729224747047,1.2367604060246435
2020-02-17,1.1378734327863322,1.0455895403292228,1.2370139685642478
2020-02-18,1.1383987397396713,1.0450901964813963,1.2370406995032368
2020-02-19,1.1384070211429216,1.044604313417174,1.2372793072718833
2020-02-20,1.1381576292812803,1.0438410592651046,1.2375655353302966
2020-02-21,1.1386395965761176,1.0436027376632186,1.2377354846915634
2020-02-24,1.1373600961829475,1.0432117239842758,1.2376000983774538
2020-02-25,1.1376953739293711,1.043522230757855,1.2379815426796703
2020-02-26,1.1376647490724765,1.0436521267018586,1.2372657108242353
2020-02-27,1.1346728986897616,1.0436849856512727,1.2374677022106737
2020-02-28,1.1367288117456678,1.0435874864819672,1.2374642477349944
2020-03-02,1.1362353145775588,1.043641415880226,1.2379378805697854
2020-03-03,1.1359720368670525,1.0435187194045914,1.2378121779080238
2020-03-04,1.1348860598623585,1.043335222791973,1.2381111900319364
2020-03-05,1.132606529622517,1.0427891545823766,1.2387617899383208
2020-03-06,1.1305229438793387,1.0419683193473799,1.2389429148802706
2020-03-09,1.1148999462923437,1.0414110486369081,1.2389518517840499
2020-03-10,1.1125078613942234,1.0414140289750613,1.2384503988848767
2020-03-11,1.1094382066304547,1.0415003286740832,1.2383097678016752
2020-03-12,1.1002267274119208,1.0413419346102515,1.2383764597807208
2020-03-13,1.0967140582057455,1.0417003175310497,1.23865654866797
2020-03-17,1.0776185111569752,1.041671119158894,1.2385946939748376
2020-03-18,1.0661430391290414,1.0421694242345656,1.2386526533675017
2020-03-19,1.06790321642977,1.0419829584648466,1.2387696185357366
2020-03-20,1.0666902706917656,1.0424664429487926,1.2393136552393451
2020-03-23,1.0584226485512545,1.0427167902392762,1.2394370988188093
2020-03-24,1.0561398695323685,1.042722127083346,1.2398640714578897
2020-03-25,1.0540444232407555,1.0429636165540948,1.2394870615564577
2020-03-26,1.0547083028637505,1.0430012957454344,1.2395567982243152
2020-03-27,1.0476716002546111,1.042653262902687,1.2397321585641852
2020-03-30,1.048477519392533,1.0426656772153917,1.2404022259894942
2020-03-31,1.0491890820970935,1.0429197203204792,1.240658213963257
2020-04-01,1.0473489813504298,1.0428291722304333,1.2408265079345573
2020-04-02,1.048802924609908,1.0430372542462605,1.2415953581765637
2020-04-03,1.0491985854464079,1.0432696755692537,1.2412073315416012
2020-04-06,1.0472831441725916,1.0433215452643843,1.2413899277779576
2020-04-07,1.047471432807282,1.0428343736451118,1.2414688480832514
2020-04-08,1.0474573899963384,1.042671953075112,1.241424423140863
2020-04-13,1.0469139508999032,1.042886365666839,1.2414866529466213
2020-04-14,1.0460695658960801,1.0426234890096315,1.2418540473266966
2020-04-15,1.046815045936419,1.0424776438982788,1.242117100331803
2020-04-16,1.0471251779833526,1.0424720940084293,1.2431509913590477
2020-04-17,1.04484323889584,1.0423031409774395,1.2436149413043693
2020-04-20,1.0449187827382374,1.0418478855862952,1.243353720115906
2020-04-21,1.0452649322763194,1.0418904500271862,1.243850342652818
2020-04-22,1.0460036992126271,1.0417078519742804,1.244052944937398
2020-04-23,1.0465716642211542,1.0413193187044065,1.2443119494483195
2020-04-24,1.0478063932470345,1.0410116453317209,1.2431732621324687
2020-04-27,1.0489873438537596,1.04053571593823,1.2433123428677502
2020-04-28,1.049371132829659,1.041192949217844,1.2440909296691087
2020-04-29,1.0474633935530604,1.040409801197592,1.244199139614352
2020-04-30,1.047945059929546,1.0408957656942426,1.2433558853538238
2020-05-04,1.0486634070741705,1.0411525455171897,1.2439529822000015
2020-05-05,1.048245257799443,1.0404485442424014,1.2443051264203648
2020-05-06,1.048832341449944,1.0408259243093128,1.2446013610529747
2020-05-07,1.0492886313221204,1.041066754054074,1.2444837326445228
2020-05-08,1.049242615315407,1.041178551388046,1.2443381501914366
2020-05-11,1.0493351057596843,1.0406821286201586,1.2445562477343979
2020-05-12,1.0495722574843271,1.04086651830634,1.2443362891466336
2020-05-13,1.0482492839743593,1.040567931689573,1.2447379029174803
2020-05-14,1.0488235262371441,1.0393768499692393,1.244980307401783
2020-05-15,1.048397530678917,1.0400946400963258,1.2448569940999936
2020-05-18,1.047427916822651,1.0394973753631416,1.2443699809107822
2020-05-19,1.0462187088437238,1.0395562164532268,1.2439916125858825
2020-05-20,1.0466772873092829,1.0396380256285893,1.2446595381541337
2020-05-21,1.0472069301209932,1.0393410146592088,1.2441704094821047
2020-05-22,1.04727328405331,1.0393066408521547,1.2448208433657584
2020-05-25,1.0479323304929382,1.0389674560693039,1.2446008869972964
2020-05-26,1.047718247536307,1.0388611749603403,1.2448367803039686
2020-05-27,1.0470823153104023,1.0392905909955197,1.2447182819244589
2020-05-28,1.046919539045834,1.039041801168997,1.244591130635774
2020-05-29,1.0476147177051933,1.038898597495041,1.2444820355097337
2020-06-01,1.048244414863377,1.0389814221687395,1.2444393762601165
2020-06-02,1.047727103357774,1.0384338730658889,1.24418570690868
2020-06-03,1.0463929283549371,1.038264808235994,1.243903058839476
2020-06-04,1.0484170216731399,1.038303369923653,1.2437633319348107
2020-06-05,1.0473388457829154,1.0386392702129918,1.2441178927744003
2020-06-08,1.0455561345579185,1.0386922077091403,1.2447540660541283
2020-06-09,1.0447912030083277,1.0382101328032514,1.2448201334829603
2020-06-10,1.0445735726479384,1.038463291451151,1.2450846660142387
2020-06-11,1.0410977578838096,1.0387731260930377,1.2451002634618564
2020-06-12,1.0404925656811348,1.0387840659135366,1.245272184882333
2020-06-15,1.0415652434278553,1.0376350372198178,1.2454101482795648
2020-06-16,1.0417378578419587,1.0370539348565386,1.2455642497020187
2020-06-17,1.0421861182619672,1.036974525218304,1.24561485863468
2020-06-18,1.0426069547077577,1.0372760859267418,1.247008235476422
2020-06-19,1.0436725113521674,1.037873696003007,1.246787670621825
2020-06-22,1.043506838151559,1.0376297741749028,1.2462115501758937
2020-06-23,1.043558906539993,1.0364210451229712,1.2468962076754824
2020-06-24,1.0431500159874671,1.036178723299657,1.2467933375441453
2020-06-25,1.0428542661330864,1.0362166401559076,1.2465921043193855
2020-06-26,1.0423401332635678,1.0362538632808995,1.246357597479107
2020-06-29,1.0423653102919468,1.0363462913808905,1.2465605441537984
2020-06-30,1.0426032440156408,1.0362979422349956,1.2469994080996063
2020-07-01,1.042675635561066,1.0361824498465144,1.2468220408202442
2020-07-02,1.043127743814959,1.0360921817694948,1.2469140301697152
2020-07-03,1.0430282993171491,1.0356484641244903,1.2474771511542686
2020-07-06,1.0432416473185224,1.0359461348581251,1.2475364571714083
2020-07-07,1.0432341589861198,1.0349093724784462,1.247891950508251
2020-07-08,1.0435995476527231,1.0353996328647175,1.2478963337108495
2020-07-09,1.0434371789551182,1.0356563385173227,1.247823541662794
2020-07-10,1.0435793566071707,1.035950357994765,1.2478873992773105
2020-07-13,1.0441728958251273,1.0359458494148155,1.2482720744408764
2020-07-14,1.044114465390502,1.0355442535666513,1.247883601997812
2020-07-15,1.044791631893569,1.035696566396829,1.2480491492148098
2020-07-16,1.0453249788546994,1.0360302690727616,1.2479672600644942
2020-07-17,1.0454948901545467,1.0356905016172697,1.2482166913813013
2020-07-20,1.04561426453152,1.0361138860414507,1.2481666263933857
2020-07-21,1.046394169917937,1.036242228567088,1.248282203719677
2020-07-22,1.0461505824391468,1.0361994304095508,1.248087864639495
2020-07-23,1.0461724024036307,1.0364789460188883,1.2486869435796941
2020-07-24,1.0459323010089705,1.0367022898942853,1.2488072054765198
2020-07-27,1.0466140771232662,1.0355798852287301,1.2488600130921526
2020-07-28,1.0492817039917626,1.0354870096557676,1.24853205693771
2020-07-29,1.0498066433690838,1.036097244496404,1.2478668314921282
2020-07-30,1.0498343886593455,1.036358256442399,1.2480555369333979
2020-07-31,1.0512470068051245,1.0361106850847364,1.2475754846884555
2020-08-03,1.0547018800308712,1.0368373267663598,1.2473912518875685
2020-08-04,1.0551635629730238,1.037026685661808,1.2490900763864932
2020-08-05,1.0549293504241226,1.0367576264614307,1.2491553480035607
2020-08-06,1.055636121283604,1.0367397608832212,1.2486941983442998
2020-08-07,1.0558407260530525,1.0362530575527331,1.2477625572057276
2020-08-10,1.0560310631271128,1.036307033397929,1.2477908678861476
2020-08-11,1.0552948975437053,1.0355987030383549,1.2480252157620255
2020-08-12,1.0553379819674293,1.0360080897563289,1.2486411914329099
2020-08-13,1.0554839924828645,1.0361160519762047,1.2480987859672825
2020-08-14,1.0551516997296189,1.0361786157760626,1.2488599177971398
2020-08-17,1.0555522349162074,1.0359111001520176,1.2479332072510638
2020-08-18,1.0558290432223654,1.0357165733886315,1.2488680890876223
2020-08-19,1.0559719689071265,1.0346426299996898,1.2486120450636629
2020-08-20,1.0561923090341876,1.0342075558193309,1.2497718599575318
2020-08-21,1.0558303457311327,1.0351156730944227,1.2501987845994176
2020-08-24,1.0564800781506707,1.0337239514393453,1.2500081849836688
2020-08-25,1.0563948894152784,1.0334717394107404,1.2502140244417774
2020-08-26,1.0561322330223089,1.0335039674641315,1.2503559833368352
2020-08-27,1.056205929946218,1.033419638686008,1.249697564269321
2020-08-28,1.055936621305639,1.0339436505958932,1.2498707478110251
2020-08-31,1.0546633606823568,1.0337583124371816,1.24968044593645
2020-09-01,1.0538317214271535,1.0334544748476509,1.2500189352133335
2020-09-02,1.0538471079410885,1.0335130571016125,1.249186309390055
2020-09-03,1.053292555988275,1.033647765130592,1.2492072402290093
2020-09-04,1.05369010089385,1.0336812531279471,1.2488274034630353
2020-09-07,1.0535558751574914,1.0330087982632568,1.2495770812273987
2020-09-08,1.053324023492919,1.0326692896928225,1.2495699659167168
2020-09-09,1.0535940354281244,1.0335186005174308,1.2496813100290813
2020-09-10,1.0551449891770108,1.0334498624359678,1.2494915660533712
2020-09-11,1.0550791285774759,1.033569702665807,1.2498585854416087
2020-09-14,1.0549075292602856,1.0330175807212263,1.2495251680991037
2020-09-15,1.0550169283482655,1.031552432302855,1.2496265619194953
2020-09-17,1.0554299571747534,1.031451865484069,1.250099671889863
2020-09-18,1.0566290854878382,1.031384526120096,1.2502537674056529
2020-09-21,1.0566608352939464,1.0317214584230272,1.2500380654329721
2020-09-22,1.0566620384339185,1.0317742420821736,1.2502516657200706
2020-09-23,1.0568767790179168,1.0312644490015082,1.2502107564548857
2020-09-24,1.056722938389285,1.0320562953427388,1.2495608218429535
2020-09-25,1.0568213272732754,1.0314280704743646,1.250160901997036
2020-09-28,1.0556608869987645,1.0318504490251657,1.2503652598229604
2020-09-29,1.0588176676190129,1.032223586946577,1.2506599172021988
2020-09-30,1.0585921727847714,1.0309665185927186,1.2505405447914597
2020-10-01,1.058344903139919,1.0307834806752554,1.2504474226586266
2020-10-02,1.060287377705508,1.031083815549359,1.2505393374972882
2020-10-05,1.0615354214191446,1.030026050963789,1.2499640834208179
2020-10-06,1.061434461530274,1.030913200798927,1.2506760326991109
2020-10-07,1.0609888577078137,1.030849913694613,1.2514491213077814
2020-10-08,1.0658927729804064,1.029698163739961,1.251115483558556
2020-10-09,1.0656083557621252,1.029311594165272,1.2511497942368461
2020-10-12,1.0659102156204463,1.029242579372843,1.2511164791987146
2020-10-13,1.0665070658076876,1.0298575251853528,1.251589503339442
2020-10-14,1.066554671880236,1.0297064453721294,1.2515543554763469
2020-10-15,1.0669870952872156,1.028400047353973,1.251485485709392
2020-10-16,1.0677466388352972,1.0291175150817249,1.251626924693582
2020-10-19,1.067798351834963,1.028439481148319,1.2516505506632778
2020-10-20,1.0678551140314287,1.0283326750059396,1.2512399679485824
2020-10-21,1.0681698045503412,1.028076391900582,1.2513053523351092
2020-10-22,1.0678936186114465,1.0283432833020805,1.2517265571284988
2020-10-23,1.0676434296410147,1.0287178080103738,1.2513811086403193
2020-10-26,1.0671958796657253,1.028678860052516,1.2514468563067673
2020-10-27,1.0681040803637025,1.0304837799342705,1.251664430678534
2020-10-28,1.0669641915616075,1.0280650720690485,1.2514349760938208
2020-10-29,1.0667057820391954,1.0290272824352507,1.2513657364954531
2020-10-30,1.0675946116527089,1.029296440085347,1.251245860758304
2020-11-03,1.068134758704614,1.029155017991784,1.250881252425158
2020-11-04,1.0686800711406186,1.0291227411862263,1.2507426574668896
2020-11-05,1.0672650416070097,1.0293670513568363,1.2509537857840651
2020-11-06,1.0675166561462075,1.0292540964621129,1.2510035367848804
2020-11-09,1.066432516941775,1.0288570653835183,1.2515058359208542
2020-11-10,1.0672213450318166,1.0284691532170311,1.251903676897481
2020-11-11,1.0667677096671195,1.028112839633878,1.2517172490094102
2020-11-12,1.0666842628821562,1.0272917472887624,1.2518491740437843
2020-11-13,1.0666212579350087,1.027572877059367,1.2517735038751456
2020-11-17,1.065616525407091,1.0272220445057743,1.2517194986761726
2020-11-18,1.066410540778284,1.02606593435682,1.2521811474568891
2020-11-19,1.0659612849362612,1.0262182290558308,1.25300928955787
2020-11-20,1.065921129434885,1.026333861971687,1.2526295426554281
2020-11-23,1.0658327986957123,1.0265852793762331,1.252788188552808
2020-11-24,1.066011851839372,1.0268314705048756,1.2524912926432494
2020-11-25,1.0657632562835067,1.0254888301453964,1.2525726164270508
2020-11-26,1.0659546357937648,1.025342002832181,1.2524781728111596
2020-11-27,1.065874218552556,1.0260776421414135,1.2525431147077513
2020-11-30,1.0666642671166378,1.0261624938018181,1.252072999576666
2020-12-01,1.0658395495408843,1.0265675476296343,1.2520464312908117
2020-12-02,1.0654838532147732,1.025420254704727,1.252413987649887
2020-12-03,1.065371973372505,1.0264565826694723,1.2530582976801035
2020-12-04,1.0659509756042254,1.0267055166490262,1.2530946085311174
2020-12-07,1.0659737738749118,1.0263994128605551,1.2519033847993162
2020-12-08,1.0655354601937899,1.025682735275323,1.2523184019510494
2020-12-09,1.0652927560894756,1.0257939533924176,1.2520345877705807
2020-12-10,1.0647377903586428,1.0256788177993803,1.2522127462951487
2020-12-11,1.06498334009046,1.0259090775657178,1.252515174792133
2020-12-14,1.0660174776044407,1.025697638830438,1.2527801867190747
2020-12-15,1.0662904138662583,1.0258200747519095,1.2531082360144026
2020-12-16,1.0661294490530517,1.0259503191374977,1.2529458132351248
2020-12-17,1.0660392028586383,1.0260055536602872,1.252882628537578
2020-12-18,1.066433550864973,1.0264772174467642,1.2530541261506944
2020-12-21,1.0662160729684194,1.0264434032669274,1.2534498975130097
2020-12-22,1.0657861936678446,1.0266114640001487,1.25375530765606
2020-12-23,1.0653780639375967,1.0267506921134877,1.2535606099652066
2020-12-24,1.065315604336854,1.027042409940207,1.2538144535759363
2020-12-28,1.0652359179295534,1.0264015434957483,1.2536010149443162
2020-12-29,1.0645489208609202,1.026488411586486,1.252645520589817
2020-12-30,1.0649749058269429,1.026028913822754,1.2527047241492866
2020-12-31,1.0652650649080448,1.0260842831558636,1.252111773582339
2021-01-04,1.0652563990030242,1.0264956016731286,1.2520548937749536
2021-01-05,1.0653827584430786,1.0266345902033696,1.251929479324203
2021-01-06,1.0649465333509884,1.0264646838113987,1.2520636716259947
2021-01-07,1.0651810576843375,1.0263282167197638,1.2532582506816672
2021-01-08,1.0654954755722752,1.0263653534946908,1.2523222496050204
2021-01-11,1.0652747855742914,1.0265748646370154,1.2521366821117004
2021-01-12,1.0659915175234789,1.0266941929880853,1.2522774327045822
2021-01-13,1.0656730385340185,1.0265137414615009,1.25296701980059
2021-01-14,1.0657875102142087,1.026240048265018,1.2531327490934303
2021-01-15,1.0658484115042144,1.0261379815762446,1.2528530826207782
2021-01-18,1.0656844496081803,1.025810450496484,1.2528801643724976
2021-01-19,1.0655588469598911,1.027375262318523,1.2534415010074738
2021-01-20,1.065879379743615,1.0277393788116307,1.2525862734548086
2021-01-21,1.065246386751749,1.0280431731544686,1.25280282769747
2021-01-22,1.0652913437027498,1.0279088241011087,1.2537496608928365
2021-01-25,1.0653778806774763,1.0273048089520371,1.253894660394853
2021-01-26,1.0655574365888152,1.0268108977184656,1.2538887056402366
2021-01-27,1.0651631001632405,1.026895576556654,1.2536347510554138
2021-01-28,1.0652202343118602,1.0270914863089686,1.2535881270246068
2021-01-29,1.064086630589001,1.0265524944113265,1.2539211373073154
2021-02-02,1.0635885471955102,1.02680947460739,1.253759729405384
2021-02-03,1.0633801310676756,1.0272096125636583,1.2540379480733574
2021-02-04,1.0636867411160869,1.0267583405614726,1.2542759804781096
2021-02-05,1.0637778831962572,1.02692789017822,1.2550386619235316
2021-02-08,1.0638558321141869,1.0258046872891957,1.2552611485810035
2021-02-09,1.0637406607952244,1.0267176690612505,1.2550564017459358
2021-02-10,1.0636835753466158,1.0263717817417273,1.2553745063576547
2021-02-11,1.0633060692980003,1.0255599757205027,1.255550247463154
2021-02-12,1.0632867549161782,1.0254056487126588,1.2549209861289514
2021-02-15,1.063436964398823,1.0250144377164994,1.255126534588324
2021-02-16,1.0638663567290563,1.0240973427878894,1.2552660445530914
2021-02-17,1.064015425523462,1.0231570596955686,1.2560457965867036
2021-02-18,1.0647791936011046,1.0229497902397364,1.2553817150892332
2021-02-19,1.065316196554329,1.022629375343894,1.2566388336540915
2021-02-22,1.0650438985101063,1.0228547668119103,1.256412273353268
2021-02-23,1.064913695621309,1.0241587424027396,1.2559454781454178
2021-02-24,1.0650938728744717,1.023542425649176,1.2568661202682725
2021-02-25,1.0641822273283845,1.0242065713638964,1.2571478776794012
2021-02-26,1.0636958239273338,1.023963778910673,1.2566880017692292
2021-03-01,1.0640026242879317,1.0242177079579067,1.256200770543938
2021-03-02,1.0638471750772724,1.0235179599220336,1.2561244636702975
2021-03-03,1.0637401598616905,1.0242624076765086,1.2563247342524648
2021-03-04,1.0645299314912524,1.02339753260859,1.2564255255958945
2021-03-05,1.0647020482675682,1.0235023129679166,1.2566423981031356
2021-03-08,1.0643373164136718,1.0231436448711073,1.256679254611889
2021-03-09,1.0645367891554232,1.0225754764119142,1.256811658062154
2021-03-10,1.064860273505746,1.020919239604175,1.2569005264117925
2021-03-11,1.0647289268660862,1.0215008083890844,1.2564772820281633
2021-03-12,1.0646900350082067,1.0203578225032954,1.2561579386547146
2021-03-16,1.0651877263504541,1.019542880186963,1.2564933579761641
2021-03-17,1.0653362619434459,1.02019882699045,1.256391354923027
2021-03-18,1.065421650901267,1.019842935472239,1.256159528083011
2021-03-19,1.066397172038622,1.020176108586592,1.2562735640479417
2021-03-22,1.0665602578060904,1.0198733428065732,1.2557450053897428
2021-03-23,1.066241329270005,1.020021313289894,1.2555466270491678
2021-03-24,1.0661739416108464,1.019922335634734,1.2558591941334467
2021-03-25,1.066675829700257,1.0193549365734238,1.2556512421805142
2021-03-26,1.0669908084149529,1.0192026884358178,1.2557762408246764
2021-03-29,1.0665437952417933,1.0194241804269275,1.2559229642540022
2021-03-30,1.0668314287365614,1.0181413488551634,1.2558710831405173
2021-03-31,1.0665753984863757,1.0181295448059116,1.256211110968826
2021-04-05,1.0662820607844046,1.0183875001075813,1.2566472281862513
2021-04-06,1.0663567653768888,1.0187078227971413,1.2561424748573973
2021-04-07,1.0662487587144192,1.0188050049486463,1.25571284877949
2021-04-08,1.0660826947010336,1.0223304128858641,1.2558424185503867
2021-04-09,1.066063553877611,1.022475776269627,1.2558908011762653
2021-04-12,1.066049474685198,1.0205881882808037,1.2556387050017273
2021-04-13,1.066155533846856,1.0190403098023717,1.2560145951760304
2021-04-14,1.0666637866189468,1.0213911256851116,1.256996450292558
2021-04-15,1.0667944669702676,1.0228340464889616,1.2564454089624892
2021-04-16,1.0666929014201643,1.023102168481697,1.2564953619778279
2021-04-19,1.0665611048621433,1.0226365004569824,1.256229164727302
2021-04-20,1.0664712360647495,1.023141988019668,1.2566620954281538
2021-04-21,1.0665208233751642,1.0245367868306452,1.2571123053311146
2021-04-22,1.0666270305394143,1.0243100165727708,1.2567261801306937
2021-04-23,1.0668064120401624,1.0231287466329313,1.2565783217008535
2021-04-26,1.0665330636776436,1.0224564593695422,1.2562525206888167
2021-04-27,1.0667980673576005,1.0227069307688248,1.256442293566357
2021-04-28,1.0672630556700458,1.0230790908459575,1.255727362591256
2021-04-29,1.0676148597888546,1.023064629461888,1.2561346200409371
2021-04-30,1.0670653093121971,1.0231561858187643,1.2564900782871926
2021-05-03,1.066971829468981,1.023299475499472,1.2559429332078693
2021-05-04,1.0671558014644358,1.0224104370491647,1.2559787916510725
2021-05-05,1.0668996866859086,1.0207703856350143,1.256031834782801
2021-05-06,1.0666374960306597,1.0215320050422951,1.256061353560737
2021-05-07,1.0670181701380315,1.020725825314232,1.2558624451125526
2021-05-10,1.0668588365113258,1.0218525986162386,1.2561840331964442
2021-05-11,1.066607664024902,1.0221165804777874,1.2559647264819458
2021-05-12,1.0664149687435482,1.020559803206256,1.2558438392832703
2021-05-13,1.0663259438894954,1.0206501301944149,1.2561828434848605
2021-05-14,1.0662885939216034,1.0208082587338523,1.2563445478595066
2021-05-17,1.0663788870598379,1.020461409414003,1.2564645738630078
2021-05-18,1.066577946398551,1.021046451148986,1.2567793469928696
2021-05-19,1.0666203421286062,1.020759907810031,1.2571294099681833
2021-05-20,1.0663820585151826,1.0211431543818505,1.2575382102158712
2021-05-21,1.066517495759283,1.021159326701886,1.257808448735771
2021-05-24,1.0669938127190908,1.0215621338661927,1.2578693117996185
2021-05-25,1.0670104817445079,1.0221600708426644,1.2591645278548298
2021-05-26,1.0672110131273973,1.0215704164281545,1.259620375809453
2021-05-27,1.067672748717303,1.0214693464313098,1.2595185195425154
2021-05-28,1.0676728313125183,1.0219291244763833,1.259538466949086
2021-05-31,1.067332291356648,1.0224360141789208,1.2590899942411704
2021-06-01,1.0673889014591316,1.0228523251552224,1.2588504346921308
2021-06-02,1.0675894736651472,1.0226104634611983,1.259735892019537
2021-06-03,1.067525656813058,1.021172774116112,1.2594675824214485
2021-06-04,1.0675520999806862,1.021590069082039,1.2595631632677142
2021-06-07,1.066913843364717,1.0219573886142186,1.2593628723381092
2021-06-08,1.0668496598925987,1.022261462152882,1.2593796290646648
2021-06-09,1.0667959343784132,1.0230218070747532,1.2595127085287854
2021-06-10,1.066746316892996,1.022825433840044,1.2596215700050077
2021-06-11,1.0668992486015365,1.0222076730246124,1.2597784638462344
2021-06-14,1.066911723737903,1.0218287299688813,1.259731711109664
2021-06-15,1.0672965374904044,1.0207676220398887,1.2595645427923556
2021-06-16,1.06756437572235,1.0209913953162557,1.2593198526628162
2021-06-17,1.0675685455984363,1.0209511502280995,1.2594310769988688
2021-06-18,1.0679844192168753,1.0209167276537543,1.259287968413054
2021-06-21,1.0681550107260949,1.0204733274212088,1.259715270914576
2021-06-22,1.0680869192746074,1.0213034791342046,1.259881656875635
2021-06-23,1.0677517821589384,1.0201268059168433,1.2603275591217364
2021-06-24,1.067190370997303,1.0199415512025274,1.2604229927779342
2021-06-25,1.067007521086709,1.0196242084284952,1.2602477053125876
2021-06-28,1.0665780637308333,1.0195413340917958,1.2610635823345928
2021-06-29,1.066480012783158,1.0191361883098813,1.2610934796234334
2021-06-30,1.0660812738954384,1.0191645856399913,1.2612098814082728
2021-07-01,1.066388845594245,1.0192991390654147,1.2610317697085975
2021-07-02,1.0666779109117097,1.0187036634678892,1.2617288396405117
2021-07-05,1.0663046934653035,1.0188756303678137,1.2617814090021668
2021-07-06,1.0667105735729536,1.018478338287083,1.2618785118804792
2021-07-07,1.0668044154813578,1.0183815217649748,1.2615614563932156
2021-07-08,1.0669278501844792,1.0189481951647819,1.261600079680009
2021-07-09,1.0673273674105537,1.0186878021158536,1.2616185434493818
2021-07-12,1.0674079532430365,1.0186076713721948,1.2609776326317854
2021-07-13,1.0681541768710197,1.0185671887210332,1.2610702834001692
2021-07-14,1.0684525500025628,1.018256968584402,1.261143705533568
2021-07-15,1.068927016364662,1.0185904659987037,1.261102186409773
2021-07-16,1.0688892968111237,1.0191576746117492,1.2614271289611239
2021-07-19,1.0681063458490412,1.0178466126215295,1.2620083368420978
2021-07-20,1.0681073312011617,1.0177737282111317,1.261853156328613
2021-07-21,1.0679346762927446,1.0189361414634932,1.261939360465703
2021-07-22,1.0680055702380549,1.018743827015724,1.2620920896814882
2021-07-23,1.068000106977641,1.019836354583826,1.2619097271230975
2021-07-26,1.0681218384685802,1.0200464182735487,1.2622139354866895
2021-07-27,1.0683214406411707,1.020108460592403,1.2623746034899075
2021-07-28,1.0693324179806005,1.0200847168550315,1.2624955715730382
2021-07-29,1.0699096649204378,1.0205708841411831,1.2626776978415182
2021-07-30,1.0701458535100692,1.0204168313478996,1.2625321753290906
2021-08-02,1.070223298025497,1.0207327053102637,1.2623426766850276
2021-08-03,1.0699576329345977,1.0199360390008658,1.262048510031865
2021-08-04,1.070142018117144,1.0196250392232349,1.2622792087670034
2021-08-05,1.0699153016209695,1.019539730384288,1.26239463380077
2021-08-06,1.069109426963009,1.0176758802410264,1.262035092585063
2021-08-09,1.0689152082948905,1.0170964644268163,1.261683901847703
2021-08-10,1.0688536521127556,1.0169461605155308,1.2617769793527542
2021-08-11,1.0685923808752678,1.0176310761567846,1.2617755517403453
2021-08-12,1.0685803672623095,1.017845814291282,1.2611297680535314
2021-08-13,1.0683097889285378,1.0178643108093952,1.2612052489442003
2021-08-16,1.068383794832618,1.0170888350917637,1.261581212208191
2021-08-17,1.0684473581774716,1.0171406668175276,1.2618388503094198
2021-08-18,1.06907640281107,1.0171645852718765,1.262092815481084
2021-08-19,1.0688256543906238,1.016937379564596,1.2625140039898723
2021-08-20,1.0689401351688321,1.0172338444926623,1.262741028507769
2021-08-23,1.0690048620545969,1.0171995085964245,1.2630707727506236
2021-08-24,1.0688431628607724,1.0171874434189532,1.2630993124700851
2021-08-25,1.0687544807110827,1.0170470660949966,1.2622112837876025
2021-08-26,1.0686259728629952,1.0166614267321628,1.262146703599276
2021-08-27,1.068481674283112,1.0171210803289923,1.2619603488396582
2021-08-30,1.0684052255389052,1.0170145773177002,1.2615773902979865
2021-08-31,1.0685659865183221,1.017173464461583,1.2615429699575202
2021-09-01,1.069250177426763,1.0173339972719009,1.261574411722274
2021-09-02,1.0692963249066523,1.0177856285399403,1.2622612556114983
2021-09-03,1.0691906525226604,1.0181614868946631,1.2623243470596393
2021-09-06,1.0691015719446704,1.0172706465546923,1.2622115439415083
2021-09-07,1.0693166580994007,1.0184952840597132,1.2621076400161255
2021-09-08,1.0690524947665032,1.0174509151585136,1.2619219208643673
2021-09-09,1.069112510504611,1.0175247372967622,1.2620380234941717
2021-09-10,1.0689299409832578,1.0176350986132354,1.2618623453084994
2021-09-13,1.0687689258415403,1.0167763307982507,1.262341702078271
2021-09-14,1.068972643555836,1.0185222166499601,1.262173113939828
2021-09-15,1.0693241187354534,1.0175275350536201,1.2616800036898992
2021-09-17,1.0698238533437405,1.0175899426053152,1.261225833398693
2021-09-20,1.0695912018400242,1.0184620246819533,1.2614633888504136
2021-09-21,1.0694661940722796,1.0181495317603046,1.262128391751421
2021-09-22,1.0688890883036726,1.0186206649715668,1.2628111015487333
2021-09-23,1.068078958337151,1.0184825433161537,1.2624021292815408
2021-09-24,1.068232158567013,1.0177575708633364,1.2625879193850202
2021-09-27,1.0682654691802482,1.0178868040273703,1.262443084121304
2021-09-28,1.067957306565598,1.0181359784795456,1.2625310307482644
2021-09-29,1.068300539380211,1.019193455559988,1.2628099753443
2021-09-30,1.0684430275882295,1.0189935826540788,1.2630830054295987
2021-10-01,1.0686229100423892,1.0196442595622839,1.2631125879039637
2021-10-04,1.0686329300274515,1.0200447835091293,1.2632686115524585
2021-10-05,1.0685515056126345,1.0183028632936546,1.2632259856145425
2021-10-06,1.0686749260522328,1.0183717236330736,1.2633126683964848
2021-10-07,1.0689715542609362,1.01780226404802,1.2625581460395006
2021-10-08,1.0691611693667202,1.0178574466250099,1.2625538074048726
2021-10-11,1.0694961720647405,1.0196389757094941,1.262680865318647
2021-10-12,1.069723257203771,1.0195356014379975,1.262853693217156
2021-10-13,1.069719478748737,1.01846030331068,1.2622563797673807
2021-10-14,1.0698399157843264,1.0169321369616071,1.261899084355638
2021-10-15,1.0695939976951976,1.0175810068736446,1.2622133200337162
2021-10-18,1.0696174633034377,1.0183079016984582,1.2623220141095635
2021-10-19,1.0696830942179012,1.0182633248995356,1.2624723607954724
2021-10-20,1.0697458943125453,1.0183014715918555,1.2629741317668788
2021-10-21,1.069714307504095,1.0190724226747725,1.2627380330241842
2021-10-22,1.0698519319362088,1.0151399506087866,1.263917612557935
2021-10-25,1.0700815501366863,1.0151124441947175,1.2637684491971157
2021-10-26,1.0701205399528717,1.0144408226403578,1.263495821054607
2021-10-27,1.0702331199434314,1.0140222103658614,1.263590353816074
2021-10-28,1.0700550388375698,1.0141184881168395,1.2633944656421001
2021-10-29,1.0701845097057445,1.0139307889888296,1.2634065759449895
2021-11-01,1.0703902249801063,1.0141619396301207,1.264170578414923
2021-11-03,1.0706688032931333,1.0140307097535635,1.2641245820971823
2021-11-04,1.0710644127559665,1.0138632432905428,1.2648001238850517
2021-11-05,1.0711956159196747,1.0130896959988493,1.2648193502228735
2021-11-08,1.071427702317961,1.0127912648928439,1.265783329325297
2021-11-09,1.0715230275988983,1.0130181291208424,1.2654172042978387
2021-11-10,1.0721046917359638,1.0136511668090151,1.2657458121641179
2021-11-11,1.0717867609621037,1.013342631826021,1.264780647984492
2021-11-12,1.0718730259165759,1.013949418888253,1.2643129806524969
2021-11-16,1.07221095991027,1.0140169342997054,1.2644826432609917
2021-11-17,1.0723152984709248,1.0143752481905284,1.2645118570608656
2021-11-18,1.0722912913252693,1.013700502104366,1.2644884836444172
2021-11-19,1.072168200475549,1.0140829606507173,1.264849795524034
2021-11-22,1.0724580388442573,1.0140405989049182,1.2652201475427467
2021-11-23,1.0728281483220472,1.0139719172485977,1.2652534844188035
2021-11-24,1.072578577338437,1.0146295803893133,1.2652721933671085
2021-11-25,1.0726734058949432,1.01497825697589,1.264337478051444
2021-11-26,1.0720166458186593,1.0155176026340225,1.26500533550403
2021-11-29,1.0726431792011164,1.0152819353584834,1.2647704013567385
2021-11-30,1.0736080133681938,1.0162177223060334,1.2650359417650645
2021-12-01,1.0741379289981376,1.0159108692135885,1.2652991204679715
2021-12-02,1.0737993996691986,1.0155142143048639,1.265325021672356
2021-12-03,1.0738029129006512,1.0161024300268104,1.2652972676441745
2021-12-06,1.0736557728597576,1.0152744678828938,1.2653966745938778
2021-12-07,1.0729592036406896,1.015273581649212,1.265819789776858
2021-12-08,1.0728893128142467,1.0152443311969337,1.2661734153017206
2021-12-09,1.0731808344938212,1.0155981349185355,1.2665770634370777
2021-12-10,1.0732479984688097,1.0162439736291973,1.2661175987203095
2021-12-13,1.0737789482117703,1.0159724830386236,1.2652332636060513
2021-12-14,1.074252223544819,1.0153885799038032,1.2652418716004608
2021-12-15,1.0739750408442867,1.0158848994330676,1.2651240620151158
2021-12-16,1.0739315299583658,1.0158769519522786,1.265007126146946
2021-12-17,1.0737650378080097,1.016071829736489,1.2651386693141629
2021-12-20,1.0734035262042627,1.0154401745152533,1.2649242535249647
2021-12-21,1.0736380054892936,1.015599981013221,1.2647252032447118
2021-12-22,1.0744583211065515,1.015515117322166,1.2647535909748977
2021-12-23,1.0744249470621994,1.0150789262029574,1.2643978060263639
2021-12-24,1.074460584811065,1.0146370918941598,1.2647374963648874
2021-12-27,1.0740671158460635,1.0138769862194343,1.265001663084556
2021-12-28,1.073362924546097,1.0156429148897614,1.2653445186101044
2021-12-29,1.0730133656216052,1.0146760115919098,1.2654073037771032
2021-12-30,1.073261859052037,1.0144068174368874,1.2659389026859036
2021-12-31,1.0733732156720506,1.0141051196577846,1.2663732426902445
2022-01-03,1.0734226599700718,1.0134857182820327,1.2658411823608007
2022-01-04,1.073422728735969,1.0135454468017082,1.2650371339492992
2022-01-05,1.073644771277284,1.0133690678204523,1.2659773034009767
2022-01-06,1.0737077485641107,1.0133415263350694,1.2661447430505957
2022-01-07,1.0745289367693904,1.01296393059699,1.2653671762451604
2022-01-10,1.0743079707732033,1.0129251116604019,1.2655194104474208
2022-01-11,1.0741771193040728,1.0128016270073028,1.2657216959041186
2022-01-12,1.0738441706021542,1.0126278388893803,1.265285560114765
2022-01-13,1.0737219258559723,1.0122099434213108,1.265338929836209
2022-01-14,1.0740444529408502,1.0124612621927336,1.2655320350181367
2022-01-17,1.0736783335534192,1.0128100357964136,1.2652561047049111
2022-01-18,1.0739366410796445,1.0128699115140347,1.265578206276817
2022-01-19,1.074450882131053,1.0130583615110782,1.2654095169984665
2022-01-20,1.0742977012647779,1.0120948774722949,1.2656819351581101
2022-01-21,1.0757700260352394,1.0131422575820885,1.2654431255686085
2022-01-24,1.073696939775711,1.0135302573246248,1.263407170328888
2022-01-25,1.0740170579708497,1.0133281603970317,1.2628871732096005
2022-01-26,1.0736169638726965,1.0127875191334952,1.263099204134118
2022-01-27,1.0748531496263751,1.0125332842976058,1.2636120459860392
2022-01-28,1.0759825642683207,1.0124664033431925,1.2636553139861055
2022-01-31,1.0768831724788035,1.0127913662346144,1.2635934142173417
2022-02-01,1.084695732500746,1.0116792834612052,1.263561674008654
2022-02-02,1.0863883089196942,1.0121266088135679,1.263306388691911
2022-02-03,1.088697488944393,1.0115479981340578,1.2632405776430573
2022-02-04,1.0954441484662218,1.0107788487184604,1.2633321641584487
2022-02-08,1.0965004319626095,1.0101261394962906,1.2638202753880767
2022-02-09,1.1055552401565503,1.0100878593964138,1.2642881258121237
2022-02-10,1.1161644955884364,1.0105325907944405,1.2642671385572883
2022-02-11,1.1155050241589313,1.0104059207789464,1.2642758488863262
2022-02-14,1.116149696477533,1.0108347567611686,1.264212448648162
2022-02-15,1.1228595377752704,1.009564868968403,1.263530244213941
2022-02-16,1.125493871311536,1.0091623979359094,1.2627712152735624
2022-02-17,1.1311802651595289,1.0092863105874883,1.2632947132988512
2022-02-18,1.1301932829960382,1.0096035756876673,1.2639760933753879
2022-02-21,1.13888403371806,1.0101017466091584,1.2651091215590797
2022-02-22,1.1392260907303657,1.0103323937531754,1.2655149628272757
2022-02-23,1.1365806441470578,1.0097573096341381,1.2654288981314639
2022-02-24,1.1393591799098792,1.0100105943485669,1.2657084116230506
2022-02-25,1.138455213504451,1.0091605761307652,1.2658863538191247
2022-02-28,1.1385370016931105,1.009479226103194,1.2657077301293311
2022-03-01,1.140285345927276,1.0095606188076445,1.2662571528791915
2022-03-02,1.1394680816022944,1.009759309330581,1.2660220947848755
2022-03-03,1.138554672712693,1.0097114245551282,1.2660146349443875
2022-03-04,1.13577937774417,1.0094390961284667,1.2669651453373352
2022-03-07,1.1330587033701578,1.0106045707956737,1.2673787818894446
2022-03-08,1.1337745237955896,1.0106608002921098,1.2670555836357602
2022-03-09,1.1329748619996172,1.0107703564563468,1.266862160268683
2022-03-10,1.1351491440273331,1.0106738819344256,1.2669115132560802
2022-03-11,1.1359916781617505,1.0101490470336478,1.2674650527516487
2022-03-14,1.137414395856424,1.009969509018375,1.2670410358966189
2022-03-15,1.1374924367296309,1.0099267782265884,1.2666590444255947
2022-03-16,1.1363770351895288,1.0104201046797179,1.267147883303571
2022-03-17,1.1371012513473386,1.009857149841687,1.2676279233848728
2022-03-18,1.136599335838771,1.009702124677073,1.2674617788879203
2022-03-22,1.1383322395312134,1.0096258625999222,1.2675872448219552
2022-03-23,1.1396472699745963,1.0094477880600603,1.2679051262630516
2022-03-24,1.139612549196034,1.0095061736350661,1.268255115838818
2022-03-25,1.1383648179168524,1.008078681817569,1.268230795045198
2022-03-28,1.1383345875912037,1.0077698686978103,1.2678508713188323
2022-03-29,1.1373886771673871,1.0072965358577235,1.2673389760131848
2022-03-30,1.136890645818374,1.0072554876289823,1.2670826784477616
2022-03-31,1.1372782085365314,1.0067857602723138,1.2678067442860277
2022-04-01,1.1368463189655211,1.0088477984661344,1.267078658665664
2022-04-04,1.135993276438382,1.0086956162666432,1.266242456065027
2022-04-05,1.1383374808831785,1.0077368757212801,1.2662729144935247
2022-04-06,1.1381212336935729,1.0082119983894173,1.2673193970907397
2022-04-07,1.1383680766592097,1.0083358558128128,1.2670180087101437
2022-04-08,1.1409945287076764,1.008336895010289,1.267476239045837
2022-04-11,1.1431885150198045,1.009944287923858,1.2673484099817613
2022-04-12,1.142975236087574,1.0102660365266463,1.2670364898685862
2022-04-13,1.1431378607095897,1.010562168223986,1.2670576242894227
2022-04-18,1.1436793702119998,1.0103403561865252,1.2668119277179393
2022-04-19,1.1438565048453528,1.010077016148841,1.2668936604044998
2022-04-20,1.1434443769504758,1.0078368032739964,1.267029766494043
2022-04-21,1.1436810923841083,1.0075432088767904,1.267168919396108
2022-04-22,1.1443922585655073,1.0073411435659962,1.2684601000499205
2022-04-25,1.14423867865549,1.0075490586119613,1.268066855193998
2022-04-26,1.145409894979518,1.0080372023873103,1.2681271561572454
2022-04-27,1.1464689997602948,1.0083048974818025,1.2682803370996572
2022-04-28,1.1486858196465835,1.0080212751675235,1.2683130219399337
2022-04-29,1.1477096500157717,1.007580232271731,1.2678041930453936
2022-05-02,1.1496184460095344,1.0072502436317723,1.2675933554074765
2022-05-03,1.1510888367584509,1.006138393083997,1.2681796208597496
2022-05-04,1.1531525675406862,1.006854594737125,1.2681526952627435
2022-05-05,1.1530106669090612,1.0065944127838509,1.267993336488399
2022-05-06,1.1586267316581744,1.0065131540372076,1.2687647393520984
2022-05-09,1.1594639811787992,1.0064044768817564,1.268511271096295
2022-05-10,1.159540415105766,1.0073325722743482,1.2690027523747371
2022-05-11,1.160411485126502,1.0066065646898161,1.2690496517940373
2022-05-12,1.1604400674779074,1.0062181078654364,1.2697401706176956
2022-05-13,1.1606491701475388,1.0062446614951959,1.2695940235385326
2022-05-16,1.16128608818648,1.0060453317760174,1.2697500753060746
2022-05-17,1.1608239767964195,1.00523484953628,1.2700324612934317
2022-05-18,1.1593248760035868,1.0046872741271875,1.270236579163633
2022-05-19,1.1586161333593192,1.004557016543642,1.2702876922068618
2022-05-20,1.1588468711425757,1.0048209689114622,1.2704047264636376
2022-05-23,1.1592426315974813,1.004672862969279,1.270022146906672
2022-05-24,1.1592511688129326,1.0049503596917049,1.2695018131475
2022-05-25,1.1593339705344883,1.0052067156342503,1.2691778532411835
2022-05-26,1.159637122128989,1.0050812285412087,1.2693792820254928
2022-05-27,1.1595531914585717,1.0053405899274421,1.2688497727164245
2022-05-30,1.1595372848770256,1.0058212501720036,1.2685474928099525
2022-05-31,1.1607288359220342,1.0054264992098876,1.2687984680411393
2022-06-01,1.1609300586162838,1.0055401978601528,1.2689685331043639
2022-06-02,1.1606399794081488,1.0058827607077783,1.269340598196259
2022-06-03,1.1622752119717488,1.0056892342205912,1.2690392302938112
2022-06-06,1.1628201162839178,1.0058147244352296,1.2691765933228127
2022-06-07,1.1628143959739423,1.0057428974298595,1.2691002561275888
2022-06-08,1.1626227401982054,1.005347456197784,1.269203365618486
2022-06-09,1.1628823941787858,1.0051909585725254,1.2687296745921348
2022-06-10,1.160962300933297,1.0049724533209128,1.2688323640027157
2022-06-13,1.1600102187328203,1.0049646977289477,1.2701821323423133
2022-06-14,1.1600161712407109,1.005203490491549,1.2699719128676172
2022-06-15,1.1599529513141116,1.0052494560478518,1.2702109055830433
2022-06-16,1.1583634171473767,1.0060678108219339,1.2711065899614726
2022-06-17,1.1588818262895026,1.0058443965376442,1.2712932652858804
2022-06-20,1.1593754895780368,1.0062921503156015,1.269729172534296
2022-06-21,1.1584031776238586,1.005211774874363,1.2707428552070479
2022-06-22,1.1564259537696011,1.0047199619065157,1.270637007097731
2022-06-23,1.1561088178994616,1.004891980427246,1.2697912671257663
2022-06-24,1.1553159551493095,1.0045216180502161,1.2691787601130315
2022-06-27,1.1547949890963747,1.004155264723746,1.2685616314416068
2022-06-28,1.15443211550767,1.0041738562646554,1.2678940157448875
2022-06-29,1.1532185885250215,1.0038785885052866,1.2680988473610193
2022-06-30,1.1526086234213728,1.0045027671832223,1.2711141893866749
2022-07-01,1.1523614400984603,1.0044702487123705,1.2693125586298353
2022-07-04,1.151891220565345,1.0046855182656662,1.2700020126160836
2022-07-05,1.1523132851751214,1.0050384891555482,1.2702646612486643
2022-07-06,1.152548942982084,1.0034745501438398,1.2690087227782683
2022-07-07,1.152386794264039,1.0028382822655366,1.2685344325128551
2022-07-08,1.1523383046197906,1.002428681026424,1.2684391569239541
2022-07-11,1.1523703494796131,1.002252282360324,1.2688851846089446
2022-07-12,1.1517923116465996,1.0018479119760264,1.2686765529753712
2022-07-13,1.1516415408704164,1.0025743256092108,1.2697865521278833
2022-07-14,1.151427042464717,1.004067142082195,1.2698975977845817
2022-07-15,1.1515619851059333,1.003578532473126,1.2699083514650842
2022-07-18,1.1521874523656597,1.0034511406931461,1.2696099824585267
2022-07-19,1.1518200200513307,1.0030419594649422,1.2699647691094473
2022-07-20,1.1525191991673243,1.0034439570629636,1.269878667691397
2022-07-21,1.1534797324120178,1.0031195631215963,1.2711780900953638
2022-07-22,1.1540475173280318,1.0028764037734335,1.2711754556091206
2022-07-25,1.1541649443842328,1.0027714899873648,1.2714030119381559
2022-07-26,1.156159952189243,1.0023922933996603,1.2712334753890844
2022-07-27,1.1569263965709478,1.0025908654764732,1.2716310949253282
2022-07-28,1.1562251109423647,1.0023757301481457,1.2713998007212552
2022-07-29,1.1572868421027653,1.0031028401681505,1.2713024568319597
2022-08-01,1.1581854925163184,1.0031658105671333,1.2711390968072322
2022-08-02,1.158455603724097,1.0034287347743878,1.2709742824981671
2022-08-03,1.159208018028881,1.0032565472156594,1.2712017873165566
2022-08-04,1.1590594040965718,1.0024465144654249,1.270848285955548
2022-08-05,1.158266985756466,1.0024509007246198,1.2708116248570662
2022-08-08,1.1580513955237848,1.0021381081874168,1.270397385799969
2022-08-09,1.1582687488444834,1.0020662379866947,1.270320817603457
2022-08-10,1.1586618312144328,1.0019474566871986,1.2705859484637654
2022-08-11,1.158163055921984,1.0019290091432034,1.2705391027025101
2022-08-12,1.158204703528467,1.0016046031937866,1.2704273320715893
2022-08-15,1.1595017392502864,1.001535938058871,1.270297029144121
2022-08-16,1.1593917695587848,1.0012438381974818,1.2697055656251461
2022-08-17,1.1589433494168486,1.0018838320953367,1.2698796280325964
2022-08-18,1.1589757074956486,1.0016284666525983,1.2703030589662252
2022-08-19,1.158505419987588,1.0015618193907136,1.27061257159903
2022-08-22,1.158662674223144,1.0014583528168146,1.2705816443121014
2022-08-23,1.158506452323336,1.0010005614886661,1.2702545242376628
2022-08-24,1.158604391456772,1.0011939052857313,1.2700648656999436
2022-08-25,1.1589434748228533,1.0009294744028958,1.270043127773851
2022-08-26,1.1586670650815807,1.001360625035661,1.2697592278910432
2022-08-29,1.1570297701010326,1.001190362157618,1.2700892927861596
2022-08-30,1.156704588474784,1.0014754240373507,1.2697086786437737
2022-08-31,1.155862956902263,1.0012498444122249,1.2694812806943765
2022-09-01,1.1576471203266792,1.0014420328307807,1.2700526919081179
2022-09-02,1.157660113321659,1.0013739562474973,1.2698733824084407
2022-09-05,1.157931598811387,1.0008097181905644,1.2694066017304346
2022-09-06,1.1577315945844184,0.999567121824449,1.2698395522917376
2022-09-07,1.1580766643335074,1.0003919883071435,1.269329422255512
2022-09-08,1.1579878177936138,1.0003952556294804,1.2699550274698526
2022-09-09,1.1573668436587614,0.9997734082201777,1.2699941210091252
2022-09-12,1.157658636537933,0.9991731859425819,1.2697057846586728
2022-09-13,1.1571330657744614,0.9990802253447086,1.2703989786977443
2022-09-14,1.1570012202250197,0.9993483206925143,1.270661874789851
2022-09-15,1.1573598501219085,0.9991008738254235,1.2706178874672667
2022-09-19,1.1577373115256264,0.9997000614972755,1.27103875118295
2022-09-20,1.1580794634145914,0.9999969624927236,1.271107308815562
2022-09-21,1.1581307266721064,0.999269695391976,1.2708770821061877
2022-09-22,1.1597193725869865,0.9998846426537418,1.2708884062184624
2022-09-23,1.1594085276714177,0.9990860739587686,1.2713548229023914
2022-09-26,1.15815420335182,0.9995492820437546,1.2714688865897745
2022-09-27,1.157699221777476,0.9990177545314273,1.2712010468848252
2022-09-28,1.1574674500598379,0.9975223580123588,1.2715329555872408
2022-09-29,1.1594261663420347,0.997763608877617,1.2720352584869372
2022-09-30,1.158849529853401,0.9974787414366438,1.27225979433593
2022-10-03,1.1614136401008526,0.9971832525052475,1.272190100782808
2022-10-04,1.160601797849171,0.9972361952587173,1.2723280083936774
2022-10-05,1.160567958577392,0.9957504455037908,1.2714624826491374
2022-10-06,1.1603784621986617,0.9943292093242084,1.2721938222117135
2022-10-07,1.1607238234045116,0.9954271031755437,1.2732870925258046
2022-10-10,1.161858869644255,0.9948144739428986,1.27448661598103
2022-10-11,1.16220182563912,0.9938212959602076,1.2744085523331048
2022-10-12,1.1625639165993986,0.9943973606411453,1.272966640327294
2022-10-13,1.1625321731813456,0.9943174655013882,1.273356913701879
2022-10-14,1.162663061363879,0.994659386868588,1.2733559416741007
2022-10-17,1.1626202363142142,0.994891209205417,1.2736514905942968
2022-10-18,1.1612821499714256,0.9950244748975776,1.2737302492501292
2022-10-19,1.1612129752081672,0.9954733661276243,1.2740680666168027
2022-10-20,1.1621644486626006,0.9951853314011418,1.2739373716336597
2022-10-21,1.1622540649688118,0.9942698283197018,1.2736168139045891
2022-10-24,1.163351720040004,0.9954305185798411,1.2753437021906406
2022-10-25,1.1632306685026688,0.9955678376136657,1.2757092316352157
2022-10-26,1.1636823399733303,0.9956313141014841,1.2758920926440769
2022-10-27,1.1640826058246987,0.9954798112915464,1.275754604359562
2022-10-28,1.1647216439559516,0.9943976446599252,1.2767219898710416
2022-10-31,1.163846934111148,0.9937025701699823,1.276591683023199
2022-11-01,1.1632300617645066,0.9940348376551029,1.2769444148313134
2022-11-03,1.1633389897335698,0.9934410271634229,1.276226568459511
2022-11-04,1.1623275511875975,0.9932308979882483,1.276260425390368
2022-11-07,1.1613292613643174,0.9911350779247745,1.2761894602828714
2022-11-08,1.160251992899019,0.9913887732811696,1.2752470743291198
2022-11-09,1.1609155643011142,0.9911565214872153,1.2753645382724996
2022-11-10,1.15956655888046,0.9907312713237241,1.275035853787801
2022-11-11,1.1576525320960798,0.9908393213720865,1.2746725416570435
2022-11-14,1.1583272681665615,0.9918261249253014,1.2750544394862449
2022-11-15,1.159200960972646,0.9917951600949948,1.275313338608765
2022-11-16,1.1608553495582266,0.9916581023589268,1.2757560617446693
2022-11-17,1.1610740773860249,0.9921876925996524,1.2755154478634574
2022-11-18,1.1614419724451859,0.9925708295948416,1.2752055783343867
2022-11-22,1.1626595861257965,0.9921675731432841,1.2754464725608559
2022-11-23,1.1624965337956852,0.99135471104845,1.275513426802674
2022-11-24,1.1625818612082268,0.9934130988193758,1.2762919146250737
2022-11-25,1.1621739556789188,0.9929393958216203,1.2759462258119973
2022-11-28,1.162017469374507,0.9922300647936012,1.2761875699968332
2022-11-29,1.1618034787855707,0.9921544762534554,1.2760924504519648
2022-11-30,1.1610108385435212,0.9922654577359333,1.275833644407142
2022-12-01,1.1603818294978112,0.9924556882226065,1.2761125539797014
2022-12-02,1.1607956053463344,0.9925827893530538,1.2766929295674243
2022-12-05,1.1606542301779448,0.9930310001538342,1.2768199242915799
2022-12-06,1.1612192917573942,0.9929960883093565,1.2763959485240541
2022-12-07,1.1613133809302365,0.9934889690756605,1.2762172963891985
2022-12-08,1.161433373852528,0.9947326603426396,1.2760583661427287
2022-12-09,1.161336111000966,0.9945511666662987,1.2757660956505934
2022-12-13,1.161835807789142,0.9944750289806987,1.2754306166107228
2022-12-14,1.1612431547676818,0.9944535178810153,1.2753701261862687
2022-12-15,1.160745058591212,0.9945652730143352,1.2758203479475667
2022-12-16,1.1616529226430465,0.9950476916234119,1.2758042298726517
2022-12-19,1.1618411229869796,0.9948815001285733,1.275368390197414
2022-12-20,1.161925769233896,0.9950145221553534,1.2753741147365443
2022-12-21,1.1623161349392315,0.9947055852944826,1.275663172158875
2022-12-22,1.1620165783097474,0.994928238715268,1.2762033992421173
2022-12-23,1.1637364324330175,0.9931847256491506,1.2761639051361293
2022-12-26,1.1640142449888577,0.9928697845538481,1.2757927826453257
2022-12-27,1.1637305775030296,0.9922271776251522,1.2758490054877023
2022-12-28,1.1627816612385165,0.9915331095454781,1.2765597964179556
2022-12-29,1.1633152117366377,0.9909779321021763,1.2766606699606355
2022-12-30,1.162252160541288,0.9913720255300871,1.2765786899268976
2023-01-02,1.1624524915699568,0.9913320226663465,1.2767849011847565
2023-01-03,1.1625912923255495,0.9913472812690638,1.2772468982379406
2023-01-04,1.1613254127860158,0.9914921557275862,1.277901891811965
2023-01-05,1.1608721791870096,0.991774773394784,1.2780308145963233
2023-01-06,1.159480912785447,0.991281803708483,1.2775790885967038
2023-01-09,1.1591772379184917,0.9907042555001698,1.2781815348692187
2023-01-10,1.159156699854023,0.9910314070831693,1.278061761936164
2023-01-11,1.159487426870611,0.9915451067935449,1.2783030083056883
2023-01-12,1.1589479740598596,0.9926627820105088,1.2780789047814007
2023-01-13,1.1590458979830307,0.9925606506916408,1.2781424729394806
2023-01-16,1.1587742642627124,0.9923291573092545,1.2781114810949679
2023-01-17,1.1579551767429934,0.9912403084329476,1.2785714954930134
2023-01-18,1.1577872437559165,0.9910499774612118,1.278821668725577
2023-01-19,1.158930699716674,0.9912579426239252,1.2787884917456847
2023-01-20,1.1576313433172774,0.9912291964177059,1.2786487155151012
2023-01-23,1.1577265217984034,0.9907612950900755,1.2790695655891913
2023-01-24,1.1576875165381255,0.9918097877737676,1.2790129870319575
2023-01-25,1.1572516317709163,0.991930186138308,1.278988736599246
2023-01-26,1.1568940198643263,0.9922827534806936,1.2792133292319832
2023-01-27,1.1565962087867403,0.9913896177591501,1.2791031841754967
2023-01-30,1.1553375602968923,0.9912499766702283,1.2793419217879005
2023-01-31,1.155010609744967,0.9907239246625063,1.2793849526334662
2023-02-01,1.153633115064834,0.9901913842971257,1.2801115087043313
2023-02-02,1.1531221823334774,0.9908932830102032,1.279936047668896
2023-02-03,1.153734351248464,0.9906745107288438,1.2802367772210992
2023-02-07,1.1533765778973843,0.9897005198937687,1.280283041235747
2023-02-08,1.1533661521388217,0.9893077678860658,1.2798994545329123
2023-02-09,1.1538797229309263,0.9896122378723243,1.279575953304713
2023-02-10,1.154104413676808,0.9888393544966212,1.2797618117859804
2023-02-13,1.1546820317001827,0.989763208245115,1.280275904036369
2023-02-14,1.1545273564033334,0.9892155990251199,1.2799513028015734
2023-02-15,1.1539029003513481,0.9897982074688523,1.2796456803966478
2023-02-16,1.1542174101398535,0.9897692084591787,1.279653907991029
2023-02-17,1.154780066919841,0.9900057595496656,1.2795634190867344
2023-02-20,1.154950492392845,0.9896484645967204,1.2795291331179803
2023-02-21,1.1551710882291677,0.9894157890647598,1.2797439400799033
2023-02-22,1.1561489791020851,0.9893315334178617,1.2795796863947544
2023-02-23,1.1555830606219424,0.9892623418361579,1.2798585063388628
2023-02-24,1.1548921281861315,0.9890893530605247,1.2785700995448275
2023-02-27,1.154886947902021,0.989509919520452,1.278614629388786
2023-02-28,1.155049329577707,0.9886645424642211,1.2786698393270537
2023-03-01,1.154864197742919,0.9891004042594587,1.2786419081556324
2023-03-02,1.1557192671376657,0.9888427503569307,1.2786760750850419
2023-03-03,1.1551737511319204,0.9884476263518275,1.2789767862091688
2023-03-06,1.1550627795494979,0.9886534549532856,1.2795182167610082
2023-03-07,1.1541234951957662,0.9879336027662845,1.2799596752897462
2023-03-08,1.154591531643428,0.9873774620287036,1.2794635064095288
2023-03-09,1.1550299451545545,0.9876787351830172,1.279161510156596
2023-03-10,1.1547931815176748,0.9880175999546446,1.279008706018131
2023-03-13,1.1547738988137364,0.9884704635874889,1.2792920489120108
2023-03-14,1.1547058409798179,0.9882183468286699,1.2794160909261376
2023-03-15,1.154453967479676,0.9884127818586437,1.2796259008521464
2023-03-16,1.1544720552597079,0.9879607733557404,1.2796932708480204
2023-03-17,1.1544869634311763,0.9881244491624888,1.2796958614392173
2023-03-21,1.1541910846078078,0.9882331031223907,1.27983748099207
2023-03-22,1.154409725645288,0.9889789653523959,1.28022480801209
2023-03-23,1.1539441499146588,0.9886158130383549,1.2803819738783089
2023-03-24,1.1536245358373558,0.9883203519004653,1.2807463384079008
2023-03-27,1.1534557365513631,0.9876235970814928,1.2808981828188473
2023-03-28,1.1534755837353845,0.9852614065377155,1.2804079008420364
2023-03-29,1.1527923391254102,0.9857872739836212,1.2804542392505331
2023-03-30,1.1526338798500235,0.9865407255418914,1.2808715858962905
2023-03-31,1.153287337257567,0.9871863784618568,1.2801029521200404
2023-04-03,1.1537513058098063,0.9862730473198036,1.2807804492088672
2023-04-04,1.153680963405366,0.9866645206048962,1.2802903911054855
2023-04-05,1.152873277125327,0.9863609316305562,1.2824116590681558
2023-04-10,1.1526343368352847,0.9856343190274496,1.2817462153574426
2023-04-11,1.152778673602662,0.9857148480880699,1.2807513215229998
2023-04-12,1.1534239999644569,0.9864597117884469,1.2808736622171581
2023-04-13,1.1532736903655718,0.9861518874070596,1.281284192729318
2023-04-14,1.1527415290805565,0.9866877030429921,1.2820346414941626
2023-04-17,1.1521972060911,0.9870642066576878,1.282112727348189
2023-04-18,1.1524229345690595,0.9856633813627702,1.2819412496360687
2023-04-19,1.1526223088836256,0.9865043047368791,1.2821461336061504
2023-04-20,1.152337681635842,0.9860288825424308,1.2820788694147924
2023-04-21,1.151997826450005,0.9854983520840646,1.2826477379801415
2023-04-24,1.1524113861128973,0.984495719149523,1.2827528551787482
2023-04-25,1.1524901168706376,0.984273491647822,1.283328682188471
2023-04-26,1.1516231269821542,0.9850327773106401,1.282572423639764
2023-04-27,1.1514707352998141,0.984760200489893,1.282075392404221
2023-04-28,1.1509259605029276,0.9829344761034549,1.28228744834992
2023-05-02,1.1527487626472763,0.9833372121296422,1.282550238706494
2023-05-03,1.152743896304528,0.9831620139106111,1.2833926905253064
2023-05-04,1.1526903767304553,0.9832147310424144,1.2834112843354422
2023-05-05,1.152577695375608,0.9836080529914515,1.2828756445875331
2023-05-08,1.1525554844797115,0.9833412611692416,1.2846907199400293
2023-05-09,1.1522581666513323,0.9830354407338702,1.2837972171159113
2023-05-10,1.1523177711529082,0.9832344964519392,1.285248361297793
2023-05-11,1.1517493011554978,0.9826064078566181,1.2847615610592238
2023-05-12,1.1517317221909866,0.9827141326393256,1.285147552084454
2023-05-15,1.1514230107873862,0.9823804753388503,1.2853169345182014
2023-05-16,1.1513886746426025,0.9826444368807205,1.284808523831115
2023-05-17,1.151396958434043,0.9832344004272703,1.2842583660203628
2023-05-18,1.1513336363835573,0.9835526229115614,1.2844680502348576
2023-05-19,1.1506396873069225,0.9837921122903965,1.28308119194477
2023-05-22,1.1499732113351149,0.9833308870597369,1.2834863732834656
2023-05-23,1.1499446793690584,0.9836179066231396,1.283002411781765
2023-05-24,1.150531912148155,0.983613095495132,1.282701112330218
2023-05-25,1.150607448201991,0.981558324918409,1.2829997411590044
2023-05-26,1.1500790987762401,0.9818408565771047,1.2830252042006725
2023-05-29,1.1509407946105321,0.9806971991317119,1.283474211550887
2023-05-30,1.150274782808637,0.9814792739773416,1.2827518733445795
2023-05-31,1.1507040202382688,0.9815560276941683,1.2827560259499866
2023-06-01,1.1510886202170434,0.9826171560231654,1.2830563574807186
2023-06-02,1.1509256326482353,0.9823746956993265,1.2825692008291485
2023-06-05,1.1507658622403758,0.9822441933507977,1.282563253598464
2023-06-06,1.149887571435035,0.9827754763132094,1.2827512552187892
2023-06-07,1.1510512502732215,0.9825043649779335,1.2822097577577651
2023-06-08,1.1507169007358038,0.9812571792040635,1.2825412585551585
2023-06-09,1.1508286745674974,0.9810241592636474,1.282484142452429
2023-06-12,1.1509224711748498,0.980481627214518,1.2824811221019385
2023-06-13,1.1522029849468145,0.9807832784321314,1.2826404925940857
2023-06-14,1.1521396847902647,0.9802109549067826,1.282931228828788
2023-06-15,1.1522293276066629,0.9806137032221334,1.2831541625558216
2023-06-16,1.1521932882034744,0.9806261939789813,1.283045066384082
2023-06-19,1.1521540125938567,0.9801198011190322,1.2832034510939125
2023-06-20,1.1526787227348687,0.9805284931184797,1.282602152077393
2023-06-21,1.1527754448134562,0.9801844745374526,1.2826352698425956
2023-06-22,1.1525641582944486,0.980005566550969,1.2827558202906706
2023-06-23,1.152426618172069,0.9800454803239146,1.2829159220113235
2023-06-26,1.1524837870590636,0.9805520658795267,1.2839133054880414
2023-06-27,1.1519585644371206,0.9806385107964423,1.2838624689216063
2023-06-28,1.1519325248911274,0.9805751371240953,1.2836361156023068
2023-06-29,1.1517155096731526,0.9805394313799243,1.283825486496459
2023-06-30,1.1516983837142796,0.9803468868000271,1.2836659986169263
2023-07-03,1.1505695293847091,0.9801139596682993,1.283446912510583
2023-07-04,1.1505221528672223,0.9801253845282625,1.282484517237815
2023-07-05,1.1509332337978548,0.9802048086432199,1.2831784001236688
2023-07-06,1.1503321324645293,0.9800667970639168,1.2822023855601297
2023-07-07,1.1501539216382053,0.9799992440012308,1.2819142140929556
2023-07-10,1.1503617279657654,0.9802972429483412,1.2822835057686355
2023-07-11,1.1502147676472132,0.9798448981695823,1.2822215580681717
2023-07-12,1.1501429198919708,0.9800661288620008,1.2824036904488219
2023-07-13,1.1498150670042444,0.9800416902937531,1.2825992528894774
2023-07-14,1.1501078818375867,0.9801703350823051,1.282454004394381
2023-07-17,1.1503691360802923,0.9806809279670677,1.2828673641408328
2023-07-18,1.150063047888258,0.9811455151908384,1.2824389630714228
2023-07-19,1.1499622592503496,0.9815707974034852,1.2823639543399838
2023-07-20,1.1500000173172906,0.9816345941230372,1.283365328620538
2023-07-21,1.1499148663059306,0.981622488008364,1.2824730656735295
2023-07-24,1.1497499186520472,0.9817163843586569,1.2823714931939225
2023-07-25,1.1498875176804666,0.9820821895918869,1.2824064661153474
2023-07-26,1.1497014683196236,0.9818725726680427,1.282169658246346
2023-07-27,1.1504280420663087,0.9819369761900035,1.2825326399276187
2023-07-28,1.150304470329064,0.9819667874432093,1.2826784416966512
2023-07-31,1.1503772625886441,0.981122591618616,1.2826678083051921
2023-08-01,1.1498197652268765,0.9811717988916976,1.2828931344425711
2023-08-02,1.149170321666226,0.9811211819377141,1.2828202779259121
2023-08-03,1.1495418402798325,0.9807809783940581,1.2826252500487199
2023-08-04,1.1489074434168263,0.9798093640524901,1.2833560059646156
2023-08-07,1.1486904639689643,0.9805158651373385,1.2832076813665043
2023-08-08,1.1485533849975182,0.9811404593829293,1.2834462028253388
2023-08-09,1.1487063228725554,0.9810307058378958,1.283402885168162
2023-08-10,1.1486029119475365,0.9810599036036897,1.2837971404150392
2023-08-11,1.1480761889161846,0.980400624540856,1.2844310631499238
2023-08-14,1.1490347734371922,0.9806061513411455,1.2841907143666655
2023-08-15,1.1488204134351596,0.9800746315142472,1.2845332792515916
2023-08-16,1.1493073237564995,0.9800734371678512,1.2844312829701356
2023-08-17,1.148429525318019,0.9800352706100218,1.2846926841254354
2023-08-18,1.1485807748192822,0.980151665143054,1.2841019050431022
2023-08-21,1.1489851349794342,0.9806188887058296,1.2841586989377012
2023-08-22,1.149199026335253,0.9803970505080527,1.284045687347853
2023-08-23,1.1483669490322606,0.9803125792365398,1.284420636469129
2023-08-24,1.1478731309143684,0.9800425675335295,1.2845310003024388
2023-08-25,1.1481069058095525,0.9796651983456195,1.2843428000262636
2023-08-28,1.1481233546553218,0.9792513170799586,1.2844708291860767
2023-08-29,1.147320883402587,0.9789430598406484,1.2844188792602544
2023-08-30,1.1473702708797915,0.9788394412684889,1.2839146192646578
2023-08-31,1.147087083768581,0.9789587609768666,1.2847324697990674
2023-09-01,1.1475367817311874,0.9788209684354108,1.284526651733252
2023-09-04,1.1474810637007735,0.9787469774348264,1.283774997297491
2023-09-05,1.1472436168661648,0.9791152538345401,1.2836238634848645
2023-09-06,1.1475708218594216,0.9785768353867551,1.2844727504730136
2023-09-07,1.1474981278612644,0.9787501889717684,1.2841030317905022
2023-09-08,1.1485738100988039,0.9787611740224018,1.2842601491334644
2023-09-11,1.1485447580620174,0.9794505284887626,1.284790657638854
2023-09-12,1.1489550352901505,0.9784252375641203,1.2848690886892522
2023-09-13,1.1483574554538722,0.97816914312546,1.2853569164350687
2023-09-14,1.1478721569226995,0.9786437817443532,1.2846882171429463
2023-09-15,1.148735097135066,0.9786985379306161,1.2847064660463
2023-09-18,1.1490276531801802,0.9781492868784116,1.2837851554113342
2023-09-19,1.148842838980399,0.9780802586829461,1.2844428726374886
2023-09-20,1.148377710534992,0.9778146882807647,1.2829802649147237
2023-09-21,1.1480533835840558,0.9775113595283587,1.2831363425191413
2023-09-22,1.1476681950624534,0.9775688740455204,1.2831191480534
2023-09-25,1.1478096346900497,0.9771051863942749,1.2835002493656065
2023-09-26,1.147612848365741,0.9769710609812294,1.2830617849890897
2023-09-27,1.1478020205448005,0.9763333690382078,1.2833819694387947
2023-09-28,1.1476394611306835,0.9757979346620548,1.2828000675301987
2023-09-29,1.1459513867745241,0.9761504232242041,1.283650146170298
2023-10-02,1.1458629600214334,0.9765947572016108,1.2834428116180046
2023-10-03,1.1454980496607254,0.9759819765233851,1.2820988389371635
2023-10-04,1.1449094770205608,0.9761356413158719,1.2829771553347484
2023-10-05,1.1390007107650382,0.9765591029972183,1.2826255239884332
2023-10-06,1.1387941116399982,0.9761580573771926,1.2823868800534908
2023-10-09,1.1391379939286106,0.9757900209958844,1.282021166522834
2023-10-10,1.137885214305315,0.9755992739703642,1.2817235189805185
2023-10-11,1.1380738931853982,0.9754090304896517,1.2819683089902258
2023-10-12,1.1373670086031584,0.9761291259422286,1.2817819540287811
2023-10-13,1.1365422469541062,0.9760117948602344,1.2823698659518707
2023-10-16,1.1365882314762432,0.9763349336302302,1.2826080034225926
2023-10-17,1.1369253130510286,0.9762095131698542,1.282216667431742
2023-10-18,1.1382665475125744,0.9762135304303036,1.282402068448711
2023-10-19,1.1377783192284128,0.9763253422690089,1.2827161327697063
2023-10-20,1.135654731533106,0.9760001863246773,1.2824602940382548
2023-10-23,1.134910309356757,0.9760525025638396,1.2815285375155903
2023-10-24,1.1363766255373817,0.976317513529411,1.2815464778530123
2023-10-25,1.1366065151170464,0.9772233744142798,1.2817296191381946
2023-10-26,1.1389993543178318,0.9768379226992501,1.2820545963205698
2023-10-27,1.1403598924616454,0.9771873833169226,1.2821090711705165
2023-10-30,1.1402904902291204,0.976679884277407,1.2820629411062425
2023-10-31,1.1412522234942895,0.9763605695943994,1.2829390762824318
2023-11-01,1.1407753170894896,0.9765738766711644,1.2826686283353759
2023-11-03,1.1381747785527674,0.9767795450037872,1.2830481649521976
2023-11-06,1.1382764001079102,0.9768922174641973,1.2832461928453398
2023-11-07,1.137946239480997,0.9766553919151295,1.2833288986898268
2023-11-08,1.1381590313275087,0.9765526027470285,1.2849245518793497
2023-11-09,1.1384279481453212,0.9769653457683198,1.2839667829191852
2023-11-10,1.13908719025918,0.9768638883331567,1.2847552077342765
2023-11-13,1.1393180569127075,0.9768069479287659,1.2845560584929445
2023-11-14,1.1383606470607417,0.9775635874584193,1.2849047422185813
2023-11-15,1.138861967660835,0.9777044795637527,1.2844098152737955
2023-11-16,1.1389950305204608,0.9775043725499744,1.2842294134167174
2023-11-17,1.1392253065333595,0.9777273073858265,1.2844022593394577
2023-11-21,1.1405342812178865,0.9784112295279195,1.284628660554794
2023-11-22,1.1405355225856528,0.9785708987123383,1.2845713894791628
2023-11-23,1.1408808024200783,0.9780552642451907,1.284195885776046
2023-11-24,1.1411118005075016,0.9788851294806785,1.2841992350990017
2023-11-27,1.141143828062089,0.9782823432643991,1.2865798285120722
2023-11-28,1.1412483535038247,0.9785081613347371,1.2850530835078635
2023-11-29,1.1409073994292829,0.9788219772404101,1.2865616171061074
2023-11-30,1.1390281403404718,0.9781049028766146,1.2864726519532996
2023-12-01,1.1390997220188028,0.9781236239695295,1.2856955649909876
2023-12-04,1.1392298825805194,0.977551386202153,1.286157330186101
2023-12-05,1.139445634555054,0.9779713151669219,1.2860918630388403
2023-12-06,1.1399709803561708,0.9783495710929957,1.2854895084028974
2023-12-07,1.140053709516932,0.9781263049156158,1.2847463338247467
2023-12-08,1.1400338856048238,0.9777192188187304,1.2849415703485993
2023-12-11,1.1401421220317285,0.977257144819816,1.285004452806979
2023-12-13,1.1404869437285403,0.9765412824539637,1.2850611610925615
2023-12-14,1.1366958348310878,0.9767101671785332,1.285056522370955
2023-12-15,1.1366305010313464,0.9767304045346618,1.2856179065268134
2023-12-18,1.1373700077458184,0.9768320648623445,1.2856798364002242
2023-12-19,1.1383773390619736,0.9765317137565593,1.2855675084324822
2023-12-20,1.1379780164306705,0.9766796340069587,1.2853212055600487
2023-12-21,1.1376256901678787,0.9751888007110846,1.2855132953651494
2023-12-22,1.1375316214874172,0.9745087475122127,1.2857266157837337
2023-12-26,1.1372653067881995,0.9750907257874599,1.2855162170607126
2023-12-27,1.1378263068171446,0.9738271459898485,1.2858694851864236
2023-12-28,1.1381392207474181,0.9748350952884021,1.2851660384433583
2023-12-29,1.1381694633795159,0.9749921805132804,1.285263150415757
2024-01-02,1.1384845549611433,0.9743075705746206,1.284807066342473
2024-01-03,1.1369539297618971,0.9747429761854354,1.2851597887572805
2024-01-04,1.1364840416422974,0.9741733724553769,1.2850691260372749
2024-01-05,1.1359399578601357,0.9743205407023752,1.2855865632918737
2024-01-08,1.1350514998159684,0.9743552884850083,1.2853680031713512
2024-01-09,1.1347243754685303,0.971991528463285,1.2849036816333286
2024-01-10,1.1354493185909917,0.9721009068139382,1.2851455215046386
2024-01-11,1.1358879517952023,0.9719958872809923,1.2853651328158715
2024-01-12,1.1359813957819405,0.9721591418422966,1.2853354360860825
2024-01-15,1.1356144812225317,0.9713191327485462,1.285502455100755
2024-01-16,1.1350186937991493,0.9713893229256286,1.2858241412017517
2024-01-17,1.1344585767739483,0.9716676394462781,1.2854946001328598
2024-01-18,1.1348662076260965,0.9729621269736429,1.2858351549555145
2024-01-19,1.1353325725696721,0.9725136517107453,1.2857791791031272
2024-01-22,1.1354558632973706,0.9709017058027902,1.286185008186142
2024-01-23,1.1356399847809266,0.9738807167750946,1.2854305152545475
2024-01-24,1.1362379359456383,0.9715974472519711,1.2856955322771841
2024-01-25,1.1359351848299177,0.9721680829956345,1.285759423805841
2024-01-26,1.134637933659146,0.9737964356089518,1.2854660305352241
2024-01-29,1.1345829454215892,0.9735860695482674,1.285789124683627
2024-01-30,1.1343115525473906,0.9737086834683691,1.2856383817905694
2024-01-31,1.1369249802989927,0.974392832374079,1.2852393240500117
2024-02-01,1.136711472342241,0.9744046668863089,1.2852904485778656
2024-02-02,1.1375200648508395,0.9743053761108791,1.284832419862618
2024-02-06,1.1369900148938923,0.9749461296444889,1.284361074738359
2024-02-07,1.1371255168307328,0.9749986523130414,1.2854876674512588
2024-02-08,1.1344094990936189,0.9740869866654269,1.2858778999261764
2024-02-09,1.133613462974922,0.9719377732349159,1.2861452791229595
2024-02-12,1.1346220356170442,0.9720605651645476,1.2859818677211843
2024-02-13,1.1338024414136196,0.9741036988342932,1.2860593517649213
2024-02-14,1.1347540236670368,0.9743065374158244,1.2853466197931838
2024-02-15,1.1335371029684786,0.9731247008855876,1.2854046105080412
2024-02-16,1.1342099132568517,0.97267497773087,1.2859889509221651
2024-02-19,1.1345100193105249,0.9734993261878464,1.2857318616492561
2024-02-20,1.1348676037249223,0.9733163467102836,1.2854394559721134
2024-02-21,1.1349730165550251,0.9715607223532894,1.2854131832553228
2024-02-22,1.1348270097514974,0.9725530988010302,1.2852219469024888
2024-02-23,1.1352409608187748,0.9721275148648905,1.2850067268030787
2024-02-26,1.1352597215141933,0.9722689358416533,1.2855561221845668
2024-02-27,1.1352128590762436,0.9720882231702533,1.2857797515182718
2024-02-28,1.1345600165432925,0.9721423348159762,1.2858978836811092
2024-02-29,1.1350367722352956,0.9711845272091391,1.285973156131819
2024-03-01,1.1351356143236222,0.9709955198724145,1.2859489766700007
2024-03-04,1.1353765199446137,0.9713239915685632,1.286243738182437
2024-03-05,1.1352329854928982,0.970437960081936,1.287948077210446
2024-03-06,1.1354964090187338,0.9698487338366738,1.2875462739293675
2024-03-07,1.136003138054967,0.9706463490512361,1.2882305394252482
2024-03-08,1.1359920891375024,0.9699867154696692,1.2880926175544316
2024-03-11,1.1356854532378142,0.9702585906090005,1.2879181815981322
2024-03-12,1.1357855253156102,0.9695298245849144,1.287821055462756
2024-03-13,1.1358221930159658,0.9688806415526493,1.2883277129492785
2024-03-14,1.1364205310481372,0.9703199429625772,1.2881081275130541
2024-03-15,1.1361034495268512,0.9701302185513433,1.287462535714844
2024-03-19,1.1364392006296868,0.9702542873404604,1.2876270506504077
2024-03-20,1.1350211662252625,0.970112249012686,1.2872554654917328
2024-03-21,1.1340417067000308,0.9695162096552064,1.2867371199582471
2024-03-22,1.1337511511458105,0.9693003628364562,1.2865276995444506
2024-03-25,1.134405578883202,0.9695043242165833,1.286628519222864
2024-03-26,1.1345890229694335,0.9696984626447898,1.2863987321980905
2024-03-27,1.1349253787092761,0.9690847511250347,1.2866989538785956
2024-04-01,1.1346758130656096,0.9693291642859447,1.2866784858057398
2024-04-02,1.135122249223606,0.9690130675088453,1.2866702382982131
2024-04-03,1.1352278026221618,0.9691236990703699,1.2867345181656737
2024-04-04,1.1350804303049697,0.9691402828959972,1.2864860637415623
2024-04-05,1.1352426752102462,0.9689942847968244,1.2869241558192164
2024-04-08,1.1348865915781674,0.9692199177136622,1.2866208281557339
2024-04-09,1.1348385757302546,0.9690029998010837,1.2864753946958358
2024-04-10,1.1340785044076234,0.9693863605431596,1.2859865458331543
2024-04-11,1.1356513773610166,0.9686385010067572,1.285771105440344
2024-04-12,1.1357411042295413,0.9688951885739182,1.286092231662338
2024-04-15,1.13603316408256,0.9689325244181184,1.2867959601004615
2024-04-16,1.1361885229140676,0.9689088038298511,1.2862946672069
2024-04-17,1.1362143008926375,0.9686342934448295,1.2870641807531071
2024-04-18,1.1360805103695395,0.9683974179372427,1.2870957097645028
2024-04-19,1.1362130218278654,0.9690610916578827,1.2871374621372726
2024-04-22,1.1351249551585008,0.9690511211364365,1.2871894541360493
2024-04-23,1.1349750273771209,0.9690805222843817,1.288335296641886
2024-04-24,1.1356331556584602,0.9691483490435588,1.2879084185588212
2024-04-25,1.1364803127168635,0.969151367803895,1.287923723163501
2024-04-26,1.137347550211438,0.9688563126456177,1.287760746588304
2024-04-29,1.1370540880944138,0.9688188502139065,1.2876250389369546
2024-04-30,1.13692322097687,0.9688171657458424,1.2876270406145456
2024-05-02,1.1375387177725778,0.9676927825765134,1.2876584003933498
2024-05-03,1.1372225966423912,0.9684811243642145,1.2873527259131552
2024-05-06,1.137168767810163,0.9689317329370745,1.2878877601782455
2024-05-07,1.137222360091566,0.9690486945651868,1.2876838054494275
2024-05-08,1.1375340160253737,0.9685096977520956,1.2880697842183295
2024-05-09,1.1383308562313714,0.9684896686031916,1.2875701223822147
2024-05-10,1.139597571919574,0.9693610412067014,1.2877792587899137
2024-05-13,1.139923990553799,0.9680589333071226,1.2874421375854341
2024-05-14,1.1387032307418894,0.9670844049013446,1.2878413790441932
2024-05-15,1.1412660297096446,0.9682585546524476,1.28782228713662
2024-05-16,1.1415544140650373,0.9683496119571234,1.2875905618401422
2024-05-17,1.1409549068453593,0.9687960049333042,1.2880621863192723
2024-05-20,1.1413186899412457,0.9682673292541987,1.2882042613616467
2024-05-21,1.140068282909711,0.9694619751028274,1.2881634480855477
2024-05-22,1.139697409717973,0.969749411125391,1.2884819820090336
2024-05-23,1.1406137483498553,0.970015545052098,1.288502322301068
2024-05-24,1.1406059418257222,0.9695051309108014,1.288476469423355
2024-05-27,1.1407963954677627,0.9695367736762464,1.288331873596278
2024-05-28,1.1409503508651355,0.9707360109045103,1.2882237187335044
2024-05-29,1.1412166858675366,0.9711114813060331,1.2882028292765129
2024-05-30,1.1410159318875879,0.9709359472378833,1.2881045691906052
2024-05-31,1.1415583599641734,0.9705623462944395,1.288208507373764
2024-06-03,1.1248694159139683,0.9716831602875644,1.2881361124163822
2024-06-04,1.1218895304672523,0.9700632471738154,1.2889085428929685
2024-06-05,1.1195271317992386,0.9695077026512973,1.2889758789660188
2024-06-06,1.12040124926385,0.9698450213069776,1.288744739549799
2024-06-07,1.1176296185246617,0.9710190060264852,1.288733886140719
2024-06-10,1.1180837902286587,0.9695263854300312,1.2888742721681699
2024-06-11,1.1180378738105343,0.9694136817886018,1.2887426046637638
2024-06-12,1.1177650412536682,0.9696329985067108,1.2890869124145012
2024-06-13,1.1173922123659974,0.9694267744045697,1.2890717022814027
2024-06-14,1.1174119807817853,0.9694680671511189,1.289187306775612
2024-06-17,1.1172547582577448,0.9696147779642349,1.2890849781451825
2024-06-18,1.1155745805734893,0.9695540225441295,1.2890592801517238
2024-06-19,1.1153571311932813,0.9693932629430556,1.2891546103311944
2024-06-20,1.1155089614922633,0.9688549157243418,1.2895516186022287
2024-06-21,1.1159170786719261,0.9690470403658068,1.2898480453137722
2024-06-24,1.1163794777264218,0.9692875588091036,1.2900104482253572
2024-06-25,1.1160670405406863,0.9673343226052785,1.290773527928053
2024-06-26,1.1175402939168586,0.967282773637021,1.2904726445312749
2024-06-27,1.1180703915379044,0.9671047781778404,1.2896863701627177
2024-06-28,1.1172321720299725,0.9670217160814955,1.2900113983637405
2024-07-01,1.1171479131787896,0.9669278219634729,1.2901601899629271
2024-07-02,1.1157773059318554,0.9671036119300327,1.2896628366762057
2024-07-03,1.11565657027646,0.9671099720974159,1.289896667055994
2024-07-04,1.1156806025272608,0.9671837518454023,1.2890918676822019
2024-07-05,1.115542523747004,0.9676146125424052,1.2890728601126578
2024-07-08,1.1149209621357095,0.9677426239368729,1.2891249095545414
2024-07-09,1.1148735998019799,0.9675960304076393,1.2893481366699064
2024-07-10,1.1149577044553443,0.9677456696277823,1.2899946413235222
2024-07-11,1.116013171078826,0.9673814334819221,1.2890353274949287
2024-07-12,1.115344931817305,0.9674695358865796,1.2888061083988513
2024-07-15,1.1148540881466047,0.9677769326370281,1.2907977436567637
2024-07-16,1.1145949928333827,0.9674949010339773,1.2899359044124818
2024-07-17,1.1143088983614289,0.9675840340143138,1.2895888676048453
2024-07-18,1.114415189013258,0.9677058426602385,1.2896066603170429
2024-07-19,1.1149798323982119,0.9675875764831636,1.2896743523866556
2024-07-22,1.114797396375038,0.9680227907790108,1.2905058272316299
2024-07-23,1.1151326457005752,0.9682934770505831,1.290399093085934
2024-07-24,1.1155924719454815,0.9683626808861483,1.2910339390276926
2024-07-25,1.1163666170562647,0.9678237061974252,1.2908369021962935
2024-07-26,1.11697133768438,0.9687084944826044,1.2913674759910163
2024-07-29,1.1173505089572677,0.968882617127791,1.2910758339547928
2024-07-30,1.118526941595229,0.9682860593398557,1.291195932661493
2024-07-31,1.1171888827365504,0.9687593872992127,1.2910038013148657
2024-08-01,1.1164872826776933,0.9680548528391317,1.2913050831663786
2024-08-02,1.1158523675228946,0.9679436546316549,1.2906171252036196
2024-08-05,1.115090326803676,0.9680554753414714,1.2901420909940151
2024-08-06,1.11483974277674,0.9677179483724809,1.290426630638003
2024-08-07,1.1147916595000729,0.9674133707784985,1.2906384559212978
2024-08-08,1.1154542212647613,0.9669801246623206,1.2911030727903776
2024-08-09,1.1160442088711628,0.9676950901505167,1.2908576284455917
2024-08-12,1.1167581777329243,0.96727420411983,1.290821563745472
2024-08-13,1.1158075762960906,0.9678461214054851,1.2916626689935249
2024-08-14,1.115501503056324,0.9675070572924881,1.2915195193795703
2024-08-15,1.1149530257402722,0.9663691433832321,1.2915806496357718
2024-08-16,1.1148790332821228,0.966758402588073,1.2912764517366964
2024-08-19,1.1145880270278203,0.9664648061960749,1.2908921235095896
2024-08-20,1.115588612035267,0.9664170625892425,1.2908386125441478
2024-08-21,1.1160430606545346,0.9658318157088545,1.290777519794485
2024-08-22,1.1171685821369552,0.9666880205120445,1.291397770845246
2024-08-23,1.1175297414377916,0.9662636425071505,1.2908762967916312
2024-08-26,1.117872808479321,0.9658776061106198,1.2911992950668334
2024-08-27,1.1175508378269285,0.9658435962983631,1.289895497687625
2024-08-28,1.1168809405898958,0.9657315307637628,1.2903223061873272
2024-08-29,1.1169714615147246,0.9657286320004967,1.2898726065469333
2024-08-30,1.1180411609107548,0.9661904639255096,1.2896593911417007
2024-09-02,1.118131302393411,0.966392273273951,1.2892678072070065
2024-09-03,1.1167859862557883,0.9663204854889904,1.2896019624006727
2024-09-04,1.117102691535829,0.9662860397772265,1.2892046440792968
2024-09-05,1.1173239651672946,0.9662680095289293,1.2896420341805115
2024-09-06,1.1169208824986574,0.9662410904764112,1.289560011153262
2024-09-09,1.1168296537193654,0.9658014040785796,1.2893749285824103
2024-09-10,1.1170394989958934,0.9659693520545204,1.2895925591504933
2024-09-11,1.117158372951498,0.9654879304666434,1.2903466631705598
2024-09-12,1.1175627491140658,0.9660953411969813,1.2903837271461214
2024-09-13,1.1172216412448677,0.966479057868676,1.2913699708561652
2024-09-17,1.117373376810102,0.9658111571251468,1.2919794987741564
2024-09-18,1.1172233440141053,0.966304628636538,1.291625512993787
2024-09-19,1.117667313463198,0.9651987048884902,1.2917309903260028
2024-09-20,1.1166420024261952,0.965886776712028,1.2915519939609723
2024-09-23,1.117400355432912,0.9659460777110072,1.290657677236207
2024-09-24,1.1150106995670837,0.966344890034709,1.2915384957881455
2024-09-25,1.1137307722088343,0.966199976211043,1.2910863879765244
2024-09-26,1.1128009727950658,0.9655395080615996,1.2908836503798449
2024-09-27,1.1131546332090163,0.965839285256882,1.2908641324712662
2024-09-30,1.1133721320717376,0.9660346820976047,1.290080243134754
2024-10-02,1.1141907995328335,0.9657169845073447,1.290687569204757
2024-10-03,1.114885097015748,0.965322211715894,1.2904498989203124
2024-10-04,1.113186500353241,0.9655024288805282,1.2902911951820277
2024-10-07,1.1128887466465853,0.9660324384617285,1.2902058424517902
2024-10-08,1.1127425743711903,0.9661105755690158,1.2902183125610556
2024-10-09,1.1135398128418779,0.9660667059027125,1.2910083019521184
2024-10-10,1.1153274015537284,0.966043270918358,1.2914781621637377
2024-10-11,1.1154701649487586,0.9658903495562916,1.2918295086716014
2024-10-14,1.1158596857218244,0.9659761761426623,1.2917956370471975
2024-10-15,1.1156591561255655,0.9655999663809107,1.2916392133914423
2024-10-16,1.1159714054691714,0.9656573229466755,1.29183533112867
2024-10-17,1.1161458054384206,0.9659487804720511,1.291195907848813
2024-10-18,1.1155196801780232,0.9658563665197107,1.2917594482432244
2024-10-21,1.11501685360398,0.9657395676842485,1.291929308660325
2024-10-22,1.1147296299543041,0.9658173171801147,1.2920337896171419
2024-10-23,1.1153452571998432,0.9663353985470902,1.2918471932148505
2024-10-24,1.1148541215032126,0.966250580380952,1.291083251585441
2024-10-25,1.115339557382201,0.9661365877269303,1.2904325188501382
2024-10-28,1.1161919497046084,0.9657452772329603,1.2904543754549649
2024-10-29,1.1170309630322086,0.9654175226178066,1.2904274189601317
2024-10-30,1.116850463202936,0.964202532309848,1.2908121390454739
2024-10-31,1.117740884077573,0.9640223647636723,1.2906353002216568
2024-11-01,1.1179782267422407,0.9647465500465865,1.2910418890813395
2024-11-04,1.117663545616231,0.9645503678487133,1.2921481998750657
2024-11-05,1.11788673043542,0.9647947948804675,1.2927749920660667
2024-11-06,1.1177752779831658,0.9653166109890768,1.2926662706232435
2024-11-07,1.1171219604447626,0.9657237309049195,1.2926015185462447
2024-11-08,1.1171402114721194,0.965190670543578,1.2930310413916855
2024-11-11,1.1175260044909439,0.9646509829855372,1.2922019874961677
2024-11-12,1.1165474417827281,0.9641069063127993,1.2915761083106516
2024-11-13,1.1164355324908612,0.9637172937197248,1.2922720359746593
2024-11-14,1.1165194307481645,0.9639239247814054,1.2924925274438532
2024-11-15,1.1171401371193574,0.9642404438955766,1.2923812261964305
2024-11-19,1.1175507989192823,0.9629128673997842,1.292382418049143
2024-11-20,1.1182650262546867,0.9626588577835878,1.2930850939377718
2024-11-21,1.1183014633219182,0.9630861921406816,1.293426181535408
2024-11-22,1.1182663358373481,0.9630731053856232,1.2932987544429657
2024-11-25,1.1205965415610237,0.963402477749067,1.2937647612484402
2024-11-26,1.1200667467861989,0.963276053656652,1.2934754618620392
2024-11-27,1.1213763894027626,0.9628693018693987,1.292268314506866
2024-11-28,1.1215145851007609,0.9627707316448217,1.292201888946236
2024-11-29,1.1221161693864645,0.962968925103491,1.2920183497840634
2024-12-02,1.1232393233225584,0.9629580042040089,1.29231968777217
2024-12-03,1.1237042639423864,0.9634037939596348,1.292061559086145
2024-12-04,1.1252538940473609,0.9636955580111374,1.2917390409220795
2024-12-05,1.1251769712688955,0.9635554942422643,1.2922097182957837
2024-12-06,1.1254344676118324,0.9634615848453271,1.2929587849738045
2024-12-09,1.1247029098176013,0.9638027452750981,1.2919453942938184
2024-12-10,1.1248488352604666,0.9635974091104887,1.293605759376762
2024-12-11,1.1249462998457216,0.9633958370037222,1.2933788275258513
2024-12-13,1.1255443083503491,0.9627329426097847,1.2935462517019138
2024-12-16,1.1253908475233116,0.9623182674790158,1.2932654313302623
2024-12-17,1.125897965405769,0.961552387157694,1.293206320614507
2024-12-18,1.125231101683069,0.9621904135533552,1.2929843857346077
2024-12-19,1.1249386566096318,0.9615212415894224,1.2926435558395442
2024-12-20,1.1252569844678004,0.9619140115510686,1.293198889647201
2024-12-23,1.125562732759557,0.9616547958563064,1.2937570867370969
2024-12-24,1.1256308186161275,0.9612505283722138,1.2935207279726477
2024-12-26,1.1253195042097304,0.9613260690255611,1.2954504186117746
2024-12-27,1.1253074365560578,0.9614350987334715,1.2960711995742455
2024-12-30,1.1253181578553935,0.9609270084327861,1.2964115482458398
2024-12-31,1.12409091030828,0.9608926585424948,1.296134918104466
2025-01-02,1.124941851395398,0.9591449912400057,1.2959866095241357
2025-01-03,1.1247949545537657,0.9590576860923282,1.2945950170726532
2025-01-06,1.1248325898744203,0.9597485663926854,1.2942840403092413
2025-01-07,1.124950250509537,0.9599285806925699,1.29396916336253
2025-01-08,1.1250728424783243,0.9602701053938363,1.2937796063189526
2025-01-09,1.124728393831199,0.9604117331643938,1.2932525086952784
2025-01-10,1.1245402190222347,0.960200689344533,1.2942157804928947
2025-01-13,1.1242541205778087,0.9605267085588587,1.2945303249224913
2025-01-14,1.125364043625613,0.9603638902052887,1.2939804005947044
2025-01-15,1.126112382311937,0.9597325846259961,1.2941275297777195
2025-01-16,1.125820984478303,0.960252008815719,1.2945982771746092
2025-01-17,1.1261677397969032,0.9602790270898283,1.294393720045469
2025-01-20,1.1258129621487283,0.9603379218970729,1.2948387510990844
2025-01-21,1.1267162983384502,0.9597230604114484,1.2951842440713999
2025-01-22,1.1251782349125012,0.959485167210901,1.2960852342422065
2025-01-23,1.1246328835243353,0.9600482314189929,1.2974120710255892
2025-01-24,1.125393513346589,0.9594498022744913,1.2968515946904617
2025-01-27,1.1255529342469113,0.9596082173629042,1.2957768009420663
2025-01-28,1.1256226492377035,0.9598881121782471,1.2951407156499042
2025-01-29,1.1261423694002193,0.959637198799441,1.2950495159484656
2025-01-30,1.125439359752541,0.9569794557243634,1.295607300974665
2025-01-31,1.1257067600927069,0.957108452757397,1.295932514237228
2025-02-04,1.1251542765209552,0.9568750898619636,1.2963774067229212
2025-02-05,1.1261808272950407,0.9584239014825116,1.296003369635631
2025-02-06,1.1265324914681134,0.9578613359275735,1.2959883946787907
2025-02-07,1.1261958622261894,0.9579072794535497,1.2959149679047117
2025-02-10,1.1265769686923666,0.9580490878397567,1.2961116575316558
2025-02-11,1.1263157989524246,0.9576354358192152,1.296163171016433
2025-02-12,1.126191219884297,0.9575303124380914,1.2966555414102952
2025-02-13,1.1261982221573308,0.957688808086741,1.2969814047957273
2025-02-14,1.1262634469927502,0.9574660462161126,1.296730266383606
2025-02-17,1.1248576287983523,0.9574782324551603,1.2960273114710088
2025-02-18,1.124665070671841,0.9577530478806733,1.2961705934438852
2025-02-19,1.1256890010868434,0.9579510196155328,1.2960135393612473
2025-02-20,1.1258417623577235,0.9579453514846616,1.296469304478219
2025-02-21,1.125351194394945,0.9574400061455699,1.296413497629584
2025-02-24,1.1255773396212287,0.9577891562825921,1.2966717150248661
2025-02-25,1.124737916504642,0.9580941255340395,1.2969406532743746
2025-02-26,1.1247236371341514,0.9574469874013944,1.297094684590534
2025-02-27,1.1247899445422682,0.9575768526427163,1.2972874395363676
2025-02-28,1.1256457333901833,0.9575849966975248,1.2969729063342705
2025-03-03,1.1257645351051475,0.9583010024092075,1.2962050835789578
2025-03-04,1.1253883042719734,0.9581726051759167,1.2956783416133597
2025-03-05,1.1275901365802015,0.9570564693974468,1.2964857802345608
2025-03-06,1.1276569190845729,0.9573151084655827,1.2955822533162307
2025-03-07,1.1278302305634478,0.9576374668510413,1.29564694411243
2025-03-10,1.1264938973523366,0.9576733251198193,1.2951706297203796
2025-03-11,1.1268475519986632,0.957677283682061,1.295396241116484
2025-03-12,1.1271545165905033,0.9565668423440433,1.2953200061696852
2025-03-13,1.1273037632405798,0.9566188362344216,1.2956651345521573
2025-03-14,1.1273503118465367,0.9563868312531786,1.2954544279797306
2025-03-18,1.127066261814031,0.9559388507284727,1.2955869022301378
2025-03-19,1.12734807391058,0.9562771993659244,1.2954495120528726
2025-03-20,1.127546811860512,0.9556811907637675,1.29444408025288
2025-03-21,1.127565671795175,0.9531561729625522,1.2945714883342774
2025-03-24,1.1275140674822672,0.9535051782705116,1.2946106295943887
2025-03-25,1.1273925532998312,0.9543813810615174,1.2945898136434468
2025-03-26,1.1277310743745705,0.953279797499429,1.2948502130650834
2025-03-27,1.1282568211854045,0.9534637550103787,1.2949311776559136
2025-03-28,1.1276664143192425,0.9533411103011794,1.295487974988144
2025-03-31,1.1286170367497494,0.9532746544223518,1.295071850067831
2025-04-01,1.128161164351379,0.9542210409142151,1.2958960903651262
2025-04-02,1.1279281193479442,0.954252675418727,1.2963718781081803
2025-04-03,1.1262891131796542,0.9549048155026743,1.296361790394761
2025-04-04,1.117047017748037,0.9544010999830339,1.29567667234007
2025-04-07,1.1153852773888604,0.9544164002826342,1.2966578937988864
2025-04-08,1.1153077296968643,0.9545154054086283,1.2968290612212572
2025-04-09,1.108300126170218,0.9547609732384323,1.296307347658196
2025-04-10,1.1063619236086433,0.9541031584820734,1.2960083386884989
2025-04-11,1.1064138858207302,0.9544687595743547,1.2968147650375854
2025-04-14,1.106337876267469,0.9540333125380228,1.2966186825648545
2025-04-15,1.1066649620164082,0.9539565174578284,1.2958435871833036
2025-04-16,1.1069835756906454,0.9540500181950227,1.296048698734108
2025-04-21,1.1073564539976355,0.9542031583316558,1.2968724857025244
2025-04-22,1.106920097483237,0.9543646548391892,1.297271326561297
2025-04-23,1.1051616882496156,0.9544240289734458,1.2976146758194793
2025-04-24,1.1045720210075065,0.9546192356441163,1.297537062865596
2025-04-25,1.104694708760535,0.953104324748034,1.297526815803265
2025-04-28,1.104756658527394,0.9543339199616601,1.296733287846528
2025-04-29,1.1015614185843394,0.9536862096958658,1.297176507188153
2025-04-30,1.1018775131805167,0.9541677226430794,1.2973377216642104
2025-05-02,1.1012448858364567,0.9541937546250031,1.297317894412555
2025-05-05,1.1013124078534946,0.953644135617901,1.2977154159308308
2025-05-06,1.098893509742676,0.9540394421579584,1.2975969183136606
2025-05-07,1.1000258980351298,0.9538777191296868,1.2977674313098226
2025-05-08,1.0991581812446412,0.9539171891292205,1.2974290948296419
2025-05-09,1.099785685114629,0.9537452082164111,1.2981867555316735
2025-05-12,1.0999408185415096,0.9540503381252676,1.2987927895874398
2025-05-13,1.1002341981615342,0.9535648566677554,1.2988715045655133
2025-05-14,1.100404369618922,0.9523953593425956,1.298243661358365
2025-05-15,1.1006110379088423,0.9525677639124034,1.2980143509974802
2025-05-16,1.1008441906957596,0.9523450089193342,1.2985676355373952
2025-05-19,1.1007846573777145,0.9520658727301814,1.2986786708452904
2025-05-20,1.1010660878590832,0.9523166383279253,1.2988023699935296
2025-05-21,1.101239117498287,0.9526234859381566,1.2987463714813712
2025-05-22,1.101396696498832,0.9522734364382035,1.2987538633622464
2025-05-23,1.1015524066359998,0.952177339393583,1.2984567330045145
2025-05-26,1.1020169249363452,0.9516739145206545,1.2980218517660669
2025-05-27,1.1024244334589082,0.9510822318564622,1.2976124983561335
2025-05-28,1.102636138313437,0.9508545997609721,1.297955927447385
2025-05-29,1.102713717618403,0.9506589779095956,1.298382917324648
2025-05-30,1.102409210489081,0.9514039994710248,1.2983902196703339
2025-06-02,1.1024543342418145,0.9505057048113066,1.2982315057321934
2025-06-03,1.103310154305289,0.9509835066770962,1.2979384971002916
2025-06-04,1.1032812318268308,0.9516488810710296,1.2986427560593956
2025-06-05,1.103076221553945,0.9512592260383003,1.2981704158681149
2025-06-06,1.1041825806134076,0.9513928951233644,1.2981949630492282
2025-06-09,1.1040855045607723,0.9515210142828298,1.297988700945921
2025-06-10,1.1042273832366034,0.9518624060235746,1.2984421914775657
2025-06-11,1.1044107968850825,0.9520965150938091,1.2981873210233639
2025-06-12,1.1045170131412707,0.9517912078291465,1.2981245634016056
2025-06-13,1.1048078426196308,0.9521108789972544,1.2976492885061763
2025-06-16,1.1051862686458032,0.9517430039741215,1.2976382005761646
2025-06-17,1.1049373797916782,0.9488372965264371,1.2978449291753593
2025-06-18,1.1051120182668304,0.9487747413099636,1.298657869526173
2025-06-19,1.105283469492392,0.9485391769208983,1.2986411694867221
2025-06-20,1.1057758658682972,0.948959107919004,1.298688591853196
2025-06-23,1.1057396133977253,0.9489738423096092,1.298460348202739
2025-06-24,1.1053919914185537,0.9486312353780023,1.2986595335172264
2025-06-25,1.1059051583387824,0.9486220044116555,1.299686419763087
2025-06-26,1.1060587980665724,0.9484216209903104,1.2992768589726795
2025-06-27,1.1060262404834604,0.9488531967799589,1.2991244967233726
2025-06-30,1.1062830937043198,0.947740543838247,1.2993058438326706
2025-07-01,1.1059458813119387,0.9484190423723593,1.2999541776018886
2025-07-02,1.106858745500765,0.9484482909263885,1.2996205111711074
2025-07-03,1.1077366934855288,0.9483403075968717,1.3013743082383191
2025-07-04,1.1073993629943026,0.9495214013333594,1.3006197303687113
2025-07-07,1.1080141295558208,0.9489797718469473,1.3004279304157162
2025-07-08,1.1080035087752644,0.946980499360518,1.3015704596335862
2025-07-09,1.1089974654077135,0.946898384858011,1.3015721865868877
2025-07-10,1.1102797848990027,0.9468099817693,1.3011535282432956
2025-07-11,1.1105680982708204,0.9468759509828745,1.3002087567745775
2025-07-14,1.1105432527335606,0.9467056140830475,1.2997832003474308
2025-07-15,1.1106516378695297,0.9470945304622757,1.2996953819782742
2025-07-16,1.111071572724026,0.9473644220139836,1.2994744971387382
2025-07-17,1.1112197541417768,0.9476194018291832,1.3000461605885532
2025-07-18,1.1117238524186228,0.9478499471769443,1.300733810715973
2025-07-21,1.1119732213426083,0.9483583020697363,1.3003839128831844
2025-07-22,1.1120269508043488,0.9486690802191212,1.3000777629527513
2025-07-23,1.1115654348648416,0.9493869496059155,1.300156183467543
2025-07-24,1.1121419031744832,0.9494065493210647,1.300268747027732
2025-07-25,1.112519454001243,0.9492729424507677,1.3002548642752547
2025-07-28,1.1134053051277368,0.948275675657354,1.3002588605613905
2025-07-29,1.1135533321580753,0.9479650718173773,1.300873044494597
2025-07-30,1.1150311179466887,0.9477558834198012,1.300789570499586
2025-07-31,1.115161888133125,0.9472518958874284,1.300657876766857
2025-08-01,1.1154887891414362,0.9469032630784144,1.3009055706146706
2025-08-04,1.1138109370693177,0.9468327217863483,1.3007772979971655
2025-08-05,1.1132407090711516,0.9469689003176149,1.300847736010154
2025-08-06,1.1131870553817296,0.9475887280203112,1.301458085045932
2025-08-07,1.1127003761357417,0.9476262958350771,1.3016443647088467
2025-08-08,1.1124753103318945,0.9477217574801139,1.3011755258888478
2025-08-11,1.11206180637578,0.9474653386323445,1.301664732689357
2025-08-12,1.1122391369392997,0.9472701394303517,1.3013783680508042
2025-08-13,1.1121591629451835,0.9472010516981764,1.3022834239354117
2025-08-14,1.112295866131175,0.947254887377141,1.3024628952739112
2025-08-15,1.1125618734318126,0.9472662819691169,1.3022214319914631
2025-08-18,1.1123080907732765,0.9478975692665256,1.3023339251211434
2025-08-19,1.111881771061776,0.9482888369062059,1.302647402276609
2025-08-20,1.1119878788805635,0.947919060251546,1.3023475801470066
2025-08-21,1.1130135149346871,0.9479895645446744,1.302472495062307
2025-08-22,1.113060519889833,0.9480558619780763,1.3021734994933134
2025-08-25,1.1128997199902604,0.9486463240507399,1.3026303623777098
2025-08-26,1.1134726522073033,0.948003110832847,1.3035278818519525
2025-08-27,1.1131310925394915,0.9490210065708671,1.3037949341192958
2025-08-28,1.1129265644713755,0.9485464581463219,1.3028551925249936
2025-08-29,1.112801962403174,0.9483142585468453,1.3030780681977165
2025-09-01,1.1142277575979898,0.9479747577859599,1.3031029840394048
2025-09-02,1.1138228288466732,0.9491607469022862,1.3029823087832393
2025-09-03,1.113967781256962,0.9483343813674412,1.302792636369964
2025-09-04,1.1142167672929095,0.9471396927904719,1.3026211707210325
2025-09-05,1.1193165350567573,0.9468287131210897,1.3030535133183532
2025-09-08,1.1195334668147883,0.9475098455658058,1.3027732558701401
2025-09-09,1.1190959918480725,0.9457244528355484,1.3023421301738858
2025-09-10,1.120973572131232,0.9458749031743995,1.3014993014003948
2025-09-11,1.1200089234173238,0.945030236874584,1.301434018289424
2025-09-12,1.1203544615343306,0.9444210683459777,1.3018900328817737
2025-09-15,1.1203719257773432,0.9443106349743642,1.3008871415458523
2025-09-17,1.1205408094541498,0.9441601049109055,1.3009961601144493
2025-09-18,1.1203028023070256,0.9437896569041616,1.3013800008864378
2025-09-19,1.120949075974718,0.943864256937557,1.301103230047549
2025-09-22,1.1208021277140243,0.9439969854882734,1.3006335287587447
2025-09-23,1.1209692120359338,0.9433958768429186,1.3005946109656428
2025-09-24,1.120474432445914,0.9443768358509601,1.301030968347802
2025-09-25,1.1200029217484124,0.9445159116052295,1.3009062345248392
2025-09-26,1.120680869829438,0.9466877554692594,1.3003698292720003
2025-09-29,1.1197200096126343,0.946651418617558,1.3005076274738951
2025-09-30,1.119766291630125,0.9458754513541181,1.3002767313589767
2025-10-01,1.118695108701834,0.9459262860300519,1.3002372613514037
2025-10-02,1.117765176249234,0.9437467127534681,1.3000026279502765
2025-10-03,1.1172205313807877,0.9443319521244827,1.2999812148066179
2025-10-06,1.1205812917906195,0.9437349605040852,1.300328215256376
2025-10-07,1.1208991192982414,0.9440895001799597,1.3004844379382627
2025-10-08,1.1207759195899465,0.9439087149752152,1.300315406529124
2025-10-09,1.1204637785174898,0.9441860532337194,1.300468854903487
2025-10-10,1.1200593730759014,0.9446363035026101,1.3002099380202712
2025-10-13,1.1199875921129685,0.944552427215699,1.3003225391476338
2025-10-14,1.1194754011283288,0.9444899977311336,1.300333285517082
2025-10-15,1.1215557682656587,0.9442437193711619,1.3007345545079698
2025-10-16,1.1211896414034939,0.9446519606945599,1.3002810745031619
2025-10-17,1.1202056176835806,0.9447500791674014,1.300470506922753
2025-10-20,1.1201829796445542,0.9441965819385935,1.3005278287941395
2025-10-21,1.12013193377957,0.9445340049859207,1.3008156939344946
2025-10-22,1.120615360984735,0.9443931565954967,1.30105481621406
2025-10-23,1.120326506093174,0.9433199304295632,1.3006077411952783
2025-10-24,1.1206401275374658,0.9432552202627458,1.3007398769471559
2025-10-27,1.119903347757789,0.94366313665282,1.300165864254789
2025-10-28,1.1190853365839442,0.9438133964458749,1.30001794999138
2025-10-29,1.1191386097085452,0.9442340060321083,1.299663193959362
2025-10-30,1.11957151170583,0.9437816946742257,1.2999075114753946
2025-10-31,1.119158767646709,0.9444303815766831,1.2997151762513055
2025-11-03,1.1188083404196432,0.9443363678119708,1.2992869395817022
2025-11-04,1.118892778640295,0.9441566391705789,1.2994170906269442
2025-11-05,1.1189026080848872,0.9444125513671953,1.2993896975900752
2025-11-06,1.1186836479652564,0.9456791631857385,1.2995216221811425
2025-11-07,1.1185880260498864,0.9456988631668336,1.2997089937425412
2025-11-10,1.1181710497756532,0.9445202941210444,1.3001168335002482
2025-11-11,1.1173318239872914,0.9447744413112833,1.2998760311872928
2025-11-12,1.1230304060612855,0.9425547371594165,1.3000195997846338
2025-11-13,1.1224924624561723,0.9434313908864861,1.300465455464098
2025-11-14,1.122720362480971,0.9426717742504709,1.3006308599220566
2025-11-18,1.1223594467056472,0.9414803610963888,1.300676394823371
2025-11-19,1.1229397978418905,0.9416586039718043,1.3005007245146436
2025-11-20,1.1235845206935167,0.9411565819062452,1.3008408153511344
2025-11-21,1.1236374824641853,0.9408484989548975,1.301070763883871
2025-11-24,1.1239483205878482,0.9418958175719347,1.3008424135547731
2025-11-25,1.1236441630503828,0.9420715888812348,1.3002425346169153
2025-11-26,1.1237676613665422,0.9426621720937096,1.301209249334436
2025-11-27,1.123431449337093,0.9422822531306169,1.300891064828016
2025-11-28,1.1238880208441158,0.9426965234279846,1.3001863477162314
2025-12-01,1.1252754070812994,0.9426906084174191,1.301076028554015
2025-12-02,1.1260882459753407,0.9426754275934327,1.3004393848368443
2025-12-03,1.1272088436738246,0.9419157726060743,1.3008714843838713
2025-12-04,1.1274350929299097,0.9420448012903965,1.3011978027522084
2025-12-05,1.1286229607560032,0.9419359356271382,1.301497210720405
2025-12-08,1.1288505203695791,0.9419675658240796,1.3016624850318446
2025-12-09,1.1288731937809857,0.9412193369103234,1.3015620970244413
2025-12-10,1.1291409017805518,0.9409489863822735,1.300829248523306
2025-12-11,1.1280233697233648,0.9418905584112459,1.3016552149330538
2025-12-15,1.1284198907325858,0.9420612411119594,1.3020547593442005
2025-12-16,1.1282336844530536,0.9417563389753464,1.301170310697309
2025-12-17,1.1277669836310735,0.9422307601669059,1.3020332274886357
2025-12-18,1.1274970518728396,0.9421008858410965,1.3019954694938476
2025-12-19,1.1290611941799655,0.9411684851184524,1.3023241390450597
2025-12-22,1.1291883762736492,0.9409094001886027,1.3021152863619496
2025-12-23,1.1287742585978071,0.9403435315493034,1.3017383611543603
2025-12-24,1.1288511463591024,0.9411876250716661,1.3015702850773054
2025-12-26,1.1290036781196646,0.941394717726392,1.3005914957962263
2025-12-29,1.129033318955491,0.9412469911403236,1.3001875289928058
2025-12-30,1.1283533031469986,0.9411554702449432,1.3014166604708293
2025-12-31,1.1280717044070823,0.9407821973380198,1.3016019365945328
