Date,NTL,CI_low,CI_high
2017-09-18,0.7422049028006751,0.7422049028006751,0.7422049028006751
2017-09-19,0.7423493762668693,0.7417525223636182,0.7425860611748811
2017-09-20,0.7422455006321335,0.7415747621564565,0.7427897783437547
2017-09-21,0.7423014442803453,0.7413846974947269,0.7429052290398667
2017-09-22,0.7424005869967533,0.7412409646338288,0.7430451692591465
2017-09-25,0.7425792499530643,0.7411187765605903,0.7431297560645067
2017-09-26,0.7426761860954398,0.7409984035452063,0.7432272167035551
2017-09-27,0.7427358588430909,0.7409097082748047,0.7433319921433204
2017-09-28,0.7426243654383904,0.7408051027723253,0.7434045361057682
2017-09-29,0.7424372808883848,0.7406205128392258,0.743496278664951
2017-10-02,0.7426935449231429,0.7405559952828836,0.7436407539693171
2017-10-03,0.7430851262441194,0.7405184578622622,0.7437378863386376
2017-10-04,0.7434752118835842,0.7404087765068342,0.7438232133165227
2017-10-05,0.7434453682429593,0.7402350847430086,0.7438723797139433
2017-10-06,0.7433374347719265,0.7402117678023318,0.7439240016497318
2017-10-09,0.7433058191290227,0.7401719950665838,0.7439076823919715
2017-10-10,0.743406756825792,0.740095491177619,0.7440030588903219
2017-10-11,0.7432181107895742,0.7400133578157574,0.7440347709616102
2017-10-12,0.7431461014904004,0.7399822364243372,0.7441833557317911
2017-10-13,0.7433225299386115,0.7399093513734802,0.7441896811455067
2017-10-16,0.7433399428122602,0.7398588056181674,0.7442522799209907
2017-10-17,0.7433986927868603,0.7397262415589968,0.7443414164353354
2017-10-18,0.7437039999305807,0.7396395762699068,0.7444045675721106
2017-10-19,0.743957174180835,0.7396144724418583,0.7445045935592447
2017-10-20,0.7440016164056878,0.7395313706151604,0.7446096977574087
2017-10-23,0.7438450567931154,0.739446791985758,0.7446365556399527
2017-10-24,0.7436945954901472,0.7393301628567832,0.7447032276002907
2017-10-25,0.7434238284613746,0.7393121928691173,0.7447631581071666
2017-10-26,0.7436469860500383,0.7392848364749575,0.7448163327152091
2017-10-27,0.7434092314873837,0.7392569886658014,0.7448883673705295
2017-10-30,0.743460562590761,0.739225067200692,0.7449437874974583
2017-10-31,0.743727847279702,0.7391401494872057,0.7449866509476732
2017-11-01,0.7438259383849406,0.7390723318864318,0.7450429384314243
2017-11-03,0.743796365198069,0.7389698068347079,0.7450919709371444
2017-11-06,0.7438958261665911,0.7390017142990871,0.7450831620514345
2017-11-07,0.7438248705799329,0.7388710199863282,0.7452286868371941
2017-11-08,0.7444157317641631,0.7387929385718067,0.7451748248072302
2017-11-09,0.7443404050042092,0.7386585323104918,0.7453090750459703
2017-11-10,0.7440166687443646,0.738647485348149,0.7453467037670634
2017-11-13,0.7440348248595317,0.7385611311714461,0.7454121974020099
2017-11-14,0.744049410047594,0.7386568541435541,0.7454550064138488
2017-11-15,0.7438575883574499,0.7385790054400663,0.7454705492272182
2017-11-16,0.7443302562510827,0.7386605984136904,0.7456332928376189
2017-11-17,0.744343325949703,0.7385914172285247,0.7455502259850962
2017-11-21,0.7441790198974342,0.7385347080977389,0.7455252018240873
2017-11-22,0.7443458298701686,0.7385315451988831,0.7456060192559701
2017-11-23,0.7447897597489659,0.7383633162946778,0.7456410822645484
2017-11-24,0.7446971972069198,0.7382607810440162,0.745726556260189
2017-11-27,0.7448987292858072,0.738203684789644,0.7457658474059411
2017-11-28,0.745103858480496,0.7381266199085337,0.7457869700528225
2017-11-29,0.7453416609418511,0.7380735864874892,0.7458090964719523
2017-11-30,0.7457955798353914,0.7380585786303329,0.7458556144101622
2017-12-01,0.7459148245477645,0.7379699783604898,0.7457822524681886
2017-12-04,0.7458787044434222,0.7378875692723608,0.7458626692197988
2017-12-05,0.7454702211221148,0.7378493867947667,0.7458247686743129
2017-12-06,0.7449756811834013,0.7378707774800874,0.7459315338222919
2017-12-07,0.7449837010045514,0.7377746656544886,0.7459273044142855
2017-12-08,0.7448142723373367,0.7377766909384349,0.7458760425786783
2017-12-11,0.7446846724688588,0.7377067108944004,0.745971219153938
2017-12-13,0.744638940634586,0.7376797771565483,0.746080736369752
2017-12-14,0.74455831209031,0.7376606330040155,0.746120193706716
2017-12-15,0.7447239714816737,0.7376180725458983,0.7461908971717943
2017-12-18,0.7442732885330239,0.7375677230425939,0.7462190169097214
2017-12-19,0.7444393701143524,0.7375556858188702,0.7461852973015687
2017-12-20,0.7446442312938554,0.7374608683802388,0.7462910596808681
2017-12-21,0.7445589657589173,0.7373862519413851,0.7462331078271619
2017-12-22,0.7446328485428572,0.7373615111738496,0.7462346636606577
2017-12-26,0.7449209841063622,0.7373841084909025,0.7462472850808546
2017-12-27,0.7447615679587682,0.7373103826709075,0.7463532863101905
2017-12-28,0.744598642666234,0.7373160383100124,0.746398929390963
2017-12-29,0.7448844601859317,0.7372635288974504,0.7464234661411785
2018-01-02,0.7452593198281963,0.737224532856204,0.7464124765695065
2018-01-03,0.74522189820923,0.7372015639467873,0.7464310937655431
2018-01-04,0.7452644737192815,0.7372291841362186,0.7464469791606465
2018-01-05,0.7455108889871631,0.7371846027166612,0.7465669349158014
2018-01-08,0.7455170565102641,0.7371402484813439,0.7466509301443318
2018-01-09,0.7453952756588431,0.7371413224009523,0.7466101770889517
2018-01-10,0.7453537394284657,0.7370668866855841,0.7467088260018591
2018-01-11,0.7451861324341845,0.737016665673551,0.7466938150976928
2018-01-12,0.7450984026486294,0.7369591510568122,0.7467090455047476
2018-01-15,0.7451029062134369,0.7368563880223068,0.7468526208828993
2018-01-16,0.7449835837248395,0.7369173322105661,0.7469086902878745
2018-01-17,0.7451019172665242,0.7368336558264457,0.746867341827312
2018-01-18,0.7450575185643948,0.7368564906161247,0.7468479429595998
2018-01-19,0.7449411678877152,0.7368186807450312,0.7469140952691893
2018-01-22,0.7449404564093054,0.736798364941538,0.7468988047708545
2018-01-23,0.7450198004531912,0.7368300365511891,0.7468771224808803
2018-01-24,0.7451847792352041,0.7367836611166161,0.746995903837126
2018-01-25,0.7451460807715181,0.7367871255227613,0.7470709621139805
2018-01-26,0.7451031738354278,0.7366558038837184,0.7470394675782395
2018-01-29,0.7452246141956735,0.7367086919421887,0.7471241514986002
2018-01-30,0.7452610136542127,0.736707319343313,0.7471983732896996
2018-01-31,0.745343659127456,0.7366871914630782,0.7471204389857534
2018-02-01,0.7455082296657454,0.7366299359233055,0.7471062460008334
2018-02-02,0.7454670286277922,0.7366558646286542,0.7471393357894135
2018-02-06,0.745134396335329,0.7365324124241137,0.7471866749730184
2018-02-07,0.7451332975138598,0.7364588173530969,0.7471973652723699
2018-02-08,0.7444297769025822,0.7363935338868689,0.7472259780254124
2018-02-09,0.7446785082516234,0.7363717280772557,0.7473827276716722
2018-02-12,0.7448828160525259,0.7363238689861361,0.7474422725722448
2018-02-13,0.7450484771203681,0.73636069132258,0.7474475182608765
2018-02-14,0.7451200073723443,0.7363492695494646,0.7474359396982425
2018-02-15,0.7448775350971255,0.7361628710569476,0.7474655183827028
2018-02-16,0.7447940035407155,0.7362941501109366,0.7475249526622876
2018-02-19,0.7448806727658797,0.7361856379619688,0.7477337023316829
2018-02-20,0.7448431821138444,0.7361341862435609,0.7477778218058003
2018-02-21,0.7450038096849378,0.7360509729415079,0.7477429218161429
2018-02-22,0.7450450378875108,0.7360868162872454,0.7477571019466932
2018-02-23,0.7450000929350428,0.7360511648099068,0.747746822951764
2018-02-26,0.7451128092289352,0.73603675916661,0.7478060773581151
2018-02-27,0.7453613262462471,0.73598124988608,0.7477877713604051
2018-02-28,0.7451948869707663,0.7359025472377735,0.7477278237828915
2018-03-01,0.7453596376515301,0.7358541067972635,0.7477355057616039
2018-03-02,0.7450728081542373,0.7359591708335314,0.7477175681433679
2018-03-05,0.7452357911158546,0.7358448380024032,0.7477877119565123
2018-03-06,0.7453603631922363,0.7359020495149385,0.7479176201820237
2018-03-07,0.7453143422885928,0.7358946816459284,0.7479214282571262
2018-03-08,0.7452742561120881,0.7359342399672285,0.7478066305608525
2018-03-09,0.7450628045438608,0.7359252165836757,0.7478539667031646
2018-03-12,0.7449719135847876,0.735779317757983,0.7479758833700247
2018-03-13,0.7454160808878874,0.7358082308555254,0.7479498212898735
2018-03-14,0.7454561688127428,0.7357229675051772,0.7480099947059226
2018-03-15,0.7453679189093719,0.7357327270846494,0.748025131799463
2018-03-16,0.745415959404225,0.7356976310688523,0.7481331377944062
2018-03-20,0.7454551498528177,0.7356350104413573,0.7480552584117557
2018-03-21,0.7452890067025807,0.7355697311449867,0.7480724995693693
2018-03-22,0.7452454456026338,0.7355543978041332,0.7479406715965108
2018-03-23,0.7447952867053104,0.7354924765041507,0.7480153332277132
2018-03-26,0.7444626019197949,0.7354344050118504,0.7480087950144574
2018-03-27,0.7446327926957397,0.7354230786073563,0.7480111038531739
2018-03-28,0.7444683266832466,0.7354420345286256,0.7481297793960267
2018-04-02,0.744471829284387,0.7354054524591469,0.7481913116345442
2018-04-03,0.7438557017943592,0.7353501751440891,0.7482961990461443
2018-04-04,0.7437754961020523,0.7353107647579786,0.7484040901259427
2018-04-05,0.7437334028919745,0.7352923047653094,0.7483786772156866
2018-04-06,0.7436098424100763,0.7352175942587618,0.7484674144916267
2018-04-09,0.7434441294708749,0.7351797297594435,0.7483699152001574
2018-04-10,0.743603034699006,0.7352102055262232,0.7484775885390462
2018-04-11,0.7438896777490882,0.7351751301824421,0.748523385923848
2018-04-12,0.7438548254267159,0.7352316824002387,0.7483976017122718
2018-04-13,0.7438477191739216,0.7352106726800893,0.7485019051415805
2018-04-16,0.7438462878693322,0.7351676817531363,0.74853963361007
2018-04-17,0.7438062515961825,0.7351618030402773,0.7485537954871863
2018-04-18,0.7436773386556818,0.7350540287080501,0.748571717479925
2018-04-19,0.7438863986411491,0.7350903098068959,0.7484706827953014
2018-04-20,0.7439660636714177,0.7350473957239395,0.7484731972789874
2018-04-23,0.7440888912928433,0.7350735896427797,0.7485417308344089
2018-04-24,0.7442910169881506,0.7349865526157795,0.7483045874979493
2018-04-25,0.7442178338817274,0.7349514484707395,0.7483671802061889
2018-04-26,0.7444610712415788,0.7349242352247349,0.7485145232318763
2018-04-27,0.7447500406872356,0.7349257459678711,0.7484165945498505
2018-04-30,0.7447596290601646,0.7349441753787993,0.7484276089310198
2018-05-02,0.7446777387862837,0.7349184985974502,0.7484772359517349
2018-05-03,0.7443977470547487,0.7348570160161242,0.748540570177767
2018-05-04,0.7442685044170054,0.734860007207796,0.7484493280399301
2018-05-07,0.7442194635570518,0.7347316485709758,0.7484551612886913
2018-05-08,0.744335837675299,0.7347672695755343,0.7486026549808716
2018-05-09,0.7440871258289291,0.7345931746264157,0.7487770024159244
2018-05-10,0.7439203306431788,0.7346806823589649,0.7486368350782043
2018-05-11,0.743998776078185,0.7346608675708217,0.748737748232338
2018-05-14,0.7442080612310374,0.7346940885947013,0.7488078113722724
2018-05-15,0.7446189155923628,0.7347226643097623,0.7488432063147934
2018-05-16,0.7446650144532575,0.7346983181304867,0.7489681343075858
2018-05-17,0.7444920104477666,0.7346614028524232,0.748898709042879
2018-05-18,0.7447007762836546,0.7346283240778134,0.7488997335568038
2018-05-21,0.7445315031582145,0.7345446311855672,0.7488545484178631
2018-05-22,0.7445676968172243,0.7344828726144392,0.7488830427745606
2018-05-23,0.7448133137613555,0.7343811544311726,0.7489269431305308
2018-05-24,0.7453880947446955,0.7343455065396528,0.7489493925413114
2018-05-25,0.745592936988619,0.7343070180709107,0.7490253437999465
2018-05-28,0.7455570950276568,0.73440327283872,0.7491137433325384
2018-05-29,0.7455584457307031,0.7343362411493172,0.7490645328273225
2018-05-30,0.7454326930045857,0.7342660303876966,0.7490594144862672
2018-05-31,0.745189861572542,0.7342065428899726,0.7489767068271529
2018-06-01,0.7449884302916617,0.7341372818616216,0.7489889672162622
2018-06-04,0.7451923603507362,0.7343425304341462,0.7491449258241519
2018-06-05,0.7454777936949204,0.7341910545838759,0.7490753652341092
2018-06-06,0.7451521843803385,0.734191554524268,0.7491203501016609
2018-06-07,0.7449113137606986,0.7341773046181096,0.7492692820794837
2018-06-08,0.7449571102261817,0.7341658300156432,0.7492941296790442
2018-06-11,0.7451266121190138,0.7342485483216105,0.749416163670518
2018-06-12,0.7452776597973363,0.7341224594563275,0.7494114633318912
2018-06-13,0.7454914407840075,0.7341171617523005,0.7493725812599782
2018-06-14,0.7456967333623203,0.7340054936551937,0.7493254472937766
2018-06-15,0.7460323190850577,0.7340241009488357,0.7491353710159858
2018-06-18,0.7460341494583527,0.73396956469809,0.7491420177556103
2018-06-19,0.7461134079054325,0.7339634935747459,0.7490916473954687
2018-06-20,0.7459493444378185,0.733950352848005,0.7492657801991603
2018-06-21,0.7458592040894828,0.7338820983872784,0.7492583716837629
2018-06-22,0.7460746908365876,0.7338112564256314,0.7491970272709141
2018-06-25,0.7459945238040129,0.7338131710125821,0.7491817399958376
2018-06-26,0.7457877098340026,0.7339293627445291,0.7492265044104033
2018-06-27,0.7459161331761324,0.7337640847469686,0.7492443373216703
2018-06-28,0.745666390026974,0.7337726376239826,0.7492439157722741
2018-06-29,0.745506668172276,0.7336565034931672,0.7493458029876032
2018-07-02,0.7454611844513134,0.73365125733706,0.7493562002247219
2018-07-03,0.7451304985000275,0.7336875274947038,0.7493608419992446
2018-07-04,0.745176282821369,0.7336085327949134,0.7494357833147427
2018-07-05,0.7447255241726549,0.7336099338221415,0.7493509068777288
2018-07-06,0.7448954116151516,0.733600137895202,0.7494982709236168
2018-07-09,0.7448955547831835,0.7335764805221201,0.7494536644661591
2018-07-10,0.7447241647878365,0.73369474437502,0.7494113760839539
2018-07-11,0.7448126883104075,0.7336638474141643,0.7495797999424021
2018-07-12,0.7446951012779611,0.7335795963906234,0.7495493588834201
2018-07-13,0.7446928601971826,0.7336762409157896,0.7495694367245667
2018-07-16,0.7448182690974487,0.7335730212687158,0.7495412820533667
2018-07-17,0.7450234076677014,0.7333761757080585,0.7495075617671294
2018-07-18,0.7450707668783358,0.7334956761219297,0.7495018715193704
2018-07-19,0.7450683674501289,0.7334346537617233,0.7495055229829368
2018-07-20,0.7454001836231762,0.7333925330218832,0.7494855825582432
2018-07-23,0.7456143145849925,0.7333628462644043,0.7494654161463123
2018-07-24,0.7456516768791902,0.7332570232529932,0.7495430494531026
2018-07-25,0.7457287565977518,0.7332667447305825,0.7496165850229054
2018-07-26,0.7459374566151442,0.7332949951222952,0.7495775697437186
2018-07-27,0.7462258769480494,0.7333040508180273,0.7495968288529722
2018-07-30,0.7465110171510118,0.7332824012019061,0.7495757340227879
2018-07-31,0.7463026286315957,0.7332178596856288,0.7495699767621777
2018-08-01,0.7460510887400408,0.7330633567801199,0.7495985392703783
2018-08-02,0.7462981961428931,0.7329893735901567,0.7497024350643167
2018-08-03,0.7467519765195795,0.7331179187542918,0.7496844200406811
2018-08-06,0.746550884053047,0.7331325702216754,0.7498131966489089
2018-08-07,0.7461816098935341,0.733139015138483,0.7498577002624843
2018-08-08,0.7460944089016368,0.7332022616179735,0.7498610673485195
2018-08-09,0.7467503445147163,0.7330027288925101,0.7498934012082165
2018-08-10,0.7463412033647551,0.7331588453139328,0.7498953200310339
2018-08-13,0.7465828274817689,0.7331056461084546,0.7498063996821231
2018-08-14,0.7467088004757447,0.7330482198112704,0.7497325767307736
2018-08-15,0.7465501291020809,0.7330771116450224,0.7498068911121044
2018-08-16,0.7463883920199799,0.7330003544813922,0.7497537003964416
2018-08-17,0.7464251930902979,0.7329979331409012,0.7498084149476056
2018-08-20,0.7463863690451932,0.7328735472483735,0.7498106980545951
2018-08-21,0.7467148637152857,0.7330049830421022,0.7498207222733758
2018-08-22,0.7465408938281942,0.7329929251323025,0.7497924847822026
2018-08-23,0.7465758811489958,0.7329715090035498,0.7498180537416911
2018-08-24,0.7468337057616465,0.733021103986679,0.7497115477523778
2018-08-27,0.7465864466754616,0.7328789445429109,0.7497107229972534
2018-08-28,0.7466252650877354,0.7328328016794593,0.7497243668960942
2018-08-29,0.7467149911424018,0.7327499829942384,0.7496768547224606
2018-08-30,0.7466679665752508,0.7328539298422017,0.7497145002720437
2018-08-31,0.7469131464035017,0.7328456942022415,0.7497873103850233
2018-09-03,0.7471616829151225,0.7329407141115718,0.7498259034468008
2018-09-04,0.7468732728012025,0.7328600673978468,0.7498589251976627
2018-09-05,0.7469479362988583,0.7327336436722817,0.7498209924466258
2018-09-06,0.7471537817504963,0.732664056839304,0.749873119734299
2018-09-07,0.7469526778335581,0.7326009392998131,0.749904976046513
2018-09-10,0.7470741843623676,0.7324454154103099,0.7499380497889702
2018-09-11,0.7471186217726086,0.7324376013820407,0.7499097813550404
2018-09-12,0.7471941320402876,0.7323776637242484,0.7498488822752315
2018-09-13,0.7471109932800841,0.7323702056400393,0.7499756546045944
2018-09-14,0.7470308249871811,0.7323870965149072,0.750058917471484
2018-09-17,0.7469148995952039,0.7325519383386311,0.7499989904474984
2018-09-18,0.7471532905598609,0.732658270740847,0.7499932564910786
2018-09-19,0.7467826736130986,0.7326365462699974,0.7500848655405117
2018-09-20,0.7469082209695785,0.7327269551053587,0.7500440936972161
2018-09-21,0.7471903209467383,0.7325858586835824,0.750077496502148
2018-09-24,0.7474398659430659,0.7326058932549313,0.7501031173086474
2018-09-25,0.747108621447555,0.7325790526590258,0.7500724689509196
2018-09-26,0.7473177083242311,0.73251402162615,0.7500981110931025
2018-09-27,0.7472680817350053,0.7324892665045248,0.7501431185809857
2018-09-28,0.7473952013546912,0.7323511258196951,0.7500894699353169
2018-10-01,0.7474726848512074,0.7323239827917555,0.7501180755554568
2018-10-02,0.747597121448742,0.7323250261324936,0.7501190257150877
2018-10-03,0.7482932851938378,0.7321820682409791,0.7500727742197811
2018-10-04,0.7482531079977695,0.7321633312064791,0.7498498617160957
2018-10-05,0.7485361737986653,0.732235179399958,0.7499794987766952
2018-10-08,0.749108014922823,0.7322235218606982,0.7500606805797413
2018-10-09,0.7491182205910722,0.7321595764902703,0.7500472901131715
2018-10-10,0.7492911940022733,0.7321552458101126,0.7500221896495142
2018-10-11,0.7490097756381896,0.7322564531121702,0.7500818712132937
2018-10-12,0.7492160799038293,0.7321502949734185,0.7500642003558567
2018-10-15,0.7489715662511319,0.7321930888768684,0.7500272430960327
2018-10-16,0.7487165339922148,0.7322135597774124,0.7500540693556291
2018-10-17,0.7484641052966645,0.7322203110244542,0.7501023890511842
2018-10-18,0.7481739839127485,0.7322298190157287,0.7500669966927672
2018-10-19,0.7481711311959804,0.732233897621073,0.7501719037103487
2018-10-22,0.7482952821897934,0.7321629894780708,0.7499779767979439
2018-10-23,0.7477167635330373,0.7321465227453704,0.7501025713954456
2018-10-24,0.7477969736719055,0.7321209036166203,0.7500609711637443
2018-10-25,0.7477188212092425,0.7322950405775157,0.7501206831964874
2018-10-26,0.747635341726689,0.7322205139423763,0.7501729403706221
2018-10-29,0.7469019118614288,0.7321189229370085,0.7501295917099
2018-10-30,0.7468195754062554,0.7319577391439963,0.7501622678701679
2018-10-31,0.7468152253218897,0.7321064556743946,0.7503055259893499
2018-11-01,0.7464403054499538,0.7320563150654991,0.7502573021999963
2018-11-05,0.7456139012596552,0.7320928725064509,0.7503504826642208
2018-11-06,0.745409455480817,0.7319911557608497,0.7504795545564579
2018-11-07,0.7451991269182224,0.7318603219396543,0.7504680835502283
2018-11-08,0.7445032605925398,0.7318751176859044,0.7504560477881679
2018-11-09,0.7444222261489217,0.7318154530058483,0.7503891333881301
2018-11-12,0.7445044602468619,0.7318992707689247,0.7504136628303306
2018-11-13,0.7439679447779043,0.7318550860747979,0.7504020102991454
2018-11-14,0.7439599701350879,0.7317701048844336,0.7505229122118853
2018-11-15,0.7439626863875238,0.7317389167819485,0.750496451766892
2018-11-16,0.7433451895094031,0.7317705809449648,0.750565690793069
2018-11-20,0.7430958015683613,0.7317186434538424,0.7505072879952693
2018-11-21,0.7430952335871303,0.731547998971041,0.7505442540958904
2018-11-22,0.7427614455224355,0.7314507094554509,0.7505453528738276
2018-11-23,0.7426837252502052,0.7313519196218081,0.7505827767907599
2018-11-26,0.7425980309796375,0.7313657385583423,0.7505208440650217
2018-11-27,0.7423984066431314,0.7313787385485755,0.7505615486432096
2018-11-28,0.7428552253577758,0.7313000705920016,0.7505927141822604
2018-11-29,0.7425573928250127,0.7313682483540073,0.7506584774774258
2018-11-30,0.742762701691574,0.7313389986257328,0.7506097082521709
2018-12-03,0.7425926270463965,0.7314337859132084,0.7506076942296978
2018-12-04,0.7426313686249473,0.7314421510661777,0.7505685336506759
2018-12-05,0.7429990177383798,0.7314746663722296,0.7505999635992436
2018-12-06,0.7431339727721332,0.7314402800934797,0.7505772538409122
2018-12-07,0.7431684519270464,0.7314696604045139,0.7505463932577631
2018-12-10,0.742955730028096,0.7314319981962968,0.7505541777143466
2018-12-11,0.7427446115962715,0.7313873455261529,0.7506412754089766
2018-12-13,0.7427375535668012,0.7314819849099837,0.7506807090999892
2018-12-14,0.7425309347751172,0.7314032107624958,0.7506594184084385
2018-12-17,0.7423594140884558,0.7314895452186135,0.7506341128034923
2018-12-18,0.7422731094350175,0.7314949564098436,0.7506130934325582
2018-12-19,0.7420687824193127,0.7314763817933454,0.7506409707955061
2018-12-20,0.7422318023352769,0.7314669335255026,0.7506300085844649
2018-12-21,0.7425219683529497,0.731334081437922,0.7507036244362244
2018-12-24,0.7424029119810377,0.7314352361259369,0.7507534304812755
2018-12-26,0.742693858155468,0.7314179251371608,0.7507646089461023
2018-12-27,0.7424981278314828,0.7314677713588293,0.7508322288524105
2018-12-28,0.7425042503353131,0.7314232582485111,0.7507482802785671
2018-12-31,0.742376980880353,0.7313555328554245,0.7507183892315118
2019-01-02,0.7420796184513427,0.7313622136620972,0.7507071343492322
2019-01-03,0.7417841276019785,0.7312496696384682,0.7507921427658297
2019-01-04,0.7414495260454714,0.7312956485178429,0.7508424902056329
2019-01-07,0.7416075668840219,0.7312078505238793,0.7506583195811457
2019-01-08,0.7415232392363642,0.731211779641265,0.7506589797805989
2019-01-09,0.7417332337625466,0.7312549199541931,0.7505245706268558
2019-01-10,0.7420234004901882,0.7313157513231556,0.7505338073046584
2019-01-11,0.7420160107523568,0.7313487819982087,0.7505602020277147
2019-01-14,0.7420169229059556,0.7312774503633614,0.750779698902293
2019-01-15,0.741607538391481,0.7313090460861164,0.7506697499820641
2019-01-16,0.7416083811721917,0.731361096145996,0.7506879734222555
2019-01-17,0.7418612668182599,0.7312456666925561,0.7507294214288632
2019-01-18,0.7419949355983833,0.7312101148124148,0.7506721012412286
2019-01-21,0.7422072324235939,0.7311189462686906,0.750746943035579
2019-01-22,0.742416786833854,0.7311745351588139,0.7506816324278007
2019-01-23,0.7424625930729102,0.7310584025566218,0.750667258858583
2019-01-24,0.7423853126857944,0.7309321998304573,0.7508373738755088
2019-01-25,0.7424694853518629,0.7308993089942918,0.7509321701800985
2019-01-28,0.742601659298587,0.7310746765439545,0.7509033838715763
2019-01-29,0.7430194663456837,0.7309200164505647,0.7508442184733354
2019-01-30,0.7428972552921265,0.7308809575718395,0.7509603795961004
2019-01-31,0.742648332728994,0.7308569022731772,0.7508851140929613
2019-02-01,0.7428970053930635,0.7308718322427269,0.7509454208123044
2019-02-05,0.742781141832952,0.7308684021786652,0.750954690447826
2019-02-06,0.7427853284841691,0.7308373194803509,0.7508937311649088
2019-02-07,0.7427812240486129,0.7307245579287779,0.7509571881391794
2019-02-08,0.742403773444542,0.7307946865600062,0.7509584155775464
2019-02-11,0.742648064829706,0.7306772929277919,0.7510108598611638
2019-02-12,0.7424449265569468,0.7304629848700318,0.7510683197974832
2019-02-13,0.7423998322943733,0.7304606382686846,0.7510554605492878
2019-02-14,0.742608724673974,0.7306392242035542,0.7510394817102604
2019-02-15,0.7426518805429355,0.7305092839196066,0.7511410732027564
2019-02-18,0.7426056905070598,0.7305646388494873,0.7511080678913267
2019-02-19,0.7426884028472684,0.73053993199947,0.7511264406669812
2019-02-20,0.7428063007535989,0.730514717942201,0.7510282274789131
2019-02-21,0.743059541545161,0.730435706732368,0.7511204890188947
2019-02-22,0.7430632289278704,0.7304346618318007,0.7511324866594618
2019-02-25,0.7428958135110736,0.7304203238983012,0.7510587710480894
2019-02-26,0.7429010940215217,0.7303735880236373,0.7511620431407859
2019-02-27,0.7429875673391363,0.7303361265477419,0.7510629785121359
2019-02-28,0.7431895910538914,0.7302380497567772,0.751018899326435
2019-03-01,0.7431912004951741,0.7301980821469966,0.7511734332634399
2019-03-04,0.7432392671266165,0.7301187880804639,0.7512238758286701
2019-03-05,0.7432731637257256,0.7301860611938151,0.7512818674848379
2019-03-06,0.7432706065412279,0.7300723080729905,0.7513276467460177
2019-03-07,0.7429777747922244,0.7299934305222618,0.7512853415679563
2019-03-08,0.7428973592494974,0.7300910007085062,0.7513981299809259
2019-03-11,0.7428172563671563,0.730034046618868,0.7514935391608238
2019-03-12,0.7431918503474055,0.7300232061886894,0.7513920625026081
2019-03-13,0.74293991371702,0.7298990322544235,0.7514735081115346
2019-03-14,0.7430201560939309,0.7297535490275112,0.751424192003963
2019-03-15,0.7429771435345702,0.7297946424386588,0.7514064929237203
2019-03-19,0.7430204013024255,0.7298149982954252,0.7513768266334445
2019-03-20,0.742857627134463,0.7297616426391869,0.7514086933458387
2019-03-21,0.7429773766117517,0.7297004917530289,0.7515365245973006
2019-03-22,0.7424333054832486,0.7296842374220557,0.7512814517323807
2019-03-25,0.7426080286371568,0.7297382589672865,0.7515771434484999
2019-03-26,0.7426571170307676,0.729793928462651,0.7515265822824173
2019-03-27,0.7426579572012443,0.7297521889541623,0.751518697185621
2019-03-28,0.7426642255259435,0.7297167626659802,0.7515141013588409
2019-03-29,0.7424969374299701,0.72979895102268,0.7514174446304194
2019-04-01,0.7424647949338398,0.729643031302723,0.7514549260875967
2019-04-02,0.7427165385278566,0.7296235953841241,0.7515529840959027
2019-04-03,0.7427219136977521,0.7296875992090134,0.7515400404628654
2019-04-04,0.7427215154248601,0.7295755262040764,0.7515915714800345
2019-04-05,0.7422691349878032,0.7296414337652165,0.7515650950261128
2019-04-08,0.7425180890865116,0.7296675855857759,0.7516612489222944
2019-04-09,0.7425968759712183,0.7296354682623057,0.7516758922127166
2019-04-10,0.7427686877559698,0.7297194590436302,0.751781770867388
2019-04-11,0.7428537837923752,0.7295992939249101,0.7517395254286419
2019-04-12,0.7433951223251237,0.7296198515880418,0.7516499985284951
2019-04-15,0.7435564239942314,0.7295910901963841,0.7517372362773136
2019-04-16,0.7434703724226845,0.7296240367512742,0.7516440585821743
2019-04-17,0.7432227767573317,0.729499789565591,0.7515936748406352
2019-04-22,0.7432655528412586,0.7292961264709114,0.7515637650190979
2019-04-23,0.7432219006985714,0.7292652541710216,0.7515522695990238
2019-04-24,0.7434658948726109,0.7293242301859931,0.751555827198301
2019-04-25,0.743304297040463,0.7293467165775378,0.7516040671622909
2019-04-26,0.7432597052117619,0.729301799449705,0.7515808194783945
2019-04-29,0.7432983488969982,0.7292995563365243,0.7516723000359937
2019-04-30,0.743294272710002,0.7294656057850999,0.7517043400930613
2019-05-02,0.7432873194173076,0.729412581844427,0.7517048725073885
2019-05-03,0.7432885681080307,0.7294529609880382,0.7517769419408018
2019-05-06,0.7432905234067227,0.7293670171695006,0.7517497814099803
2019-05-07,0.7434566380587734,0.7293824478051026,0.751601042975877
2019-05-08,0.7435792119470903,0.7293215056692705,0.7515924993491135
2019-05-09,0.7434612808746329,0.7294043618790661,0.7515892766053149
2019-05-10,0.7433348137629635,0.7293486791578302,0.7517113353011577
2019-05-13,0.7433794790555671,0.7292478854005845,0.7516826280596477
2019-05-14,0.7436299684590827,0.7292659113136091,0.7515430013541489
2019-05-15,0.743791971001982,0.7294280038477008,0.7514678447879283
2019-05-16,0.7439975750497678,0.7293963328619685,0.7515223612293318
2019-05-17,0.7438833674945294,0.7293217454764592,0.7515722241801496
2019-05-20,0.7439270605422961,0.7292983671005916,0.7516276556803253
2019-05-21,0.743847937825689,0.7293331129270871,0.7516529629459502
2019-05-22,0.743849272948045,0.729315826379485,0.7518286928807831
2019-05-23,0.7438455054257721,0.7292189520712701,0.7517356781998501
2019-05-24,0.7438064495823867,0.7291715620633127,0.751755237563481
2019-05-27,0.7438892806459876,0.7292226122103724,0.7517466421725674
2019-05-28,0.7441745968190568,0.7291718704402654,0.7518494852542859
2019-05-29,0.7443823467752951,0.729093288210876,0.7518609893744773
2019-05-30,0.7439657880468924,0.7290861753101733,0.751829056837629
2019-05-31,0.7440095324935438,0.7291233137579851,0.7518824354603317
2019-06-03,0.744052305447309,0.7290400516155985,0.7519199919225854
2019-06-04,0.7442628220415922,0.7289573434501198,0.752005050957706
2019-06-05,0.7442977030614286,0.7289546951969696,0.7519111227317531
2019-06-06,0.7442141882495393,0.7288470513905545,0.7521607571526228
2019-06-07,0.744043072268382,0.7287806881958477,0.7520340795410796
2019-06-10,0.7442477565005678,0.7288341152417255,0.7520083458246892
2019-06-11,0.7442001967325651,0.7288973985940898,0.7521244416181966
2019-06-12,0.7444540135991231,0.7289668912272791,0.7518755958398157
2019-06-13,0.7442913128988624,0.7290076102678984,0.7519656327520652
2019-06-14,0.7442070242044985,0.7290855836548902,0.7520186533182103
2019-06-17,0.7443255850324033,0.7289392624879404,0.752092303180946
2019-06-18,0.7444932185018449,0.7289211894319031,0.7520731694849172
2019-06-19,0.7444108325975902,0.7288933877580394,0.7521805509512767
2019-06-20,0.7444043374762772,0.7290098947314984,0.7522112734319495
2019-06-21,0.7446111449175483,0.7290195578308689,0.7521745505333395
2019-06-24,0.7444405067426851,0.7290189135030468,0.7522466387432133
2019-06-25,0.7440244337970973,0.7288831002838728,0.7522055601419371
2019-06-26,0.7439464339986099,0.7289549033165289,0.7521171007649446
2019-06-27,0.7439081198177697,0.7289209565968668,0.7521357323849701
2019-06-28,0.7438628993752674,0.728837605251158,0.7521595274565337
2019-07-01,0.7436198761380719,0.7288858733831706,0.7522360044606107
2019-07-02,0.7436610058867964,0.7289138106707708,0.7522489938784351
2019-07-03,0.7431618435591457,0.7289965711915829,0.7522043390593872
2019-07-04,0.7430353018548765,0.7290303716966485,0.7523396593057553
2019-07-05,0.7432386864354336,0.7287083154622862,0.7523484179058674
2019-07-08,0.7437387034351183,0.7287104909403722,0.7522319054254822
2019-07-09,0.7434501865886807,0.7287358923461676,0.7523319861645661
2019-07-10,0.7432980087140395,0.7287772226640602,0.7524188228047886
2019-07-11,0.7436248471850279,0.7287032556183881,0.7523824223113631
2019-07-12,0.7433741427946217,0.7287193262429384,0.7524514750533321
2019-07-15,0.7435367541401393,0.7286980906434979,0.7524548719585112
2019-07-16,0.7436241887467991,0.7287223687653644,0.7523733133376815
2019-07-17,0.7433682796913121,0.7288382072133253,0.7523668556480628
2019-07-18,0.7432887844050489,0.7286385982109231,0.7524892668772455
2019-07-19,0.7437029803236352,0.7287420668234756,0.7524147107405182
2019-07-22,0.743243231284617,0.7287435540389677,0.7524296286674556
2019-07-23,0.7432026074643753,0.7287846136711257,0.7524975920495769
2019-07-24,0.7431277104884988,0.7286757847197628,0.7524721269540976
2019-07-25,0.7432905212319051,0.7285547591367114,0.7524532200591284
2019-07-26,0.7431217515348448,0.7283760712492086,0.7525227555912446
2019-07-29,0.7431572802901867,0.728551035880867,0.7524833763220558
2019-07-30,0.7434088918794597,0.728422402676619,0.7524812119337487
2019-07-31,0.7433269117346925,0.7285499957459414,0.7525093728383894
2019-08-01,0.7432797740643542,0.7285082424147958,0.7525915889297615
2019-08-02,0.743028045219256,0.7285970758727478,0.7526489665216127
2019-08-05,0.7431989627645011,0.7284404042339944,0.7525848003406016
2019-08-06,0.743483667870098,0.7284260999921643,0.7525608934800356
2019-08-07,0.7433632452835994,0.7284780104534694,0.7525892483795956
2019-08-08,0.7435267302125806,0.7284717631218118,0.7524707706558497
2019-08-09,0.7437778045694701,0.7283959710548801,0.7523495199596167
2019-08-12,0.7437704574304767,0.7284772327741854,0.7523601804249468
2019-08-13,0.7436458008890078,0.7285814240249195,0.7524949184415248
2019-08-14,0.7428983422011384,0.7285433580866345,0.752408028864654
2019-08-15,0.7431088633538264,0.7286427829330292,0.7523226904095018
2019-08-16,0.7427402745563277,0.7286568856166611,0.7523437128098873
2019-08-19,0.742703951702549,0.7287102747058943,0.752364497378536
2019-08-20,0.7427440017461849,0.7286507457735355,0.7524807821581377
2019-08-21,0.7427893952111723,0.7285808582299109,0.7524760476239799
2019-08-22,0.7428737078289739,0.7285128171834665,0.7524763961780441
2019-08-23,0.7429953087010187,0.7284539078766936,0.7524444259954763
2019-08-26,0.7431940645199017,0.728583583617921,0.7524100246932777
2019-08-27,0.742818064596277,0.728440071401453,0.752421320634564
2019-08-28,0.7429056992454757,0.7284986397095854,0.7525290536847253
2019-08-29,0.7420344804859658,0.7284258154947865,0.7526062063749553
2019-08-30,0.7418716198863791,0.728307100554472,0.752603276035417
2019-09-02,0.7421576602658989,0.7283527195926722,0.752509306228138
2019-09-03,0.741950008437095,0.7282426850487422,0.7525798167362245
2019-09-04,0.7420313072553876,0.7282957830723579,0.7526015313085785
2019-09-05,0.7419053329957955,0.72821234533496,0.7526381353539714
2019-09-06,0.7420296883379038,0.728296800619953,0.7527393749378419
2019-09-09,0.7416540071615201,0.7283804450381767,0.7528363549297077
2019-09-10,0.7417761472817535,0.7284005016384477,0.7526782953663248
2019-09-11,0.7418170966297338,0.7281780719468501,0.7526525626873128
2019-09-12,0.7419823002481174,0.7282968198680502,0.7526842853239148
2019-09-13,0.742063640749213,0.7283184185994476,0.7526100857866279
2019-09-17,0.7419827516690997,0.7282608615321515,0.7526997036442192
2019-09-18,0.7421500041606166,0.7281127733292183,0.7527393780916132
2019-09-19,0.7419077819171237,0.7282312295781429,0.7527165394343345
2019-09-20,0.7415789357839975,0.7283109723670659,0.7527173063624304
2019-09-23,0.7419996956313835,0.7282213898126921,0.7528530379796666
2019-09-24,0.7421694206779472,0.728099991304476,0.752697099266906
2019-09-25,0.7420503929893456,0.7282188082086818,0.7528087346064454
2019-09-26,0.7418793953651096,0.7283601328739286,0.752863285993786
2019-09-27,0.7420427040316203,0.7284623519405975,0.7528444988273801
2019-09-30,0.7422876151391148,0.7284364401243685,0.7529213306340539
2019-10-01,0.7422833575503478,0.728260599798251,0.752931604440733
2019-10-02,0.7420397953841666,0.728125446203613,0.752781173028329
2019-10-03,0.7421167237715712,0.7282255087627428,0.7527401334462975
2019-10-04,0.7419141556600766,0.7281574739549119,0.7527287523245334
2019-10-07,0.7417820317507282,0.728126654108231,0.7526468768334895
2019-10-08,0.7418298630140159,0.7281837091541885,0.7528779679929648
2019-10-09,0.7417884616808972,0.7281540695086512,0.7529614305125233
2019-10-10,0.7415854841539418,0.7280989625006633,0.7529750127701909
2019-10-11,0.7417574429782535,0.7280517234148043,0.7530560764471843
2019-10-14,0.7415927751956446,0.7280480729500537,0.7530427627695783
2019-10-15,0.7414281329971049,0.7280122631297127,0.7531063795635126
2019-10-16,0.7414792762063789,0.7279588154914897,0.7530970711704963
2019-10-17,0.7413105656452833,0.7280849936362324,0.7530394488104661
2019-10-18,0.7409752535068956,0.7280762283050368,0.7530170937760134
2019-10-21,0.7410659857226913,0.7280218528556345,0.7529809505907116
2019-10-22,0.7412683835840965,0.7280764008443994,0.7530075969728595
2019-10-23,0.7411532776538303,0.7279900141284423,0.7530922863346415
2019-10-24,0.7415205352074302,0.7278728788923878,0.7531179563811025
2019-10-25,0.7416884728464833,0.7278426689808145,0.7531258937697481
2019-10-28,0.7411527580654163,0.7276433859214633,0.7531653247438522
2019-10-29,0.7411568080403791,0.7276097492877651,0.7531087012375305
2019-10-30,0.7413685858580502,0.7275754658045772,0.7530589585659884
2019-10-31,0.7417373015417974,0.7276489623923265,0.7530954029411908
2019-11-01,0.7414882089067282,0.7275501794356372,0.7530633721531096
2019-11-04,0.7413671081868612,0.7274866108260424,0.7531417051123592
2019-11-05,0.7414083497468185,0.7274774630182989,0.7531434163324529
2019-11-06,0.7416462156740122,0.7276481897251827,0.7530698050740428
2019-11-07,0.7417266695020123,0.7277578754667164,0.7529982530407764
2019-11-08,0.7418113334457874,0.7276924049406519,0.7530710019068686
2019-11-11,0.7420630108894519,0.7274926326244384,0.7531128354619612
2019-11-12,0.7419783439155735,0.7275295994046225,0.7531756731929752
2019-11-13,0.742015853527947,0.7276875436665963,0.7531305178400731
2019-11-14,0.7422287657298209,0.7275433395325522,0.7532771879965202
2019-11-15,0.7422639919835267,0.7274923372247285,0.7533119105381313
2019-11-19,0.7425094301116227,0.7275386321473108,0.7532568869308288
2019-11-20,0.7425547401795267,0.7276714017384048,0.753272404300527
2019-11-21,0.7423440433777122,0.7273966469853915,0.7533716812658111
2019-11-22,0.7423866656721261,0.7274066810227506,0.7534020132422392
2019-11-25,0.7425065221413285,0.727484931379108,0.7533113635969546
2019-11-26,0.7425503769574009,0.7274664567840234,0.753380284962085
2019-11-27,0.7429621135051433,0.7275346204004117,0.7532889283850598
2019-11-28,0.7429959575284986,0.7275060898781218,0.7533107445072
2019-11-29,0.7425377038780229,0.7275548320324073,0.7534259004356736
2019-12-02,0.7422400111995218,0.7275027046545617,0.753339655400065
2019-12-03,0.7422032702041866,0.7275846012864883,0.7533217119998348
2019-12-04,0.7422437476062191,0.7276048517422672,0.7532719245825351
2019-12-05,0.7423647837982079,0.7276258520204091,0.7533484154529068
2019-12-06,0.742498721039275,0.7276754062788163,0.7533363318769293
2019-12-09,0.7423344789849922,0.7276826184122767,0.7533814728366047
2019-12-10,0.7421213974058795,0.727566438540588,0.7532300452892088
2019-12-11,0.741739191504778,0.7276244196153809,0.7533205995246787
2019-12-13,0.7416076415598876,0.7275018847379353,0.7532970238433819
2019-12-16,0.7418166613841845,0.7274564999354264,0.7532490482059425
2019-12-17,0.7416492410850797,0.7274912843679332,0.7532466529217712
2019-12-18,0.7414457184409328,0.7275143181989082,0.7533429266818662
2019-12-19,0.741656755216493,0.7274348963070375,0.7534046636685193
2019-12-20,0.7416997670419524,0.7274476378370912,0.753334372638895
2019-12-23,0.7418200633870152,0.7274556559617262,0.753318892874687
2019-12-24,0.7417398467537806,0.7273832224648182,0.7534623021098666
2019-12-26,0.7417802631642232,0.7274341759511758,0.7533357926260278
2019-12-27,0.7414887168957556,0.7273096105042868,0.7533748008273511
2019-12-30,0.7413683585075682,0.7272584862431117,0.7533028354515211
2019-12-31,0.740330878728941,0.7271323660163972,0.7533018096162242
2020-01-02,0.740121366843878,0.7271806180243606,0.7532990327984265
2020-01-03,0.7402827899737132,0.7271848431256887,0.7532759000739317
2020-01-06,0.7407369790327079,0.7273613361050031,0.7533198881893318
2020-01-07,0.7405261489660129,0.7273406475993429,0.7532818267182835
2020-01-08,0.7409353963949012,0.7273424884794986,0.7533094332630588
2020-01-09,0.740848893125593,0.7271590885200353,0.75325333816296
2020-01-10,0.740851613478511,0.7271005664459461,0.7532387338383393
2020-01-13,0.7412248293147468,0.7270448849897381,0.7534813747407277
2020-01-14,0.7412664310244593,0.7270667755997728,0.7533790500900479
2020-01-15,0.7411393146365706,0.7271298671844166,0.7534869888095136
2020-01-16,0.740764225040823,0.7269942248025342,0.7535276996317696
2020-01-17,0.7408383465113084,0.7269819083281405,0.7534663875662226
2020-01-20,0.7410012998915281,0.7269996973515093,0.7535231840596816
2020-01-21,0.7411715677206634,0.7271680540291111,0.7534853038936913
2020-01-22,0.7410914990449008,0.7270112923305265,0.7535047414594069
2020-01-23,0.7410926492491249,0.7270183293069434,0.7534862017464597
2020-01-24,0.7407575505502526,0.7270047481605517,0.7533032557515559
2020-01-27,0.7401386898911815,0.7270379353179309,0.7534114091128215
2020-01-28,0.7400561376494844,0.7271559675228559,0.7534524934080273
2020-01-29,0.7398883172052955,0.7269828536642541,0.7534737037202535
2020-01-30,0.7397297608254917,0.7269503954592019,0.7535179506828634
2020-01-31,0.7396048690911631,0.7270240304629679,0.7535399290323527
2020-02-04,0.7395151554163254,0.7269396041873264,0.7536116556814402
2020-02-05,0.7392717718299407,0.7269342639141795,0.7535746913639967
2020-02-06,0.7392709657620495,0.7269688532323123,0.7535454058395024
2020-02-07,0.7395631259033617,0.7269727147547178,0.7536978637883848
2020-02-10,0.7396478599608729,0.7269908811124984,0.7536882780140326
2020-02-11,0.7392704430567429,0.7268674622424033,0.7536816256388394
2020-02-12,0.7393993149383993,0.7268647710205528,0.7538562009690972
2020-02-13,0.7393586259809095,0.7269587520370802,0.7538975298726057
2020-02-14,0.7396058256478677,0.7268167387238255,0.7538193562535633
2020-02-17,0.7396919501886561,0.7268298440936811,0.7539116576154612
2020-02-18,0.7397736771628869,0.7266985436006063,0.7538634071171657
2020-02-19,0.7400203630571583,0.7267141710365662,0.7538162416379
2020-02-20,0.7402320076319052,0.7267583357081586,0.7539414178114368
2020-02-21,0.7404423374172033,0.7267402895026356,0.7538941754966307
2020-02-24,0.7402763832879931,0.7266908888848543,0.7539356625791422
2020-02-25,0.7405291989051862,0.7264830821841965,0.753897927722297
2020-02-26,0.7404405482612699,0.7262610211772794,0.7540127076108877
2020-02-27,0.7401012517830762,0.7262556677440888,0.7539483746069959
2020-02-28,0.7402277864324505,0.7263698365379244,0.7538963176630582
2020-03-02,0.7399935196220375,0.7264218500570232,0.7538398788120776
2020-03-03,0.739949623493475,0.7264520713752131,0.753856033197108
2020-03-04,0.7396592910682941,0.7264930935464405,0.7539343420563362
2020-03-05,0.739489725604898,0.7264214310387999,0.7538919613933392
2020-03-06,0.7387479576275877,0.7265689883795259,0.7538150996628387
2020-03-09,0.737949344922043,0.7265697233386282,0.7539784370159278
2020-03-10,0.7375374105514099,0.7265011087630963,0.7541325029668587
2020-03-11,0.7372803549774525,0.726473571377622,0.7541836278150393
2020-03-12,0.7366622652818999,0.7264541798703547,0.7539191838795104
2020-03-13,0.7360786701443577,0.7266549343597493,0.7539247308079053
2020-03-17,0.7359453362981357,0.7264882363607971,0.753955153871845
2020-03-18,0.7355668410660827,0.7264312508871704,0.7537294246420396
2020-03-19,0.7353248047957157,0.7264893383926018,0.7538331706493441
2020-03-20,0.7352456177968484,0.7265172378244685,0.7538384872791192
2020-03-23,0.7348280888186375,0.7264563894278543,0.7539420084345657
2020-03-24,0.7342396087927118,0.7263755930986028,0.7539759059335476
2020-03-25,0.7339043447841476,0.7262909781210903,0.7541270456326549
2020-03-26,0.7338195842712603,0.7263517368261327,0.754010280699073
2020-03-27,0.7330226663712349,0.7263598862163989,0.7539756662545551
2020-03-30,0.7332733984997615,0.7263486986625955,0.7540111083226789
2020-03-31,0.7332757790553922,0.7262457966043183,0.7539487332087557
2020-04-01,0.7333976962056735,0.726134680227781,0.7539017775956207
2020-04-02,0.7333573171750019,0.7260858387653785,0.7540297041482199
2020-04-03,0.7334756282003926,0.7259840176509489,0.7539398100154316
2020-04-06,0.733640075606383,0.7259085106437485,0.7539576332522503
2020-04-07,0.7335587771399963,0.7258315850914775,0.7541565441717548
2020-04-08,0.7335635688134662,0.7259003369013232,0.7540718023900587
2020-04-13,0.7336034085950741,0.7259642593088368,0.7541343186957773
2020-04-14,0.7333832151744246,0.7258434265970949,0.7540549982793359
2020-04-15,0.7337242831979376,0.7258129930615032,0.7539618569409612
2020-04-16,0.7339363763394776,0.7258491635805874,0.7539457348268203
2020-04-17,0.7337233827678593,0.7258038400922069,0.7539170508229269
2020-04-20,0.7338509268367528,0.7258451599737967,0.7538232842274253
2020-04-21,0.7338001125626288,0.725718733430702,0.7538953299877517
2020-04-22,0.7338905232620243,0.7257525949403123,0.7538925462795927
2020-04-23,0.7338103298980457,0.7258582938560445,0.754012453448631
2020-04-24,0.7334301766314821,0.7258756644248319,0.7540052609575891
2020-04-27,0.7332996635902637,0.725871129190285,0.7538798528234956
2020-04-28,0.7330882043912517,0.7259412485523424,0.7537232185008872
2020-04-29,0.7324593928637492,0.725946430718265,0.753955139945841
2020-04-30,0.7324111598514127,0.7259811499320664,0.753966320693621
2020-05-04,0.7323224497173335,0.7257969629842271,0.7539259119707149
2020-05-05,0.7320676954778258,0.7258348262433865,0.7538509796335084
2020-05-06,0.7318947454808631,0.725846346542395,0.7537871701356933
2020-05-07,0.7320947211939824,0.7258187967629499,0.7538979451370198
2020-05-08,0.732096797659358,0.7258228702456994,0.7538743020629527
2020-05-11,0.7321418536645555,0.7258464537207089,0.7538105923160769
2020-05-12,0.7320152674667728,0.725890062025066,0.7538597696872984
2020-05-13,0.7313363334402347,0.7258390240542617,0.7539328518132221
2020-05-14,0.7314666110895172,0.7257641701712294,0.7538525920726205
2020-05-15,0.7312892571857231,0.7259576284716831,0.7538929565770276
2020-05-18,0.7306986150210858,0.7258992732344623,0.7539652580176704
2020-05-19,0.7301131266603704,0.7259984454205516,0.7539213926897587
2020-05-20,0.729771098340302,0.7259278589093312,0.7540416949067281
2020-05-21,0.7301037384879072,0.7258420945051032,0.7539015166267397
2020-05-22,0.73009875891852,0.7257679086377579,0.7539121064561326
2020-05-25,0.7299773075470937,0.7258154297743851,0.7538378273169011
2020-05-26,0.7296752857686795,0.7256550081520398,0.7538274559284075
2020-05-27,0.7294182805049721,0.7257300830567257,0.753689305117922
2020-05-28,0.7293752736810235,0.7257261989679652,0.7537034347072484
2020-05-29,0.7295806669599085,0.7258430700344582,0.7538252619443263
2020-06-01,0.729747263877692,0.7257666258041998,0.7537790310248279
2020-06-02,0.7295378221303183,0.7259820255621283,0.7537473705897556
2020-06-03,0.7291913112072566,0.7257687680296057,0.7540227322678137
2020-06-04,0.729991208825473,0.7258653276001212,0.7540187354600667
2020-06-05,0.729404109128557,0.7258185905700486,0.7539385171285623
2020-06-08,0.7286039381385434,0.7258148960989722,0.7540291667270825
2020-06-09,0.7287310971902654,0.7256283703632666,0.7538963197891954
2020-06-10,0.7288045012874931,0.7257490699101143,0.7537388438751924
2020-06-11,0.7280890003422791,0.7256001751570633,0.7539173800566266
2020-06-12,0.727619499312673,0.7254464220611,0.7539726193032086
2020-06-15,0.7277374886469087,0.7255000439224818,0.7540293254601408
2020-06-16,0.727605868045839,0.7256032336367954,0.7538632648045507
2020-06-17,0.7275541738967815,0.7255163035115294,0.7538340478833352
2020-06-18,0.727431803548884,0.7253980819917696,0.7538250189126321
2020-06-19,0.7271803278517496,0.7252549404335816,0.753906813206993
2020-06-22,0.7269240017081283,0.7253090103907202,0.7537406802297629
2020-06-23,0.7271379231728999,0.725231710147256,0.7537464623471228
2020-06-24,0.7267513781036326,0.725318360387055,0.7536764874950865
2020-06-25,0.7267072993145143,0.7252374256065232,0.7537087026417086
2020-06-26,0.7264992277719499,0.7252088992966049,0.7536598002465913
2020-06-29,0.726454245673438,0.7251690739473559,0.7537456748360937
2020-06-30,0.7265869131419267,0.7251551152378946,0.7536898796546918
2020-07-01,0.7267183062449512,0.7251626196848454,0.7538746275180507
2020-07-02,0.72672860283748,0.7251930112246487,0.7537698835638226
2020-07-03,0.7265143743341459,0.7251750481710717,0.753802194825455
2020-07-06,0.7263064651411396,0.7252807218691322,0.7537480253107322
2020-07-07,0.7265168925204493,0.725090874729523,0.7537419947641418
2020-07-08,0.7264788634998227,0.7250322856314967,0.7537368837609948
2020-07-09,0.726090890915853,0.7250756541077876,0.7537221325014797
2020-07-10,0.7262144166477511,0.7251290915266664,0.7537583774228461
2020-07-13,0.7263956314047518,0.7250942488178272,0.753750472667411
2020-07-14,0.7265058992683664,0.7249814756461135,0.7538575717357747
2020-07-15,0.7267530561732719,0.7250230759244819,0.7537631429857955
2020-07-16,0.7269223549184446,0.7249884144955936,0.7538514164349392
2020-07-17,0.7270149807083042,0.72500355631239,0.753752940824961
2020-07-20,0.7269304388219792,0.7248112291312673,0.7537000808596185
2020-07-21,0.7269272730870613,0.724964930819347,0.7537493671692465
2020-07-22,0.7266351719353515,0.7249268958408172,0.7537505977117951
2020-07-23,0.7268144842278177,0.7248223741982138,0.7537766805731606
2020-07-24,0.72697743126741,0.7248750541467428,0.7537388078029079
2020-07-27,0.7271954364211598,0.7247542452926058,0.7538246942350871
2020-07-28,0.7274039874506688,0.7247988248780193,0.7537416173159492
2020-07-29,0.7275204175115855,0.7248394426878125,0.7539353228714443
2020-07-30,0.7273200541206448,0.7247104546541716,0.7539369321943059
2020-07-31,0.7273694024223804,0.7247508674980722,0.753866422864825
2020-08-03,0.7274103499110174,0.7247059562940424,0.7539082862505656
2020-08-04,0.7274940097909139,0.7246817928624866,0.7538838070723477
2020-08-05,0.7270288617487354,0.7246095510514615,0.7538872404560439
2020-08-06,0.7271917993362029,0.7245305736198259,0.7538879153561209
2020-08-07,0.72752910034452,0.7244754630742809,0.7539223542155848
2020-08-10,0.7271461347711339,0.7243869207622019,0.7539237317821809
2020-08-11,0.7266740415760422,0.7240835949576255,0.7541041126551494
2020-08-12,0.726794563886309,0.7240618916824073,0.7539450664873577
2020-08-13,0.7268866362883234,0.7239980395807275,0.7540992745371731
2020-08-14,0.7267961445294379,0.7240805138546147,0.7540577477522472
2020-08-17,0.7269232734850415,0.7239936977887885,0.7540494801244163
2020-08-18,0.7270063398163645,0.7241767738189924,0.7540160909970255
2020-08-19,0.7271170525443075,0.7242006867313551,0.75408715162492
2020-08-20,0.7270780151775222,0.7241857587214917,0.7541034047684455
2020-08-21,0.7268237377621768,0.7243089573362325,0.7541118482344975
2020-08-24,0.7267819573936741,0.7241671827480235,0.7540092974803986
2020-08-25,0.7266962748049878,0.7241194147709152,0.7539603290938891
2020-08-26,0.7266013244270885,0.724149648505451,0.7539483423113045
2020-08-27,0.7269817286932136,0.7241607095795985,0.753967128567373
2020-08-28,0.727026328405845,0.7241542811344762,0.7540377705798421
2020-08-31,0.7266799598559731,0.724101175957593,0.7541236130730367
2020-09-01,0.7261002599158505,0.7242431369947142,0.7540842313849389
2020-09-02,0.7260409566372107,0.7240825308418721,0.7540409521202724
2020-09-03,0.725529687855078,0.7241535433519121,0.7540387407294984
2020-09-04,0.725483621754721,0.7240332980429616,0.7541271766829637
2020-09-07,0.7253559333718391,0.7239212684170016,0.7540716451144528
2020-09-08,0.7251429969932442,0.7238247157313572,0.7541840534406331
2020-09-09,0.7252138383392729,0.723917712883654,0.7542385896294154
2020-09-10,0.725650109349933,0.7239224940290828,0.7543020173557237
2020-09-11,0.7256763379605811,0.7239195721968619,0.7542380712901977
2020-09-14,0.7257144734526331,0.723907100998675,0.7541672559060711
2020-09-15,0.7259272780289244,0.7239063232876967,0.7542214657550288
2020-09-17,0.7258420883075093,0.7237835972283849,0.7542413710017777
2020-09-18,0.726109677123782,0.7237712596869819,0.7541743417082403
2020-09-21,0.7256479068591705,0.7237435573280556,0.7541942949165484
2020-09-22,0.7257283091213161,0.7238174799901456,0.7543485665133155
2020-09-23,0.7262051129204764,0.7236492867048181,0.7542504672993611
2020-09-24,0.7263330798505865,0.7237850234143595,0.7543872202233751
2020-09-25,0.726374789656412,0.72392783070263,0.7543422965581514
2020-09-28,0.7260309248459874,0.723962691974341,0.7542692000050322
2020-09-29,0.7269588974893322,0.7239460542858595,0.7540959527062449
2020-09-30,0.7271749197211108,0.7239147209789668,0.754103817790271
2020-10-01,0.7268046240723525,0.7239252769535824,0.7542236113046056
2020-10-02,0.7274458957896492,0.7238632790494712,0.7542628908253352
2020-10-05,0.7284168901666066,0.7237982529094111,0.7542177266009624
2020-10-06,0.7286006833086939,0.7239700664025764,0.7541154765011346
2020-10-07,0.7285985383556136,0.7239512801550032,0.7542098056532743
2020-10-08,0.7287700249197555,0.7238932264010355,0.7542747092270065
2020-10-09,0.7280170627399211,0.7238716255386702,0.7542170903350132
2020-10-12,0.7281843756503988,0.7238231402696881,0.754307467987331
2020-10-13,0.7284342980129,0.7237572789101856,0.7542835511157329
2020-10-14,0.7286865113970405,0.7238064975964779,0.7542754152402082
2020-10-15,0.7288869677608112,0.7239997172647605,0.7543235386758574
2020-10-16,0.7290540260344963,0.7238774194042392,0.7544409533687986
2020-10-19,0.7285547674297999,0.7240147621669758,0.7544244969190085
2020-10-20,0.7288143849300995,0.7238385312533256,0.7543619569169345
2020-10-21,0.728933968988536,0.7237958625768637,0.7544435510882685
2020-10-22,0.7287626040345918,0.7236091224317457,0.7544584487968753
2020-10-23,0.7295293642249994,0.7236807669881248,0.7545707132037722
2020-10-26,0.7294762334288619,0.7235108467184999,0.7546202222034505
2020-10-27,0.7291795660525493,0.723561997826321,0.7545350888453419
2020-10-28,0.7289371269607933,0.7234965297862117,0.7546123793363698
2020-10-29,0.728596853131944,0.7235595721988898,0.7545905696275769
2020-10-30,0.7285508281814854,0.7235941525231473,0.7545573116564278
2020-11-03,0.7284160351580822,0.723486182309554,0.7544968936886273
2020-11-04,0.728368901102149,0.723475960862665,0.7544960298903873
2020-11-05,0.7277289337537081,0.723492495524486,0.7546349443180493
2020-11-06,0.727826955484544,0.72348811532064,0.7545911555302608
2020-11-09,0.7277742665575682,0.7234314641425406,0.754503699569278
2020-11-10,0.7280365448255812,0.7234928753697538,0.7547293993881117
2020-11-11,0.727874411051214,0.7234674481134674,0.7546361262224878
2020-11-12,0.7279152804477086,0.7233579157787804,0.7547010298195401
2020-11-13,0.7279167147329315,0.7232646213361119,0.7546132201909381
2020-11-17,0.727462151473538,0.7232735607122274,0.754764121160486
2020-11-18,0.7273845231560981,0.7234494983902956,0.7547744997667442
2020-11-19,0.7274630446625879,0.7234785361249167,0.7546903067390653
2020-11-20,0.7272639333193603,0.7234119728842123,0.7547687872413605
2020-11-23,0.7271397123186218,0.7235002147250199,0.7547867298041573
2020-11-24,0.7268094219121983,0.7234136376537343,0.754793843555863
2020-11-25,0.7263760269315415,0.7234062062144304,0.7548740661391327
2020-11-26,0.7265442493550318,0.7235787630540911,0.7548661314760191
2020-11-27,0.7263329365265392,0.7235711169760719,0.7548686236102311
2020-11-30,0.7268486459319574,0.7235746296630461,0.754704281147943
2020-12-01,0.7267629810047123,0.7235772647747666,0.7546709333468935
2020-12-02,0.7265612639982164,0.7236154955180234,0.754636963763722
2020-12-03,0.7265239850969414,0.7237282374640995,0.7547218866993655
2020-12-04,0.7267337373360911,0.7236280561965596,0.7547310845175118
2020-12-07,0.7266521449973572,0.7234761579723615,0.75473339693624
2020-12-08,0.7266579970469597,0.7235580218226172,0.7548468291649754
2020-12-09,0.7266674920645265,0.7234738861945658,0.7547741375050553
2020-12-10,0.7264152631337302,0.7234799228906907,0.7548018987028263
2020-12-11,0.7265904085271297,0.7234328955806786,0.7547961517732995
2020-12-14,0.7263380503505917,0.7234621175740557,0.7547730773372231
2020-12-15,0.7264686504990221,0.7235317790252933,0.7548909917334523
2020-12-16,0.7261211712323768,0.7234459582604611,0.754936832135196
2020-12-17,0.725903638072921,0.7233579101718415,0.7549555316310532
2020-12-18,0.7260187385920557,0.7235511280531579,0.754928509401778
2020-12-21,0.7258797375972632,0.7235313123509984,0.7550182936200314
2020-12-22,0.725295429744181,0.7231295807556923,0.7550617737286113
2020-12-23,0.7246505350748139,0.7231978497645772,0.7550595869740765
2020-12-24,0.7246850027114722,0.723186384455147,0.7550759670258076
2020-12-28,0.7242176572103131,0.7230765505670734,0.7550878795716849
2020-12-29,0.7234515945067668,0.7230690901222849,0.7551240601857154
2020-12-30,0.7236305381574252,0.7230737953421953,0.7550369181634925
2020-12-31,0.7231624143198113,0.7231192417266854,0.7550380150116005
2021-01-04,0.723425441268126,0.7229687948487887,0.7548952442834883
2021-01-05,0.723505966580412,0.7231544720358154,0.7549248570991901
2021-01-06,0.7233755931952143,0.7230581048849314,0.7549401342131613
2021-01-07,0.7231334857699715,0.7231741922725208,0.7549404649751135
2021-01-08,0.7234183797922678,0.7231302985307724,0.7549686639014862
2021-01-11,0.723237793181229,0.7232204194440824,0.7551426700760238
2021-01-12,0.7233282573376458,0.7231559647843668,0.755026684331428
2021-01-13,0.7231591728145519,0.7231663939066713,0.7548896131509412
2021-01-14,0.7229920484968073,0.7231322210687545,0.7548490365397319
2021-01-15,0.7229497491028749,0.7231950435115478,0.7548670729269843
2021-01-18,0.7229834959359522,0.7231802786464314,0.755103530456018
2021-01-19,0.722847463471715,0.7231857230863434,0.7550309908409271
2021-01-20,0.7229344970849366,0.7231956030098735,0.7549591413488028
2021-01-21,0.7226747819039241,0.7232245264032873,0.7550448419399264
2021-01-22,0.7226367069950173,0.7232086828714352,0.7550800370613472
2021-01-25,0.7226684380860403,0.723319618393117,0.7550159793821861
2021-01-26,0.7229225895855577,0.7231001292503529,0.7549945853653871
2021-01-27,0.7225804445511921,0.7231682599526589,0.7549960226291129
2021-01-28,0.7227998502782803,0.7230301326418037,0.7550879649588814
2021-01-29,0.722540008801163,0.7230637329324112,0.7551203265370046
2021-02-02,0.7221022093119803,0.7229761103462763,0.7551932455443863
2021-02-03,0.7220966510892033,0.7230043999277993,0.7552275994094338
2021-02-04,0.7224016578712004,0.7230874762259446,0.7551631251322598
2021-02-05,0.7220951038566685,0.7230487163437224,0.7553224512080924
2021-02-08,0.7222107564211315,0.7230849568016046,0.7553038085152819
2021-02-09,0.722427294082188,0.723052943961829,0.7552620047224118
2021-02-10,0.7226899793070983,0.7231120872810853,0.7553758399477616
2021-02-11,0.7221355082416072,0.7230325714541207,0.7552832689369212
2021-02-12,0.7224267353112372,0.7231145072130979,0.7553230322044865
2021-02-15,0.7226041485746153,0.7232133193605345,0.7553643236249666
2021-02-16,0.7228067976675098,0.7232920587747069,0.7554030396820862
2021-02-17,0.7228015141656192,0.7231687395116247,0.755311683491743
2021-02-18,0.7228466299038873,0.7231213877541817,0.7553558429056503
2021-02-19,0.7230167747827576,0.7231865564322696,0.7552579014358469
2021-02-22,0.7228586671320834,0.7231569806132087,0.755371461915734
2021-02-23,0.7225988863444833,0.7230579722501531,0.7552982618432342
2021-02-24,0.7227726168135367,0.723117000425587,0.7553748831238227
2021-02-25,0.7226865744658385,0.7229459952716628,0.7553958092689693
2021-02-26,0.7222143207819046,0.7228215685353684,0.7553747572351974
2021-03-01,0.7221336020558841,0.7230297650655939,0.7552538178775774
2021-03-02,0.7219108009882627,0.723004049507974,0.7553239759159391
2021-03-03,0.7218227877771312,0.7229151999974097,0.7552605046092171
2021-03-04,0.7222858186845263,0.7229689021045016,0.7552341409747021
2021-03-05,0.7222800043816706,0.7229800243598825,0.7552384678175029
2021-03-08,0.7221037084017332,0.7231199057498437,0.7552519839645028
2021-03-09,0.7223124873091012,0.7229543572941945,0.7554061906741693
2021-03-10,0.7222700894063342,0.7230248389698105,0.7555815253995322
2021-03-11,0.7222224499964712,0.7230351966085948,0.7555494717375072
2021-03-12,0.7222311805265597,0.7230049507733692,0.7554889393053714
2021-03-16,0.7220164060514952,0.7230025549986562,0.7553721504471811
2021-03-17,0.7222860940427043,0.7230639379616504,0.755436051033219
2021-03-18,0.7221185200809673,0.7229436436354097,0.7555588900969241
2021-03-19,0.7217680655868497,0.7228742546835548,0.7556000186256255
2021-03-22,0.7214693732208475,0.7230342054992631,0.7556386699752585
2021-03-23,0.7216195127950458,0.7230603148220521,0.75561024345262
2021-03-24,0.7217032325954535,0.723085145001533,0.7555839593209192
2021-03-25,0.7216672928977911,0.7231343800316482,0.7555260472344317
2021-03-26,0.7219813947102387,0.7230378777393813,0.7557161319623881
2021-03-29,0.7215503269029144,0.7229845862282782,0.7556706828809464
2021-03-30,0.721730606213,0.7229406985424242,0.7557045668883704
2021-03-31,0.7215172680506431,0.7228621690371339,0.75569691823133
2021-04-05,0.7213892827043852,0.7229215162319391,0.7556193744432966
2021-04-06,0.7212303744987949,0.7229084082019075,0.7557583393584821
2021-04-07,0.7211824721278903,0.7229057092822212,0.7557022380860833
2021-04-08,0.7211316958679137,0.7228001071404118,0.7557521254570042
2021-04-09,0.7209652165966743,0.7226902590072308,0.7556661998345109
2021-04-12,0.7208318199214422,0.7228538044767804,0.7556353765608291
2021-04-13,0.7207033447820006,0.7226385598418114,0.7557400879501557
2021-04-14,0.7205837114220557,0.7226430977052112,0.7556939460557023
2021-04-15,0.7207867074472384,0.7226379729416519,0.7555788979015478
2021-04-16,0.7204724354656685,0.7226536270767007,0.7556174322478055
2021-04-19,0.7201711950346115,0.7226040794657511,0.7556211431288706
2021-04-20,0.7199972974164242,0.7225554431612118,0.7557570178310292
2021-04-21,0.720131074357321,0.7227427955976149,0.7558364950806341
2021-04-22,0.7202935576188303,0.7226257849416977,0.7557846080859657
2021-04-23,0.7203852425611116,0.7227130272485495,0.7556349576492254
2021-04-26,0.7201569545853082,0.7228831076488018,0.7556794516924554
2021-04-27,0.7204531425942836,0.7227621455693422,0.7557055872742618
2021-04-28,0.720916706359527,0.722770551633577,0.7554424160451271
2021-04-29,0.7208760867674618,0.7227446233996564,0.755540606572435
2021-04-30,0.7204510443043457,0.7227777007249959,0.7554634171703215
2021-05-03,0.720236558008171,0.7227042860452337,0.7553783591368165
2021-05-04,0.7203235807401404,0.7225970359571479,0.7554489226094921
2021-05-05,0.7203804003656431,0.7227368139134793,0.7553103536767708
2021-05-06,0.720475703686708,0.7225869749658427,0.755320613669148
2021-05-07,0.7207650047559958,0.722574394020747,0.7553088231924188
2021-05-10,0.7207604614850369,0.7225668252310703,0.755262730741874
2021-05-11,0.720761560679056,0.7226040410170483,0.7553556233897997
2021-05-12,0.720447099442087,0.7227041574826368,0.7553997887479603
2021-05-13,0.7203273591028294,0.7226421848282549,0.7554522428182723
2021-05-14,0.720239399391047,0.7225533937033315,0.7554712749408656
2021-05-17,0.7205249680322912,0.7226120071035514,0.7556180255628377
2021-05-18,0.7203228677796245,0.722608633568847,0.7555421459957027
2021-05-19,0.720446273565658,0.7225780401251533,0.7555537390628008
2021-05-20,0.7202237724855574,0.7226871775215572,0.7555078242860516
2021-05-21,0.7203562138209145,0.72258668382758,0.7556092668222302
2021-05-24,0.7205354272934668,0.7226270556111749,0.755611640750039
2021-05-25,0.7202701047705005,0.7226769276281317,0.7556524315517483
2021-05-26,0.7205138071731267,0.7225430461107185,0.7555596423499377
2021-05-27,0.7205283709813833,0.7224609260371908,0.7556901894768944
2021-05-28,0.7204772359059566,0.7224077985639774,0.7557064681099598
2021-05-31,0.7200889964728128,0.7223805780428533,0.7556196306896233
2021-06-01,0.7200065321137276,0.7224973570238993,0.7557457505445063
2021-06-02,0.7200548512586202,0.7226048389834233,0.7557461401661694
2021-06-03,0.7198690950479611,0.7224747684936744,0.7556868990281671
2021-06-04,0.7197873264938179,0.7224715383102838,0.7558173996624379
2021-06-07,0.7193276263449729,0.7225127595703503,0.7557492484658767
2021-06-08,0.718852316221583,0.7224602325100635,0.7557708000268833
2021-06-09,0.7184641904326549,0.7222887436771036,0.7557919492343294
2021-06-10,0.718544634703412,0.7224241353468763,0.7558489536558244
2021-06-11,0.7186344504874105,0.7225504345295874,0.7556874103299696
2021-06-14,0.7181642466352369,0.7224402638177858,0.7557010726741745
2021-06-15,0.718635253528047,0.7223135077877166,0.7558419650049412
2021-06-16,0.7185952794305993,0.7224192430327273,0.7559913239046957
2021-06-17,0.7185962303918662,0.7223712640119989,0.7560008510210469
2021-06-18,0.7188986054814247,0.722406853524214,0.7559811038141535
2021-06-21,0.7192001983490891,0.7223888499988399,0.7559235135447145
2021-06-22,0.7192758380050329,0.7222590683030905,0.7559191401441231
2021-06-23,0.7191823215482862,0.7222767410131886,0.7560423423287234
2021-06-24,0.7191140192085509,0.7222006191524062,0.7561047391981899
2021-06-25,0.7192366636401264,0.7222561459452889,0.7560611089010661
2021-06-28,0.7191446701050135,0.722055017024922,0.7560276249439317
2021-06-29,0.7193489997296031,0.7219892082752629,0.7559766660769464
2021-06-30,0.7196062546017192,0.7221105690295124,0.7559974441023953
2021-07-01,0.7199558184940842,0.7219806070314071,0.755951285363551
2021-07-02,0.7202433506938153,0.7220293340298397,0.7557898968879222
2021-07-05,0.7201265586800312,0.722190759814928,0.7559039392180047
2021-07-06,0.7204210183037061,0.7221564426283624,0.7560031362353817
2021-07-07,0.7202418723278398,0.7221222604898225,0.755981814599723
2021-07-08,0.7201944962953131,0.7221209328693998,0.756054405496163
2021-07-09,0.7205441256464002,0.7221667967112263,0.756206613886073
2021-07-12,0.7207688332489112,0.7221161650852698,0.756027479431296
2021-07-13,0.7208600987142754,0.7221761413659349,0.7560871450027417
2021-07-14,0.7208203830588241,0.72217275868549,0.7561248775757413
2021-07-15,0.7211774785034593,0.7221994865546648,0.7559955265838636
2021-07-16,0.7209613514858662,0.722049130683714,0.7561978582573982
2021-07-19,0.7202770520295605,0.721948031026947,0.7559894955126271
2021-07-20,0.7203202648509888,0.7219329399882906,0.7560308947035506
2021-07-21,0.720226297575806,0.7219748309124772,0.7560305104873042
2021-07-22,0.7201905654650689,0.7219025381821835,0.755966843667509
2021-07-23,0.7202064050907091,0.7218636820833375,0.755987495739163
2021-07-26,0.7200402764511615,0.7218854083275004,0.7561100479946409
2021-07-27,0.7202173476394026,0.72179457858055,0.7560732998928447
2021-07-28,0.7207396260055985,0.7218808425836388,0.7561401853545919
2021-07-29,0.7213475771939084,0.721813982089274,0.7561114671579343
2021-07-30,0.7210174568231092,0.7217027644692874,0.7560944618113197
2021-08-02,0.7211893953890846,0.7217066463188903,0.7560603708545053
2021-08-03,0.7211512569593205,0.7215889699775009,0.7561379336403494
2021-08-04,0.7212846315968223,0.7216462505343447,0.7561947381526749
2021-08-05,0.7212402462900729,0.7216325429140646,0.7560218894113514
2021-08-06,0.7211171813335353,0.7214921905456432,0.7560913499121608
2021-08-09,0.7207384497940917,0.7214784516602727,0.7559744262455264
2021-08-10,0.7203064218447612,0.7214225066047553,0.7559950768913662
2021-08-11,0.7204385385546482,0.7213586956035367,0.7562471332892647
2021-08-12,0.7204371722074808,0.7214579461385122,0.7561251053097544
2021-08-13,0.720479916346382,0.7213427219617347,0.756171657109397
2021-08-16,0.7203496670967798,0.7213156262397608,0.7563341267022715
2021-08-17,0.7203012547558817,0.7213738631083646,0.7561261183899726
2021-08-18,0.7205618580815675,0.7214420571977159,0.7562802191344721
2021-08-19,0.7201354461503611,0.7214093766696983,0.7562501807080277
2021-08-20,0.7202587008066275,0.7214619771134696,0.7561810548119605
2021-08-23,0.7203028026818996,0.7215103304920018,0.7563189076331511
2021-08-24,0.7201748537304068,0.7214612376933819,0.7563735662755096
2021-08-25,0.7204819413722487,0.7214610120912165,0.7564860720494228
2021-08-26,0.7204384009935515,0.7213919343169016,0.75646467233576
2021-08-27,0.7203524544784942,0.7213272280737466,0.7565068641484685
2021-08-30,0.7207388872813426,0.7213001200860847,0.7563709399254911
2021-08-31,0.7207404598421026,0.7212968749230323,0.7563040973826614
2021-09-01,0.7208225201464926,0.7211769276476399,0.7563486741716552
2021-09-02,0.7209522768597958,0.7213757686382465,0.7565276293997273
2021-09-03,0.7207384730669814,0.7212248435701689,0.7564457641893786
2021-09-06,0.7208282436723731,0.7211725283243409,0.7565282845564764
2021-09-07,0.7210707520411086,0.7211538176104021,0.7564048347947813
2021-09-08,0.7212432268036221,0.7210632938736276,0.756314509777818
2021-09-09,0.7210246936043928,0.7211424154647345,0.7563292170197136
2021-09-10,0.7212072373492804,0.7211586358803816,0.7566377846765807
2021-09-13,0.7213672296925278,0.7210245811997437,0.7565746084513312
2021-09-14,0.7217054014311822,0.7211062721709325,0.7564972764352385
2021-09-15,0.7218818169621918,0.7212070728903935,0.7565418881434376
2021-09-17,0.7215389906181401,0.721202423726032,0.7563710787711111
2021-09-20,0.7209367327451076,0.7211092701565435,0.7562771828979952
2021-09-21,0.7209777570358891,0.7210553398054688,0.7563449651616824
2021-09-22,0.7211847320747383,0.7209442415091836,0.7563044556193258
2021-09-23,0.7210059746860457,0.7209069785357366,0.7565912779415518
2021-09-24,0.7213556478427193,0.7208848853594292,0.7565325701202306
2021-09-27,0.7211795273241114,0.7209579304369954,0.7564514659190954
2021-09-28,0.7207968953256119,0.7209014370145861,0.7564459654282455
2021-09-29,0.7208437004839802,0.7207874104560568,0.7564510632659425
2021-09-30,0.7208432637133966,0.7207704920305096,0.7566464212097561
2021-10-01,0.7211844711055767,0.7208122060450478,0.7565115277749191
2021-10-04,0.7213509581918479,0.7207931230728558,0.7563823085327893
2021-10-05,0.7213465598108058,0.7207653859311741,0.7564258313137563
2021-10-06,0.7216017963076138,0.720643748525204,0.7565091158563695
2021-10-07,0.7220256586662587,0.7206036997567004,0.7566745216073133
2021-10-08,0.7220183775325871,0.7205895402481057,0.7566327318245712
2021-10-11,0.7221964963559718,0.720570735822837,0.7564655269618927
2021-10-12,0.7221904350026921,0.720500298405306,0.7565740277650516
2021-10-13,0.7221057547559289,0.7204409934775784,0.756478169661894
2021-10-14,0.7224434289582498,0.7203167856243831,0.7564888709069919
2021-10-15,0.7222342640432933,0.7202769099226923,0.7565893694155323
2021-10-18,0.7220566618738656,0.7203115719052807,0.7565860853878914
2021-10-19,0.7221507730094199,0.7203473976429153,0.7565080712326573
2021-10-20,0.7222841517437919,0.720344476809097,0.7565510676798924
2021-10-21,0.7225443913580927,0.7203221703005401,0.7564564298175674
2021-10-22,0.7226600155302891,0.7202916310681133,0.7565883915568996
2021-10-25,0.7224854606369274,0.7202621280345667,0.7565520454256459
2021-10-26,0.7226984616027596,0.7202128351995689,0.7565988591454319
2021-10-27,0.7227539022425982,0.7203877361651796,0.7564226889904256
2021-10-28,0.7227181976386283,0.7203295103152972,0.7563471493756467
2021-10-29,0.7226384555150065,0.7202642699009327,0.7564355633350707
2021-11-01,0.7232332134605768,0.7201617621999991,0.7564929018096095
2021-11-03,0.723403808218847,0.7203497002037996,0.7564380010154858
2021-11-04,0.7236120336521801,0.7201505258090203,0.7564495271465499
2021-11-05,0.7239503625168225,0.7202364203079338,0.7564350590014564
2021-11-08,0.7244279292712195,0.7203256777129062,0.7562516044245268
2021-11-09,0.7242633737617069,0.7202468949976795,0.7563652140535437
2021-11-10,0.7244358054416242,0.7201191885605166,0.7563513461967504
2021-11-11,0.7244846318454892,0.720122169802779,0.7563703145409448
2021-11-12,0.7244414839934281,0.7201870549580248,0.7563902556227253
2021-11-16,0.7242789364588441,0.7201303110347372,0.75634386617752
2021-11-17,0.7244446155462448,0.7201998144345418,0.7563983293944081
2021-11-18,0.7245692310136793,0.7202610998169742,0.7563167147817248
2021-11-19,0.7245268020525093,0.7201709647655662,0.7561863744339996
2021-11-22,0.7246181409965485,0.7201473958944486,0.7561962515077157
2021-11-23,0.7249078193188785,0.7200809223362561,0.7561125547010153
2021-11-24,0.7246585627582816,0.720027796003536,0.7560653785407166
2021-11-25,0.7246582553243461,0.720098051534725,0.7562235485457814
2021-11-26,0.7251993618980911,0.7201036162238953,0.7562267040459972
2021-11-29,0.7257095448507798,0.7200946753339579,0.75618212751257
2021-11-30,0.7257147876274861,0.720129043376245,0.7561123613403564
2021-12-01,0.7258384710154292,0.7201554167186064,0.7560680105411182
2021-12-02,0.7258004056819893,0.7200679513042451,0.7560499951774553
2021-12-03,0.7258535420567043,0.7200483173314423,0.756365995137976
2021-12-06,0.726019315720197,0.7200936716704135,0.7562079868870804
2021-12-07,0.7255932809677068,0.7201116886000147,0.7562670211980652
2021-12-08,0.7255462909881114,0.7200567006726949,0.7563260988061844
2021-12-09,0.7260155497506146,0.720048198044295,0.756459757349588
2021-12-10,0.7261552593745128,0.7199126179235299,0.7564623821965745
2021-12-13,0.7264111964330774,0.7199589830623553,0.7562645163968709
2021-12-14,0.7266694167429589,0.7200732004180578,0.7563845926550432
2021-12-15,0.7265471200700012,0.7200771520625099,0.7563195340932043
2021-12-16,0.7262082411430075,0.7200019906575765,0.75658313180068
2021-12-17,0.7260243844862677,0.719921380226868,0.7565861076524226
2021-12-20,0.7255945158992329,0.7199842882929147,0.756575612137511
2021-12-21,0.7255105326642096,0.7199477412083308,0.7565426768761953
2021-12-22,0.7259910443932708,0.7199630344580639,0.7565669912334058
2021-12-23,0.7260788947294752,0.7199998617978304,0.7565473178991687
2021-12-24,0.7261647408154596,0.7200364097739739,0.756445393094006
2021-12-27,0.7259852406371279,0.720119939089669,0.7566620690513381
2021-12-28,0.7259883666736751,0.7199944376666157,0.7566045522536528
2021-12-29,0.726073714822878,0.7199661739260269,0.7568072595425354
2021-12-30,0.7262371451455393,0.719917062526033,0.7566139947631426
2021-12-31,0.7262353317524002,0.7197511460430452,0.7568850880878042
2022-01-03,0.726401153095539,0.7198208397032791,0.7568353829814303
2022-01-04,0.7263138001509688,0.7197573440585352,0.7568456193746295
2022-01-05,0.726534313120113,0.7197535703907085,0.756804130895778
2022-01-06,0.7269042933694014,0.7197945361014245,0.7570430639987359
2022-01-07,0.7271157369218448,0.7197533794109772,0.7570026860266049
2022-01-10,0.727065020902144,0.7198609739324074,0.7570449779146198
2022-01-11,0.7269845854081611,0.7198088427858135,0.7570456580118236
2022-01-12,0.7268196511533495,0.7199839125123907,0.7568715484364181
2022-01-13,0.7266967554663148,0.7199885799646824,0.7570073726010322
2022-01-14,0.7265527818092223,0.7199668591788889,0.7571174540247406
2022-01-17,0.7268028972372678,0.720034038001978,0.7570297687626396
2022-01-18,0.7268469803236626,0.7200244093273875,0.7571783355561594
2022-01-19,0.7270686200008794,0.7199673593451885,0.7571013475683075
2022-01-20,0.7269472811121278,0.7199521509135449,0.7572962596303212
2022-01-21,0.7275472199646306,0.7198916943767234,0.7573204906562956
2022-01-24,0.7270873137953027,0.7198386119931698,0.7574518115851383
2022-01-25,0.7272036382216357,0.7198024777293001,0.757410019706504
2022-01-26,0.7269493594440712,0.7198511476246069,0.757293855808276
2022-01-27,0.7275822147950404,0.7200311460927611,0.7571992791339527
2022-01-28,0.7281392156671571,0.7201434183353462,0.7571154117591687
2022-01-31,0.7283910902833958,0.7201134826781315,0.7572908590925246
2022-02-01,0.7292349829127703,0.7200528859155688,0.7572765280464567
2022-02-02,0.7296150178595758,0.719910631774834,0.7572070034712642
2022-02-03,0.7302049927609239,0.7199791048030753,0.7571573140518386
2022-02-04,0.7308785119416645,0.7198668875730512,0.7571865238103611
2022-02-08,0.7312088068496285,0.7199971896788451,0.7572528076082965
2022-02-09,0.7317572080368382,0.7198992665065286,0.757284580371685
2022-02-10,0.7323920041967495,0.7198968083990899,0.7573684641917755
2022-02-11,0.7326858043197924,0.7199397379589302,0.757323717594351
2022-02-14,0.7324756232206874,0.7199060014478872,0.7573636032262525
2022-02-15,0.7328454882366187,0.7199639777666044,0.7573165016295497
2022-02-16,0.7332322221761572,0.7199511220187134,0.7572825494744656
2022-02-17,0.7334466147736755,0.7199216247165504,0.7574596551762751
2022-02-18,0.733404283392475,0.7197386653362571,0.7573301745963458
2022-02-21,0.7340685320846392,0.7198721715893248,0.7571804061855573
2022-02-22,0.7336058718086138,0.7197542112363318,0.7571961320802284
2022-02-23,0.7330977932161341,0.7198162620708641,0.757143261919471
2022-02-24,0.7332752474968508,0.7198050557942822,0.7571615756957927
2022-02-25,0.7331086358919522,0.7198780487971731,0.7572336684902147
2022-02-28,0.7332400075659417,0.7198354382940689,0.7572064628977394
2022-03-01,0.733405984559233,0.7198082285678081,0.7571902868258524
2022-03-02,0.73323306059433,0.7198035642942375,0.7572321459470502
2022-03-03,0.7331919885321521,0.7198946343098718,0.7573329925409994
2022-03-04,0.7334065365737982,0.7198132408126539,0.7572566157284178
2022-03-07,0.7329822005494641,0.7195417838558655,0.7571937716571374
2022-03-08,0.7331498166563964,0.7196492378569377,0.7572710825924952
2022-03-09,0.7324298989656316,0.7198422888467157,0.7570741989209793
2022-03-10,0.7330218002987446,0.7198819034750163,0.7573265288216612
2022-03-11,0.7332301631859186,0.7199583187653399,0.7572616902747639
2022-03-14,0.7333190078570201,0.7198989635550631,0.7571711750896828
2022-03-15,0.7333110311165704,0.7197783580800351,0.757294906425684
2022-03-16,0.73322003056802,0.7198608722218351,0.7573697815694418
2022-03-17,0.7333873771437581,0.7196755450853748,0.757261889952821
2022-03-18,0.7333362945179589,0.7198241993767466,0.7573316433273138
2022-03-22,0.7336718186780097,0.7199933164330905,0.7571179271555061
2022-03-23,0.7340919910976773,0.7199272320107384,0.7573523959425801
2022-03-24,0.7340503547144821,0.7200223123842142,0.7574973299699352
2022-03-25,0.7341864510591858,0.7199565335152024,0.7573951906541894
2022-03-28,0.7343644673982667,0.7198490209895311,0.7574373877421181
2022-03-29,0.7344067135718088,0.7197609097247982,0.7573319470447134
2022-03-30,0.7342962120362698,0.7197457033798011,0.7575559304344847
2022-03-31,0.7344981035326602,0.7197131543492589,0.7575036082843131
2022-04-01,0.7345491741510238,0.7195640444944489,0.7575862606892172
2022-04-04,0.7347205641869781,0.7195485105856246,0.7578306852013558
2022-04-05,0.7351910856389456,0.7194567758109921,0.7578790689771923
2022-04-06,0.7349384297958964,0.7193398222307514,0.7577568023461545
2022-04-07,0.7346868298837818,0.7194982908732634,0.7575761962796419
2022-04-08,0.7350644212442912,0.7195435838542037,0.7575717795691156
2022-04-11,0.7355317407360235,0.7194463592544383,0.7576972987037991
2022-04-12,0.7357912923793136,0.719516645096665,0.7573412557574358
2022-04-13,0.7359556310261031,0.7193865584901188,0.7574485308806116
2022-04-18,0.735871262382129,0.7192456565905845,0.7574018323723312
2022-04-19,0.7355764044005743,0.7193987067300471,0.7574169380245493
2022-04-20,0.7358295909148513,0.7191858917960098,0.7574126322836712
2022-04-21,0.7357180417220274,0.7190592731899664,0.7575197107580146
2022-04-22,0.7361696007438173,0.7189861963430473,0.7575184490965237
2022-04-25,0.7361266674475884,0.7190772997064188,0.7575019646799391
2022-04-26,0.7365465929202424,0.7191172662893274,0.7574596696019757
2022-04-27,0.736673301630069,0.7191021945609739,0.7573802983365855
2022-04-28,0.7367974887488495,0.7191841701752402,0.7574617092573511
2022-04-29,0.7365824061113828,0.7192643084930732,0.7573414229102791
2022-05-02,0.7364546045336927,0.7192060315135561,0.7573403791028546
2022-05-03,0.7368303942936485,0.719197636611376,0.7574469609771319
2022-05-04,0.7370289662634129,0.7191686826304593,0.7574439727399052
2022-05-05,0.736985890098475,0.718960145767737,0.7573800121089843
2022-05-06,0.7374389867486572,0.7190193420381339,0.7573423085343745
2022-05-09,0.7375572816674331,0.718933108268945,0.757598812579397
2022-05-10,0.7375144978402963,0.7189196272360612,0.7574260178492442
2022-05-11,0.7374829923067243,0.7187683046799604,0.7575028199398837
2022-05-12,0.7377402195927951,0.7186700999824517,0.7574833617368592
2022-05-13,0.7380300098864354,0.71863574087573,0.7574452923304086
2022-05-16,0.7381079123523473,0.718635433061723,0.7575573608343715
2022-05-17,0.7378556461592191,0.718682465253867,0.7576048682837315
2022-05-18,0.7371486350844961,0.7187067583591615,0.7575796485093828
2022-05-19,0.7369472607373473,0.7188304643003534,0.7574600611279474
2022-05-20,0.7370295338901247,0.7188807467540932,0.7574738142402647
2022-05-23,0.7371944846858004,0.7188128983926014,0.7574930644772527
2022-05-24,0.7373188733681206,0.7188512168903894,0.7575657667315455
2022-05-25,0.7371936857578198,0.7187504058069482,0.7576434996735397
2022-05-26,0.7373550415244405,0.7186077082545236,0.7576161216165741
2022-05-27,0.7370546600365523,0.7186992566059641,0.7576205475051698
2022-05-30,0.7370421464997898,0.7184380268317666,0.7574440562355107
2022-05-31,0.7370124886411615,0.7183366993108043,0.757642252812477
2022-06-01,0.7372593261306436,0.7184657446946908,0.7577646457187032
2022-06-02,0.7371260337545554,0.718502368093952,0.7579025623658144
2022-06-03,0.7374220247673458,0.7185676474880919,0.7577735311227876
2022-06-06,0.737637790831644,0.718436300226667,0.7579366279011532
2022-06-07,0.7378410550332839,0.7184641331498481,0.7578287262203038
2022-06-08,0.7382226663747237,0.7183700528554413,0.7577278003674934
2022-06-09,0.7384696902510594,0.7183988692237547,0.7577644819960294
2022-06-10,0.7377189469898531,0.7183107067576132,0.7576931314946822
2022-06-13,0.7376684662198167,0.7182788473563736,0.7579097507172617
2022-06-14,0.7376655819511047,0.7182820514927479,0.7577813527069851
2022-06-15,0.7379536486496638,0.7182466035439099,0.7578460654218192
2022-06-16,0.7378343720731708,0.7181778963104858,0.7578357942318615
2022-06-17,0.7377877895811797,0.718109996419413,0.7579557443134758
2022-06-20,0.7379202903915772,0.7180552386410268,0.7577578454307068
2022-06-21,0.7377907745714123,0.7180363320126113,0.7578099503673336
2022-06-22,0.7378695425308174,0.7181540186345806,0.7578225731396465
2022-06-23,0.737538461653001,0.718243057983443,0.7579771852578283
2022-06-24,0.7372015157563252,0.7181259226895241,0.7580612422368804
2022-06-27,0.7369957284815776,0.7182143998039942,0.7579391429608249
2022-06-28,0.7370754980062845,0.7182251425929436,0.7579428229137243
2022-06-29,0.7372304220922099,0.7181759831627024,0.7577671921949786
2022-06-30,0.7371871287904221,0.7182422781724627,0.7576496903116706
2022-07-01,0.7370680934541131,0.7181379032628897,0.7577071389601268
2022-07-04,0.7371107422097152,0.7180934885100283,0.7575630507225313
2022-07-05,0.7372925862270341,0.7181618697523731,0.7576872849457266
2022-07-06,0.7375920423550961,0.7182792496241285,0.7577534466818194
2022-07-07,0.737557965273509,0.7182287881213979,0.7577392952186467
2022-07-08,0.7375943028425768,0.7180997426637729,0.7576538734103099
2022-07-11,0.7378011690351612,0.7179932172765815,0.7578690393282329
2022-07-12,0.7377650192545445,0.7180251521626787,0.7577676493016376
2022-07-13,0.7376496857402666,0.7179736476518113,0.7577760827654286
2022-07-14,0.7376027546765191,0.7179733810216404,0.7578124763320188
2022-07-15,0.7378100194879854,0.7180973328984465,0.7576651952180016
2022-07-18,0.7378515679712919,0.7180153593783246,0.7578584603095967
2022-07-19,0.7377675275123381,0.7180647119849008,0.7578200184578734
2022-07-20,0.7380255490155364,0.7181123795959633,0.757856925039467
2022-07-21,0.7383637165217463,0.7181086846512513,0.757894832318644
2022-07-22,0.73869757724921,0.7180074411441565,0.7580372048344777
2022-07-25,0.7390404273414778,0.7179402424428687,0.7581028432962901
2022-07-26,0.7394955422234225,0.7178745575785734,0.7580441090774312
2022-07-27,0.7399963974863206,0.7181032601851947,0.7579417157510139
2022-07-28,0.739906755074287,0.718124620804057,0.7579168431314451
2022-07-29,0.7406182214856063,0.718019064386054,0.7577084443471365
2022-08-01,0.7407504630350124,0.7180178404698333,0.7577462307927784
2022-08-02,0.7406357459862396,0.7180340373578409,0.7580029539399272
2022-08-03,0.741208435596119,0.7180368235844763,0.7580112508426856
2022-08-04,0.7411678137656844,0.7180345723706189,0.7578676444272007
2022-08-05,0.7410025284291976,0.7181251467627197,0.7580341310124319
2022-08-08,0.7410436546373919,0.7180044787413995,0.7579455551057627
2022-08-09,0.7409225319701793,0.7179013431752219,0.7577891754212925
2022-08-10,0.7410069545990227,0.7180320913423626,0.7578882980798505
2022-08-11,0.7409668730958461,0.7179240305021214,0.7579275318501411
2022-08-12,0.7409271961283684,0.7177657616974686,0.7578147333931649
2022-08-15,0.74122007228736,0.717664521867321,0.7577603179755367
2022-08-16,0.7412608798924911,0.7174613742109103,0.7575951958271105
2022-08-17,0.7410550806735606,0.7176385234231453,0.7577437348306949
2022-08-18,0.740890337945747,0.7175381388115368,0.7578054971893905
2022-08-19,0.7408040954217254,0.7177376691932251,0.7577340979380552
2022-08-22,0.7410131437494756,0.717633361344383,0.7577886309173062
2022-08-23,0.7408109590217989,0.7175475880474091,0.757765683242202
2022-08-24,0.7410123962429435,0.7177447974639406,0.7578531185731128
2022-08-25,0.7409609994979449,0.7177544162167148,0.7578456099897974
2022-08-26,0.7409199887134065,0.7176044424210067,0.7580001402736776
2022-08-29,0.7404589075402876,0.7178178793710718,0.757956746962593
2022-08-30,0.7401175953337545,0.71781733955719,0.7580273392979905
2022-08-31,0.7398728092694711,0.7177989221501244,0.757940986726003
2022-09-01,0.7402913263989304,0.7179997945737495,0.7581264432502528
2022-09-02,0.741157899524281,0.7179545221810326,0.757981660332845
2022-09-05,0.7411546564532894,0.7178432015868751,0.7579557162608195
2022-09-06,0.7410331262607307,0.7178844891957434,0.7579774567560016
2022-09-07,0.7409100053784085,0.717811935822664,0.7579427426656276
2022-09-08,0.7408661687305509,0.717785155401831,0.7579729326951818
2022-09-09,0.7404060951854226,0.7178091608582582,0.7579231301027985
2022-09-12,0.7410273838862994,0.7178682854075281,0.7580341573904411
2022-09-13,0.7406089956564947,0.7176667884965313,0.7580400070427321
2022-09-14,0.7406513854225351,0.7177468153510136,0.7581115352259344
2022-09-15,0.7406993501099803,0.7176981416189632,0.7579967057138293
2022-09-19,0.7404927561364635,0.7178055790378579,0.7580863337300133
2022-09-20,0.7406138219024255,0.7178973496542296,0.7581131800776092
2022-09-21,0.7407750205962682,0.7177350997128122,0.7578468071650208
2022-09-22,0.7408519509947746,0.7177391406436733,0.7578717344425683
2022-09-23,0.7408106447628672,0.7176789855530182,0.7579260434245672
2022-09-26,0.7406075955418999,0.7176584427606022,0.7579258708932963
2022-09-27,0.7409047389828595,0.7176325572467215,0.757888346418859
2022-09-28,0.7408579506811838,0.7175833481992218,0.7581268100503923
2022-09-29,0.7415220692370773,0.7177457032405749,0.7579204211120439
2022-09-30,0.7416431545273062,0.7177254845291579,0.7579918319711684
2022-10-03,0.7419306764870853,0.717623487725063,0.7579098596951335
2022-10-04,0.7419249928154316,0.7176586653732038,0.7580715671144025
2022-10-05,0.7420991409357458,0.7176334235098524,0.7581287744592033
2022-10-06,0.7421356204473066,0.7176868371771864,0.7578956948277534
2022-10-07,0.7422241596995268,0.7174843697741153,0.7579771030071754
2022-10-10,0.7427622211148531,0.7173796513096191,0.758170051860529
2022-10-11,0.742555058022817,0.7173187642924821,0.7582164235429
2022-10-12,0.7426385458703978,0.717414277625601,0.7581631626541675
2022-10-13,0.7429132974861093,0.7174292145375383,0.7582947536233264
2022-10-14,0.7431202025277625,0.7174751814893172,0.7582586524883046
2022-10-17,0.7432851696273862,0.7175376748502943,0.7580887386517532
2022-10-18,0.7432126417572958,0.7174572618946818,0.7580838247410696
2022-10-19,0.7428380911893521,0.7175128362589192,0.7582839977848109
2022-10-20,0.7430147249842441,0.7174489431909225,0.758258582215671
2022-10-21,0.7429686011001324,0.7173950021301394,0.7580091347743486
2022-10-24,0.7430549082799349,0.7173452495786007,0.758225404791561
2022-10-25,0.7431295597541543,0.7176013162749522,0.7583076078753865
2022-10-26,0.7428901331015332,0.7175658318332845,0.7583645833300302
2022-10-27,0.7428874718637317,0.7176293542263388,0.7582771997940623
2022-10-28,0.7430940592995374,0.7177097648691305,0.7583297915937801
2022-10-31,0.7425525753118387,0.7175187838982923,0.7585381442027366
2022-11-01,0.7422988149536734,0.7174381221994671,0.7585440819777205
2022-11-03,0.7425020344791861,0.7171771376929982,0.758404726758721
2022-11-04,0.7419605804663248,0.7172488476933108,0.7583583251847121
2022-11-07,0.7418379221883886,0.7173538990550802,0.7583541053474864
2022-11-08,0.7418411263662947,0.7173979541114387,0.7581359881524379
2022-11-09,0.741972935741507,0.7174268896289505,0.7582688567774353
2022-11-10,0.7418464159898912,0.7174663655789199,0.7581759520717237
2022-11-11,0.7413947947006616,0.7174489458510693,0.7582844544515249
2022-11-14,0.7413596973763676,0.7175104942332434,0.7581757494974862
2022-11-15,0.741363040539738,0.7176020821982358,0.7582696876133357
2022-11-16,0.7418189994489639,0.7175080636336697,0.7582465435689323
2022-11-17,0.7421081864392812,0.7172959848763013,0.7583339720874449
2022-11-18,0.7422232203319272,0.7174149963885126,0.7583754144330417
2022-11-22,0.7427533302274393,0.717412388912475,0.7583290080391953
2022-11-23,0.7425347468364154,0.7175673538799068,0.7584042794524539
2022-11-24,0.7427389252894457,0.7175533875666481,0.7584794843018979
2022-11-25,0.7426179756328679,0.7175835814217661,0.758422094873655
2022-11-28,0.7423326344859291,0.7176214411200722,0.7583268401260987
2022-11-29,0.7421685544439418,0.71758603773795,0.7584098308658657
2022-11-30,0.7421185428152416,0.7174934711166542,0.7583617604545991
2022-12-01,0.7420359381889723,0.7176504080659767,0.7584363999985256
2022-12-02,0.742045410764825,0.7176391813816536,0.7582207221078336
2022-12-05,0.742003302737017,0.7175660682708738,0.7582807542157151
2022-12-06,0.7422862544893308,0.7176763065393132,0.7582415898850013
2022-12-07,0.7422926419552169,0.7176994467886861,0.7583850747197175
2022-12-08,0.7420958557941268,0.7176215494796706,0.7583038071296084
2022-12-09,0.74204758094415,0.7175942272167513,0.7582873464171987
2022-12-13,0.7423837426058268,0.7175195647139369,0.758376083890094
2022-12-14,0.7422910432146673,0.7175592557471888,0.7584477430776451
2022-12-15,0.7421233568835071,0.7174840857023359,0.7586681863245058
2022-12-16,0.7424514234613705,0.7175363968308517,0.7585288128320461
2022-12-19,0.7421749127673382,0.7174472482351767,0.7584704553372666
2022-12-20,0.7422520671271216,0.7176696250636251,0.7585073096640395
2022-12-21,0.742531737545521,0.7174974585474553,0.7583442213240581
2022-12-22,0.7423120708513791,0.7174642148226862,0.7583536020834396
2022-12-23,0.7425613166004659,0.7174085526658734,0.7584028304967698
2022-12-26,0.742887976697706,0.7173106005852149,0.7581509339535049
2022-12-27,0.7429208834168345,0.7173509534460862,0.7581786403360353
2022-12-28,0.7423360963102329,0.7173103293429143,0.7582607107534951
2022-12-29,0.7425424697013944,0.7172792189676823,0.7580781925366672
2022-12-30,0.7423254486343734,0.7172089518020547,0.758256543575599
2023-01-02,0.7423578140996622,0.7172177361841349,0.7583806648234085
2023-01-03,0.7423597317752105,0.7172083884116991,0.7583642727208986
2023-01-04,0.7423608816644915,0.7172856553726249,0.7586585732132983
2023-01-05,0.7421550789846366,0.717260666791577,0.758522625083539
2023-01-06,0.7417339902142442,0.7173071274478198,0.7586762313076065
2023-01-09,0.7415309818712167,0.717383028564179,0.758648832175634
2023-01-10,0.741322408068565,0.7172815047347436,0.7583040094491321
2023-01-11,0.7411610184391468,0.7172978449617936,0.7584484134540207
2023-01-12,0.7410721716920995,0.7173210925869261,0.758456237149928
2023-01-13,0.7409856666875573,0.7173451496238987,0.7585200674150326
2023-01-16,0.7408669712668382,0.7174254949877837,0.7584602319331112
2023-01-17,0.7404874332928291,0.7174726605166444,0.7585321282988171
2023-01-18,0.7407396766595564,0.7175348686788007,0.7585396469939399
2023-01-19,0.7407834218241987,0.7175033545402131,0.7585601230297813
2023-01-20,0.7406575762193492,0.7173411921155826,0.7586260128157852
2023-01-23,0.7409022509874267,0.7173956160953112,0.7586380812117546
2023-01-24,0.7410996915269566,0.7173523449192973,0.7585972887661888
2023-01-25,0.7409465105621758,0.7173877485580202,0.7587675615211535
2023-01-26,0.7410706168701355,0.7173200674260697,0.758676114138484
2023-01-27,0.7412756953461206,0.717284823997514,0.7586636389478983
2023-01-30,0.7409377679341439,0.717110029625607,0.7586128991471358
2023-01-31,0.7406090506338927,0.7171985936091488,0.7585663037476679
2023-02-01,0.7402692588550471,0.7171898775394995,0.7586759528462025
2023-02-02,0.7401812944729342,0.717085494637518,0.7585651494392226
2023-02-03,0.7405070112715846,0.7169926992332097,0.7584838857843268
2023-02-07,0.7403060152906404,0.7169105530111125,0.7585590978788925
2023-02-08,0.7404188323470967,0.7168270056640885,0.7585899633562752
2023-02-09,0.7407504338626889,0.7168951739180305,0.7586009442587396
2023-02-10,0.7408002564529629,0.7168976857533369,0.7586119689667755
2023-02-13,0.7410148625027326,0.7169967126623659,0.7585346570310689
2023-02-14,0.7407666248597423,0.7166565778193265,0.7588475851460174
2023-02-15,0.7406019172959355,0.7169158210651678,0.7585595453415728
2023-02-16,0.7404376071172805,0.7168931807919635,0.7586755406006215
2023-02-17,0.740615522887538,0.7168949019295325,0.7587257238682565
2023-02-20,0.7407408732558278,0.7169976406733903,0.7586267873037462
2023-02-21,0.7406545001699228,0.7169777735510873,0.75840044459939
2023-02-22,0.7410280019228767,0.716961407038042,0.7584297170188886
2023-02-23,0.741145128066018,0.7170139724759597,0.7583091023638184
2023-02-24,0.7408487894207367,0.7170206229001339,0.7583684425939478
2023-02-27,0.7407314569914741,0.7169237749827051,0.7584496738135205
2023-02-28,0.7409266697095572,0.7170452189830263,0.7583904499564925
2023-03-01,0.7410572222895703,0.7169611132540425,0.758502497235687
2023-03-02,0.7409014549282712,0.7168965857874329,0.7584297377353951
2023-03-03,0.7403971724592789,0.717017697099766,0.7584406640475337
2023-03-06,0.7406455637280027,0.7170199910591973,0.7587109248012515
2023-03-07,0.7404903475883159,0.7169352493343115,0.7584216594733593
2023-03-08,0.7404603981960736,0.716853398945686,0.7585252716056516
2023-03-09,0.7406620339889814,0.7167759620823081,0.758633452503819
2023-03-10,0.7406266837834654,0.7166872092871485,0.7586614207118806
2023-03-13,0.7407982915034371,0.7166776836741812,0.7586925719671536
2023-03-14,0.7408320199590861,0.7168744358290062,0.7587997658221933
2023-03-15,0.7409264059865507,0.7167932683684779,0.7587378136832729
2023-03-16,0.7410121385212749,0.7166775319045882,0.7586808919632677
2023-03-17,0.7408003573768417,0.7168020636872098,0.7586980069445328
2023-03-21,0.7409533705288727,0.716910925675555,0.7587068285332509
2023-03-22,0.7409181445464403,0.7169981702333081,0.7587685844064536
2023-03-23,0.7409182853067064,0.7170550878768528,0.7587380003640497
2023-03-24,0.7409727003480411,0.7169657613422243,0.758902962244038
2023-03-27,0.7409650262342985,0.7168007604039813,0.7588274910879049
2023-03-28,0.7408367604612839,0.716925650698606,0.7589114228019186
2023-03-29,0.7405885047892197,0.7169588567521114,0.7588292478788855
2023-03-30,0.7406729187228084,0.7169715165358747,0.7588481521978007
2023-03-31,0.7405805800413628,0.7168350606948705,0.7587822733112839
2023-04-03,0.7408727854178673,0.7169128555616177,0.7586692243514637
2023-04-04,0.7406942768357357,0.716795247256462,0.7586639536713293
2023-04-05,0.7401973841212388,0.7167943438640492,0.7586795084131415
2023-04-10,0.7401146177045645,0.7166561951971807,0.7586821056520094
2023-04-11,0.7399089668366055,0.716685032319223,0.7587266109056819
2023-04-12,0.739872944866329,0.7168963173313785,0.7587221925112154
2023-04-13,0.7397887996563194,0.7166607673850393,0.758701587594319
2023-04-14,0.7396561736317647,0.7166731849207166,0.758833284013925
2023-04-17,0.7396167183762974,0.7164574039427031,0.7589100975983469
2023-04-18,0.7396186653765026,0.716372404904774,0.758917322370733
2023-04-19,0.739702443770709,0.7164248469687665,0.7589893919123303
2023-04-20,0.7397858553958823,0.7162826499473088,0.7590872610532527
2023-04-21,0.7397848563654071,0.716371610084476,0.7589967661559485
2023-04-24,0.7401551103891906,0.7163168424298387,0.7588391122738036
2023-04-25,0.7402710302312441,0.7163650671529918,0.7589498840517194
2023-04-26,0.7399835713649412,0.7163968280664267,0.759021946742646
2023-04-27,0.7398183178058247,0.7162015379595038,0.7590172755304463
2023-04-28,0.7394423237538303,0.716273520934076,0.7589903926201649
2023-05-02,0.7398940216420056,0.7163588970204977,0.7590691868814974
2023-05-03,0.7399303001898946,0.7162449682747597,0.7591333385640483
2023-05-04,0.7400099608614202,0.716268697666865,0.7589484648501548
2023-05-05,0.7397661474912606,0.7162514736297032,0.7589300289621679
2023-05-08,0.7397384739376645,0.7162185776731272,0.7587893102565485
2023-05-09,0.7397897625272528,0.716304504953563,0.7589013264904144
2023-05-10,0.7397111825580199,0.7162874357874949,0.7589342824758217
2023-05-11,0.7397438362227806,0.7161731922256047,0.7590859188380027
2023-05-12,0.7394597701101919,0.7160536763617317,0.7589672361595377
2023-05-15,0.7395513914650172,0.7157877481131006,0.7591444133361667
2023-05-16,0.7393511250566341,0.7158746223583692,0.7590264560302192
2023-05-17,0.7395274874449144,0.7159862723090049,0.7589686724697192
2023-05-18,0.7393573499675615,0.7158709502856743,0.7591527320829295
2023-05-19,0.739020737546104,0.7160165717416939,0.7589197175383186
2023-05-22,0.7388212733587531,0.7159789415576648,0.7588978147490464
2023-05-23,0.7386176656083917,0.7158371617970378,0.7589564955695904
2023-05-24,0.7388327144853295,0.7157041966983534,0.7591125123620794
2023-05-25,0.7387452311830032,0.7158945023025365,0.758831103514679
2023-05-26,0.738743256865651,0.7158969253998605,0.7586825947169894
2023-05-29,0.7386545001383908,0.7158235148226907,0.7587274291548006
2023-05-30,0.7386130760283249,0.7158052524520603,0.7586444908955782
2023-05-31,0.7388581839428655,0.7158434439065335,0.7588944625657297
2023-06-01,0.7389903968343811,0.7158200567734924,0.7589504690075596
2023-06-02,0.7391210461614581,0.7159139159374632,0.7589871786890696
2023-06-05,0.739037485836614,0.7158174136584218,0.7589480725917224
2023-06-06,0.7388635821547191,0.7157643808191264,0.7589697247123319
2023-06-07,0.7393221833527349,0.7158514953260762,0.7588458473629243
2023-06-08,0.7390341625447264,0.7156869679223054,0.7589354140254768
2023-06-09,0.7391592690935882,0.7157588304676079,0.7589715963737488
2023-06-12,0.7393627164790115,0.7157311230192479,0.7589505295588902
2023-06-13,0.7400275029081275,0.7157748848752522,0.7589823231446767
2023-06-14,0.7398970859030543,0.7157767319834163,0.7589073369691633
2023-06-15,0.7401068389007133,0.7159247360196468,0.7589669049839314
2023-06-16,0.7402805529415931,0.7158912150813055,0.7589208560008706
2023-06-19,0.7405680013784577,0.7158160676970333,0.7588790230092186
2023-06-20,0.7408510226050149,0.7159189339555265,0.7589632665759599
2023-06-21,0.7406033605865973,0.7158996795038189,0.7588643022630979
2023-06-22,0.7403912829154766,0.7158067667625018,0.7587259219113431
2023-06-23,0.7403844886552411,0.7158022055073301,0.7588048620143782
2023-06-26,0.7403725606543136,0.7157378456437195,0.7586294957104838
2023-06-27,0.7403356916970899,0.7155535231969911,0.7586472743853094
2023-06-28,0.740246740061378,0.7157471681086873,0.7586153461767285
2023-06-29,0.739915886303312,0.7156054141785707,0.7586273171842479
2023-06-30,0.7399108443546627,0.7154721312739029,0.7587084261038209
2023-07-03,0.7394082357262913,0.715464527012097,0.7586589493305541
2023-07-04,0.7390347701296112,0.7154480670194509,0.758904124913921
2023-07-05,0.7392367035361301,0.7153497856870167,0.7589471159367356
2023-07-06,0.7392802210411856,0.7154788515187186,0.7587981555293783
2023-07-07,0.7389425188325035,0.7152571328174635,0.7587740364779524
2023-07-10,0.738992843859079,0.7151894858457413,0.7591702155081632
2023-07-11,0.7389940975122268,0.7152140595720513,0.7589144683903112
2023-07-12,0.7391953088994687,0.7151547592208242,0.7590007135210574
2023-07-13,0.7391918192518377,0.7152623317992618,0.7590647351725752
2023-07-14,0.7394424964156826,0.7154134509145587,0.7590680788621577
2023-07-17,0.7394421493774077,0.7154558599363477,0.7589980547883368
2023-07-18,0.7394341782892732,0.715417402738664,0.7591793929169105
2023-07-19,0.7391927095334233,0.715464852790364,0.7591148196236204
2023-07-20,0.739022256291443,0.7153855119584862,0.7592252406079518
2023-07-21,0.7392395155774982,0.7152695054620323,0.7592432020810882
2023-07-24,0.7390419814965733,0.7152750914235432,0.759247328662467
2023-07-25,0.7390365474337679,0.7152071219297559,0.7591538083607455
2023-07-26,0.7389825899881558,0.715281810621795,0.7590875296416946
2023-07-27,0.7391077836427823,0.7152882366725345,0.7591680305746015
2023-07-28,0.7387735668745954,0.715353806318343,0.7592112661694257
2023-07-31,0.7389913048246483,0.7153434513007132,0.759297068092988
2023-08-01,0.7387291553593668,0.7152280766578185,0.7593341842234755
2023-08-02,0.7383156102274746,0.7151379371324388,0.7592677726315855
2023-08-03,0.7382616283300798,0.7151548178252278,0.7593315526593897
2023-08-04,0.7381378841118025,0.7153160051059149,0.7594262003271238
2023-08-07,0.7381739810398543,0.7150691700400281,0.7593715132124549
2023-08-08,0.7381322779339383,0.7152776542305196,0.7594924297731732
2023-08-09,0.7380411255779131,0.7151163728445904,0.7596185542822201
2023-08-10,0.738164287998683,0.7151371945864845,0.7593882150033638
2023-08-11,0.737654719244018,0.7149901170110856,0.7592631985162481
2023-08-14,0.7379141543827105,0.7149534641209935,0.7593825694772496
2023-08-15,0.7379539489045804,0.7150285779391325,0.7593572193975644
2023-08-16,0.7384108736037588,0.7149042869201272,0.7595829109919895
2023-08-17,0.7379546774238972,0.7149095910062528,0.7594461899920928
2023-08-18,0.7378697928664225,0.7148093983871039,0.7594578382400173
2023-08-21,0.7377528594776893,0.7147956910683596,0.7594030822484955
2023-08-22,0.7377129976048973,0.7147749925717558,0.7595314977805264
2023-08-23,0.7374147534001197,0.7146785397040832,0.7594597448702052
2023-08-24,0.7369529207059483,0.7149358491038629,0.7593908311629709
2023-08-25,0.7367836962273021,0.7150531995557726,0.7593749898168713
2023-08-28,0.7368672725849015,0.7149834542703657,0.759360835009039
2023-08-29,0.7363273582122384,0.7152927586620307,0.7593540851779209
2023-08-30,0.7362447778121682,0.7149956756353124,0.7593171029153786
2023-08-31,0.7356089173235443,0.7149337128823842,0.7593822662380664
2023-09-01,0.7355265826181923,0.7147936283538391,0.7593461917708625
2023-09-04,0.7356384008121012,0.7150260967970026,0.7592665664047527
2023-09-05,0.7355593984874087,0.7149686619452789,0.7594380543673449
2023-09-06,0.73559951890146,0.7150071295297811,0.7593662618331131
2023-09-07,0.7353165176150464,0.7150798142844123,0.759300624403009
2023-09-08,0.7355650482952257,0.715027014467526,0.7593797227351397
2023-09-11,0.7355297964755172,0.715121502917173,0.7594997362659986
2023-09-12,0.7353956154127915,0.7151566624477902,0.7595857540089169
2023-09-13,0.7352622180550117,0.715213788535582,0.7597095569040456
2023-09-14,0.7348411746960402,0.7151474295048972,0.7594844372418178
2023-09-15,0.7350179271961214,0.7152012860014535,0.7595381738723409
2023-09-18,0.7351833610456333,0.7151894237276186,0.7594921779317174
2023-09-19,0.7350544688313722,0.7151979489189598,0.759346375843102
2023-09-20,0.734830507852121,0.7152966200770452,0.7595178197144233
2023-09-21,0.7347049982299567,0.7153250621441062,0.7593713180697875
2023-09-22,0.7345342499360751,0.7152808404286831,0.7595707914516937
2023-09-25,0.7345768351383157,0.7152038604407399,0.7595166074849125
2023-09-26,0.734284038125822,0.7152003931612056,0.759516539644021
2023-09-27,0.7340644452827201,0.715273947510694,0.7593887258351101
2023-09-28,0.7340558907303505,0.7153331453440448,0.7593694087908657
2023-09-29,0.7335912742001471,0.7152665993366512,0.7596136233543475
2023-10-02,0.7335482174193538,0.7151045405784967,0.7594636836506659
2023-10-03,0.7333845590474757,0.7152378564860122,0.7594311927542033
2023-10-04,0.7332043752262587,0.7151881934932453,0.7594423554862895
2023-10-05,0.7332048323049615,0.7151842236863285,0.7595503411920219
2023-10-06,0.7331206818669993,0.7151265819307033,0.7596932713830001
2023-10-09,0.7330902233036667,0.7153417196175935,0.7597172178885122
2023-10-10,0.7325060747115275,0.7153342850894664,0.7594754861717722
2023-10-11,0.7322967761247696,0.7153411687257232,0.7594010632198492
2023-10-12,0.731911094381102,0.7153725759676088,0.7592737054165282
2023-10-13,0.7317930567353793,0.7153320831043418,0.7594321675152222
2023-10-16,0.7318010143282923,0.7153004174388283,0.7594473914681218
2023-10-17,0.7318406235231312,0.715266061609978,0.7593524100995627
2023-10-18,0.7321531988261066,0.7151799031571549,0.7595687859100653
2023-10-19,0.7319871465678935,0.7153312286116029,0.759652526260657
2023-10-20,0.7317311200245045,0.7153038129340041,0.759818879531426
2023-10-23,0.7316103852551027,0.7152998128805319,0.7598207042475694
2023-10-24,0.7321889340383414,0.7151837973023146,0.7598678481555377
2023-10-25,0.7320310686283001,0.7152910297459766,0.7597321424333798
2023-10-26,0.7322390081643446,0.7152326941876458,0.7597760590064375
2023-10-27,0.7323589445577912,0.7153503197171716,0.7598001750698056
2023-10-30,0.7322764654888546,0.7153203357484709,0.7599224978537986
2023-10-31,0.7326073065740307,0.7153785373603964,0.7600427385744828
2023-11-01,0.7323905986326524,0.7153174097090149,0.7599518246848448
2023-11-03,0.7320018895319144,0.715311289595227,0.7602039746677687
2023-11-06,0.7316197668181631,0.7152953862153694,0.7598067364191138
2023-11-07,0.7313204497463786,0.7152018064520566,0.7598888614531809
2023-11-08,0.7311831029507254,0.7151714596227964,0.7598471390333262
2023-11-09,0.7315341535950182,0.7152193766313363,0.7599142607960215
2023-11-10,0.7322476958282338,0.7151333249949823,0.7599810056701374
2023-11-13,0.7324642832447861,0.7151364800269081,0.7600331785643695
2023-11-14,0.7319254223904504,0.715123578210578,0.7601916160184575
2023-11-15,0.7317965270104586,0.7150038551699789,0.7601468309804039
2023-11-16,0.7318817385840671,0.7150887498792059,0.7601848932370887
2023-11-17,0.7323005316492955,0.7150536846589847,0.7601096287662048
2023-11-21,0.7323429577030326,0.7151018259873719,0.7601946939863528
2023-11-22,0.7324997325360354,0.7150824200980013,0.7600778851620636
2023-11-23,0.732640423095379,0.7152285288401522,0.7599812825255812
2023-11-24,0.7330286223467576,0.715076077152179,0.7600852664348046
2023-11-27,0.7331471180907267,0.7150975011594295,0.7602050412360055
2023-11-28,0.733025705937867,0.7150908041636721,0.7600593565751433
2023-11-29,0.7329807776178687,0.7150150574602225,0.7601142995643684
2023-11-30,0.7327671260766091,0.7150420502651944,0.7602240169182978
2023-12-01,0.732639905938393,0.7148792334085649,0.7601370673128877
2023-12-04,0.7328986264054169,0.714925158054979,0.7601805424951902
2023-12-05,0.7328203398270379,0.7148185316964716,0.7602197824133218
2023-12-06,0.7331188143262968,0.7148394443313066,0.760184731101253
2023-12-07,0.7331675117900194,0.7147294395809946,0.7601524604980123
2023-12-08,0.7331320079704797,0.714755352784185,0.7601015165736195
2023-12-11,0.7331759922393397,0.7148041596692739,0.7601308806693917
2023-12-13,0.7330914388018472,0.7147192186220226,0.7601709718478568
2023-12-14,0.7324595354535156,0.7147746983241715,0.7601366404427887
2023-12-15,0.7324963557175037,0.7148067302117328,0.7600189463348096
2023-12-18,0.7324117803975786,0.7147787482459586,0.7600989097677577
2023-12-19,0.7332111436178892,0.7148630797108518,0.7600984357491707
2023-12-20,0.7327907607982658,0.7147409635437919,0.7601368229789806
2023-12-21,0.7322956557071508,0.7149509157351023,0.7601610522591276
2023-12-22,0.7321716131429431,0.7147811467515576,0.7602621362483215
2023-12-26,0.7321184682834445,0.7148793560859863,0.760239714840432
2023-12-27,0.7327044498799871,0.714855473369695,0.7601794951606837
2023-12-28,0.7328277119254869,0.714828342462761,0.7601358914530905
2023-12-29,0.7331274549036433,0.7148889217091918,0.7602289067887725
2024-01-02,0.7331610650931525,0.7150259838104505,0.7601225196856328
2024-01-03,0.7324858902201895,0.7149172516047331,0.7602008790337749
2024-01-04,0.7323287502161274,0.7150187856654232,0.7601402896238142
2024-01-05,0.7323341001755826,0.715032428676777,0.7601388491313644
2024-01-08,0.7325087942808017,0.714980311133845,0.7602886134973396
2024-01-09,0.7319171254079655,0.7149732703474171,0.7603420719591117
2024-01-10,0.7320332356855893,0.7151579056843577,0.7605111582432699
2024-01-11,0.732206806610312,0.7150515058257328,0.7603316097971773
2024-01-12,0.7323238971889032,0.7149799464303279,0.7604842597105114
2024-01-15,0.7322541544155756,0.7149588607414473,0.7605162625623569
2024-01-16,0.7317028619202954,0.7150726117888975,0.7604971832039533
2024-01-17,0.7314132139903521,0.7149535548079976,0.7604607732741955
2024-01-18,0.7314500345791024,0.7149863904528269,0.7603598710971409
2024-01-19,0.7319042007172204,0.7149917647269949,0.7603645202945227
2024-01-22,0.7322269017929011,0.7149261144423101,0.7602380829512252
2024-01-23,0.7326457270275587,0.7148882838937568,0.7602596855944618
2024-01-24,0.7328234659511916,0.7148870721675541,0.7603210462404102
2024-01-25,0.732952139645782,0.7147295069958647,0.7603239639649353
2024-01-26,0.7326505594124779,0.7147159504511744,0.760202908783909
2024-01-29,0.7325286836086994,0.7148040671906353,0.7602453738717065
2024-01-30,0.7324523089116849,0.7147542602326264,0.7602981605993318
2024-01-31,0.7329294223599514,0.7148939231544076,0.7602595250056758
2024-02-01,0.7334426443631334,0.7149014420843848,0.7602740871168522
2024-02-02,0.7337745098831172,0.7149941137193608,0.7601743321712258
2024-02-06,0.7335586353419753,0.7148090931746002,0.7604058856816718
2024-02-07,0.7336827252977112,0.7147097753075883,0.7603501219353231
2024-02-08,0.7337272555848121,0.7147655625348808,0.7602769099363504
2024-02-09,0.7336829016210807,0.7146303485671107,0.7602319476828399
2024-02-12,0.7337690871308278,0.7144995535992354,0.7601577897265523
2024-02-13,0.7335257167684182,0.7146518553734588,0.7602084587883386
2024-02-14,0.7336987639521225,0.7144886190405866,0.7601860147298892
2024-02-15,0.7337376966189313,0.7146964312289811,0.7603700969147676
2024-02-16,0.7338678548673109,0.7146667443112109,0.7602860861882919
2024-02-19,0.7340517581036358,0.7146669484148404,0.7602687729952133
2024-02-20,0.7340964426461235,0.7147939393532138,0.7603985333327999
2024-02-21,0.7340458768306045,0.714745960928957,0.7604488176304278
2024-02-22,0.7342127289203579,0.7147866275981298,0.760468469020485
2024-02-23,0.7342484075837272,0.7146445750101353,0.7605454610046583
2024-02-26,0.7341781294491173,0.71460407014588,0.7604380968095391
2024-02-27,0.7341241006406122,0.7144839438872852,0.7604698538956484
2024-02-28,0.7336969980671642,0.7144578332730962,0.7605121654793516
2024-02-29,0.7335641011210743,0.7143836240762291,0.7604657076298137
2024-03-01,0.73374107492318,0.7144582570304617,0.760306212344644
2024-03-04,0.7338261991269844,0.7143324611122687,0.7603007107831175
2024-03-05,0.7339112981418117,0.7141030743845287,0.7601469479344511
2024-03-06,0.7338562805114602,0.714042084276088,0.7602735844278329
2024-03-07,0.7341112244135132,0.7140386970177093,0.7604590788272408
2024-03-08,0.733988312771749,0.7140935664748447,0.7604454949865392
2024-03-11,0.7340225830746252,0.7139173325073493,0.7604458641514064
2024-03-12,0.7339326709203442,0.714055953110707,0.7603220837732915
2024-03-13,0.733761158488091,0.7140604170357033,0.760346112379054
2024-03-14,0.733916917109774,0.714115684599582,0.7603212445804596
2024-03-15,0.7336716793457542,0.7139970952325627,0.7603049256962273
2024-03-19,0.7335087483437777,0.7138610359127762,0.7603643860240673
2024-03-20,0.7330590346208212,0.7139953548365723,0.7602814824095374
2024-03-21,0.7329012202744555,0.7139913862519994,0.7602661456254277
2024-03-22,0.7329070803513558,0.714023412732568,0.7600917243439356
2024-03-25,0.732921050622648,0.7139938532570693,0.7603079094589399
2024-03-26,0.7329145695018946,0.7138537096612783,0.7603965402311437
2024-03-27,0.7330439452799183,0.71369044757526,0.7601459443329918
2024-04-01,0.732786974371342,0.7137210148178322,0.7602191047942244
2024-04-02,0.7329486331741216,0.713749298296037,0.7603058480836203
2024-04-03,0.7330334280643701,0.7138714592029162,0.7604601953182107
2024-04-04,0.7331620746919874,0.7137827544068087,0.7605662152937368
2024-04-05,0.7333297887210546,0.7136849558359558,0.7605418191341278
2024-04-08,0.7333672523901551,0.7136030848012214,0.7604539525994793
2024-04-09,0.7335381621072113,0.7134774994760021,0.7603603504137054
2024-04-10,0.733368227227135,0.7134945491304429,0.7603410951901556
2024-04-11,0.73379197419882,0.7136343199339688,0.7602700447846084
2024-04-12,0.7340416638841072,0.713425849919836,0.7602734589766117
2024-04-15,0.7343471817324114,0.7134050341767718,0.7604358023543837
2024-04-16,0.7345562961042758,0.7134892740118499,0.760469369497153
2024-04-17,0.7343514123805523,0.7135175990347096,0.7604399657590024
2024-04-18,0.7343077357038926,0.7136061186372573,0.7603524642966414
2024-04-19,0.7344326753016609,0.7136440984771545,0.7603230179681583
2024-04-22,0.7336371250675526,0.7133887733251034,0.7602301892073109
2024-04-23,0.7332967094348908,0.7135569268009933,0.7604581143290995
2024-04-24,0.7335182660050237,0.7135341133653398,0.7604419610434894
2024-04-25,0.7332210470454847,0.71319515940396,0.7604734873708762
2024-04-26,0.7330780983825589,0.7132675611314822,0.7605335460277004
2024-04-29,0.7331511151382976,0.7132386879269529,0.7604248064523923
2024-04-30,0.7329081230897332,0.7132701014827849,0.760609917119459
2024-05-02,0.7326125080944851,0.7132138600631056,0.7604235776939129
2024-05-03,0.7326168853992502,0.7132142625736367,0.7604908419263937
2024-05-06,0.7326525429436569,0.7133087187775137,0.7604839502014824
2024-05-07,0.7326508785633591,0.7131999236058837,0.7605294753445689
2024-05-08,0.7329916074763108,0.7130586663855883,0.7605353595632276
2024-05-09,0.7333752752443455,0.7130990100624015,0.7605903673750487
2024-05-10,0.7333377503057115,0.713162958160849,0.76064017736857
2024-05-13,0.7333809925717464,0.713043447093451,0.760601417854886
2024-05-14,0.7332124167936245,0.713054895393964,0.7604209289511509
2024-05-15,0.7336358082736385,0.7129013246200978,0.76053070911402
2024-05-16,0.733509505116156,0.7129261613580743,0.7605702330473052
2024-05-17,0.7332156474633242,0.7128987392379613,0.760577225843371
2024-05-20,0.7332987916733922,0.7130212365100709,0.7605037257734021
2024-05-21,0.7330093380293082,0.7129749095829936,0.760530417851773
2024-05-22,0.733143715409409,0.7130239417084976,0.760493013686699
2024-05-23,0.7335580707800927,0.712937636861849,0.7604823655455709
2024-05-24,0.7335955102664582,0.713009402592908,0.7605811496179679
2024-05-27,0.7336456778974871,0.713047718034256,0.7605882178856268
2024-05-28,0.7335189782787529,0.7131007753562021,0.760572513828681
2024-05-29,0.733818097370203,0.7130172988119108,0.7605250862069556
2024-05-30,0.7336020869878823,0.7131025444933249,0.760415300475496
2024-05-31,0.7337280501162335,0.7132067953513034,0.7605275811351775
2024-06-03,0.7328494186966861,0.7131134951882022,0.7606186746781725
2024-06-04,0.7325212933025096,0.7129633119116614,0.7604765011815059
2024-06-05,0.7322316469658556,0.7129080850437003,0.7605046228396104
2024-06-06,0.7323182279092453,0.7129403211007519,0.7605196530580538
2024-06-07,0.7317435342631463,0.7129883901174745,0.7604191025095772
2024-06-10,0.7319229649712213,0.7129573936363416,0.7603932428346267
2024-06-11,0.7319603460621169,0.712945856665883,0.7603526355916188
2024-06-12,0.7321176048953636,0.7127024086569437,0.7604420901297337
2024-06-13,0.7319004417368862,0.7125892462027784,0.7605169192024576
2024-06-14,0.7320715579371923,0.7127191426507206,0.7603819960524807
2024-06-17,0.7320730507535949,0.712790875260986,0.76028230939755
2024-06-18,0.7316052493241971,0.7127847338246426,0.7604323518337066
2024-06-19,0.7316840670099802,0.7128435547843919,0.7603902988204486
2024-06-20,0.731551423480033,0.7128720086724089,0.7603943289843176
2024-06-21,0.7313835602022745,0.7128893538577544,0.7605456046257353
2024-06-24,0.7315550543289933,0.7128519321851283,0.7604588475847112
2024-06-25,0.7313863884184011,0.7127455457227926,0.7605349058373645
2024-06-26,0.7317668894085549,0.7127791298222227,0.7604275714003469
2024-06-27,0.7318960094652059,0.712905271021123,0.7604648116831991
2024-06-28,0.7319772049755381,0.7128828456813989,0.7605285634199191
2024-07-01,0.731971290231968,0.712779907534118,0.7606981732343545
2024-07-02,0.7311669597914913,0.7126923912776697,0.7606001732965163
2024-07-03,0.730661791478484,0.7125657967323501,0.7605424727253248
2024-07-04,0.7307018314632834,0.7125924908025995,0.7604641878328834
2024-07-05,0.7308244388990087,0.7126928922942416,0.7603722041217162
2024-07-08,0.7305348057811266,0.7126378734856411,0.7604221686791359
2024-07-09,0.7302466345142804,0.7127839346788823,0.7605061491096021
2024-07-10,0.7299501946834321,0.7128449882385102,0.760582268724485
2024-07-11,0.7299458265739757,0.712674454106804,0.7607405893766978
2024-07-12,0.7298558855241805,0.712391329230928,0.7606108857638086
2024-07-15,0.7297635918154493,0.7125173252768116,0.7608168902589427
2024-07-16,0.7298765799458695,0.7124548302321561,0.7608318722993712
2024-07-17,0.7297958932693042,0.7126131796128345,0.7607903016892199
2024-07-18,0.7301764181255583,0.7126690752398476,0.7608313743481874
2024-07-19,0.7303052641704056,0.7126730599052526,0.7605561360091156
2024-07-22,0.7302939310775605,0.7125554162808257,0.7605496146812394
2024-07-23,0.7302148257737068,0.7127479564946347,0.7605612800922403
2024-07-24,0.7305221139102251,0.7126796947013635,0.7605204243698758
2024-07-25,0.7303062005568097,0.7127719042004339,0.7603803642011493
2024-07-26,0.7306878682364806,0.7126368957076008,0.760533803375484
2024-07-29,0.7307712153998615,0.7125825747999261,0.7604089267026588
2024-07-30,0.7308513138446984,0.7125829495488882,0.7605393248339287
2024-07-31,0.7305542569475667,0.7126337822525247,0.7605536069109677
2024-08-01,0.7301295638226453,0.7125412578970303,0.7605170762021706
2024-08-02,0.7297108382047984,0.7125902043587556,0.7605537499013396
2024-08-05,0.7297108429505982,0.7125750118742267,0.7605408411696744
2024-08-06,0.7295078926519512,0.7125611697569887,0.7606039779234051
2024-08-07,0.7295196253325202,0.7126814114009428,0.7605248982442747
2024-08-08,0.7299007598663456,0.7128695884638181,0.7605264600806328
2024-08-09,0.7303105906655541,0.7127823211672825,0.7606785048854605
2024-08-12,0.7307389338599927,0.7126270489148266,0.7605745041770754
2024-08-13,0.7302648717930322,0.7125249929554895,0.7605873242483661
2024-08-14,0.730181899733085,0.7125275402818557,0.7606494940265329
2024-08-15,0.7302960810616227,0.7125346222096712,0.7606357456000443
2024-08-16,0.7305569380310429,0.7124551718611302,0.7606648342110401
2024-08-19,0.7306419531368856,0.7126206360895221,0.7604134621434019
2024-08-20,0.7309796756970153,0.7126072826143908,0.7603718318910436
2024-08-21,0.7315677113887882,0.7126850690099512,0.7603710889696054
2024-08-22,0.7318288686904985,0.7127790210966245,0.7604464551670598
2024-08-23,0.7319967653313502,0.71263678290229,0.7604152067707575
2024-08-26,0.732054858359659,0.7123726967019589,0.7603383229944763
2024-08-27,0.7320919382851544,0.7124369323511548,0.7604881469887269
2024-08-28,0.732301681752875,0.7124020601231841,0.7603678705413748
2024-08-29,0.7325210697059475,0.7122757232631115,0.7603944132371198
2024-08-30,0.7326460494893015,0.7124000087658194,0.7604729899084134
2024-09-02,0.7323931920569118,0.7124012737092239,0.7604356901074182
2024-09-03,0.7318897284369069,0.7124364107110622,0.7604716252582899
2024-09-04,0.7319786652498791,0.7123329602901709,0.7605134899252858
2024-09-05,0.7323128973907811,0.7124573290911853,0.7604851552151761
2024-09-06,0.7319690149512594,0.7125439435947604,0.7605797940347541
2024-09-09,0.7318776220836513,0.712593836742264,0.7604718903503345
2024-09-10,0.7319231649869834,0.7123998142411015,0.7604764314139044
2024-09-11,0.7318828984400019,0.7122961053547922,0.7604595675908148
2024-09-12,0.7318840979785104,0.7124117983702796,0.7604530420388944
2024-09-13,0.7318722931377385,0.7125551878287143,0.7605724651247745
2024-09-17,0.7317846684187996,0.7123960667547593,0.7603919804472972
2024-09-18,0.7318185053539019,0.712299129690451,0.7604632888937566
2024-09-19,0.7320235612086271,0.7122610830772929,0.7605983123256888
2024-09-20,0.7317274428502768,0.7122656175904669,0.76057611050392
2024-09-23,0.7320686906537347,0.7122922463839481,0.7603491764200865
2024-09-24,0.7317478714623934,0.7121350337100785,0.7603144123693107
2024-09-25,0.7316208005556508,0.712186561202777,0.7604128585688338
2024-09-26,0.7314055086194491,0.7123701537618947,0.7605260440274186
2024-09-27,0.7312385975739177,0.7124354517946124,0.760590827982764
2024-09-30,0.7315684014268102,0.7122666299048617,0.7606639833441985
2024-10-02,0.73160518573662,0.7122079772700163,0.7605917729821078
2024-10-03,0.7316941625172397,0.7118681417236801,0.7606099436416998
2024-10-04,0.7312325360416388,0.7118168668599568,0.7607160070234377
2024-10-07,0.7312741528498458,0.712099802711099,0.7605966970536548
2024-10-08,0.7313590888317159,0.7120579111015511,0.7606890980510456
2024-10-09,0.7315690062250478,0.7119829524088205,0.7606577608267224
2024-10-10,0.7317461596648266,0.7120954957087012,0.7606517108770562
2024-10-11,0.7317395293724642,0.7120806999202919,0.760795607608408
2024-10-14,0.7314446601746065,0.712044453305486,0.760783263951724
2024-10-15,0.7313602513479401,0.7121371612798728,0.7607782571657683
2024-10-16,0.7314057749332078,0.7121326013665421,0.7607970611496861
2024-10-17,0.7314115628787186,0.7120078455102996,0.7609595177588175
2024-10-18,0.7313311100216754,0.712145036335301,0.7608866258929409
2024-10-21,0.7312961755985157,0.7120056524509457,0.7608819917127247
2024-10-22,0.7310824868770606,0.7120730767406471,0.7608871499794755
2024-10-23,0.7311216646189173,0.7121244044691369,0.7609033835694125
2024-10-24,0.7311934225968165,0.712040196263213,0.7608428740875687
2024-10-25,0.7317844584825011,0.712039688019109,0.7608288707549167
2024-10-28,0.7322481568754695,0.7121276920883527,0.7607639514368333
2024-10-29,0.732285885728616,0.7119419037806753,0.7609434165505615
2024-10-30,0.7324479824311283,0.7119497258466608,0.7609393902472672
2024-10-31,0.7327844210186085,0.7119340797088148,0.7609794754740054
2024-11-01,0.7327095906809604,0.7121345011518032,0.7610167984217779
2024-11-04,0.7326218995467232,0.7119529980576546,0.7610992614521396
2024-11-05,0.7328661052644372,0.71181309085379,0.7611291103963255
2024-11-06,0.7329977697127286,0.7118941925606816,0.7610412467897583
2024-11-07,0.7327005276793134,0.7119184890906617,0.7609699142581271
2024-11-08,0.732790559229395,0.7119080119172148,0.7611340950121611
2024-11-11,0.7329994996299238,0.711962752854748,0.7612208480594805
2024-11-12,0.7327477974906748,0.7119290998954114,0.7612640872181298
2024-11-13,0.7327461259299135,0.7117215785479533,0.761078950193788
2024-11-14,0.7326625170782625,0.7115975846922459,0.7611953188146628
2024-11-15,0.7326365155892376,0.7116908624443636,0.7610435398527212
2024-11-19,0.7327202368278132,0.7118735978888813,0.7611598169417303
2024-11-20,0.7331794991841412,0.7116300148134329,0.7612647145503078
2024-11-21,0.7332715629520419,0.7116878561730969,0.7610931631613711
2024-11-22,0.733407783590466,0.7117496465506097,0.7611200041926222
2024-11-25,0.7342063950392206,0.7116198766195154,0.761150939546155
2024-11-26,0.7340780945433663,0.711611198263994,0.761214245175921
2024-11-27,0.7343682281486263,0.7115827899129995,0.7611593755161495
2024-11-28,0.7342018130870211,0.711799493519069,0.7612918585069981
2024-11-29,0.7341658999808769,0.7117658612663281,0.7612163763957366
2024-12-02,0.7344546249401348,0.7117598536334395,0.7612578269832843
2024-12-03,0.7346234462993935,0.7116230649868718,0.7614789942912488
2024-12-04,0.735246922305536,0.7116216139206064,0.7614174482611942
2024-12-05,0.7353702264849136,0.7115700276435569,0.7614156774281063
2024-12-06,0.7352527665844159,0.7115394891637036,0.7614037722276994
2024-12-09,0.7351354121563235,0.7116949598789354,0.7613768167122248
2024-12-10,0.7353069180847579,0.7117896526262708,0.7612522686946526
2024-12-11,0.7351816300522954,0.7116830215389621,0.7613299724006054
2024-12-13,0.7352798097886898,0.7116751691748205,0.7611823432156738
2024-12-16,0.7351675230467665,0.7116884978802853,0.7610736522014324
2024-12-17,0.7354538718958462,0.7116105252838569,0.7611842410138561
2024-12-18,0.7354919751876575,0.7114705894695053,0.7613005015793377
2024-12-19,0.7354837316964552,0.711633244113529,0.7612140644661268
2024-12-20,0.7357033772264486,0.7115764900462712,0.7609118976835011
2024-12-23,0.7357873010803313,0.7117599475187173,0.7609681609666329
2024-12-24,0.7357965685424988,0.7117539545480983,0.7609418449332026
2024-12-26,0.7357058284935694,0.7119280316264156,0.7608231490359975
2024-12-27,0.7354527150231065,0.7115277545618107,0.7608129775225844
2024-12-30,0.7356561429475799,0.7116074438610748,0.760814527575465
2024-12-31,0.7352000991391368,0.7115881390358078,0.7608819763040234
2025-01-02,0.7354159503604201,0.7115220011231652,0.7608536446023069
2025-01-03,0.7352866755926135,0.7114751505519283,0.7609259378317759
2025-01-06,0.7352036749363176,0.7116130567549864,0.7610213205277518
2025-01-07,0.7351078610891317,0.7116091081847653,0.7610530567671356
2025-01-08,0.7354036212058999,0.7115633136339059,0.761035919580412
2025-01-09,0.7352442975313024,0.7116582460609263,0.7609623611200437
2025-01-10,0.735410237818329,0.7117580188871084,0.7610056700371881
2025-01-13,0.7352105644586607,0.7116994623590089,0.7609976980760286
2025-01-14,0.7355092802954468,0.7116280995652379,0.7610703227936616
2025-01-15,0.7354649753700125,0.7116924617678128,0.7611355705312289
2025-01-16,0.7355879357010876,0.7116048838392284,0.7610938078907994
2025-01-17,0.7356680027093399,0.7117359486299106,0.7611161453648788
2025-01-20,0.7356994684197986,0.7117423671507749,0.7609264107109381
2025-01-21,0.7364012917872143,0.7115794953235675,0.7610724214907547
2025-01-22,0.7360586464738342,0.711593105749894,0.7611100887169338
2025-01-23,0.7360645723591258,0.7115589010458099,0.7610307303821807
2025-01-24,0.7359957700751947,0.7114629036048243,0.7610530434589449
2025-01-27,0.7360714032520065,0.7114230174709116,0.7610131598955762
2025-01-28,0.7360840333505642,0.7114450451905759,0.7611325390177074
2025-01-29,0.7364575922091632,0.7114719915327574,0.7610514989642523
2025-01-30,0.7362051412121782,0.7114642833514159,0.7610205987314511
2025-01-31,0.7362494137308255,0.7114775303169028,0.7610009398677715
2025-02-04,0.7358012663526313,0.7114106944994866,0.7609952806619197
2025-02-05,0.7361309050847018,0.7114411444065435,0.7608928363561593
2025-02-06,0.7364123978788708,0.7111713640258311,0.7609064209991165
2025-02-07,0.7362918008312528,0.7108623509876073,0.7611315037141486
2025-02-10,0.736235804353856,0.71081227798732,0.7609285025061229
2025-02-11,0.7363119458720364,0.7107955590256951,0.7608828661190267
2025-02-12,0.7361033750002942,0.7110900012301217,0.7610166240328927
2025-02-13,0.7360136980779874,0.7113570658262391,0.7609701816141333
2025-02-14,0.7359256724129691,0.7109348283145592,0.7611078516173199
2025-02-17,0.7361397548744575,0.7111559373890455,0.7611881454976765
2025-02-18,0.7361432503094774,0.7112221391894575,0.7612809073413734
2025-02-19,0.7363490857026997,0.7114295384697304,0.7612054268569003
2025-02-20,0.7360578768064032,0.7113355325516414,0.76094473005633
2025-02-21,0.7357533451073799,0.7113012048011769,0.7609268650639358
2025-02-24,0.7358943147338562,0.7111417042334974,0.7611011763965291
2025-02-25,0.7355917288092498,0.7110783975939425,0.7611720082551937
2025-02-26,0.7357989522011307,0.7111410178720959,0.7611194391272045
2025-02-27,0.735336436346332,0.7112459593841719,0.7612910383628414
2025-02-28,0.7353703655352805,0.7112016727446028,0.7609736552205041
2025-03-03,0.7353777260913708,0.7113651701498522,0.7611400974061153
2025-03-04,0.7353035460382196,0.7113156170944339,0.7611642839427588
2025-03-05,0.7359310731210722,0.7111973898561074,0.7610156882735473
2025-03-06,0.7361516265767754,0.7112038553216539,0.7609931505956802
2025-03-07,0.7362330884863615,0.7112217448330768,0.7609290197753069
2025-03-10,0.7360632447706293,0.7112221615665237,0.7609775676481866
2025-03-11,0.7361995533942178,0.7112298380206113,0.7609535136363154
2025-03-12,0.7365790802738286,0.7111682584333757,0.7609560501972668
2025-03-13,0.7363712522408004,0.7111908940394546,0.7610367211872161
2025-03-14,0.7362394714788598,0.7112816683207105,0.7609116447478365
2025-03-18,0.7359940368169099,0.7112298985793792,0.7612380991979005
2025-03-19,0.735917206172394,0.7111797969810228,0.7612198452134293
2025-03-20,0.7360126356809008,0.7110275086566916,0.7612134220908476
2025-03-21,0.7360065183326188,0.7110782669665884,0.7612720792117849
2025-03-24,0.7362237630130019,0.7109801469796713,0.7610749038619682
2025-03-25,0.7359645150549157,0.7110960612695323,0.7609598841064646
2025-03-26,0.7362523374704822,0.7111650084441236,0.7610899676191114
2025-03-27,0.7365851077001686,0.7110755003182208,0.7610059264496717
2025-03-28,0.7365470433268074,0.7110252788239004,0.7610018752912295
2025-03-31,0.7364686083506413,0.7111106145435481,0.7610492905225412
2025-04-01,0.7364252240853316,0.7109643918629196,0.7610045103448931
2025-04-02,0.7363808235319995,0.7110377350412499,0.761084906122736
2025-04-03,0.7363373199705662,0.7110930753901454,0.7612150967511846
2025-04-04,0.7355825990413027,0.7110800296889978,0.7611711982664714
2025-04-07,0.7354941114886799,0.711166053727549,0.761293867906374
2025-04-08,0.7355765138873955,0.7109817570947427,0.7612353827399735
2025-04-09,0.7349955484946791,0.7110485223332914,0.7610130369810185
2025-04-10,0.7344243036526096,0.7108523391917018,0.7610623795781062
2025-04-11,0.7343409956426141,0.7109064969465677,0.7611153792168607
2025-04-14,0.7340853146876807,0.7109455731052959,0.7612081773892897
2025-04-15,0.7339624524565319,0.7109370905133744,0.7612404873213863
2025-04-16,0.7340519662300258,0.7109604705651609,0.7611612561785916
2025-04-21,0.7342245497872798,0.7109289939584253,0.7611279027655845
2025-04-22,0.7338523647101912,0.7110641732571101,0.7611959470154663
2025-04-23,0.7333478488074937,0.7109670983051078,0.7611958832628007
2025-04-24,0.7330073487978421,0.710968422816041,0.7612403955928422
2025-04-25,0.7334278332532108,0.7111740352801733,0.7615003253966686
2025-04-28,0.7335940936654767,0.7111592615012392,0.7615135629577369
2025-04-29,0.7330515656302208,0.7112516928416709,0.7613736520291381
2025-04-30,0.7332576954791366,0.7111235498054694,0.7614088880681158
2025-05-02,0.733346368554155,0.7111270241253113,0.7612296603103456
2025-05-05,0.7334769217076491,0.7111006801897561,0.7611441910086325
2025-05-06,0.7329883701249231,0.7109846824144925,0.7611250716253293
2025-05-07,0.7333200510019267,0.7108135838488563,0.7612449572905352
2025-05-08,0.7331422276906219,0.7110445376918215,0.7612312781103663
2025-05-09,0.7331364719834319,0.7109636438760025,0.7612502272541126
2025-05-12,0.7333814404612069,0.710967867490554,0.761292210158374
2025-05-13,0.7330897189923,0.7109006288104691,0.761258241607884
2025-05-14,0.7331720656525051,0.7109780310698116,0.7613560715593918
2025-05-15,0.7333901981264581,0.7109469307157553,0.761291167772852
2025-05-16,0.7333951690394934,0.7109736730914723,0.761384567582793
2025-05-19,0.7335242057685262,0.7110838104975203,0.7614448318842495
2025-05-20,0.7335672396145433,0.7110722828158524,0.7614898184372507
2025-05-21,0.7334127320354445,0.7110003670910677,0.7613264324855061
2025-05-22,0.7333192312019099,0.7109777276886732,0.7613477009629289
2025-05-23,0.7332321590680217,0.7110343466397102,0.761263423520721
2025-05-26,0.7332754811729655,0.7109914815353992,0.7611996085821466
2025-05-27,0.7334033845896256,0.7109468043404323,0.7613492931804106
2025-05-28,0.7334819908460037,0.7109464142919578,0.7610583322425594
2025-05-29,0.7336152900746062,0.7109064091606017,0.7610854752963746
2025-05-30,0.7335776676341288,0.7108497199147722,0.761188380031769
2025-06-02,0.7336250533482892,0.7108174340005479,0.7611605917847286
2025-06-03,0.7342566126218791,0.7108224618059369,0.7612379491027075
2025-06-04,0.7341825276119178,0.7107501795140259,0.7611871096758108
2025-06-05,0.7343085273629795,0.7107393529851319,0.7609608445207221
2025-06-06,0.7347196205192051,0.7107086834831988,0.7613755690552945
2025-06-09,0.7348462204657819,0.7106990059586088,0.7612118704303554
2025-06-10,0.7346375664456817,0.7108226425489258,0.7611902962146961
2025-06-11,0.7345085426175584,0.7109821112427587,0.761382479822336
2025-06-12,0.7345537364177614,0.7108952961564433,0.7614052991214877
2025-06-13,0.7348402272232343,0.710795264118371,0.7612749378876071
2025-06-16,0.7349266866886645,0.7110175971192497,0.7615725092393484
2025-06-17,0.7347997369344949,0.7108496379076764,0.7615817920330027
2025-06-18,0.7351371881297347,0.7109426382624914,0.7614916089900016
2025-06-19,0.7351327824536567,0.7106958870257706,0.7613224161784422
2025-06-20,0.7350133447439496,0.7107933288592577,0.7615444323635935
2025-06-23,0.7349350040615968,0.7106273385927881,0.7616314273267231
2025-06-24,0.7348996488987944,0.7105651384424785,0.7617485624885855
2025-06-25,0.7349395465711825,0.7105159596925814,0.7616253382873103
2025-06-26,0.7349915754393467,0.7104460128527369,0.7615292658519683
2025-06-27,0.7349136436835467,0.7103058091653892,0.7615060006952882
2025-06-30,0.7348789040038979,0.7104377873860005,0.7615943839686323
2025-07-01,0.7347041096774329,0.710471599609596,0.7615871955202423
2025-07-02,0.735087521696749,0.7103000824405129,0.7616196970333302
2025-07-03,0.7356319037071559,0.710402647671518,0.761375322124882
2025-07-04,0.7355900177155013,0.710131235009089,0.761607229266337
2025-07-07,0.7358858680239978,0.7102603431712193,0.7614628128408608
2025-07-08,0.7358459466386238,0.7101756025653998,0.7614134155991628
2025-07-09,0.7359794502492479,0.7102039554633566,0.7614877229408747
2025-07-10,0.7356473772659554,0.7103210264183316,0.7612185093614967
2025-07-11,0.7358937434001876,0.71014428734535,0.7611785208090124
2025-07-14,0.7359835109106198,0.7100756741777203,0.7612371565017284
2025-07-15,0.7357665577571042,0.7101224051383288,0.7614016559880471
2025-07-16,0.7357762022952841,0.7101746612617007,0.7615100373443672
2025-07-17,0.7358603224588031,0.7101485436434771,0.7615733553642139
2025-07-18,0.7358199140401341,0.7099691283690024,0.7614422924433331
2025-07-21,0.7357828336837834,0.7099678084613119,0.7614602350050981
2025-07-22,0.7358521108287063,0.7099937513345774,0.7614241244901284
2025-07-23,0.73555586703364,0.7100904966733035,0.7612976012660085
2025-07-24,0.7360191213105096,0.7099647092898926,0.7612887341127398
2025-07-25,0.7362741154506762,0.7100516654578348,0.7613530207264091
2025-07-28,0.7363150261280115,0.7102537438510378,0.7613524734916137
2025-07-29,0.7362285553150604,0.7102526559956607,0.7614028282545512
2025-07-30,0.7363581464005078,0.7100782275894448,0.761337354814274
2025-07-31,0.7363230120780802,0.709994784652153,0.7615182799138673
2025-08-01,0.7364060165647051,0.7099524485190613,0.7614902487333569
2025-08-04,0.7366217123424221,0.7099048502897902,0.7613636708291188
2025-08-05,0.7368264975517821,0.7100750231099968,0.7613283669007028
2025-08-06,0.7370350229426224,0.7100317555104697,0.7615270877053956
2025-08-07,0.7368668428603353,0.7099787252804769,0.7614103637847551
2025-08-08,0.7367778029389733,0.7098842092975498,0.7614539046205638
2025-08-11,0.7366494068127445,0.7098760524828707,0.7613083517642256
2025-08-12,0.7367280096166888,0.7097820562388731,0.7613457067306842
2025-08-13,0.7365224790473935,0.7098839589306244,0.7613331748614008
2025-08-14,0.7366105896017138,0.7098574132317976,0.7611912452782356
2025-08-15,0.7364458175188938,0.7096056712854304,0.7612725503459468
2025-08-18,0.7365265752539547,0.7097130117339294,0.7611296669111602
2025-08-19,0.7363964911198683,0.7096015687034597,0.7612467184674337
2025-08-20,0.7362708515357858,0.7097907714365267,0.7612676944869363
2025-08-21,0.7364001003680583,0.7097632950589673,0.7614840335303589
2025-08-22,0.7362288182740723,0.7098175208917429,0.7614329406101442
2025-08-25,0.7362793895070577,0.7095527978070936,0.7616432674571618
2025-08-26,0.7366163884009261,0.709646677407003,0.7616517814468239
2025-08-27,0.7367751974786684,0.7096735326834689,0.7616119094794165
2025-08-28,0.736741382053383,0.709597436798061,0.7617228006052054
2025-08-29,0.7368606351873,0.7095541479451168,0.7616449639392039
2025-09-01,0.7372424888758529,0.7096258735443425,0.7617499064357603
2025-09-02,0.7371620927321991,0.7096702213338352,0.7618523636999448
2025-09-03,0.7374506660098087,0.7097184690205032,0.7618171584898922
2025-09-04,0.7373705424078342,0.709708719113714,0.7618006362920875
2025-09-05,0.737122386460828,0.7097223156463087,0.7617428579900728
2025-09-08,0.7371665664747711,0.7097601609339814,0.7616979873965499
2025-09-09,0.7371263525576407,0.7097829095253932,0.7617328804350669
2025-09-10,0.7377066559077907,0.7097643801386978,0.761647971996692
2025-09-11,0.7374083538572436,0.7099639160481985,0.7616562030987659
2025-09-12,0.737704387007802,0.7096872904264556,0.7617390016054206
2025-09-15,0.7378266555900695,0.709720957693984,0.7617372407395363
2025-09-17,0.7377390291168555,0.7096889808060288,0.7618085299161736
2025-09-18,0.7374879172195763,0.7097511829948591,0.7618049807330963
2025-09-19,0.737393929984953,0.7096124873154273,0.7618397340147405
2025-09-22,0.7368952318607702,0.7098132563164068,0.7619669373805882
2025-09-23,0.7371436278947221,0.7098046666678837,0.7618752053628177
2025-09-24,0.7368521035726707,0.709841446361692,0.7617850632210834
2025-09-25,0.7368489669903794,0.7098048531175619,0.7617549436674784
2025-09-26,0.7370542825076684,0.7099692515702778,0.7617195494646516
2025-09-29,0.7370892684686506,0.7099227099898594,0.7615830061838095
2025-09-30,0.7370540382057319,0.709879217621348,0.7615299948104955
2025-10-01,0.7364733509742853,0.7098418969023954,0.7616796885995921
2025-10-02,0.7363085076893132,0.7097849607348693,0.7615930806455625
2025-10-03,0.7359276357981137,0.7098289344210218,0.7615996245570368
2025-10-06,0.7364306829366671,0.7096064411258551,0.7617130019713413
2025-10-07,0.7366061590287821,0.7095602296793724,0.761910831546922
2025-10-08,0.7369839882387017,0.7096749184969395,0.7616650110674388
2025-10-09,0.7369072620717484,0.709531021014912,0.7615436780117254
2025-10-10,0.7365256129356573,0.7097100170959756,0.7616756899233537
2025-10-13,0.7362240252669828,0.7096760426090337,0.7616812190268982
2025-10-14,0.7360583537704871,0.7096580802371325,0.7618343363078203
2025-10-15,0.7365177355668885,0.7098199067032548,0.7617136052342595
2025-10-16,0.7368080561389404,0.7097329489621066,0.7616186783960915
2025-10-17,0.7363050999837093,0.7095488331366034,0.7618088245614683
2025-10-20,0.7361800356361333,0.7093938610596431,0.7617091226708326
2025-10-21,0.7357585253442799,0.7095207311590566,0.7618771526446945
2025-10-22,0.7357653669260025,0.7094645744133496,0.7617398794655901
2025-10-23,0.7357188103023099,0.7093207112649574,0.76197142354491
2025-10-24,0.7355020331887969,0.7093662397198143,0.7619653986606979
2025-10-27,0.7349974217121799,0.7094840171208601,0.7618849563458175
2025-10-28,0.7348708725777344,0.7094232319944843,0.7619735683275696
2025-10-29,0.7348683047317808,0.7093680167698625,0.7620547994994846
2025-10-30,0.7349120876571751,0.709361816374664,0.7619261281463502
2025-10-31,0.7351604301675133,0.7093931085402125,0.761842191765977
2025-11-03,0.7352459360000119,0.7093126926911876,0.7617056354269743
2025-11-04,0.7351203337372643,0.7092959543680775,0.7614529105666794
2025-11-05,0.7347826783775155,0.7092945340985498,0.7614109905727385
2025-11-06,0.7346498079009416,0.7093023249507993,0.7614443060018168
2025-11-07,0.7348568004535599,0.7094014241500763,0.7615001145631246
2025-11-10,0.7345575528242383,0.709425485501193,0.7615298383455267
2025-11-11,0.7347205039405437,0.709241603153146,0.7614580998582292
2025-11-12,0.7349769815650947,0.7094354854516994,0.7612902280557085
2025-11-13,0.7346863634880848,0.709421040595412,0.7614685043071394
2025-11-14,0.7351108392928574,0.709503613734505,0.7615840665414626
2025-11-18,0.7348594886665696,0.7094443326349751,0.7614682476889645
2025-11-19,0.7351522779935461,0.7094827347191494,0.7614246537247342
2025-11-20,0.7355709127258983,0.7094892142170804,0.7614876740443344
2025-11-21,0.7357690858007261,0.7095199498666129,0.761398054857793
2025-11-24,0.7357223334475543,0.7094251477352004,0.7613786614417666
2025-11-25,0.7355177417455798,0.709246846820707,0.7613989918662999
2025-11-26,0.735564006073288,0.7092227986024109,0.7613026344740974
2025-11-27,0.7353905669561236,0.709366184000318,0.7615674403578284
2025-11-28,0.7354867350312336,0.7094881007568765,0.7616548272172883
2025-12-01,0.7362468885808386,0.7095350412765623,0.7616824160907768
2025-12-02,0.7367024920368781,0.7095427471466084,0.7616529501088668
2025-12-03,0.736706673080781,0.7094705291339821,0.7617384605537808
2025-12-04,0.7363295053746102,0.70954866935544,0.7617404102269338
2025-12-05,0.7367015479415906,0.7094929768770449,0.7617036097994686
2025-12-08,0.7368248768836388,0.7095779369117318,0.7617052114648318
2025-12-09,0.7368276818315606,0.7094760474919258,0.76185044159685
2025-12-10,0.7370695489369122,0.7094712124844872,0.7617822465939755
2025-12-11,0.736728668219087,0.7093570610105989,0.7618862262036051
2025-12-15,0.7367306224553805,0.7094443498702754,0.7618400745699874
2025-12-16,0.7367611423089134,0.709565442120121,0.7618381521865978
2025-12-17,0.7368078360593664,0.709480985215347,0.761910170652294
2025-12-18,0.7368573352515161,0.7095213714492539,0.7619675060843925
2025-12-19,0.7371049518506498,0.7094411827775475,0.7619878953058636
2025-12-22,0.7372742615111882,0.7094410281008683,0.7619299791189484
2025-12-23,0.737062658506976,0.7094391364788063,0.7619292956719572
2025-12-24,0.7368167645030234,0.7094757110898774,0.7619596861442754
2025-12-26,0.7368150765690741,0.7096180559576638,0.7619089578334217
2025-12-29,0.736601267737226,0.7097248437104946,0.7619378649985964
2025-12-30,0.7360984042867864,0.7095591548541198,0.7620500098586259
2025-12-31,0.7358922566536885,0.709610198812985,0.7619246717223775
