Date,NTL,CI_low,CI_high
2017-09-18,1.1911354612259477,1.1911354612259477,1.1911354612259477
2017-09-19,1.1909372750001006,1.1897241011891808,1.1922503092522303
2017-09-20,1.1915823317226992,1.1893211473609104,1.1928306156179815
2017-09-21,1.1917195292897913,1.1888131720219752,1.1931078283282024
2017-09-22,1.192093589458356,1.1884101632844226,1.193593159111083
2017-09-25,1.1921569467108852,1.1881141359751057,1.1940271314095507
2017-09-26,1.1924882156647318,1.187654125356605,1.194268225050621
2017-09-27,1.1930047185837254,1.1872704084862071,1.1946180951164518
2017-09-28,1.1932454774187324,1.186915570285988,1.1948234907365451
2017-09-29,1.192630124580545,1.1864076548013542,1.195123540153768
2017-10-02,1.192285465779444,1.186144016638944,1.1955722732547982
2017-10-03,1.1934100841843887,1.1856972222673423,1.1957823175988391
2017-10-04,1.193965666778868,1.1853310011952218,1.1962764508783728
2017-10-05,1.1939127547013089,1.1852016219339565,1.1963654068468157
2017-10-06,1.1941955807019327,1.1849010169832468,1.1963811723025608
2017-10-09,1.1940579546178458,1.1843490771384089,1.1966510128598598
2017-10-10,1.1943685134622422,1.1841070332822303,1.1968176098639278
2017-10-11,1.1943765923795315,1.1839698616374672,1.1970022382515515
2017-10-12,1.1934574390322903,1.1836795936197446,1.1970851414053585
2017-10-13,1.194477365586211,1.183138256965984,1.1972387954936268
2017-10-16,1.1940082386380322,1.1830845880118512,1.1974328521422855
2017-10-17,1.1937592244514375,1.1829030778546803,1.1976060181831116
2017-10-18,1.1946508676093237,1.1827427683359202,1.197963512094016
2017-10-19,1.194971591935599,1.1825646588010277,1.198152253766378
2017-10-20,1.1945420516671488,1.1825032036070835,1.1984950118635564
2017-10-23,1.195455863874041,1.182404416553752,1.1988378912755078
2017-10-24,1.1950867958791367,1.1822153142851186,1.1989773926152707
2017-10-25,1.1949881083461522,1.181953055931847,1.1990445020960498
2017-10-26,1.195601497168909,1.181951230516677,1.1991089529340413
2017-10-27,1.1950887384195468,1.1816431405312475,1.1992515626413938
2017-10-30,1.1955105987203845,1.1813711385154946,1.1991978462480497
2017-10-31,1.1957398109279516,1.1812906244767325,1.199480994604793
2017-11-01,1.1952144342612336,1.1813111080467738,1.1997536086918845
2017-11-03,1.194672464206161,1.180924008135964,1.1997198402906344
2017-11-06,1.1938613660837183,1.180511412269594,1.1997919026002328
2017-11-07,1.193466009962938,1.1806380320652385,1.2000730071406867
2017-11-08,1.1950964675299653,1.1804310694646027,1.200060411761932
2017-11-09,1.1958701201402506,1.1803294136376978,1.200319964158955
2017-11-10,1.1942582490084213,1.1798878572006477,1.2005581839358324
2017-11-13,1.1948809753017435,1.1798218574102457,1.2008350837760207
2017-11-14,1.19511814190808,1.1796473658586557,1.2007917490443212
2017-11-15,1.19501356110305,1.1793453968889092,1.2008338663383427
2017-11-16,1.195299213245878,1.179291590586932,1.2011957777514286
2017-11-17,1.1950775192454675,1.17911326211249,1.2013782154068027
2017-11-21,1.1951633495211826,1.1791847251752252,1.2013124994899311
2017-11-22,1.1955174972650526,1.1789236272490509,1.2013844196858674
2017-11-23,1.1961931849721479,1.1786597095179792,1.2013998793512464
2017-11-24,1.1960413801495136,1.1786924113210957,1.2016396139215297
2017-11-27,1.1966704997925384,1.1782898925904182,1.2019827011420616
2017-11-28,1.1973971383509143,1.1778919583423595,1.2020903771377505
2017-11-29,1.1972545754673642,1.1775808566462114,1.2019992985119528
2017-11-30,1.1986417716742057,1.177327388498879,1.202221217797554
2017-12-01,1.1987539310055877,1.1773178806432965,1.2025144969853905
2017-12-04,1.1991799374207892,1.1772486615993771,1.2025601690075738
2017-12-05,1.1990295229582417,1.1768992873657236,1.2025536570464392
2017-12-06,1.1981512708300381,1.1770301910165126,1.2027036669481865
2017-12-07,1.1977826566660044,1.1769188288878352,1.2029321122478507
2017-12-08,1.19774398664787,1.1769926036884646,1.2030770685763112
2017-12-11,1.1970786118428591,1.17689203041608,1.2026683812791708
2017-12-13,1.1968915115992154,1.1765752456019676,1.2027291569548186
2017-12-14,1.1965490099548264,1.1765954292545644,1.2030397679552294
2017-12-15,1.196786180574247,1.1765323078048802,1.2033056496360297
2017-12-18,1.1953824804679665,1.1765054782629185,1.203185865499134
2017-12-19,1.1953437249692183,1.1761183327877538,1.2034704477727458
2017-12-20,1.1962948528742183,1.1757046452458455,1.2034784601719288
2017-12-21,1.1965060123810407,1.1756711977803807,1.2032003192929188
2017-12-22,1.1964146905686959,1.1757125286014867,1.2034056224993028
2017-12-26,1.1985954526392923,1.1756702032208433,1.2035369462715941
2017-12-27,1.1982796432657308,1.1754719403438794,1.2036198439505226
2017-12-28,1.1980227850592124,1.1753077637573262,1.2038533955299853
2017-12-29,1.197998624479602,1.1751715054278844,1.2041681706536902
2018-01-02,1.198406286839118,1.1750736524029144,1.203790915434581
2018-01-03,1.1984640296399525,1.1751172854722316,1.2038818089064953
2018-01-04,1.1985790548588884,1.175048548891972,1.2037747752268722
2018-01-05,1.1989046186780064,1.1747649935466373,1.203990299381176
2018-01-08,1.2001926479105696,1.174574932256733,1.204228898323784
2018-01-09,1.1997969057214306,1.174193379028648,1.204598376588835
2018-01-10,1.1995165296756582,1.1743526878781365,1.2047003517238055
2018-01-11,1.1997419208721443,1.1736397650492822,1.2047983954844221
2018-01-12,1.1997076100742183,1.1738659250684624,1.2048951577532312
2018-01-15,1.1993987256598384,1.1737122251513967,1.204996375535012
2018-01-16,1.1986411341938934,1.173433103309113,1.2049417909963083
2018-01-17,1.1982673802866854,1.1736396095206882,1.2051415054772634
2018-01-18,1.1984187262042454,1.1735850357552255,1.2050827866097897
2018-01-19,1.1984388513613398,1.1731739622256538,1.2052597968159882
2018-01-22,1.1983686553636832,1.1730803581256801,1.2052226643944868
2018-01-23,1.1983499076926478,1.1730829199566055,1.2053633394913654
2018-01-24,1.1982725768098152,1.1731390197424632,1.2054979694717203
2018-01-25,1.1988762765931877,1.1727798590807514,1.2055694759573243
2018-01-26,1.1996449400720532,1.1727176910690533,1.2055445905589544
2018-01-29,1.1996152248696417,1.1726960380696232,1.2056813116413918
2018-01-30,1.1991155723682032,1.1723989119147051,1.2058361745337498
2018-01-31,1.1994215398435155,1.1723857702514777,1.2058627647523652
2018-02-01,1.1994272881846724,1.1722521172114442,1.2061577615080943
2018-02-02,1.1990807519777127,1.1722485983307822,1.2060422474948203
2018-02-06,1.1975008517572512,1.1722152633505163,1.2061508562405368
2018-02-07,1.1972459848991663,1.1720908462899335,1.2062664009594386
2018-02-08,1.1958555146728032,1.1719082981446565,1.2061310198558595
2018-02-09,1.1966889771265499,1.1721446484142133,1.206218325533711
2018-02-12,1.197175826566595,1.1715637576385594,1.2062983478277631
2018-02-13,1.1981046914963844,1.1715090749054546,1.2061522361580703
2018-02-14,1.1973105481149118,1.1715237355881711,1.2064348812785388
2018-02-15,1.197163259839952,1.1714723211108826,1.2068320832876576
2018-02-16,1.1970700864916548,1.1710360147623158,1.206784958339475
2018-02-19,1.1965698354533414,1.170870694258354,1.2066845989508455
2018-02-20,1.1969648524803622,1.1709704005935468,1.2067453302008901
2018-02-21,1.1973456556532347,1.171132508415907,1.2067710516992967
2018-02-22,1.1968985449035543,1.1705378245021012,1.2068753265992058
2018-02-23,1.196729241422827,1.1706015072105151,1.2069399435440111
2018-02-26,1.1969364288918665,1.170627685842163,1.2068888648801115
2018-02-27,1.1966978455896535,1.1704336375466429,1.2072897451386086
2018-02-28,1.1969124795081987,1.170447837823922,1.207278847087111
2018-03-01,1.196933828163527,1.1701045981404077,1.2073109277020888
2018-03-02,1.1972449755361612,1.17006455920389,1.2072608904683846
2018-03-05,1.1974777112822024,1.1699196980902855,1.20738064550848
2018-03-06,1.1978834692149622,1.1699620943478277,1.207598496230654
2018-03-07,1.1987702395978805,1.1697689228564851,1.207472060828737
2018-03-08,1.1981687535693646,1.169513178336104,1.2076103884831022
2018-03-09,1.1971028188259678,1.1694730261512414,1.2077918142778241
2018-03-12,1.1978736706533588,1.1694418269662683,1.2076935897450807
2018-03-13,1.1984996657112195,1.1698249940551855,1.2077572169748552
2018-03-14,1.197771139760196,1.1696921042834678,1.2076798551132475
2018-03-15,1.197219051363928,1.169592410202198,1.207547690901207
2018-03-16,1.1972363165450983,1.169720363584797,1.2074996847926458
2018-03-20,1.196909092806949,1.1697159683763618,1.2072762655565237
2018-03-21,1.1957156453505837,1.1695549382972426,1.207134621957197
2018-03-22,1.19655272358822,1.1697019594557265,1.2072173604594818
2018-03-23,1.1954021573939169,1.1695886765968395,1.2073937763982958
2018-03-26,1.1958059157158554,1.1694569342414893,1.2073753337344661
2018-03-27,1.195089796349318,1.1693749181827358,1.2076793660061138
2018-03-28,1.1942240576895997,1.1692470463488325,1.2076717592827737
2018-04-02,1.1945611842973745,1.1692993394437827,1.2075808494733087
2018-04-03,1.1930960142206526,1.1691994932117156,1.2075294509810177
2018-04-04,1.1922820339343527,1.1692795427858325,1.207345145678646
2018-04-05,1.192100115508373,1.168814059188178,1.2075557903821825
2018-04-06,1.1920279294982126,1.1685408268304072,1.2079102279222491
2018-04-09,1.1919128350166879,1.1685930818851926,1.2079906382809382
2018-04-10,1.1915609287041458,1.1685622548301635,1.20789298342901
2018-04-11,1.191519322963926,1.168419835706583,1.2080399712200818
2018-04-12,1.1921492391162019,1.1684336865246239,1.20808099416614
2018-04-13,1.191434332177683,1.1683514537487996,1.207883173030714
2018-04-16,1.191279954557873,1.1679876867585655,1.2081400800223132
2018-04-17,1.1908243979529782,1.1679236416555387,1.208295423046044
2018-04-18,1.190909126079541,1.1676368128235948,1.208555250026545
2018-04-19,1.1907405994036475,1.1678453968636056,1.208418004850888
2018-04-20,1.191385488378257,1.167988066105314,1.2083357651595774
2018-04-23,1.1912996763856731,1.1679440334055893,1.2084424491420607
2018-04-24,1.191170765347477,1.1678417716846832,1.2084150527108393
2018-04-25,1.1913793120371963,1.1675155269638742,1.2087917538378103
2018-04-26,1.1912781924315747,1.167574135245609,1.2087755218577432
2018-04-27,1.1915382960119616,1.167638328265653,1.2089302887254185
2018-04-30,1.1917928617198932,1.1674590630328423,1.2090872054786308
2018-05-02,1.1910249551441312,1.167387142343855,1.2089854646587888
2018-05-03,1.1899201167388969,1.1669987029051636,1.2088243969908774
2018-05-04,1.189252755561717,1.1667941553151902,1.2093442336314622
2018-05-07,1.1884019548790112,1.166737560982985,1.2090814480469452
2018-05-08,1.188161226593108,1.166692968711063,1.2092582323834562
2018-05-09,1.1882641446984072,1.1668763626435297,1.2094437107077456
2018-05-10,1.1875958888360745,1.1664951734948303,1.2094270436934744
2018-05-11,1.1880342726501427,1.1665691121026658,1.2097317356427437
2018-05-14,1.1886925579060192,1.1663877306029466,1.2095125850765067
2018-05-15,1.1881633987170066,1.165847867762134,1.2097122657480237
2018-05-16,1.1879265599072169,1.1657766520720951,1.209633610122197
2018-05-17,1.1863560323579112,1.1658698829701637,1.2097153603779087
2018-05-18,1.1871106869814707,1.1659269098779506,1.2098265005201412
2018-05-21,1.1869643221494621,1.1660460690496721,1.2099807771787416
2018-05-22,1.1871372345090043,1.1660023613918908,1.209866004673633
2018-05-23,1.1874767231276542,1.1661511851195343,1.2101058856615112
2018-05-24,1.1896776444864416,1.165748950801215,1.210282228288653
2018-05-25,1.1903732826891762,1.1655959853784674,1.2101424959964564
2018-05-28,1.191148669819369,1.165780424090474,1.2101797381285808
2018-05-29,1.1917139700602863,1.165807694230151,1.2102218635330362
2018-05-30,1.1916644507947887,1.1659157034842893,1.210297297896647
2018-05-31,1.1919425680958176,1.1655659405562047,1.2098940503251254
2018-06-01,1.1924859645956771,1.1658718057962376,1.2102743195263173
2018-06-04,1.1937768620895353,1.1654318903181125,1.2102378273110097
2018-06-05,1.1941223304696131,1.1652927644700832,1.2103727926119465
2018-06-06,1.194631303709873,1.1650868114650847,1.2103765329430587
2018-06-07,1.1948361635861087,1.1649787048940408,1.2102325972551389
2018-06-08,1.1947643485073014,1.1648644701872224,1.2102806846766947
2018-06-11,1.195088902586237,1.1645283902783032,1.2104854363726747
2018-06-12,1.1949507318859747,1.1645415342164396,1.2106404988538075
2018-06-13,1.1953292619945763,1.1642365141646032,1.2105089056105172
2018-06-14,1.1950487309578681,1.1643947885466772,1.210434088744734
2018-06-15,1.1952187842633615,1.1644456538590733,1.2106197562974341
2018-06-18,1.1954019220152146,1.1642506366030452,1.2107340289139321
2018-06-19,1.1952113271862872,1.1641824162439356,1.2110627475933562
2018-06-20,1.1943353215250012,1.164496824626481,1.2110656525067955
2018-06-21,1.1946055301589258,1.1644883595157995,1.2113090027616291
2018-06-22,1.1950715290918916,1.164239977482602,1.2115569039300478
2018-06-25,1.195747431776888,1.1641064980588254,1.2115085070468263
2018-06-26,1.1963910060138754,1.1640705561926759,1.211526802818581
2018-06-27,1.1959458454569765,1.164028905728886,1.211399883067099
2018-06-28,1.1953622414741676,1.1641847071224938,1.2114416537807182
2018-06-29,1.1943280341086497,1.1640344612593243,1.2115483016462096
2018-07-02,1.1933139558231538,1.1640246717333222,1.2114908514508524
2018-07-03,1.1937946322060928,1.1640013501155586,1.2115177520791272
2018-07-04,1.1935453180958036,1.1640941989552342,1.211400009948527
2018-07-05,1.1915632912099838,1.164258741638483,1.2116958782199385
2018-07-06,1.1916766370704983,1.1643349745452904,1.2119922859748968
2018-07-09,1.191400557055469,1.1641347859940714,1.2120169769053224
2018-07-10,1.1917284930474856,1.163848779623627,1.212019026287221
2018-07-11,1.191959721842731,1.163884424585642,1.2117100417447624
2018-07-12,1.1920110096894292,1.1637430661536143,1.2118778935515828
2018-07-13,1.1925936013051075,1.1635434188829432,1.2118393770112568
2018-07-16,1.1931288935729736,1.1637039797449849,1.2119883743348285
2018-07-17,1.193234280881265,1.1633785621128312,1.2122547903728151
2018-07-18,1.194163804146318,1.163476255951895,1.2126134765919583
2018-07-19,1.1941298142124395,1.1635849003717595,1.212945925657508
2018-07-20,1.1938279584018614,1.163458167015053,1.2126289056389337
2018-07-23,1.1949475985952933,1.1631806393897408,1.2127444208763987
2018-07-24,1.1949260469288463,1.1632162648510564,1.212728090815175
2018-07-25,1.1956091733055152,1.1631021292957675,1.212778010590176
2018-07-26,1.1964451068681983,1.1628704645755907,1.2123560468778192
2018-07-27,1.1966686241505986,1.1629290694793428,1.2122585397516539
2018-07-30,1.1963094515816153,1.1625556543101836,1.2125779591834627
2018-07-31,1.1961271572506587,1.1624916106445373,1.2125714667292957
2018-08-01,1.1951174583555528,1.1623964406508795,1.2127997495697933
2018-08-02,1.1950476420814542,1.1624102854623575,1.2125759578181377
2018-08-03,1.1948604746202232,1.1623441543277506,1.2127745703790906
2018-08-06,1.195735994288823,1.1626982337759135,1.2130054045642629
2018-08-07,1.19497940870917,1.1627687295668796,1.2128798375621839
2018-08-08,1.1942755994491157,1.1625722944489982,1.2128864573542752
2018-08-09,1.1954509924018926,1.162659232905461,1.2129478292373632
2018-08-10,1.1935141410618983,1.1624309532013297,1.2126649851802704
2018-08-13,1.1926219842390993,1.1624135379051896,1.2128790869940493
2018-08-14,1.1925275523416712,1.1620713886197866,1.2130772114759576
2018-08-15,1.1910124158583684,1.1617004197364855,1.213367188434921
2018-08-16,1.190789550323272,1.1615239910281778,1.2130394807259703
2018-08-17,1.1907746589834356,1.1614376530149806,1.213102795169499
2018-08-20,1.1899880270955587,1.161250373342611,1.2132861932589178
2018-08-21,1.1910331697603342,1.1610376553598765,1.2133742152736144
2018-08-22,1.1902951714468089,1.161474900423294,1.213433406109072
2018-08-23,1.1909417534282947,1.1614228940368387,1.2132704757108632
2018-08-24,1.1925592938288343,1.16133072024136,1.2135462511308168
2018-08-27,1.1921147954236158,1.1610556772647544,1.21334965481352
2018-08-28,1.191450121472423,1.1609334181506368,1.2132544404092163
2018-08-29,1.1917310953470335,1.160976067934602,1.2134538336403944
2018-08-30,1.191531559745109,1.161093068927434,1.2135656670805737
2018-08-31,1.1930531645484246,1.1609407232874807,1.2134039098866727
2018-09-03,1.193438781158153,1.1608745294977159,1.2135208325442146
2018-09-04,1.1930702638371846,1.1608126005401587,1.2135298086045434
2018-09-05,1.193474245361763,1.1607679499859782,1.213240988014661
2018-09-06,1.1948477844613334,1.1607831505849855,1.2132689160023082
2018-09-07,1.1942546324348424,1.1606393589959416,1.2132585998974548
2018-09-10,1.1948121880336866,1.1604415793137959,1.2133023484671221
2018-09-11,1.1943284954559887,1.160333558695476,1.2134154369981522
2018-09-12,1.1943406735370523,1.1601791228869782,1.2136994587254666
2018-09-13,1.1940404981251522,1.1602919451486202,1.2135025437573377
2018-09-14,1.1946021355377685,1.1604390319536453,1.213675519076085
2018-09-17,1.196019224264783,1.16049055722155,1.2139648805402927
2018-09-18,1.1961738831471629,1.1602940979051855,1.2139656809196624
2018-09-19,1.1957235471137317,1.1601138443716488,1.2139489762618008
2018-09-20,1.1960025890800685,1.1599002413395074,1.214314399688819
2018-09-21,1.196537959428161,1.1597024601402923,1.2144503332522854
2018-09-24,1.1964634097981186,1.1598011243219497,1.2145303702077361
2018-09-25,1.1961748190859542,1.1599282154750894,1.2146932681172835
2018-09-26,1.1961523043726265,1.1595803252073038,1.2146353319734438
2018-09-27,1.1958252375078633,1.1595512100972134,1.2143856379212357
2018-09-28,1.1974942562480828,1.1596067546949875,1.2142254589743013
2018-10-01,1.1982009625036047,1.1595696468252417,1.2151694621332305
2018-10-02,1.1979190672663358,1.1595198712232175,1.2148274935694656
2018-10-03,1.2006724684999939,1.1594560609408968,1.2150557462305622
2018-10-04,1.2007645552655235,1.159539695820783,1.2148072645971357
2018-10-05,1.2017740307537161,1.159110433526728,1.2148238529867437
2018-10-08,1.204798865498629,1.1589861069202592,1.2152080060892019
2018-10-09,1.2051951247522823,1.1589347800686451,1.2151666515281094
2018-10-10,1.2052982096615772,1.1588061643458438,1.2145937720495594
2018-10-11,1.2055870484053213,1.1583937303840481,1.2145998717757087
2018-10-12,1.205786964364982,1.1587694783543931,1.2146767305892092
2018-10-15,1.20544243949186,1.158571417985407,1.215048945237454
2018-10-16,1.205283545712054,1.158172741959072,1.2148256300299956
2018-10-17,1.2044463284625746,1.1578447239763223,1.2151091368970792
2018-10-18,1.2024759004692864,1.1580049731323099,1.215290800802015
2018-10-19,1.2029769354637143,1.1580387857867978,1.214991882615564
2018-10-22,1.2023725959748894,1.1582380311088116,1.214903821823105
2018-10-23,1.2019239502302645,1.157915579498943,1.214960029566969
2018-10-24,1.2012980108460372,1.1579563152313606,1.2150918379539837
2018-10-25,1.2011627533607099,1.157869827392348,1.214935299547305
2018-10-26,1.2014589210001017,1.1578818866419789,1.2150251978587798
2018-10-29,1.1987541458143083,1.157430377620189,1.2158708048662465
2018-10-30,1.1986413202764532,1.1570005396978464,1.2155189367591253
2018-10-31,1.198328265120307,1.1570526539507209,1.215404440021612
2018-11-01,1.196066571427922,1.1567638792170376,1.2156683890454052
2018-11-05,1.1926119439718772,1.156779849681171,1.215530317350254
2018-11-06,1.1932146817336984,1.1564283539517564,1.2155948071277787
2018-11-07,1.1932084388308093,1.156398511036053,1.2154942383055722
2018-11-08,1.190508577469545,1.1564192940493048,1.2153302989727661
2018-11-09,1.1903979549731805,1.1563544075257814,1.2152107176332028
2018-11-12,1.190796883389268,1.1564019469208544,1.2151340245761806
2018-11-13,1.1890841938753496,1.1568156984571538,1.2151218233253183
2018-11-14,1.1894572420828835,1.156588920645204,1.2152877259345083
2018-11-15,1.189153304826966,1.1565649171846886,1.2149088523500227
2018-11-16,1.1875915626406546,1.1563146212559694,1.2149035353131072
2018-11-20,1.187410435511293,1.1564259306635156,1.2151694411458598
2018-11-21,1.1869542007075709,1.156359342909727,1.2147937517384957
2018-11-22,1.1866549403264561,1.1566200567168696,1.215317079189705
2018-11-23,1.1866382159762199,1.156293907936398,1.2151037020348878
2018-11-26,1.1862353089218958,1.1561359491630934,1.2153226815102562
2018-11-27,1.1856529033192755,1.1561645098702458,1.2152799735302415
2018-11-28,1.183696972613372,1.1559907209987095,1.2149839188150178
2018-11-29,1.1835994392220126,1.155822126469542,1.2152221415160827
2018-11-30,1.1831812056283588,1.1554965590142148,1.215514832457441
2018-12-03,1.1831939443178856,1.155742749843586,1.2156357903482178
2018-12-04,1.1830053246494356,1.1553109490103843,1.2156844184189353
2018-12-05,1.1846088901845029,1.1552751498985256,1.215585733284366
2018-12-06,1.1850178962318827,1.1556951724420106,1.2155206820711109
2018-12-07,1.1846616228935887,1.1555801895241096,1.2154937111259567
2018-12-10,1.1839634170289868,1.155584650463002,1.21547282937128
2018-12-11,1.1836440651821143,1.155194968320292,1.2156651345372809
2018-12-13,1.1839875614539044,1.155543822516258,1.2155291600284346
2018-12-14,1.1835177180164678,1.1551058350892722,1.2157637729507837
2018-12-17,1.1828898657630582,1.1548623413570085,1.2159225292408202
2018-12-18,1.1821058967003735,1.1547834381433768,1.2161653639814682
2018-12-19,1.1816574970261096,1.1548459809590361,1.215969630295009
2018-12-20,1.1827571310081886,1.1549668158423834,1.216138507851195
2018-12-21,1.1838103087894742,1.154670631391586,1.2162192066693056
2018-12-24,1.184014998123886,1.1545941556956258,1.2158663700079675
2018-12-26,1.1846776039055884,1.154271851117477,1.215683487609483
2018-12-27,1.1843611147495725,1.1544893473032085,1.2159733228770786
2018-12-28,1.1846188305955163,1.154349034090793,1.2157363764288651
2018-12-31,1.184288352757009,1.1545736909837365,1.2161067856319232
2019-01-02,1.1825198752720845,1.1548143486462392,1.2160210073650732
2019-01-03,1.1818165388387512,1.154743358747104,1.2161265053149484
2019-01-04,1.1815628401427,1.1546454686924688,1.2162340761755965
2019-01-07,1.1808650812529957,1.1544688874169717,1.2164566180550385
2019-01-08,1.1800494152852483,1.1542312236723136,1.216426738991586
2019-01-09,1.1801877263905844,1.154269116262965,1.2163142589201734
2019-01-10,1.1805637461806524,1.1542862110985672,1.2163972426095144
2019-01-11,1.1807092211324692,1.1545964804805369,1.2165281806494543
2019-01-14,1.180995257632596,1.1543912503513138,1.216533344654495
2019-01-15,1.180103235069995,1.1544384731034876,1.2167309464593368
2019-01-16,1.1802755989418736,1.1542415194690612,1.2167722136719938
2019-01-17,1.1800953351432095,1.1538620417403243,1.2167722239223164
2019-01-18,1.1798276193175414,1.1537932270699895,1.2164361859676032
2019-01-21,1.1808159839360999,1.1538082854684426,1.2165249578497794
2019-01-22,1.1813811905406477,1.153847775737669,1.2167658345987615
2019-01-23,1.18187705297567,1.1537765041073669,1.2169030651804507
2019-01-24,1.1819329137289465,1.1536956766059332,1.216955560069489
2019-01-25,1.1815862113987141,1.1535804571241068,1.2165940043983496
2019-01-28,1.1821035053503148,1.153532264529488,1.2166577488031063
2019-01-29,1.182817070114746,1.1533435826043767,1.2166733306809616
2019-01-30,1.1825560281581922,1.1535507782998746,1.2163913893361051
2019-01-31,1.1815722259101191,1.1534002078066519,1.2162100314332362
2019-02-01,1.1819563292038924,1.1535421588611103,1.216491709260649
2019-02-05,1.18131363565649,1.1534762425561165,1.216812664975386
2019-02-06,1.1806857516185563,1.1531675488780029,1.216168489653506
2019-02-07,1.1804148317473848,1.1529802923994843,1.2162419929790422
2019-02-08,1.1788725142384404,1.152991791897995,1.2161648564530265
2019-02-11,1.1795460955864474,1.1530425137126958,1.2162480612630164
2019-02-12,1.179212129166675,1.1526775688685695,1.2163394129082394
2019-02-13,1.1784037052824095,1.1526483326387025,1.2165660726812606
2019-02-14,1.1788905698849423,1.1527584505988622,1.21684771631785
2019-02-15,1.1796177591065309,1.1525702194484972,1.2168907248805754
2019-02-18,1.1796836348611162,1.1527181183280206,1.2168040289587754
2019-02-19,1.1798659235271733,1.1526182347450376,1.2168826295087944
2019-02-20,1.1794764066252628,1.1520988765013755,1.2175567469483601
2019-02-21,1.1804121534681467,1.1522981720640284,1.2171065673952133
2019-02-22,1.179802125875399,1.152462972035218,1.2167750209949026
2019-02-25,1.1795077293691678,1.152303826144851,1.2171529606208602
2019-02-26,1.17954290094367,1.152361496125869,1.2169407330237432
2019-02-27,1.1803485992863458,1.1520834293238496,1.217368032944796
2019-02-28,1.1804003248053931,1.1524049708666075,1.217337256102554
2019-03-01,1.1807050011789446,1.1524483248617643,1.217037841459811
2019-03-04,1.1811583020221148,1.15230004996431,1.2173561737744258
2019-03-05,1.1809480905989065,1.152255548255217,1.217199010683341
2019-03-06,1.1810611977602665,1.1520727650088813,1.2168405318922304
2019-03-07,1.1796336233866445,1.152090434627592,1.2169046289557581
2019-03-08,1.1797871356268017,1.15182471227838,1.2173061415423785
2019-03-11,1.1800456248007556,1.1519021617147607,1.2173964366780146
2019-03-12,1.1808573703255894,1.152025248678187,1.2175346066979222
2019-03-13,1.180757993558421,1.1518923451835719,1.2178928409178078
2019-03-14,1.1803894066334215,1.1517621863790675,1.2180300237972326
2019-03-15,1.1802835667420803,1.1517431253625166,1.2179151573105755
2019-03-19,1.1803282731697808,1.1516441125320849,1.2177171816634924
2019-03-20,1.1790413844951673,1.151623169747109,1.2173714457417588
2019-03-21,1.1796151769389964,1.1515911842077768,1.2178198321957086
2019-03-22,1.1785227366905318,1.1515058679868193,1.2177493124074574
2019-03-25,1.1782109849234395,1.151557795278611,1.2177670810370271
2019-03-26,1.178293522455304,1.151324876878417,1.218021190324672
2019-03-27,1.1780216207752634,1.1511291672087605,1.2179959525844164
2019-03-28,1.1788296843631914,1.151236250094899,1.2179288421733945
2019-03-29,1.1787270328441593,1.1513500862075414,1.2180669233456216
2019-04-01,1.1790309740823286,1.1513411029956695,1.2181661094667326
2019-04-02,1.1796705241713763,1.1513912711020537,1.217735574088058
2019-04-03,1.1793597399446165,1.1509705338566683,1.2180512280860942
2019-04-04,1.1793740917226383,1.1510358759365504,1.2179622779829928
2019-04-05,1.177958136697396,1.1509296939817977,1.2176188221337931
2019-04-08,1.1779563971118048,1.1512649658683711,1.2175573630237109
2019-04-09,1.1785466040755221,1.1508613035664337,1.2174855638400017
2019-04-10,1.1785799298090784,1.1505860252438223,1.217634890592143
2019-04-11,1.1783942038928255,1.1506742244158275,1.2177676248770468
2019-04-12,1.1797519677598738,1.1506860472167988,1.218012096473079
2019-04-15,1.1803224120856564,1.1510028906652157,1.2176247242830613
2019-04-16,1.1799582355232034,1.1507510199620188,1.2176209505707734
2019-04-17,1.1793686959431489,1.1503309624376992,1.217640689644604
2019-04-22,1.1787442917396287,1.1505767135946001,1.2177263225167005
2019-04-23,1.178734804883329,1.1507345964430402,1.2180122406016065
2019-04-24,1.179218403675413,1.1501697524657444,1.2178971195223
2019-04-25,1.1794927197182454,1.150217705258125,1.2179262897981065
2019-04-26,1.1799644631930457,1.1503445866483952,1.2181956972290655
2019-04-29,1.1803134957863526,1.1504629261604506,1.2182989738901997
2019-04-30,1.18022748905733,1.1503583188713769,1.2182762495853212
2019-05-02,1.17985866508697,1.1503060982252855,1.2183049086789106
2019-05-03,1.1803784113427074,1.1508307801138982,1.2182146666436935
2019-05-06,1.1803496498205666,1.1506229066619027,1.2184467104926977
2019-05-07,1.1803251742385688,1.1504894441181515,1.2185198332746665
2019-05-08,1.1802746179656682,1.1500828882371619,1.2185402295760617
2019-05-09,1.180820518235324,1.1498966983702963,1.2190063261277
2019-05-10,1.1810007515080323,1.1497927725674324,1.2189015361779003
2019-05-13,1.1807986883900523,1.149578226412617,1.2191572983577907
2019-05-14,1.181158146057297,1.1497348607683093,1.2191020358874962
2019-05-15,1.1814322127574837,1.1497539400123171,1.2193847839368088
2019-05-16,1.1813479077446116,1.149794598193608,1.2190894206630274
2019-05-17,1.1812614644267045,1.1496135151696179,1.2192902636660592
2019-05-20,1.1816516770125975,1.149681887402747,1.2190346237876861
2019-05-21,1.1816096962815716,1.149500107859274,1.2191725273554463
2019-05-22,1.1814192579512426,1.149691470702807,1.2189785154755917
2019-05-23,1.1807985219252126,1.1498993782078533,1.2190378976013427
2019-05-24,1.180516738046045,1.1497801342496294,1.2193144397785494
2019-05-27,1.180631625573275,1.1492911192719846,1.219231251916901
2019-05-28,1.1803605213283332,1.1493220645709654,1.2192913377594348
2019-05-29,1.1804152018244114,1.149287790662481,1.2199428925504634
2019-05-30,1.1794882907771975,1.1491467561179955,1.2194856489809498
2019-05-31,1.1793218761575581,1.149160629645127,1.2197151534841086
2019-06-03,1.1792859865316958,1.1490867158831068,1.2198477981971056
2019-06-04,1.1795626486683177,1.1489262219932834,1.2201234506115517
2019-06-05,1.179851116450257,1.149288001167965,1.2199114561205875
2019-06-06,1.1799427559494469,1.149305028917668,1.21972894105647
2019-06-07,1.179552705141656,1.148986892336741,1.2197312080384173
2019-06-10,1.1798193282540845,1.1490306758847961,1.2198752486493916
2019-06-11,1.1796367512184138,1.1488350649164438,1.2203190701494595
2019-06-12,1.1808540853551528,1.1488605134909102,1.2204459059481063
2019-06-13,1.180480198550752,1.148566585723332,1.2202094875768559
2019-06-14,1.1806695099165605,1.1485210108379353,1.220174649264939
2019-06-17,1.1809265566390097,1.148652680315964,1.2201328338167075
2019-06-18,1.180615729535801,1.148721245213868,1.2201309772520126
2019-06-19,1.1802212385201967,1.1483917592957802,1.2201479603870433
2019-06-20,1.1797316253814893,1.148316722336443,1.2207318534961569
2019-06-21,1.1798290352892207,1.1480491048112191,1.221157143641402
2019-06-24,1.178989703878414,1.1478407007217057,1.2207288530481861
2019-06-25,1.1787442898091935,1.147692508395932,1.2211214136513542
2019-06-26,1.1788099933874643,1.147431131447784,1.2211611333100254
2019-06-27,1.1780987381655046,1.1473826539947016,1.221502171704349
2019-06-28,1.1786669792900288,1.1469529881003142,1.221550905028578
2019-07-01,1.1785947160993595,1.1472066433020394,1.2213880079722668
2019-07-02,1.1788581326783212,1.1470027296759635,1.2214301607261164
2019-07-03,1.1785575565663027,1.1470507350571335,1.2214610855802206
2019-07-04,1.1790375440955934,1.1468140490908947,1.221391834732203
2019-07-05,1.178602262566022,1.146653703984361,1.2214107182630263
2019-07-08,1.1785629325261147,1.146953255285585,1.2217386551120635
2019-07-09,1.1777056378934798,1.14706264880244,1.2216750117497066
2019-07-10,1.1776947066512644,1.1470587685425777,1.2214852981493796
2019-07-11,1.178098268784431,1.1469513739307315,1.2216849148732751
2019-07-12,1.1773796671592072,1.1469477814353795,1.2212392440872863
2019-07-15,1.1778784432935177,1.1467960012999572,1.2212485392633732
2019-07-16,1.1777961828473964,1.1468992674680907,1.2210515020929613
2019-07-17,1.1767426637046894,1.1469441023058728,1.221370864213985
2019-07-18,1.1767897310000448,1.1468319770208808,1.2214709112327513
2019-07-19,1.1778077362577175,1.146908542888579,1.2212159517402654
2019-07-22,1.1766399222861696,1.1472257746493724,1.221367094062342
2019-07-23,1.1765656336527424,1.147065035731719,1.221287972337774
2019-07-24,1.176152119094466,1.1471590792137125,1.221135291718757
2019-07-25,1.1765925170160014,1.146919075431476,1.221603756929864
2019-07-26,1.1759257291011311,1.14669368746391,1.2215649178729948
2019-07-29,1.175800719150884,1.1467392916852632,1.2215026908962727
2019-07-30,1.1758351588364304,1.1464952509234623,1.2218121031192335
2019-07-31,1.1755267632218336,1.1464514234368441,1.221876511961166
2019-08-01,1.1757724749838259,1.14616881406238,1.2219308688340889
2019-08-02,1.1761492529777626,1.1456286611097657,1.2216180274132693
2019-08-05,1.176081452204571,1.1453955873169201,1.2215367180883174
2019-08-06,1.1771273458136566,1.1455098060844153,1.2217379327515925
2019-08-07,1.1758739612138143,1.145853368821484,1.2218066763141835
2019-08-08,1.176330630495825,1.1455162079172323,1.2220488440456936
2019-08-09,1.1766323890314876,1.145599500477376,1.2213826385321604
2019-08-12,1.1756343740983197,1.1455889045409289,1.222080792145389
2019-08-13,1.1753491237108993,1.1452585181852024,1.2219991911719366
2019-08-14,1.173331608642373,1.145313619515705,1.2220331631444945
2019-08-15,1.1736985073542223,1.1458313283388575,1.2216966922326113
2019-08-16,1.1721389395513697,1.1451615046596055,1.2217502643909444
2019-08-19,1.1718452616284143,1.1452213087169016,1.2217311376004523
2019-08-20,1.1716184788293977,1.1448499604574591,1.2217417850827355
2019-08-21,1.1720275945839393,1.1448334723270615,1.2216125823737742
2019-08-22,1.1720175829929904,1.1444961593822567,1.221727135235495
2019-08-23,1.171794031529586,1.1443926456393334,1.2215707875457236
2019-08-26,1.1717028096998785,1.1443963184311625,1.2218291791909608
2019-08-27,1.1707700906113347,1.1441877809376435,1.2218431438241855
2019-08-28,1.1704640860379705,1.144235043883666,1.2217928536767442
2019-08-29,1.1676393227638666,1.1440789369995348,1.2218728849048115
2019-08-30,1.1665049234032105,1.1443455566843506,1.2219913374890536
2019-09-02,1.1669717656989511,1.1439987816849946,1.2219326038825118
2019-09-03,1.1666327809706247,1.1441210941661972,1.2217769616180965
2019-09-04,1.166021285598399,1.1439182348589532,1.2218532513687987
2019-09-05,1.1650200320795032,1.1437826997221932,1.2217803590235201
2019-09-06,1.1651832251209255,1.1437034987626205,1.2220313857656464
2019-09-09,1.1652076334229058,1.1438857219751355,1.222236447177058
2019-09-10,1.1651560170535313,1.143796917948634,1.2222787926113385
2019-09-11,1.1653108590222327,1.143604159787824,1.2220924259915047
2019-09-12,1.1658139017216664,1.1438125884465133,1.222198689214563
2019-09-13,1.165305321247297,1.1435955516095937,1.2220066244685215
2019-09-17,1.1654548720680515,1.143606115176009,1.222165553346022
2019-09-18,1.166171253369078,1.1430664163723276,1.2223086424890184
2019-09-19,1.165613787881682,1.142977188480098,1.2224762745213145
2019-09-20,1.164095752357153,1.1433609763691994,1.2224717641767506
2019-09-23,1.1654182381553848,1.142670421639393,1.2223770191167846
2019-09-24,1.1648980638962905,1.1427833995445171,1.222347479904855
2019-09-25,1.1653701187294154,1.1428751478096648,1.2223156075064991
2019-09-26,1.1656822359744659,1.1429800600575977,1.2220166044394145
2019-09-27,1.1658141695906803,1.1429630010775154,1.2223297984533354
2019-09-30,1.1660354341516093,1.1429414738511021,1.222432011163389
2019-10-01,1.166293322771839,1.143184135346471,1.2221684665944936
2019-10-02,1.1653214215559895,1.143006441409716,1.2221284802934484
2019-10-03,1.165210344206968,1.1429897479007318,1.222468779457457
2019-10-04,1.1643552481715937,1.143092313109542,1.222313593963145
2019-10-07,1.1641283992723874,1.1432366135742817,1.2222676307124452
2019-10-08,1.164395090100221,1.1428817718159618,1.2226357395046459
2019-10-09,1.1642652696695248,1.1425924883717924,1.222285374413781
2019-10-10,1.164079030479277,1.142553071472851,1.2219670966509797
2019-10-11,1.1647816211764674,1.1430117351113933,1.2221523081731154
2019-10-14,1.1641455354025647,1.1426056063768242,1.2222747221343409
2019-10-15,1.1637448152501488,1.1430190934861426,1.2224515560299312
2019-10-16,1.164401749931071,1.1426600612919158,1.222600162008068
2019-10-17,1.1644378055562656,1.1428693220898873,1.222780631587319
2019-10-18,1.1640032195873675,1.1433530348720695,1.2225821927365763
2019-10-21,1.1640611722538319,1.142567227444519,1.2227130379578453
2019-10-22,1.1641816910870193,1.142757110632538,1.2228121068823046
2019-10-23,1.1637907619770715,1.1428063904506727,1.222594365731643
2019-10-24,1.16432746048032,1.142533216409119,1.2227661938915289
2019-10-25,1.1654048384124118,1.1425055262363477,1.2231431502433592
2019-10-28,1.1637492248005858,1.1426085953621936,1.2229212269480916
2019-10-29,1.1640839140183896,1.1425485759770582,1.2230249313587545
2019-10-30,1.1642314446929012,1.142451181752472,1.2228612273479298
2019-10-31,1.1640000703800768,1.1420665662232043,1.223040385346105
2019-11-01,1.1636936335951484,1.1417388339130148,1.2231326215890763
2019-11-04,1.1634442571638859,1.142236086298766,1.2231016380302164
2019-11-05,1.16414207411635,1.1421215368988997,1.222318146208892
2019-11-06,1.1645060400503824,1.1420396993803508,1.222496051838552
2019-11-07,1.1647117386910697,1.1419518415176435,1.2225572897390478
2019-11-08,1.164095670198507,1.1421223488260859,1.2222656902015288
2019-11-11,1.1647825015635316,1.1423052273614538,1.2222302255045479
2019-11-12,1.1644609559979833,1.142380850541812,1.222243889408757
2019-11-13,1.164918966154581,1.1424059946792007,1.2220731998997563
2019-11-14,1.1654581653490066,1.1421079993984133,1.2225559231668384
2019-11-15,1.165132329257696,1.1419257206986935,1.2226838978493006
2019-11-19,1.165500897578392,1.1419200656194208,1.2223261418314912
2019-11-20,1.165457482460045,1.141696729866468,1.2222210416434782
2019-11-21,1.1646797998249088,1.1417485344070413,1.2221993974630956
2019-11-22,1.1645442339075587,1.1419993279851626,1.222425228189911
2019-11-25,1.1649266243864886,1.141820269764721,1.2227527949547135
2019-11-26,1.1645007406833072,1.1418425345809933,1.2224993857696396
2019-11-27,1.164988174232354,1.1419531015790703,1.2227274169591074
2019-11-28,1.1655876828624239,1.141543874519692,1.2225319280400258
2019-11-29,1.164992403195043,1.141746579293534,1.2226035091219956
2019-12-02,1.164113250078223,1.1415319563195083,1.222802489978371
2019-12-03,1.1641415746563442,1.1411824934697277,1.2229225254300486
2019-12-04,1.1638266836131386,1.1408111872237752,1.222826687261253
2019-12-05,1.164288132335781,1.1411958806572489,1.2227250394416143
2019-12-06,1.1648265948775332,1.1414904507956385,1.222832358795881
2019-12-09,1.1651558773522779,1.1413285532992092,1.2226434069373038
2019-12-10,1.164151098530029,1.1412305198816437,1.222947229425152
2019-12-11,1.1637475814430167,1.1411480909741696,1.222549797538755
2019-12-13,1.1632966832808882,1.140958963759112,1.2224719428745885
2019-12-16,1.1638654093422796,1.1408078930990464,1.222431828061904
2019-12-17,1.1637926937444885,1.1412254958821622,1.2227205785611293
2019-12-18,1.1627937295640178,1.1407699608244437,1.2225985002745687
2019-12-19,1.162680606733624,1.1412762279174964,1.2225403106863033
2019-12-20,1.162603743432876,1.141407652331674,1.2222802215042512
2019-12-23,1.1634076512979015,1.1411625251269695,1.2224107533521005
2019-12-24,1.1631495589688847,1.140708542885865,1.2227243318804155
2019-12-26,1.1626931558462734,1.1407292278492374,1.2227907921735166
2019-12-27,1.163176540684768,1.1409186266570444,1.222875417672089
2019-12-30,1.163070775101927,1.140750964713784,1.2231321958466717
2019-12-31,1.1630230162473731,1.1402435097136303,1.2229172628255471
2020-01-02,1.1622694709104953,1.1403788877237175,1.2227730512371018
2020-01-03,1.161903129605436,1.1405643014004296,1.2225558060208626
2020-01-06,1.163827425548214,1.140630639386726,1.222258607798249
2020-01-07,1.1627098582551811,1.1405743896253104,1.2223014677543678
2020-01-08,1.1636952472203013,1.1407482388252055,1.2222435782593117
2020-01-09,1.1641195808248856,1.1406039605444753,1.2224748525410691
2020-01-10,1.1637621471704034,1.1405571273902633,1.222482904035325
2020-01-13,1.1636482741899252,1.1405131708242557,1.2226434683238132
2020-01-14,1.1638686331054349,1.1404958220994217,1.2225928085548716
2020-01-15,1.1634739995974894,1.1406629706073832,1.2227252892971072
2020-01-16,1.1619111170011562,1.1403510474515477,1.2228383304660784
2020-01-17,1.1616047519037003,1.1399774988053164,1.2225942945333859
2020-01-20,1.1622632866974996,1.1396885384135484,1.223237649315857
2020-01-21,1.1623256439452427,1.1397387495599114,1.2227148943983344
2020-01-22,1.1632784842690902,1.1395926653484392,1.222692097602149
2020-01-23,1.1634629523902924,1.1391948241023375,1.222711271172274
2020-01-24,1.1628876879770644,1.1394995401627734,1.2229061346780568
2020-01-27,1.1611637079336339,1.1393912238611443,1.22275306889253
2020-01-28,1.1603073137432975,1.139576976904584,1.2229047404905624
2020-01-29,1.160063196434681,1.1392063542086208,1.2232039426759853
2020-01-30,1.16021157743921,1.139075600854735,1.2231795352943897
2020-01-31,1.1600310774159401,1.1389845487553145,1.222873804629321
2020-02-04,1.1592498863261156,1.1389900442901257,1.2229478499586095
2020-02-05,1.1584138954067507,1.1392784852716167,1.2232968294429645
2020-02-06,1.1577610711760835,1.1388713030921827,1.2227629878353914
2020-02-07,1.1591647261035019,1.1392441466169556,1.223449721757735
2020-02-10,1.1597566803962482,1.1388206160180412,1.2234330489223917
2020-02-11,1.1588468223847739,1.1389216893515983,1.2232135007045115
2020-02-12,1.1593029890279303,1.138963948955852,1.2229385597290443
2020-02-13,1.1590558778732183,1.1386595973211233,1.2230909546693136
2020-02-14,1.1596423841270702,1.1391089407330657,1.2231290550732377
2020-02-17,1.1599356147643036,1.1392513171728065,1.22285067806141
2020-02-18,1.1603396597184625,1.1391167447286388,1.2231488187769266
2020-02-19,1.1606056139951877,1.1392828892755977,1.2229406250948514
2020-02-20,1.160896148751913,1.1390552803174059,1.2232138396882117
2020-02-21,1.1613810544102254,1.138890197404697,1.2232054211752998
2020-02-24,1.160294640104586,1.13874837041576,1.2232383311686459
2020-02-25,1.1610299842147547,1.1384784249157573,1.2232025206925168
2020-02-26,1.1609393569561401,1.138174575761465,1.2234185119169902
2020-02-27,1.1589917247155725,1.138131408861252,1.2233731938752312
2020-02-28,1.1609974924672948,1.138216850162098,1.2232980456953375
2020-03-02,1.1602502526669305,1.1381746422537726,1.2232976588848012
2020-03-03,1.160233548496754,1.1383615101243858,1.2233283383462854
2020-03-04,1.1584075124029674,1.1380884508221927,1.2234338509435043
2020-03-05,1.156508910234742,1.1378944482103097,1.223174975981738
2020-03-06,1.1543904817283075,1.1379590003751776,1.2229839235859092
2020-03-09,1.1508649839678053,1.1382888182512725,1.2236487923767079
2020-03-10,1.1492610760591322,1.138246993230403,1.223970877318235
2020-03-11,1.1476803497193164,1.137996786824576,1.224224032294585
2020-03-12,1.1459499517498826,1.1380816154227684,1.2239043207572615
2020-03-13,1.144011177020378,1.1373935765201355,1.2240548624485477
2020-03-17,1.1433991203433436,1.1376781523355002,1.224340637606997
2020-03-18,1.1410634003700566,1.1378340545302874,1.2242558283670535
2020-03-19,1.141688908299137,1.1374315909965393,1.2243492793906752
2020-03-20,1.1417214075599442,1.1372007444713497,1.2241579977975676
2020-03-23,1.1393865272048576,1.1365742283782758,1.2241907006215662
2020-03-24,1.1374544938898101,1.1367496157737242,1.2240489822630105
2020-03-25,1.1367094132717996,1.1370620917529537,1.224221575674107
2020-03-26,1.1374453500196773,1.137087884602127,1.2243993323145423
2020-03-27,1.1343690637167025,1.1368264182403534,1.2244283693273759
2020-03-30,1.1357366397522293,1.1366301507017438,1.2247444857506877
2020-03-31,1.1359477967451999,1.1368558818244234,1.224804683954138
2020-04-01,1.1354808355704213,1.1371211688561569,1.2248315967768688
2020-04-02,1.1359455157327023,1.1374553724903385,1.2252761866842143
2020-04-03,1.1363322959363586,1.1374559252742598,1.2249598526820826
2020-04-06,1.1355510923189969,1.1370243823011952,1.2249828994143788
2020-04-07,1.1355109011578586,1.137324019776582,1.2250357559991583
2020-04-08,1.135555641265876,1.1374323542740195,1.2248352937701954
2020-04-13,1.1355768721072945,1.137464139106911,1.2249741203769486
2020-04-14,1.1360306865726422,1.1368885480088662,1.224894974272925
2020-04-15,1.1368560484782166,1.1370307430854378,1.2248072565787849
2020-04-16,1.1375864102371487,1.1366190017965565,1.224768437538211
2020-04-17,1.1358039933226869,1.1368110798950182,1.2246583956433155
2020-04-20,1.1360031872409306,1.1368304980423827,1.2249656924837253
2020-04-21,1.135679629011476,1.1365263196517716,1.2248175493365994
2020-04-22,1.1358269724959609,1.1361180114916303,1.2248567203705858
2020-04-23,1.1361847616388294,1.136096197335185,1.2249817865761918
2020-04-24,1.1357396508987678,1.1364375577686585,1.2249901727380827
2020-04-27,1.1356779321350157,1.1367053342340236,1.2246510384410163
2020-04-28,1.1355259252654089,1.1365354483040289,1.2247255748409416
2020-04-29,1.133272968073698,1.1369612432310623,1.2247443474660051
2020-04-30,1.133328135337292,1.1371543674323203,1.2246814051266584
2020-05-04,1.1332367356122464,1.136827665269445,1.2244198905739665
2020-05-05,1.1327231779947526,1.1362380018361724,1.2244382036813035
2020-05-06,1.132313932927699,1.1363623781190748,1.2244690313052051
2020-05-07,1.1330302157124745,1.1365284475509274,1.2243125234491257
2020-05-08,1.1328947477060203,1.1360374828672306,1.2244063220962753
2020-05-11,1.1332736063797204,1.1362308540181194,1.224439230694141
2020-05-12,1.1331575739670803,1.1363843554489543,1.2241717355305644
2020-05-13,1.131089884488447,1.1363073714247838,1.2244411507654105
2020-05-14,1.1309568192491422,1.136449728127818,1.224501568000613
2020-05-15,1.130145380090301,1.1354457743875164,1.2244047091897643
2020-05-18,1.128312555798407,1.1353039057287928,1.2244296579468226
2020-05-19,1.1264715045328055,1.13551723496565,1.2243602497915995
2020-05-20,1.1270830550670696,1.135619106561491,1.2245357203109726
2020-05-21,1.126885365929562,1.1358077595792477,1.2247621880939716
2020-05-22,1.1268838112676367,1.1357947287622077,1.2248759662869984
2020-05-25,1.1271600226045386,1.1356235765021703,1.22445625029578
2020-05-26,1.1263086617530056,1.1356491448767259,1.2248562849611155
2020-05-27,1.1252509421406443,1.1352283901822722,1.2250167799675047
2020-05-28,1.1247345974556933,1.1349942106825943,1.2248148443841727
2020-05-29,1.125307505373085,1.1354542644800192,1.2248067179518998
2020-06-01,1.125969627647343,1.1352489584705219,1.2247576997926386
2020-06-02,1.124893126343945,1.134813853678693,1.2246889133228498
2020-06-03,1.1234525439432894,1.1347712854634289,1.2252388424341931
2020-06-04,1.1266331447334272,1.1347874331857724,1.2251523055178732
2020-06-05,1.124825262209274,1.1348631815612946,1.2248756620040335
2020-06-08,1.1223240572613495,1.1350256318282368,1.225025901394106
2020-06-09,1.121718797732176,1.1349895328714146,1.2258961606676406
2020-06-10,1.1210547464330858,1.1349617538080385,1.2257126150035795
2020-06-11,1.11837700232028,1.1342493246151508,1.225813687086009
2020-06-12,1.1170707235280894,1.1344503231779808,1.2259631211147213
2020-06-15,1.1171507148863593,1.1347971461692776,1.2260639113493264
2020-06-16,1.116595326621698,1.1351637276632751,1.2260017145386282
2020-06-17,1.1161621124675833,1.1348733306986374,1.2259695855819532
2020-06-18,1.1163907240751352,1.1352137977254666,1.2261650166382638
2020-06-19,1.1171508540134707,1.1350083805275213,1.22599867862109
2020-06-22,1.1171867567323053,1.1349018921367304,1.225933580217947
2020-06-23,1.1172973506350945,1.134678907339604,1.2253837801778484
2020-06-24,1.1163952293265538,1.1350438956174698,1.2253115801623145
2020-06-25,1.1160100854878097,1.13523156982996,1.2254662251046513
2020-06-26,1.1157763717650817,1.1347975282000669,1.225608903748831
2020-06-29,1.1157736784566357,1.134963851338321,1.2252573005245366
2020-06-30,1.1157503432853049,1.135097246584969,1.2257899913873491
2020-07-01,1.1159004419764154,1.1344789260234787,1.2252162206773907
2020-07-02,1.1163506919110107,1.1345614930976569,1.22559934262697
2020-07-03,1.1160304871258908,1.1345427294761568,1.225577204075647
2020-07-06,1.1161249462044158,1.1340192881229232,1.225554008468035
2020-07-07,1.1167017304828706,1.1336415210136064,1.225555277848433
2020-07-08,1.1167034792012007,1.134032806922793,1.2250634761048547
2020-07-09,1.1161126527184442,1.1341256062174045,1.2254650802938587
2020-07-10,1.116540295175869,1.1342863716665714,1.2256948020323446
2020-07-13,1.1169005291729532,1.134177121892085,1.22596554812528
2020-07-14,1.11706422941695,1.134461308429905,1.22583799115202
2020-07-15,1.118000543084763,1.1343274499786453,1.2258231892703397
2020-07-16,1.1184415913941461,1.133912676405004,1.225785210724392
2020-07-17,1.118821392130989,1.1334294495071524,1.2255807696888148
2020-07-20,1.1189690008009803,1.1336202310420262,1.2250935560981917
2020-07-21,1.11961359445478,1.1334785997376602,1.2252451255352115
2020-07-22,1.1193749393740295,1.1336561324694983,1.2251057600367954
2020-07-23,1.1191576532119065,1.133474911383621,1.2256101056620443
2020-07-24,1.1190207096594365,1.1333792806251393,1.2259819661017506
2020-07-27,1.1198133392280956,1.13355558714706,1.2261570191139788
2020-07-28,1.1213425983393122,1.133214130254972,1.226093779523021
2020-07-29,1.1213638627055234,1.1334659647591496,1.2261536749958002
2020-07-30,1.1211693328626626,1.1329200352384337,1.2261684355192255
2020-07-31,1.1215194738670413,1.1329939586441375,1.2260846126019531
2020-08-03,1.1222150107586415,1.1330850670952028,1.226053225494792
2020-08-04,1.1229059425965553,1.1328799257093847,1.2263218570661754
2020-08-05,1.1221021171462116,1.1329383588509108,1.2264533859459994
2020-08-06,1.1223581538418959,1.132879047379803,1.2262055222585433
2020-08-07,1.1227389170255562,1.1325015091130313,1.2266381885755073
2020-08-10,1.1226246304348535,1.132283719607896,1.2262429055795194
2020-08-11,1.122063399997777,1.1326616869066477,1.2263975182056746
2020-08-12,1.1219427642036461,1.132236280666858,1.2262136977546674
2020-08-13,1.1222226624777063,1.1326007618738794,1.2262436656889497
2020-08-14,1.121820783623227,1.132397681936174,1.226280569906807
2020-08-17,1.1221486436297046,1.1324086153766242,1.2262494993149828
2020-08-18,1.1226980559291821,1.1322097589585705,1.226145959922467
2020-08-19,1.122933758000781,1.132271669907308,1.2264010913767913
2020-08-20,1.1228932907313944,1.1323615243328633,1.2264706791979738
2020-08-21,1.1222024878487509,1.1320437110383859,1.2268595990372078
2020-08-24,1.1226369977848112,1.1323047957260515,1.2271870453642184
2020-08-25,1.1222561909658366,1.132423389945758,1.2267811075670025
2020-08-26,1.1214174767058318,1.1319134654393013,1.2268263394849022
2020-08-27,1.121594892194824,1.1320308277406241,1.2265759363725846
2020-08-28,1.121851704354429,1.131916813345737,1.226480467676353
2020-08-31,1.1203930585182749,1.131784744064492,1.2267987161856646
2020-09-01,1.1192994083572638,1.1314242738463902,1.2265762897578303
2020-09-02,1.1187401646441142,1.1310851262848012,1.2261341771948917
2020-09-03,1.1177074211792406,1.1307745870576893,1.2259906746493499
2020-09-04,1.1181180561897721,1.13106560418933,1.2263189763167888
2020-09-07,1.11763974473042,1.1311634488802673,1.2257387061574079
2020-09-08,1.1177351772153963,1.1314465266979055,1.2259533242335354
2020-09-09,1.1177891609147153,1.130873332102948,1.2262607208731473
2020-09-10,1.1186562050935782,1.131018119321903,1.226061998434285
2020-09-11,1.117905818087132,1.13088535231521,1.2262525778445812
2020-09-14,1.1174670094004122,1.1313702761556945,1.2260674214051324
2020-09-15,1.117648203909684,1.1309249239270478,1.2264726825374839
2020-09-17,1.1181285700361547,1.1312625444775128,1.2265238685651245
2020-09-18,1.1191269824046857,1.131431710527167,1.2263469655752608
2020-09-21,1.1181000603161988,1.1315735214572182,1.2266285443861238
2020-09-22,1.1179938706815247,1.1314560553217758,1.226387928417595
2020-09-23,1.1181909582725735,1.1315563767264543,1.2267992970783086
2020-09-24,1.1185990201096898,1.1313901526346564,1.2268296005483574
2020-09-25,1.118387374712785,1.1313690098682179,1.2268373013905904
2020-09-28,1.117353310343432,1.131319114871419,1.2263312722810544
2020-09-29,1.120142052381369,1.1313185935540009,1.2260110536328548
2020-09-30,1.1199518099260233,1.1310026951614296,1.2263714459265767
2020-10-01,1.119500623427859,1.1311786654299083,1.2265383467305453
2020-10-02,1.1218991187754732,1.1306257343172856,1.2263603743990295
2020-10-05,1.1243207204573504,1.1305079563194425,1.2268748049511424
2020-10-06,1.1243130406241224,1.1304856171920328,1.2264321190548986
2020-10-07,1.123222673293299,1.1298321426835862,1.2267820255717357
2020-10-08,1.1244175326324872,1.1298584553849347,1.2268879672004716
2020-10-09,1.1243718849078104,1.1296887452159696,1.2271359567516567
2020-10-12,1.1245244581984777,1.1295707523386864,1.2270404281611853
2020-10-13,1.1250790632015304,1.1295831145942667,1.2273543888102731
2020-10-14,1.1256421735509443,1.1294036515399255,1.22705350086039
2020-10-15,1.1261927371503009,1.1293483368585058,1.2272216754559615
2020-10-16,1.126978030609535,1.1291947023923337,1.2268874368262794
2020-10-19,1.1273666001768938,1.1290059645166826,1.2265816535844463
2020-10-20,1.127434075381206,1.1295700956349077,1.2264469571333882
2020-10-21,1.1274923733263191,1.129178148156981,1.226165693495631
2020-10-22,1.1272025206610936,1.1291392769794815,1.2265298966662093
2020-10-23,1.129316608542023,1.1294113222933122,1.226759051059177
2020-10-26,1.1288128973337717,1.128900721569531,1.2261322459455215
2020-10-27,1.1296050656677266,1.1292830939705243,1.226992583410683
2020-10-28,1.1285495873016784,1.1291106706218903,1.226905739655196
2020-10-29,1.128145733974549,1.129259619554824,1.2270066964731747
2020-10-30,1.1289542951258582,1.129161984857445,1.2265656524794921
2020-11-03,1.1288654487907197,1.1290310783845556,1.2267560906213775
2020-11-04,1.1281836587389056,1.1290120688363678,1.2269047792525014
2020-11-05,1.126148375084674,1.1292099276719507,1.2269205877639047
2020-11-06,1.1268057047000892,1.1292504924251476,1.2271032306780378
2020-11-09,1.1269915319034416,1.1290108842400584,1.2271054826548518
2020-11-10,1.1274507723700922,1.1291626760375928,1.2271059389769468
2020-11-11,1.1274307669808317,1.1291201490610976,1.2270595330593395
2020-11-12,1.127551925386866,1.1290603548405413,1.2269209982542586
2020-11-13,1.1276248150608936,1.1289653180482857,1.2269080045474885
2020-11-17,1.1270666315477516,1.1289331871136488,1.2271120615747424
2020-11-18,1.1273899848759061,1.1288520928567207,1.2268407046741792
2020-11-19,1.1268512182212547,1.1291729019957706,1.226892968895493
2020-11-20,1.1270779748751358,1.1292358021268445,1.2267595454746119
2020-11-23,1.12699036863837,1.129348809421424,1.2271246429799982
2020-11-24,1.126372419460738,1.1291514738573054,1.2280001597453838
2020-11-25,1.1258152093809977,1.1292514146932264,1.2278712716388254
2020-11-26,1.1263563387019548,1.1288263057904828,1.2282441103792368
2020-11-27,1.126355248505225,1.1283785038360765,1.2278172631208457
2020-11-30,1.128121184276806,1.128596830573563,1.2278624178775446
2020-12-01,1.1271161353448511,1.1288409524040797,1.2276532206631081
2020-12-02,1.1269921505053986,1.128395472493261,1.2282025890204917
2020-12-03,1.1260010197438652,1.1283714066275854,1.2278489446810361
2020-12-04,1.1267335742271352,1.128318910961198,1.2275676748836908
2020-12-07,1.1267820475570611,1.1284621256749312,1.2275318304796068
2020-12-08,1.126365572196865,1.1284781839875693,1.2274694156903345
2020-12-09,1.1261667721817026,1.1283147439021357,1.2274010494704668
2020-12-10,1.125216920765188,1.1282126490870568,1.228052713539889
2020-12-11,1.1256295725228278,1.1283732951290395,1.2279221977664532
2020-12-14,1.1251696684857535,1.1282687388188815,1.2279776179335737
2020-12-15,1.1248540553042883,1.128240811452634,1.2281289419529904
2020-12-16,1.1242306638023525,1.1282749417997755,1.2280622542274715
2020-12-17,1.1241665146297473,1.12801698505851,1.2277679061651325
2020-12-18,1.1237421858829324,1.128075189894822,1.2279482579704188
2020-12-21,1.123613367839084,1.1286625021400845,1.2283214013368773
2020-12-22,1.1224886393688722,1.1281398048722246,1.2279876132463319
2020-12-23,1.1209421232713648,1.1280693513594333,1.2276554639389394
2020-12-24,1.1209502690691082,1.128102926698943,1.2271725166801537
2020-12-28,1.1205160680440893,1.1277957166879562,1.2272682902961243
2020-12-29,1.11893287921316,1.1277945913769645,1.2270805666572144
2020-12-30,1.119482198057812,1.1278474755051104,1.2275460950610442
2020-12-31,1.1193652084550276,1.1274622433112957,1.2273477055633017
2021-01-04,1.1204661464174401,1.1277977502636793,1.2273292720040436
2021-01-05,1.1208352890002788,1.1280052016147877,1.2270326160612228
2021-01-06,1.1209847816164626,1.1278236876869927,1.2273294492495284
2021-01-07,1.1210142982979188,1.1274961480064916,1.22764563131594
2021-01-08,1.1208279935191112,1.1274888672084529,1.2278867688183865
2021-01-11,1.1208538137368038,1.1273712429682659,1.2276841943613899
2021-01-12,1.1218968960854996,1.1273697547309538,1.2278940865940666
2021-01-13,1.1215370044123305,1.1273072859830655,1.2276298489449238
2021-01-14,1.1212346016074832,1.1271250932072352,1.22807347858657
2021-01-15,1.1208270106935465,1.1271660080476353,1.2277776322409588
2021-01-18,1.1202471898653972,1.1266121630022399,1.2273287252092586
2021-01-19,1.119720499055374,1.1267411482059317,1.2272993250756863
2021-01-20,1.1203982600133509,1.1270678038893613,1.2277103049543523
2021-01-21,1.1202922612033903,1.1272194989331714,1.2277173006801199
2021-01-22,1.119888249284335,1.1269986077763177,1.2281007969480677
2021-01-25,1.1198633256092105,1.1268446464188968,1.2279522463633379
2021-01-26,1.1207534050996244,1.1268903188741157,1.227938929634316
2021-01-27,1.1201046890498625,1.127020823484758,1.2278059614602685
2021-01-28,1.120017015684578,1.1271439721189433,1.2280940687604467
2021-01-29,1.1184307267237537,1.1266339320071395,1.2279621938786942
2021-02-02,1.1176653764315991,1.1268701008207604,1.2279138150103959
2021-02-03,1.1176766335927593,1.12705170827741,1.2280036037906308
2021-02-04,1.1186201291711402,1.1265837386980402,1.2283231090696376
2021-02-05,1.1184745676170929,1.1264043938205897,1.2282937446315216
2021-02-08,1.1184767129966742,1.1261392884091161,1.2283085955603685
2021-02-09,1.118914929212548,1.1264361366191749,1.2283727435075968
2021-02-10,1.1188694608245213,1.126324857344262,1.2285221096460512
2021-02-11,1.117685804824477,1.1261323285149876,1.2283051329958858
2021-02-12,1.1180589936660024,1.1261905131667076,1.228285214508884
2021-02-15,1.1181661310344795,1.1258290870061956,1.228233388469127
2021-02-16,1.118779325057366,1.1262796985270616,1.2283835641858374
2021-02-17,1.1189562014158927,1.126056564196219,1.228391776416979
2021-02-18,1.1195171767644292,1.1261335971225788,1.228419749953141
2021-02-19,1.1204264329578275,1.1262060630482718,1.228551052419264
2021-02-22,1.120402485313906,1.1262083217946417,1.2284616244160862
2021-02-23,1.119831989130318,1.1262339196140765,1.2283284980152962
2021-02-24,1.1201270354134467,1.1261388164366968,1.2284833171744145
2021-02-25,1.1196777558788,1.1258615703448465,1.2287491142695888
2021-02-26,1.118858155245528,1.1262244339932435,1.229220480872015
2021-03-01,1.1191789982020974,1.126643696979925,1.2290750352378657
2021-03-02,1.1186572841012197,1.126648714729583,1.2290411941122563
2021-03-03,1.1189393848014848,1.1261037479172562,1.2287603418803243
2021-03-04,1.119906160715308,1.1261250465458215,1.2289359300743592
2021-03-05,1.1204870615165765,1.1258765896446818,1.229057097737891
2021-03-08,1.1200807282670775,1.126156215413723,1.2292053502227864
2021-03-09,1.1205072685980335,1.1260053470948777,1.2289016334901623
2021-03-10,1.120487615269888,1.1260832219250478,1.2292294155433034
2021-03-11,1.1202377699835344,1.1260174848553282,1.2292088862805615
2021-03-12,1.120348470437843,1.1262916798211038,1.2291947489109663
2021-03-16,1.119918667340564,1.1257877006272596,1.2291272446066153
2021-03-17,1.1202206073197027,1.1258636374144497,1.2288313041021208
2021-03-18,1.1204784037965396,1.1255591823462194,1.2288783172677877
2021-03-19,1.1201994120986072,1.1253867258971675,1.2292350390262439
2021-03-22,1.1199405300779615,1.1256024664308248,1.229382088595973
2021-03-23,1.119372707258561,1.1256604911578862,1.2299110887157183
2021-03-24,1.1187644354259978,1.1257994037960128,1.2297727815417383
2021-03-25,1.1189162134969486,1.1251542501621372,1.2297379509571797
2021-03-26,1.118992045657851,1.1255245550236894,1.229462454159746
2021-03-29,1.1177935117808977,1.1258736127427393,1.229932675267023
2021-03-30,1.1178389275133374,1.1258214389425623,1.229919757021151
2021-03-31,1.1170854089344484,1.1255514472891741,1.2291546113655958
2021-04-05,1.1161774987088062,1.1253011051213273,1.2296450871349782
2021-04-06,1.116067019829096,1.12519995715095,1.2299708291205174
2021-04-07,1.1160302906800919,1.125189212874525,1.2303418434110593
2021-04-08,1.1156958791798997,1.1251846208793674,1.2302239351607533
2021-04-09,1.115374514553341,1.1249905083018747,1.2301100909482008
2021-04-12,1.1153958291527026,1.1249717307187896,1.229892539162612
2021-04-13,1.1148134338555895,1.1254395273521556,1.2299319362043168
2021-04-14,1.1146011919900103,1.1251133069387604,1.229396426166224
2021-04-15,1.1142738349104835,1.1251852073593882,1.2298058045739984
2021-04-16,1.1142970263924217,1.1255051266131655,1.2303931434971103
2021-04-19,1.1141051414163927,1.1251234471231941,1.230642847308626
2021-04-20,1.1141721344694575,1.1252101864414723,1.230404153294484
2021-04-21,1.1141581155066451,1.1252834466971657,1.2298425345694741
2021-04-22,1.11435110341999,1.1248161523806341,1.230054392343325
2021-04-23,1.1144475319302005,1.1252469297241927,1.2298707172857606
2021-04-26,1.113948486678877,1.1254126963210023,1.229671283581395
2021-04-27,1.1144992367092652,1.1250765346887333,1.2296177914610076
2021-04-28,1.1153995111419428,1.1248234415418157,1.229829994666948
2021-04-29,1.1153921303798318,1.124713142098671,1.2297481576247664
2021-04-30,1.1144048382214728,1.1245694975057094,1.2298072131924138
2021-05-03,1.1143514028585217,1.1244682442849931,1.229611997404511
2021-05-04,1.114633287055173,1.1245059842866154,1.2294788293281398
2021-05-05,1.1146200034970595,1.1249046953695823,1.2296324703861343
2021-05-06,1.1142840710862605,1.1247783553983428,1.2299405013966975
2021-05-07,1.1145941587918364,1.124444097371681,1.2300019267417985
2021-05-10,1.1141133638878722,1.1247473615464332,1.2303995632394065
2021-05-11,1.1137615964011105,1.1244607033706595,1.229651550130222
2021-05-12,1.1133287049607692,1.1244229106959494,1.2294786509426594
2021-05-13,1.1132597504164852,1.1241660478074633,1.229503524274078
2021-05-14,1.1129446560524954,1.1239792536122402,1.2292789499946997
2021-05-17,1.112752711390458,1.1237500590873557,1.2291018529915019
2021-05-18,1.1130585004896598,1.1240379657153707,1.2289678555946015
2021-05-19,1.1134822687212134,1.1238661028550962,1.2291998376666382
2021-05-20,1.112911357365006,1.1241943973552928,1.2292826555708736
2021-05-21,1.1128499821950588,1.1241010265570883,1.2291943901675026
2021-05-24,1.1129840373279678,1.1239585301511499,1.2295864762745576
2021-05-25,1.11293867794701,1.123423956343214,1.2295468644844612
2021-05-26,1.1135038663853696,1.123409652354051,1.2293816710010896
2021-05-27,1.1141049115008266,1.1240508842187735,1.229695228363853
2021-05-28,1.113993285579137,1.1238466947866772,1.2296879446831765
2021-05-31,1.1128518658282793,1.1237619879035907,1.2299091669535633
2021-06-01,1.112651983413963,1.1236750201723282,1.2301219636979304
2021-06-02,1.1125467903226407,1.1236782847842357,1.229922807361811
2021-06-03,1.1123143040728802,1.1239421722202845,1.2303672740140885
2021-06-04,1.1123090858074418,1.1239546862921812,1.2299862810129143
2021-06-07,1.1114667203060895,1.1237060019402063,1.2300739908274703
2021-06-08,1.1114271402975902,1.1239741825317309,1.2302992119028289
2021-06-09,1.1113605945502183,1.12385152818765,1.2304112221672743
2021-06-10,1.1115516519133037,1.1234271919093963,1.230329586668161
2021-06-11,1.1116024418640278,1.1233593480873207,1.2300855064843503
2021-06-14,1.1113077455498133,1.1238243551328377,1.2304612939116792
2021-06-15,1.1120328330553366,1.1238255850452237,1.2298478537230464
2021-06-16,1.1122776055390613,1.1238256197355678,1.2298189666005463
2021-06-17,1.112309300714891,1.1243373350524115,1.2303178583001955
2021-06-18,1.1133623348626065,1.124276137864479,1.2300955034873409
2021-06-21,1.1135537549597094,1.1239526613152262,1.2300324575673556
2021-06-22,1.1131675770600753,1.1242897057777779,1.23032143497241
2021-06-23,1.1126952657988902,1.1241740367844442,1.230663796741467
2021-06-24,1.1130156958470505,1.1241283324379456,1.2308817480257817
2021-06-25,1.113685107119523,1.1237361206388996,1.2307736412132546
2021-06-28,1.113384450413067,1.1238207184345015,1.2306675457285072
2021-06-29,1.1135777335112098,1.1235595646937342,1.2304425701150132
2021-06-30,1.1135580404020218,1.1239975001673748,1.2301440684863452
2021-07-01,1.113780468190136,1.1237538388157258,1.2304455915842236
2021-07-02,1.1146275508975132,1.1239208572583896,1.2305129584593655
2021-07-05,1.114264926015036,1.1238638194272703,1.2307299403402197
2021-07-06,1.1147955121951412,1.1235773361215122,1.230568360941843
2021-07-07,1.1145030011355757,1.1237530680753132,1.2307367874235502
2021-07-08,1.114294867025706,1.1236382434519474,1.2309022270843313
2021-07-09,1.1153565752487655,1.1234037722539096,1.2308643357672806
2021-07-12,1.115810481996563,1.1229619678364648,1.230518428176162
2021-07-13,1.116523683564884,1.1234228887288942,1.2304081097689947
2021-07-14,1.1165904058962095,1.1231138060020245,1.2309009385625644
2021-07-15,1.1173063884418521,1.1230135513537844,1.2309520531841192
2021-07-16,1.1168722514080327,1.1233647927145316,1.2305186871092548
2021-07-19,1.115121101349419,1.1234929620509633,1.2306470479892218
2021-07-20,1.1151403937339717,1.1233006536270675,1.2302565210084402
2021-07-21,1.115355312898959,1.12333166315079,1.2306832893078747
2021-07-22,1.1157977694252248,1.1228486591062607,1.2302847354946747
2021-07-23,1.1160509986527563,1.123270649335974,1.2299054264363887
2021-07-26,1.1161743007157987,1.1228358543284829,1.23014906253584
2021-07-27,1.11678544041179,1.1226401955241987,1.2300083901275027
2021-07-28,1.1187168705238428,1.122378828150618,1.2302291404331742
2021-07-29,1.1201280342921995,1.1221910182858947,1.2306915530886735
2021-07-30,1.119385350306255,1.121777250082519,1.2302437026804531
2021-08-02,1.1198331352212765,1.1220650991847556,1.2308038730511255
2021-08-03,1.119178740411093,1.122059527195318,1.2304910399397442
2021-08-04,1.1194944279267858,1.1221185237061873,1.230834389165613
2021-08-05,1.119492139606518,1.1222435335635372,1.2303479312083354
2021-08-06,1.1191420701222932,1.1225065148179107,1.2313165240058768
2021-08-09,1.1185538592252842,1.1216544134884021,1.2304387581071081
2021-08-10,1.1185759242838011,1.1222111738027516,1.2312122310574978
2021-08-11,1.1184989534604877,1.1216457216861846,1.2318544926149653
2021-08-12,1.1184214290294419,1.1216358064846725,1.2314814837721966
2021-08-13,1.1182510133728718,1.1216808577745325,1.2315939807543699
2021-08-16,1.1184947251404314,1.1217941730159977,1.2314943793554174
2021-08-17,1.118458276493625,1.1222804675173348,1.2315775284104509
2021-08-18,1.1196025580280398,1.1224669708515078,1.231416804632414
2021-08-19,1.1183751538866806,1.1220003575953443,1.2316303414456784
2021-08-20,1.118803521055171,1.1219873784940058,1.2316825463009442
2021-08-23,1.1191623711742318,1.1215735352379959,1.2314491729628474
2021-08-24,1.118757408722401,1.1219107694212023,1.2317389875561275
2021-08-25,1.118523199997385,1.1219250408065577,1.2322362918499639
2021-08-26,1.118298547611871,1.1223133352310035,1.2321093550541462
2021-08-27,1.1178718466989683,1.1214410206860492,1.232284767936196
2021-08-30,1.118228479591834,1.1214397437771764,1.2322961785637097
2021-08-31,1.118007867581861,1.1213661101398267,1.2323704290657402
2021-09-01,1.1185015416343864,1.121373193699742,1.2320708055646608
2021-09-02,1.1193316686387829,1.1211216952849021,1.2320044368283574
2021-09-03,1.119345582616952,1.1211434006429608,1.2320791542249907
2021-09-06,1.1190149880280242,1.1208045056213736,1.2322137879196287
2021-09-07,1.1193759696254924,1.1209859821523396,1.2318503051011531
2021-09-08,1.1191796659012272,1.1210754522339004,1.2317251937237057
2021-09-09,1.1195548245550497,1.1210033420432217,1.2316427855177698
2021-09-10,1.1194520765543707,1.12101676429696,1.2318875441077082
2021-09-13,1.119278810498384,1.1210495536976242,1.2319160610572009
2021-09-14,1.1193224287217989,1.1211983573765654,1.2317425042273964
2021-09-15,1.119499726459467,1.1212618222092854,1.2316860264571017
2021-09-17,1.1193052585916012,1.12097610447789,1.2322397777505072
2021-09-20,1.1182138609191312,1.1210581549616938,1.2315995432259952
2021-09-21,1.1175313772153004,1.1209721523898808,1.2314515463373434
2021-09-22,1.117395113746169,1.1204780847901712,1.2312667807505373
2021-09-23,1.117419088266399,1.1205667128335544,1.2312697622553463
2021-09-24,1.1180520694644476,1.12042779707713,1.2311557539321878
2021-09-27,1.1178262696323662,1.1203915248916239,1.2310071610462776
2021-09-28,1.1174798006476137,1.1200933932488772,1.2310142122230319
2021-09-29,1.1177992477044174,1.120220525830422,1.2307193067754432
2021-09-30,1.1180039802092412,1.1206570400175566,1.2307937304623262
2021-10-01,1.1179278418499914,1.1203173167473595,1.2307072518883015
2021-10-04,1.1180752430307557,1.1202133188604328,1.230730965462095
2021-10-05,1.11802514435665,1.1204597990602738,1.2305476752912838
2021-10-06,1.1187094697405264,1.1201137791502702,1.2304981810697464
2021-10-07,1.119716795228608,1.1200942646936647,1.2305332363860055
2021-10-08,1.1195272571256507,1.1198882262171006,1.230739231249153
2021-10-11,1.1197449537531345,1.11933342001886,1.2303629163923198
2021-10-12,1.119757980866476,1.1190262967807227,1.230431155590169
2021-10-13,1.1197157418050323,1.1185455020949577,1.2301549582646565
2021-10-14,1.1199617854461104,1.1185522050138341,1.2309739071775867
2021-10-15,1.1191031864878962,1.1187443151148895,1.2303475553452792
2021-10-18,1.1192516581648069,1.1193437246846492,1.230597679456085
2021-10-19,1.1197764089978322,1.11939898669831,1.230371164396572
2021-10-20,1.1199716077561626,1.1194934101835037,1.2304342136640214
2021-10-21,1.119572023375741,1.1192456271800175,1.2308312535658428
2021-10-22,1.1199262327998705,1.1194683469919895,1.2310142462126532
2021-10-25,1.1201449705337871,1.119544341474087,1.2307519707693744
2021-10-26,1.1203502320488774,1.1197058361320804,1.2309654180500653
2021-10-27,1.1209719753609926,1.1184640230250646,1.2303845907576632
2021-10-28,1.1211394934309231,1.1181229841408262,1.2301438275530931
2021-10-29,1.121025172061981,1.1179911721638303,1.2303002935350522
2021-11-01,1.1212239858182738,1.1185683519420182,1.2306959679032163
2021-11-03,1.1214952606626631,1.118855359325777,1.2304467575758211
2021-11-04,1.122298592141912,1.1189870311351722,1.2309249342400972
2021-11-05,1.1222451664012807,1.118938434524488,1.2310478016801498
2021-11-08,1.1231992460160436,1.1188727426627894,1.231746964181876
2021-11-09,1.123236398732894,1.1186264721216592,1.2321072277976945
2021-11-10,1.1239530197218421,1.118746692628478,1.2319720479696974
2021-11-11,1.1242298536789108,1.118875795527097,1.232098928728995
2021-11-12,1.124236309562397,1.1188073639979412,1.2317469672712529
2021-11-16,1.12481744468479,1.1184706135985556,1.2316762826259022
2021-11-17,1.1244505073704805,1.1186096873350477,1.2314410730368828
2021-11-18,1.1247296259518649,1.1185675564598,1.2307579873332688
2021-11-19,1.125129631955384,1.1185102206001363,1.2309652253664232
2021-11-22,1.1259467111220811,1.1180649800225866,1.231030445647209
2021-11-23,1.1261302476496209,1.1180485669848652,1.2313288779254454
2021-11-24,1.125516874882999,1.118473350903001,1.2317641814978113
2021-11-25,1.1257180182308693,1.1188344677784525,1.2312676676703853
2021-11-26,1.1247150602397045,1.118970388798713,1.230915290249094
2021-11-29,1.1258374269940636,1.11779630018129,1.2311562410755812
2021-11-30,1.126210559528376,1.1182676952364299,1.2318077969198806
2021-12-01,1.126072570036686,1.1185137272146717,1.231247651004568
2021-12-02,1.1260575338509813,1.1189570411289733,1.231721010163248
2021-12-03,1.1261173239409696,1.1190216233937593,1.2310531075057038
2021-12-06,1.126139979660764,1.1184097582624593,1.2314499881117962
2021-12-07,1.1254992298733084,1.1181373745838603,1.2310883054173143
2021-12-08,1.1256898937031568,1.1178063430310687,1.2310462237263844
2021-12-09,1.1258558206644302,1.1183236416055153,1.2314234361434706
2021-12-10,1.1261227200861204,1.1177199764720784,1.2318560816820467
2021-12-13,1.1266779241400255,1.1176776312098338,1.2310190292414032
2021-12-14,1.1269464941772684,1.117922346368311,1.2310506121395992
2021-12-15,1.1263319021432545,1.1175582068926835,1.2310708633421372
2021-12-16,1.1260376712305928,1.1178316798751318,1.2317056671438558
2021-12-17,1.1256544655991738,1.1178667155437725,1.2320025433973367
2021-12-20,1.1243830157765327,1.1177922316777051,1.2313967143650395
2021-12-21,1.124572733893495,1.1176255035880864,1.2317007004413711
2021-12-22,1.1258405933929432,1.117485100002221,1.231943692262942
2021-12-23,1.1262086832538343,1.1172001359016615,1.2315607519723475
2021-12-24,1.1262609709876303,1.1168749536227958,1.23121230603404
2021-12-27,1.1257310344254057,1.1171346516909497,1.2309602413287846
2021-12-28,1.125953139797701,1.1170542372042376,1.230817186589287
2021-12-29,1.1265356963574837,1.1167040326970505,1.2305142492247159
2021-12-30,1.1272023201823205,1.1168666811254313,1.2311682063437503
2021-12-31,1.127705119395794,1.1162578055782386,1.2310722776945073
2022-01-03,1.1274974657214079,1.1164535710271384,1.2309235001689025
2022-01-04,1.1270759438294862,1.1162996460748675,1.2303881386992312
2022-01-05,1.1277252666258355,1.115977735245667,1.2302279407787113
2022-01-06,1.1280621209261423,1.1158274901255676,1.2307877431436114
2022-01-07,1.1290284493346672,1.1158158369609599,1.23081575342452
2022-01-10,1.1286411163482097,1.1159654450044478,1.2309687802448335
2022-01-11,1.1284696725702603,1.1158056724975025,1.2308400990154873
2022-01-12,1.1275963283679162,1.1161411975475324,1.231252038989454
2022-01-13,1.1274847854300043,1.1157970168017877,1.2311282577969969
2022-01-14,1.1281998061780474,1.1162806933549436,1.2316535924470369
2022-01-17,1.1280532544147959,1.116110231722836,1.231401922405173
2022-01-18,1.1286770924662326,1.1162662955429599,1.2312780687760791
2022-01-19,1.129756926417969,1.115861694550568,1.2313711587313125
2022-01-20,1.129820367379649,1.1157028205338058,1.2307836562331793
2022-01-21,1.1312944058203056,1.1160751887908475,1.2309181170798305
2022-01-24,1.1281619314490796,1.116035015738418,1.231494094028812
2022-01-25,1.1284297083801018,1.1151273088318603,1.2320618785336903
2022-01-26,1.1277321995560277,1.1151464718261928,1.2318310606075404
2022-01-27,1.1292525429986742,1.1154539350220145,1.2318807995898844
2022-01-28,1.1313219400413634,1.115439308039697,1.2315069929015072
2022-01-31,1.1326643639850427,1.1151448177595904,1.231771104335309
2022-02-01,1.1359652132633629,1.1154372153553966,1.231827959863262
2022-02-02,1.1375090167582915,1.115441091439098,1.2321145173207868
2022-02-03,1.1393668607224825,1.1153975786880221,1.2321050885050813
2022-02-04,1.1419018514617794,1.115226820653257,1.2321341741982579
2022-02-08,1.1433508092733953,1.1151323722560331,1.2321463806659119
2022-02-09,1.1436702212335177,1.1154250098499205,1.2321772058830003
2022-02-10,1.1458859198117768,1.1153559628174012,1.2327906217717695
2022-02-11,1.145121390559306,1.1152871430062592,1.2326939774207204
2022-02-14,1.1436463219572082,1.1151729937972723,1.232327094104309
2022-02-15,1.145052612809998,1.1150049507531592,1.2318322906651131
2022-02-16,1.1466430846821978,1.1153631573588567,1.231831270454018
2022-02-17,1.1482907947820407,1.114968682791509,1.231840643696783
2022-02-18,1.1473897812978004,1.115658056947124,1.2322867730596982
2022-02-21,1.1508641908081485,1.1156161184000846,1.2316868525258655
2022-02-22,1.1505047259774266,1.115337031057842,1.2317945244745936
2022-02-23,1.1486088505880985,1.1154893461841529,1.2320247133021722
2022-02-24,1.1490218866061228,1.115385775143846,1.232399117527566
2022-02-25,1.14821969209404,1.114851323279006,1.2321985751531772
2022-02-28,1.1483683318266436,1.1148910349368293,1.2319440342548993
2022-03-01,1.1493757597036574,1.114932918045947,1.23175398988457
2022-03-02,1.1485921595776256,1.1152042731909313,1.2327091681210052
2022-03-03,1.148204151809509,1.114874561858467,1.2322465597007517
2022-03-04,1.146804888344553,1.11499573557491,1.2325171753479573
2022-03-07,1.1451944266182632,1.1147762075391703,1.2328385605584158
2022-03-08,1.145905590179746,1.1148774689899053,1.2325741840778188
2022-03-09,1.144617578872764,1.1148825085153218,1.2329861715189674
2022-03-10,1.1458544377744817,1.1150909013052166,1.2332261491978926
2022-03-11,1.146884819916485,1.1146683843503402,1.2333777457012565
2022-03-14,1.1477112181250182,1.1139577138503507,1.2330803610158543
2022-03-15,1.1482835209455184,1.1141130496270146,1.2325726462657505
2022-03-16,1.1474620208412252,1.1141272010522685,1.2330904974512442
2022-03-17,1.1478593669122499,1.114022799691534,1.2332833231697593
2022-03-18,1.1472628607891957,1.1139509862232426,1.2334504999378453
2022-03-22,1.1486163991898228,1.1139168223533362,1.2333192347065731
2022-03-23,1.149947972859837,1.1139129093281643,1.2335949680153038
2022-03-24,1.150045800882057,1.1138381973107496,1.2335240993518115
2022-03-25,1.148934881291014,1.113832486877273,1.2338347466157114
2022-03-28,1.1490920061210652,1.1140745553009268,1.2338574931596966
2022-03-29,1.1488852500414473,1.1142663495996494,1.2336348754330118
2022-03-30,1.1486347407157693,1.1140854882662918,1.2333710415958619
2022-03-31,1.14888834332241,1.1143884648328213,1.2335348497535183
2022-04-01,1.148405416843514,1.1144727194089739,1.233217873558987
2022-04-04,1.1480189713368343,1.1137770052436855,1.2332905367544955
2022-04-05,1.1494898298290028,1.1137451184485723,1.2334926768342342
2022-04-06,1.1491976094332457,1.1136748528624316,1.2332593053180547
2022-04-07,1.149025895992485,1.1143824722261595,1.2332796596721163
2022-04-08,1.1507076988959346,1.1141292625100356,1.2327654077716133
2022-04-11,1.152662003705847,1.1137478061648358,1.2329656827140267
2022-04-12,1.1524486206092404,1.1136704042569758,1.2334422994075873
2022-04-13,1.153388566711068,1.1136326114583286,1.2334269652801968
2022-04-18,1.1539953861040189,1.1140226961497084,1.2333150579349934
2022-04-19,1.1538155701041337,1.1139076540776747,1.2329365567442476
2022-04-20,1.1532140779391,1.1134300957997125,1.2329939591369061
2022-04-21,1.1534353952324217,1.1134744227366056,1.2327871619737574
2022-04-22,1.153917012164402,1.1137374451907522,1.2329635035209834
2022-04-25,1.1535231782472668,1.1137018298215777,1.232837866492805
2022-04-26,1.1541661326135433,1.1136599479853428,1.233107102167106
2022-04-27,1.1551633632782843,1.1132595256130706,1.2326339548861958
2022-04-28,1.1565076020131724,1.1134497482366248,1.23294185184952
2022-04-29,1.155170861255843,1.1135058126588073,1.2326462312016313
2022-05-02,1.1566538334425827,1.1138008054140711,1.2327922155937239
2022-05-03,1.1582769916503044,1.1138439223607177,1.2325701170819015
2022-05-04,1.1602375114964687,1.1135714168484183,1.2328356446436959
2022-05-05,1.1603993355603033,1.1133671336225497,1.2330619403451097
2022-05-06,1.162828568158374,1.113474161519533,1.2328983019350988
2022-05-09,1.1635051923113846,1.1134393451146356,1.2327656375100182
2022-05-10,1.163399723988314,1.11342591650476,1.2329541671076885
2022-05-11,1.1642656619704994,1.1134025617151582,1.2329740989922895
2022-05-12,1.1644333906797724,1.112623257786599,1.2330825267911036
2022-05-13,1.1648404004337802,1.1130134702318586,1.2332506071354896
2022-05-16,1.1646814482625225,1.113056520303434,1.2331721002272877
2022-05-17,1.1642229518119969,1.113165417259339,1.23352777359741
2022-05-18,1.1623641856351774,1.1126844738026367,1.2335220845345747
2022-05-19,1.1622476433714912,1.1125878878501014,1.2331246227954418
2022-05-20,1.1622324453201227,1.113186218065862,1.2330544936721326
2022-05-23,1.1627826291560768,1.1129948226627862,1.2329402766469368
2022-05-24,1.1633962648039486,1.1132497130320111,1.232507488041386
2022-05-25,1.162977676519822,1.112978828552348,1.2324977781440605
2022-05-26,1.1626817903486866,1.1126942361083283,1.233020585294196
2022-05-27,1.1617129826277635,1.1126499818382887,1.232472302218531
2022-05-30,1.1619377853341368,1.1123426123348719,1.2328371216130576
2022-05-31,1.162851056508508,1.1119654205092768,1.2327063100809819
2022-06-01,1.1625085803437356,1.1121074971504443,1.232655930497406
2022-06-02,1.1620013564044545,1.1116701579565567,1.2325192057747678
2022-06-03,1.1630442595628967,1.1114627751381774,1.2328028703379668
2022-06-06,1.16364570579224,1.1114776706159475,1.2331627926974429
2022-06-07,1.1639863434911941,1.1118697672354518,1.2331280248946983
2022-06-08,1.1640237068101813,1.1117692512947752,1.2329148619054329
2022-06-09,1.1640940486281968,1.1114504326580719,1.2327159396564271
2022-06-10,1.1619050414431646,1.1117616247206978,1.2328862435103918
2022-06-13,1.161567530474082,1.1114961745216725,1.233153890866309
2022-06-14,1.16132688561533,1.1114699804434278,1.233498357669629
2022-06-15,1.161344100631454,1.1117888891085672,1.2328956449716124
2022-06-16,1.1603972058429428,1.1116387788085997,1.233040903781156
2022-06-17,1.1608857687452652,1.1109167368994075,1.2326386608485624
2022-06-20,1.161696034264009,1.1104653981427648,1.232522573810794
2022-06-21,1.161387900411427,1.110444774669692,1.2330674041661107
2022-06-22,1.1611071674501985,1.1104632587630567,1.2325704430791133
2022-06-23,1.1608035433370845,1.1103796157746468,1.2324209388791627
2022-06-24,1.1598088331106196,1.1111075260010537,1.233162433102441
2022-06-27,1.1595796415848827,1.1109310763377798,1.2326505894143645
2022-06-28,1.1597746762440877,1.1107878211649187,1.2329156853774679
2022-06-29,1.159300076824978,1.1111761891527567,1.232835098197708
2022-06-30,1.1582382261229203,1.1105017681793656,1.2327937471255836
2022-07-01,1.1581341454756733,1.110534555304965,1.232949592620079
2022-07-04,1.157538153739957,1.111216412431576,1.232885484720544
2022-07-05,1.1575368389645002,1.1104666157772105,1.2332085199346563
2022-07-06,1.1577063223485544,1.1105553974863471,1.2329436235018376
2022-07-07,1.1578524074211294,1.1107861337730018,1.2325724775140001
2022-07-08,1.1577178726207853,1.1108302361453832,1.2325482763976041
2022-07-11,1.1580216497495608,1.1109344056756945,1.2325353504877101
2022-07-12,1.157003657219597,1.1106985125338893,1.2322822849235642
2022-07-13,1.156845794204059,1.1108175465898373,1.232469191120226
2022-07-14,1.156732548992425,1.1104606521011866,1.2324860469350327
2022-07-15,1.1569675023499315,1.1108011419914319,1.2328338088046953
2022-07-18,1.157854018738148,1.1110808365805536,1.2333811426447965
2022-07-19,1.1576186339888035,1.1107012759888848,1.2333487477690999
2022-07-20,1.1582944479342943,1.11052308088168,1.232755928747931
2022-07-21,1.1595179502926158,1.1107448985440427,1.232916393904979
2022-07-22,1.1594383705636204,1.1108630152929404,1.2330022404835974
2022-07-25,1.159792751141386,1.1108418450966822,1.2325974748818536
2022-07-26,1.161094254233386,1.1110557557093617,1.2324474344313943
2022-07-27,1.1620126034733962,1.1107338498292838,1.2324238844529503
2022-07-28,1.1614269068407252,1.1105680947282472,1.2327469311544406
2022-07-29,1.1627187401784855,1.1108535225924798,1.2328325133016658
2022-08-01,1.1628084006755162,1.1108036648238393,1.2327406214106558
2022-08-02,1.1633009373656071,1.1100651712298688,1.232831239708301
2022-08-03,1.1644157853918897,1.1101862685732904,1.232677849558223
2022-08-04,1.1642474672358323,1.1105395165996281,1.2326518208547557
2022-08-05,1.1637231749585606,1.1103057778781902,1.2327664455279044
2022-08-08,1.1632987185357273,1.1103681479360703,1.2325716460624516
2022-08-09,1.1634238201302314,1.1102075072956459,1.2323326330303812
2022-08-10,1.1637664941472714,1.1103583799597345,1.2328319077145735
2022-08-11,1.163357183048954,1.1103385143232822,1.2333773864896689
2022-08-12,1.1631562212455813,1.1104096280560227,1.233501451587679
2022-08-15,1.1647203736492941,1.1099100669498594,1.2332861232375179
2022-08-16,1.1648832514928804,1.1101111614495742,1.2334012465268833
2022-08-17,1.1642097453028726,1.1097884620290814,1.2333190240021656
2022-08-18,1.1645817340404212,1.1097894922248819,1.2330530918970324
2022-08-19,1.1643039800364308,1.1095725119398256,1.2332106995269387
2022-08-22,1.1646132971034706,1.1095877772868985,1.232975076988626
2022-08-23,1.164683712605484,1.1093817223834712,1.2329291329532446
2022-08-24,1.1651663696552312,1.1092185708928772,1.233057792192245
2022-08-25,1.165542606120491,1.1095147191297623,1.2330186531693088
2022-08-26,1.1650018368846116,1.1097040873690311,1.232600525065124
2022-08-29,1.162921918910039,1.1091982402350888,1.2324000609435868
2022-08-30,1.1621088180455583,1.108966032810517,1.232034589295001
2022-08-31,1.1617929376706846,1.108796876488458,1.2324913373799637
2022-09-01,1.1636935163569773,1.1091757934429956,1.2327933565609621
2022-09-02,1.1635132633422844,1.1093087606034775,1.2318697337787574
2022-09-05,1.1634273644526392,1.1098712328902132,1.2318889159793023
2022-09-06,1.1635048678566466,1.1091576941418386,1.2316572023654615
2022-09-07,1.1636247757808662,1.1092089140981238,1.2318405071441467
2022-09-08,1.1635206144698298,1.1088788197137307,1.231998827641865
2022-09-09,1.1628428921572587,1.1088295641492765,1.2320122358243009
2022-09-12,1.162008384538943,1.1089477422881076,1.2322197630976666
2022-09-13,1.1606633029893825,1.1088528079240512,1.2323488558385884
2022-09-14,1.1596887847231756,1.108112712716759,1.2320693586109952
2022-09-15,1.1601442134708517,1.1081815335550518,1.2318868887588135
2022-09-19,1.160444685275991,1.1083351593968045,1.2320997265469784
2022-09-20,1.1608244182857903,1.1081316612528953,1.2318692738966361
2022-09-21,1.1614138753272387,1.1080382025171223,1.2316698792129466
2022-09-22,1.1625803535748478,1.1077451614216025,1.2316876806124426
2022-09-23,1.1627071484451619,1.108018178823901,1.2315424567554107
2022-09-26,1.1617788761454482,1.1074856433625044,1.2314582007017203
2022-09-27,1.161750833455363,1.1074698325210492,1.2313060636802322
2022-09-28,1.1608667499922243,1.1075419077231712,1.2313548112281503
2022-09-29,1.1629339695137717,1.1072780049981015,1.2316451355703897
2022-09-30,1.1627627703900725,1.1070758903565059,1.2315753471962418
2022-10-03,1.1620929131724231,1.1074240466392364,1.231819274499855
2022-10-04,1.16194627677306,1.1073890809211118,1.2319362520600894
2022-10-05,1.1621164733497011,1.1071793846879252,1.2316551957049962
2022-10-06,1.1624970256413656,1.1071836414615304,1.231868898019295
2022-10-07,1.1629351009255642,1.1073711061888734,1.231955039707769
2022-10-10,1.1635026366249748,1.1071980326851525,1.2317768800292728
2022-10-11,1.1640211919444174,1.1075018511681098,1.232026510579013
2022-10-12,1.1643769114343012,1.1076418083801727,1.2319622415776694
2022-10-13,1.164557995979512,1.1074027445933012,1.2317690883123986
2022-10-14,1.165148245570732,1.1072885506467032,1.2318060473387362
2022-10-17,1.1652820023514205,1.1074211497557338,1.2319188335860771
2022-10-18,1.1645225355413047,1.1071330088800297,1.2318058504205878
2022-10-19,1.1642258321187557,1.1069631094558028,1.2318911620338417
2022-10-20,1.1645304363311688,1.1068645544952467,1.2314603732244018
2022-10-21,1.1640548548367953,1.1068719983176116,1.2314582315704123
2022-10-24,1.165091012437007,1.106740111918363,1.231220671134195
2022-10-25,1.1651017290696797,1.1068396598742345,1.231308009235797
2022-10-26,1.1651945219860955,1.107050785636893,1.23156463867755
2022-10-27,1.165862199519388,1.10676305621771,1.2314679395167307
2022-10-28,1.1663318004793986,1.1070001637833216,1.2313003860221643
2022-10-31,1.1652204488300464,1.1065509251666221,1.2312790719908655
2022-11-01,1.1645748417667772,1.1061937954037258,1.2314453087472867
2022-11-03,1.1651467506443387,1.1066322146207714,1.23166396963532
2022-11-04,1.1636760348419017,1.1063015649672792,1.231347765321633
2022-11-07,1.1639997134332778,1.106201192324923,1.2306362398894812
2022-11-08,1.1634245809987944,1.1061014192977594,1.2309120501085302
2022-11-09,1.1644879934277692,1.1062718064711814,1.2307971162172495
2022-11-10,1.1631707603675443,1.1061976253987404,1.2310220695343714
2022-11-11,1.1619460484632391,1.106629564471474,1.2310949094871362
2022-11-14,1.1624001065641625,1.105744038898719,1.231175038029476
2022-11-15,1.1634071973712665,1.1059371140811238,1.2313224013914972
2022-11-16,1.1651090199103185,1.1063949891301477,1.2315013274499158
2022-11-17,1.1658276104813758,1.1063560045890732,1.2315408361384665
2022-11-18,1.1664481349277296,1.106440997970233,1.2311794295315759
2022-11-22,1.1673301489380996,1.1067916022563073,1.2310197177579003
2022-11-23,1.1674808257644897,1.1067773019185143,1.2310718025258673
2022-11-24,1.1677910713399917,1.1066189968381488,1.2310003266523235
2022-11-25,1.1668715556679217,1.1068228619018603,1.2313136847181576
2022-11-28,1.1661711577782976,1.1065905090086112,1.2316762194627058
2022-11-29,1.1654293319712927,1.1063372825626632,1.2317627809386031
2022-11-30,1.16470403597034,1.1063576310357879,1.2323024181208102
2022-12-01,1.1640668338066373,1.1064840094994521,1.2317782624361329
2022-12-02,1.1645638308798087,1.1070855205047287,1.2314311985358515
2022-12-05,1.1642632469387406,1.106540848218224,1.2317751163633646
2022-12-06,1.1647574965730825,1.106804202102367,1.231692491515482
2022-12-07,1.1651239398536561,1.1065664007780935,1.2311889905799933
2022-12-08,1.164798153142289,1.1065754412175983,1.2312772909493226
2022-12-09,1.1643250293765606,1.1061962473258629,1.2313642798641682
2022-12-13,1.1646156945810435,1.1060814522227107,1.2310298873765277
2022-12-14,1.1646989457694779,1.1062522417232612,1.230855043027801
2022-12-15,1.1642926428298705,1.1061694221635632,1.2306835103591682
2022-12-16,1.1641957193533454,1.1060195192310742,1.2306000209044214
2022-12-19,1.1638672431211194,1.1062082107930937,1.2307941806849245
2022-12-20,1.1637915903773735,1.1062213978367386,1.230514501838337
2022-12-21,1.1646477206075458,1.1064007538155318,1.230665828547618
2022-12-22,1.1642548677603957,1.1065391648047178,1.2304963349195102
2022-12-23,1.1652922325009054,1.106731399564155,1.2305038612387447
2022-12-26,1.1657896562730343,1.1062518963730732,1.230534584377107
2022-12-27,1.165543054560928,1.1060837951485345,1.230880177703903
2022-12-28,1.1646742353735031,1.1063452410927792,1.2311247955140834
2022-12-29,1.1645446082391946,1.1063602328556126,1.2311649806082499
2022-12-30,1.162991459407101,1.1063216813601908,1.231257830869414
2023-01-02,1.162791312689473,1.1063570706376087,1.230882657785141
2023-01-03,1.1631729722869248,1.1064056885742948,1.2312845686129341
2023-01-04,1.1626709485759033,1.1070684333764969,1.231005414717636
2023-01-05,1.1617664832042225,1.1071229570561436,1.2309607531091749
2023-01-06,1.1600936310543803,1.106679356169394,1.231212872813139
2023-01-09,1.159740411756614,1.1066825882853553,1.2315056962349626
2023-01-10,1.1595760730440587,1.1068362940054737,1.2314481319657018
2023-01-11,1.1598176118698444,1.1063883450514895,1.2313076857042236
2023-01-12,1.159701376847556,1.1060349429748366,1.2316061396927638
2023-01-13,1.1601214837689524,1.1059817046201181,1.2314121055403193
2023-01-16,1.1594773310562432,1.1059196051348048,1.2313015683656114
2023-01-17,1.1586705709892446,1.1058480792400647,1.2312737577126538
2023-01-18,1.158782663317759,1.1051763137337371,1.2319564067407758
2023-01-19,1.1599365858276667,1.1054296335830944,1.2321704323539835
2023-01-20,1.1588403206972056,1.1051564032270187,1.2323745237389332
2023-01-23,1.1593442048527853,1.1053710033966264,1.2328665286802851
2023-01-24,1.1595630892860478,1.1054334452426495,1.2335704822757598
2023-01-25,1.15948574138465,1.1054226336819135,1.2329879743912209
2023-01-26,1.1595744854147443,1.1050246849764391,1.2325893629137017
2023-01-27,1.159306460232424,1.105253202041796,1.2327276211867348
2023-01-30,1.1581479946446782,1.1050203400256458,1.2328696828484849
2023-01-31,1.157652003005397,1.1048453826420248,1.2325956184004434
2023-02-01,1.1562934641221183,1.104990232299751,1.232838130952389
2023-02-02,1.1559638485958408,1.104731313536307,1.2327494248111366
2023-02-03,1.1566889930482,1.1049468911693925,1.2326706947251316
2023-02-07,1.1561152769021765,1.1047532909934599,1.2326236847739194
2023-02-08,1.155751407389415,1.1051751327941512,1.2324412950501151
2023-02-09,1.1561295443965913,1.1047226178204734,1.2324247133142583
2023-02-10,1.1557413237620475,1.1046535570276503,1.2323539066627975
2023-02-13,1.1565875271009534,1.104218119973684,1.2323886248272538
2023-02-14,1.1561193969708816,1.1045053092129267,1.2326182853643965
2023-02-15,1.155078485001794,1.1046932543584655,1.2327106885816235
2023-02-16,1.1545264317259145,1.1047261317704438,1.2328309896343128
2023-02-17,1.1551702194764264,1.10449980928068,1.2326281404982737
2023-02-20,1.1556880420413291,1.1043627248727768,1.232454338175215
2023-02-21,1.155356513484032,1.1044669583627098,1.2320698036891533
2023-02-22,1.1563072299130437,1.1042317631077911,1.232616528376239
2023-02-23,1.1554398896172111,1.1042645536011322,1.232790696600423
2023-02-24,1.1548588972346963,1.1041726256203628,1.2325951375376507
2023-02-27,1.1548300525515514,1.1039619447545885,1.2323845309909218
2023-02-28,1.155513969446974,1.1038473225313834,1.2327726030643456
2023-03-01,1.1555110422423005,1.1041977258330677,1.2329728450810022
2023-03-02,1.1560333748329517,1.1041988363756412,1.2325490460119757
2023-03-03,1.1551155982942456,1.1040353945847696,1.2324146349998089
2023-03-06,1.155029028070835,1.103603561388078,1.2327651982099757
2023-03-07,1.1535813008325817,1.103981113220064,1.232448749017049
2023-03-08,1.1541386110160534,1.103837819615228,1.232383682884168
2023-03-09,1.1547489931857033,1.1039702246232268,1.2324319329482862
2023-03-10,1.154702793034572,1.103889431366995,1.2327031892240485
2023-03-13,1.1552649473369847,1.103955021876317,1.2323516047451901
2023-03-14,1.1553239297274736,1.1041409095477943,1.2320603696543404
2023-03-15,1.1553344407637471,1.1039920103097762,1.2320844054624376
2023-03-16,1.1551628836307652,1.10359731051841,1.2319195557174685
2023-03-17,1.1551317765923081,1.1034737985977132,1.2318607371972732
2023-03-21,1.1550222793742067,1.1032352583919904,1.2319144606827848
2023-03-22,1.155315105486315,1.1031417937414725,1.232227224981475
2023-03-23,1.1548725277230698,1.1029020747874303,1.2319994754926502
2023-03-24,1.1550923206775323,1.1032797354219508,1.2318927978826768
2023-03-27,1.1548056543354546,1.1028457411502286,1.2318805984045362
2023-03-28,1.1546859861173884,1.1030765729640715,1.2321550754666424
2023-03-29,1.153601841003587,1.102979251055814,1.2321790609940955
2023-03-30,1.1532848259176707,1.1027127019160643,1.2318633513928132
2023-03-31,1.153633660340532,1.1027425737151548,1.23198101197024
2023-04-03,1.1545818608680558,1.1025023867345825,1.232541023319321
2023-04-04,1.1543872772233692,1.1025165128910897,1.2325328312825976
2023-04-05,1.1534824625149036,1.1022891904105174,1.2328812274335936
2023-04-10,1.1530693245006696,1.102815956489295,1.2325565065953359
2023-04-11,1.1531094091732967,1.1029583004057155,1.2329190561843224
2023-04-12,1.153596500863165,1.1030467420376113,1.2324075824370586
2023-04-13,1.153278367822301,1.1029373877284763,1.2328323047147363
2023-04-14,1.15271121579446,1.102918896021371,1.232862460277832
2023-04-17,1.1522307658522115,1.103139390671435,1.2331596621372216
2023-04-18,1.1524933673211586,1.1034083134352288,1.2325462883539682
2023-04-19,1.1531743524910067,1.1036673732102888,1.2323656197944592
2023-04-20,1.1529465541118065,1.103576833097107,1.2326865801097915
2023-04-21,1.152439485345246,1.1040032764649974,1.2331764016058313
2023-04-24,1.153176562301651,1.1038775849318696,1.2335485832420277
2023-04-25,1.153229847004241,1.1033960808652414,1.233309473211367
2023-04-26,1.1525279192999536,1.1041255631695528,1.2328001016930992
2023-04-27,1.1521798789850486,1.1040734296813555,1.2325069565360542
2023-04-28,1.1512115452018745,1.1040620192218342,1.2327795948392295
2023-05-02,1.152609569628057,1.1037406929121385,1.2323281910593125
2023-05-03,1.1527346420738334,1.1037766692446114,1.2321192095035207
2023-05-04,1.1529058876291973,1.103402670646783,1.2324640836445948
2023-05-05,1.1527564941436363,1.1032982059678655,1.2327283092773929
2023-05-08,1.153102188072412,1.1037083454580607,1.2326460885807378
2023-05-09,1.152677797350114,1.103705389389596,1.2328327442123566
2023-05-10,1.1526856093001794,1.1038161943343727,1.2329072292796015
2023-05-11,1.1518912272032076,1.103901963278523,1.2326803362510548
2023-05-12,1.1520260818772763,1.1039031095212128,1.2324939237624153
2023-05-15,1.1517992579609235,1.104064160075322,1.23237564837578
2023-05-16,1.1519124960064473,1.1038960819605697,1.232211014615998
2023-05-17,1.1521056727027676,1.1040810456788295,1.2321303263012864
2023-05-18,1.1519107237391315,1.1037134568211073,1.2325046474782588
2023-05-19,1.1508685385333852,1.1038030225731108,1.2328662386121512
2023-05-22,1.1496636444546702,1.1035468901245964,1.2325972958632703
2023-05-23,1.149300291249957,1.1034446064294172,1.2324997855744717
2023-05-24,1.14964385942218,1.1031931789236522,1.232383185598667
2023-05-25,1.1495797825963636,1.1028229808905867,1.2321907956757965
2023-05-26,1.1490448567225484,1.102946346203444,1.2324492722184062
2023-05-29,1.1492083775220658,1.1027043575510767,1.2325217896690748
2023-05-30,1.148613175238963,1.102741054502315,1.2325435570749788
2023-05-31,1.1488259450724418,1.102822113070774,1.2319625364907396
2023-06-01,1.1492026448461126,1.1021051290436843,1.2325344246438479
2023-06-02,1.1488562393227557,1.1024555383437171,1.2322702595948574
2023-06-05,1.14852657178703,1.1020593362038589,1.2316630287111576
2023-06-06,1.1472694609211918,1.1022580212894735,1.23253231448937
2023-06-07,1.1487278297272265,1.1020787302744426,1.23215089400207
2023-06-08,1.1486400464536635,1.1024062374181804,1.2322669730267604
2023-06-09,1.1487729937168047,1.1024831947048017,1.232527094749077
2023-06-12,1.148872919857386,1.102700539706489,1.2323998504406963
2023-06-13,1.1504447513959342,1.1027686510132437,1.2325216553431861
2023-06-14,1.1502396638441144,1.102366618755297,1.2319569526840497
2023-06-15,1.1507163073728468,1.1025491261956242,1.232612394178962
2023-06-16,1.1508679506761506,1.1028885610845804,1.2322004293467137
2023-06-19,1.1509470920433185,1.102694764674567,1.2319093521031277
2023-06-20,1.1512880051819123,1.1030522280753943,1.2317934774345953
2023-06-21,1.1512849723327758,1.1026705680968167,1.2317836919591267
2023-06-22,1.151083316291411,1.102281577042787,1.232158685890477
2023-06-23,1.1507393829790018,1.1027940941463512,1.232102288907315
2023-06-26,1.1510063057206594,1.1021715053469128,1.2323749811819429
2023-06-27,1.150507744968388,1.1023786208964081,1.2323028597530319
2023-06-28,1.150705899837044,1.1021344703502702,1.232325507789186
2023-06-29,1.1506265901240773,1.1016723106741728,1.2323228418569554
2023-06-30,1.1509094626506426,1.1020494498950557,1.2323316473053556
2023-07-03,1.1495626883418182,1.1022118802912053,1.2321893841234683
2023-07-04,1.149514343396051,1.101921502028372,1.23197202672881
2023-07-05,1.1500415277482121,1.1018758630660372,1.2317711292078548
2023-07-06,1.1489525517400703,1.1018597324222896,1.2318962069474158
2023-07-07,1.1486436439062764,1.102113209904338,1.231777395143415
2023-07-10,1.1488622575403755,1.1019912608566889,1.2317116274467
2023-07-11,1.1487770750023543,1.102050476301476,1.2323667485522591
2023-07-12,1.1487434490164294,1.101599524704588,1.2324571996169122
2023-07-13,1.1482492518431455,1.1022704458777395,1.232150604206936
2023-07-14,1.1486849398121448,1.1019572676354081,1.2321564166364902
2023-07-17,1.1489907539756206,1.1013990225855195,1.2324173312787006
2023-07-18,1.1487759877280368,1.100935175702945,1.232810355417063
2023-07-19,1.1487085577419258,1.100706360611899,1.2325902536335966
2023-07-20,1.148690462445694,1.1009451066036884,1.2326252037526437
2023-07-21,1.1484264461028548,1.100869184333121,1.2329647218552864
2023-07-24,1.148364861211856,1.1007163206820065,1.2332280176281216
2023-07-25,1.1483181107905958,1.1007610475617455,1.233010749791768
2023-07-26,1.1482664813809398,1.1010732113146333,1.2326336625896437
2023-07-27,1.148931495250946,1.1009888936743997,1.2328564975592948
2023-07-28,1.1487710620656106,1.1002473044100984,1.2327256622971243
2023-07-31,1.1488947991947547,1.100319538553331,1.232901256738421
2023-08-01,1.1480645594022187,1.0997366070916375,1.232893895837702
2023-08-02,1.147014239193175,1.0993343639621178,1.2334077644400214
2023-08-03,1.1476832820408516,1.099626819066125,1.2333691696992504
2023-08-04,1.1470356244335829,1.0999920777378607,1.2332306705859102
2023-08-07,1.1468939558177704,1.1001626493593175,1.233452550282504
2023-08-08,1.1465785494285463,1.1001794233207782,1.2333027773127507
2023-08-09,1.1465370401899826,1.100508491043863,1.2330364312199784
2023-08-10,1.1468165584374064,1.1006001923406576,1.2331128025756948
2023-08-11,1.146316898824882,1.1002369786633561,1.2335840692312547
2023-08-14,1.1474974193677998,1.1004169173920197,1.2336980953841616
2023-08-15,1.1469682673845758,1.100159791243978,1.2335397861939337
2023-08-16,1.1479900542787747,1.1001949584538955,1.2336436826718946
2023-08-17,1.1469042929281361,1.1008040544240918,1.2336364479988022
2023-08-18,1.1470383201074625,1.101211107276314,1.2337540991835427
2023-08-21,1.1473592037830138,1.1014430019185835,1.2337258340335702
2023-08-22,1.147440518491299,1.1016905603828564,1.2336018901266668
2023-08-23,1.146331117421052,1.1016313921111762,1.2342749891581155
2023-08-24,1.1458412368395987,1.1017538978136576,1.2341616833072633
2023-08-25,1.1463526881260155,1.1017561764073138,1.2336223538544548
2023-08-28,1.1465162272420075,1.101302371769218,1.2338234501443472
2023-08-29,1.1452402818954273,1.1012793903181832,1.2336423401491832
2023-08-30,1.1452741803450475,1.1009701234694818,1.233411291965056
2023-08-31,1.1449668443086745,1.1014619077608092,1.2335095323969627
2023-09-01,1.145244826622701,1.100759786571792,1.2337774669135304
2023-09-04,1.1451940193336152,1.1012608763338096,1.2336761142015962
2023-09-05,1.1450175649522139,1.1006797061160298,1.2336498409139467
2023-09-06,1.1453591604514972,1.1002205404625334,1.2340883258161417
2023-09-07,1.1453472796504105,1.1007337993951465,1.2345456065127827
2023-09-08,1.1462079262596445,1.1000022179752136,1.2336617930261367
2023-09-11,1.1462380214553005,1.0994034462317166,1.233605597004596
2023-09-12,1.1464988568759826,1.0988509445762402,1.2332686901244607
2023-09-13,1.1456133646636721,1.0992267150134192,1.2332299363529058
2023-09-14,1.1450073502752878,1.0992586736596108,1.2334341326971658
2023-09-15,1.1448313742240155,1.0989792843620199,1.233778561600982
2023-09-18,1.1446355054407278,1.0991388703819327,1.2337562789359244
2023-09-19,1.1441434797316568,1.098705558751369,1.2337821094865047
2023-09-20,1.143422286926301,1.0986164770498714,1.2340182266452016
2023-09-21,1.1432899476502634,1.098797624330424,1.2343085889255072
2023-09-22,1.1430371266429618,1.09896819854428,1.2336295057123605
2023-09-25,1.1437127207501658,1.0989982391986348,1.2338274972624401
2023-09-26,1.143343972955677,1.0986402061656617,1.2342744820047553
2023-09-27,1.1435141007971612,1.0983038710556703,1.2342466985818408
2023-09-28,1.142891401764269,1.0985998053749237,1.2343122542915603
2023-09-29,1.1412655925420747,1.0986249970387651,1.2344335190024316
2023-10-02,1.1414928712821182,1.098845594146067,1.23405813742906
2023-10-03,1.1408873552416292,1.0989379845339253,1.2339996309347834
2023-10-04,1.1400015883497048,1.0987060032090974,1.2342605690761461
2023-10-05,1.1401520938468936,1.0986836397154436,1.2342264676739827
2023-10-06,1.1398691407481893,1.0983531962824382,1.2341423288846376
2023-10-09,1.1401557028609806,1.0986482155399473,1.2340039401961083
2023-10-10,1.138853159010048,1.0986967353311756,1.2338971913227705
2023-10-11,1.138638508521568,1.098544741959332,1.2340324395978655
2023-10-12,1.1379063813820935,1.0988064424715338,1.2337354992227683
2023-10-13,1.1374169680643809,1.0986712570627533,1.2338033093265222
2023-10-16,1.1372929693285128,1.0984346300372425,1.2342100075418094
2023-10-17,1.1370131276787967,1.0979413187216664,1.2340096792962194
2023-10-18,1.1380312170612914,1.0981599767730459,1.234151668362962
2023-10-19,1.1370355197487663,1.0979585846802558,1.2340381024615268
2023-10-20,1.136009639748222,1.0984853132049184,1.234054722097642
2023-10-23,1.13575169638756,1.0981361044240145,1.2338712670855183
2023-10-24,1.1367789875603693,1.0987847889544966,1.233894409537437
2023-10-25,1.1369410733203802,1.0982433728978545,1.234033599045563
2023-10-26,1.136917749973433,1.098079202083537,1.234689135938617
2023-10-27,1.1379603522137849,1.0980191813590383,1.2345462817400528
2023-10-30,1.1384094124318023,1.0984864745784793,1.2340795275027034
2023-10-31,1.1389314920639761,1.0982913427487713,1.234190030122107
2023-11-01,1.1385106331605503,1.0984445223093209,1.2343883929462756
2023-11-03,1.1368963646582948,1.0980762311473373,1.2348605989350279
2023-11-06,1.1370614484369947,1.0983860180653031,1.235208761418033
2023-11-07,1.1363581533848797,1.098678313721095,1.235204763614785
2023-11-08,1.1362887083241533,1.0987519156496168,1.2353823032341962
2023-11-09,1.1371694202121156,1.098777637166489,1.2355587113354267
2023-11-10,1.1383362623472597,1.0987458541673316,1.2354880252600031
2023-11-13,1.1389339809422747,1.0990914934066214,1.2353364941046405
2023-11-14,1.1376252023999562,1.0993435757859913,1.2355732668310824
2023-11-15,1.1378061479934074,1.0989266362475802,1.2353752481961835
2023-11-16,1.1378910247789742,1.099027392864255,1.2354275187330237
2023-11-17,1.138325025626351,1.0989064433988853,1.2349077707551226
2023-11-21,1.1390175834674692,1.0990405037937774,1.2355189950204106
2023-11-22,1.139529287685529,1.0988650154991217,1.2352901387943322
2023-11-23,1.1400238863745453,1.0989533122418265,1.2356855512868112
2023-11-24,1.139964393525835,1.09848120175513,1.2362896687112386
2023-11-27,1.1407547807856808,1.0982798060300984,1.2361075976567977
2023-11-28,1.1408988939403295,1.0981269878855022,1.2362934013002314
2023-11-29,1.140821595438604,1.0976454163088702,1.2360747023439917
2023-11-30,1.1394078455274936,1.098248799498197,1.235777352236301
2023-12-01,1.1393828742121743,1.0984696416587953,1.2354419662010092
2023-12-04,1.1401633333942962,1.0983116386816756,1.235726860182267
2023-12-05,1.1408230302091549,1.0980137009554845,1.2367401837437935
2023-12-06,1.141631912147284,1.097723224606126,1.235966069719862
2023-12-07,1.1417325636001114,1.0981789521843943,1.2357853911894923
2023-12-08,1.1410973703637706,1.097435105162204,1.23584221767331
2023-12-11,1.1415003455115738,1.0972223583528902,1.2358913913840583
2023-12-13,1.1412793049529089,1.0972634055264163,1.2353810520974646
2023-12-14,1.138929355744802,1.0974842889990275,1.2358264895389834
2023-12-15,1.138772452854575,1.0973515640377238,1.2360007199207412
2023-12-18,1.1396684778854411,1.0974961441267357,1.2360505476564907
2023-12-19,1.141270528487543,1.0971198172616858,1.235346236102024
2023-12-20,1.1401853897090162,1.0970315169733995,1.235274993527449
2023-12-21,1.1393067299798634,1.0971421735566658,1.2348285008750808
2023-12-22,1.139379081110361,1.0971617663744642,1.2350578316228285
2023-12-26,1.138878677844335,1.0974721731523884,1.2349415736865432
2023-12-27,1.140469471786577,1.0974955969374247,1.2350548273956716
2023-12-28,1.140817230005773,1.0970199456892706,1.2351406091834296
2023-12-29,1.140879544414568,1.09672149025705,1.2348319328587511
2024-01-02,1.1416593096931977,1.0970311434728992,1.2347764596974606
2024-01-03,1.1392277054197641,1.0967606120280387,1.2349074120537091
2024-01-04,1.1394866852048293,1.0967317236133172,1.2349331619651798
2024-01-05,1.139828006938378,1.0971999853969656,1.2341895549414241
2024-01-08,1.1390563700728003,1.0975456576508553,1.234273845328391
2024-01-09,1.1379645659597177,1.0973483206966967,1.234363692206951
2024-01-10,1.1386034453124676,1.0969791964547806,1.2343461736716437
2024-01-11,1.1395205826813766,1.0968936620751544,1.234901377190505
2024-01-12,1.1395596979602378,1.096792608455966,1.2347476625747138
2024-01-15,1.1394842228782507,1.0964976431039157,1.2347263717340018
2024-01-16,1.138362901881332,1.0959544080395964,1.234333043617305
2024-01-17,1.137570078939687,1.0962735772279655,1.2341671341277618
2024-01-18,1.1379780321319268,1.0966970737760544,1.2341622224103097
2024-01-19,1.1383451934065996,1.0966340684503018,1.234225707173603
2024-01-22,1.1389445930132172,1.0968172565016496,1.2341445952664223
2024-01-23,1.1391762412537423,1.0967192135644797,1.2342630053656705
2024-01-24,1.139981119115863,1.096712857880799,1.2346264336051895
2024-01-25,1.139588647884518,1.0970023556579729,1.2345362996048375
2024-01-26,1.138506233389512,1.0969598263370903,1.234510180793601
2024-01-29,1.1383598988252688,1.0970934769084961,1.2343187833131002
2024-01-30,1.1380990752662146,1.097256434839752,1.234140668063954
2024-01-31,1.1396809638901553,1.0970966602696675,1.2343371388965707
2024-02-01,1.1404754433318653,1.096980130297371,1.2346915685716948
2024-02-02,1.141613934634133,1.096729558192434,1.2345030801977683
2024-02-06,1.1408491511693122,1.0966667412315139,1.2344764448098826
2024-02-07,1.1411184519552915,1.096388951534716,1.2340238568605217
2024-02-08,1.1401260389852554,1.096285814155425,1.2343893554643937
2024-02-09,1.1394590094142396,1.096310973868882,1.2339869697811254
2024-02-12,1.139707881016171,1.0962891474192664,1.2338240867739212
2024-02-13,1.1387456035449646,1.095995530168619,1.2337599556733987
2024-02-14,1.1396915657250315,1.0957626816248065,1.2336390885701831
2024-02-15,1.13946828235389,1.0956849997292641,1.2338149390239086
2024-02-16,1.140223886068547,1.0953861986583509,1.233418500959744
2024-02-19,1.1406592138427616,1.0959165411528342,1.2333808141784521
2024-02-20,1.141425363714843,1.0956252904099728,1.233432214528629
2024-02-21,1.1417672229552043,1.095625586958471,1.2334314875927497
2024-02-22,1.1419362947934635,1.0951105561529855,1.2334151384119814
2024-02-23,1.141843947692026,1.0954916018251402,1.2336660662800898
2024-02-26,1.1419569225951347,1.0957086732100985,1.2328189641297351
2024-02-27,1.1420994932346056,1.0954291552033375,1.2327324068767362
2024-02-28,1.1405784176114537,1.0957285301348834,1.2331078858761595
2024-02-29,1.1408898226847684,1.0954705941879397,1.232675137996504
2024-03-01,1.1413947763377996,1.0959076170215567,1.2331042962548722
2024-03-04,1.141841514529001,1.0958081952756884,1.2331098462579884
2024-03-05,1.1418209187409865,1.095613632260735,1.2335105822811776
2024-03-06,1.142197821881538,1.0960991031406764,1.2334285515874535
2024-03-07,1.1422340581214367,1.0960767050693692,1.2331789422103796
2024-03-08,1.14239271172597,1.0960639014166984,1.2335339461583976
2024-03-11,1.1417373531040416,1.096141631160472,1.2330976828080422
2024-03-12,1.1418063225099744,1.0964524539911102,1.233327429906928
2024-03-13,1.1413014802647519,1.096397099869639,1.2339363532821546
2024-03-14,1.1412546202095466,1.096571821291094,1.2338781254374518
2024-03-15,1.1415530584382678,1.0965546113077438,1.2337937059863366
2024-03-19,1.14166057600011,1.096824302829837,1.2340317936791307
2024-03-20,1.1402634455923923,1.0970302891466799,1.2343182728307431
2024-03-21,1.139818525496435,1.0969754561963305,1.234303656193547
2024-03-22,1.1396251868037592,1.0967292033454228,1.2340208882273316
2024-03-25,1.140992871613565,1.0964255432087953,1.2343076052208182
2024-03-26,1.1406562824524549,1.0963061962195038,1.2341241967578174
2024-03-27,1.1407778086448253,1.0963047402515276,1.2343335783742369
2024-04-01,1.1404411896816955,1.0962523862117333,1.2340068003724434
2024-04-02,1.141600467548284,1.0964444379448983,1.2339359138205643
2024-04-03,1.1423165132854345,1.0964000368847637,1.234247410109547
2024-04-04,1.1419791911713972,1.096090702209958,1.234490021402034
2024-04-05,1.1418298608381139,1.0958763797101465,1.2345955023823398
2024-04-08,1.141557593695069,1.0954486810321842,1.2345171566373738
2024-04-09,1.1415443634447506,1.0958594426340138,1.234697947332228
2024-04-10,1.1403446974676275,1.0959775366785793,1.2346011787909683
2024-04-11,1.1416949857130079,1.0952840918282531,1.2344898822974029
2024-04-12,1.142254874790898,1.0955624512580824,1.2346478421854683
2024-04-15,1.1427689991099748,1.0952880914773,1.2345950551379021
2024-04-16,1.1433030826403112,1.0952056956793905,1.2341945231233444
2024-04-17,1.1429496564417712,1.095231777413618,1.2339196704912352
2024-04-18,1.1428569132959836,1.0954996687114984,1.2344014777708239
2024-04-19,1.1429243400452809,1.0950517068948844,1.2341722120691307
2024-04-22,1.141527920895325,1.0951098161717514,1.2339340838688728
2024-04-23,1.142033190976024,1.0950402531821557,1.23402930041863
2024-04-24,1.1428616757820975,1.095065470645423,1.2339785804629826
2024-04-25,1.1430720499367775,1.0950124145396107,1.233729546831329
2024-04-26,1.142267735301118,1.0951409773120948,1.2337464659243071
2024-04-29,1.1424465226421192,1.094603923104845,1.2342039379690102
2024-04-30,1.141712968832212,1.0945998689751815,1.2348304590298396
2024-05-02,1.1419235667569358,1.0949688377511226,1.2344919079643413
2024-05-03,1.1410657904901935,1.094473510959825,1.2340131281542241
2024-05-06,1.1407367169411888,1.094492852598537,1.2337627585017477
2024-05-07,1.1408076135418725,1.0943024115727562,1.233547319135235
2024-05-08,1.1412129564888305,1.0941901571502755,1.233697549673988
2024-05-09,1.1418004278321663,1.094132354222033,1.2338453593316583
2024-05-10,1.1422209355743829,1.0942706050768025,1.2341147002991069
2024-05-13,1.142511407100403,1.0944300010315384,1.234238994289094
2024-05-14,1.1413231126737744,1.0940270853678877,1.2344029615987675
2024-05-15,1.143297391117078,1.0943265208956092,1.234365048227881
2024-05-16,1.1440286910279271,1.0940246259860689,1.2342221586218498
2024-05-17,1.1429608435853589,1.094049108977311,1.2339925852160603
2024-05-20,1.1431626534771606,1.0937480312433714,1.2343308222239004
2024-05-21,1.1414839553720924,1.0929856622264467,1.2346526866075767
2024-05-22,1.1414657370157923,1.0929238800330308,1.2344872941406606
2024-05-23,1.1422071399469447,1.0929572554054452,1.2344802990993957
2024-05-24,1.1422492907036506,1.0926152332819548,1.2344614384209482
2024-05-27,1.1427361268927008,1.0930866045519925,1.234467946728728
2024-05-28,1.1434724654262243,1.0935317264470856,1.2339271281085122
2024-05-29,1.144200120316726,1.0931968784668227,1.2338039845325164
2024-05-30,1.1431929189478274,1.0929083721159405,1.2343126103635755
2024-05-31,1.1434769024386247,1.0925460471967634,1.2340807068408186
2024-06-03,1.1393776801590536,1.0922459961433266,1.234027305794663
2024-06-04,1.1382937671256974,1.0919063534280093,1.2340923773130343
2024-06-05,1.1366399889420673,1.0919577727739618,1.2342344392744822
2024-06-06,1.1367918057187891,1.0917964548755168,1.2342021490109172
2024-06-07,1.134610083714215,1.0919584770004773,1.234490324998491
2024-06-10,1.1350264424777556,1.0921889791272268,1.234398422142745
2024-06-11,1.1352976444709189,1.0917291004975689,1.2344196166315866
2024-06-12,1.1351085798961575,1.092051216684156,1.2350515905566677
2024-06-13,1.1343288028033265,1.0921182596099648,1.2350575494989702
2024-06-14,1.1341602911136195,1.0923937861874515,1.2355357159694793
2024-06-17,1.1342047815259422,1.0923455606049495,1.2352100893586462
2024-06-18,1.1329781389988836,1.0924840790633352,1.2348986959165251
2024-06-19,1.1326932212854282,1.0924840967510672,1.2348896782944425
2024-06-20,1.1325753589468142,1.0923316567938743,1.235003397830939
2024-06-21,1.1323162833018519,1.0926438794446427,1.2348062907393311
2024-06-24,1.1329495530289007,1.0923735316604883,1.2345257237561045
2024-06-25,1.133585826613733,1.091988159663783,1.2347065596524653
2024-06-26,1.1354039330472885,1.092493023987723,1.2344980849332317
2024-06-27,1.13604512216836,1.0921768330011385,1.2348353305653494
2024-06-28,1.1351844154897304,1.0918069549317757,1.234911604700673
2024-07-01,1.1349976211695851,1.0915722157256587,1.2345390657961708
2024-07-02,1.1330678601594337,1.0911532547743992,1.234900594357693
2024-07-03,1.1321117938436387,1.0918097071603163,1.2351748160540363
2024-07-04,1.1321162735852472,1.0918316985193846,1.2350884393759585
2024-07-05,1.1314906665006856,1.091992850751289,1.2349640165537066
2024-07-08,1.1300793064639187,1.0918156769515408,1.2351528341842897
2024-07-09,1.130057817423327,1.0921103298955384,1.2349272926342019
2024-07-10,1.1298167434469608,1.091417550022352,1.2347694925752442
2024-07-11,1.1307637679043154,1.0909470170736917,1.2351516203480193
2024-07-12,1.130254423695367,1.0911845319092774,1.2350971485625708
2024-07-15,1.1293159471577203,1.091524109781151,1.235321342343127
2024-07-16,1.1291008250209946,1.091567761141499,1.235403325261727
2024-07-17,1.1285289726050147,1.091558568658193,1.2351351687211796
2024-07-18,1.1284358534031051,1.09117233524772,1.2352654047755312
2024-07-19,1.1292628586652018,1.0911457009093284,1.2352323819912088
2024-07-22,1.128932534220287,1.0909141230438315,1.2352434123320843
2024-07-23,1.1296417536885757,1.0907956838153372,1.23557905721746
2024-07-24,1.1304015798261982,1.0906950456012565,1.2352858706441807
2024-07-25,1.129960783851889,1.090880729790351,1.2354550038088
2024-07-26,1.1318191389736345,1.0903014300931226,1.2347741852205094
2024-07-29,1.1324072938527172,1.0902774283448728,1.235529865768154
2024-07-30,1.1335142933656683,1.0905912339216925,1.2354398779731073
2024-07-31,1.132422453241151,1.0901356565064146,1.2350627597268518
2024-08-01,1.1313127816271806,1.090498494228297,1.2350134357475895
2024-08-02,1.1308014141469747,1.0898820123157915,1.2350423266761572
2024-08-05,1.1306585922242745,1.089786805831261,1.2352085691776076
2024-08-06,1.1302686659727619,1.0901412174859095,1.2351421140746268
2024-08-07,1.1302991067365002,1.089775578808617,1.2353287733596827
2024-08-08,1.131247040270253,1.0901348224092893,1.234975919084006
2024-08-09,1.1327525833542895,1.0900325913223299,1.2350610598966028
2024-08-12,1.1339073338883097,1.0903228820135031,1.2351191664258305
2024-08-13,1.1324601108091683,1.0899082719333324,1.2350815970620135
2024-08-14,1.13249742984473,1.0898161037162226,1.2349678047632004
2024-08-15,1.1324633495724588,1.0897430269193131,1.235064017032717
2024-08-16,1.1327784126979639,1.0897114547909437,1.2349058623334104
2024-08-19,1.1321619133343823,1.0892767820949811,1.2346516858311607
2024-08-20,1.1327959122217124,1.089593770721591,1.2353088031503405
2024-08-21,1.1339773573714063,1.0899936107805241,1.2357366353930757
2024-08-22,1.1352919355265632,1.0900839953094164,1.23466514494789
2024-08-23,1.1358603186693392,1.0893825087592004,1.2347062937840496
2024-08-26,1.1358592272139494,1.0894527345024645,1.2345597588064057
2024-08-27,1.1353084104054707,1.0895981382012292,1.2347769740486136
2024-08-28,1.1351836634905441,1.0901857308593732,1.2341912285555874
2024-08-29,1.1352665983644672,1.0904192405375253,1.234401300089936
2024-08-30,1.1359274394696226,1.0901782401802325,1.2341517868717469
2024-09-02,1.1361359675348388,1.0902405521835925,1.234293660589388
2024-09-03,1.1341734663129628,1.090322567705553,1.2339305101716445
2024-09-04,1.1345896096637398,1.0904416811427868,1.2337598860517118
2024-09-05,1.1350782475249217,1.0901292565986644,1.2334511616295605
2024-09-06,1.134276894867156,1.0901697865256499,1.2337596030288493
2024-09-09,1.1340800340282762,1.0903240084280035,1.2337127587222696
2024-09-10,1.1340353651783268,1.0900459096106128,1.2339390832961294
2024-09-11,1.1338801924454323,1.0898156016849487,1.233659499026027
2024-09-12,1.1344824980552584,1.0897200434221972,1.2342890161503215
2024-09-13,1.1342445831694246,1.0897614478333189,1.2341748882129897
2024-09-17,1.134046103915139,1.0892398819055962,1.2336208982537389
2024-09-18,1.1340058514257718,1.0897992729025847,1.23387176916957
2024-09-19,1.1347649499939503,1.0899370219876772,1.2339411556834337
2024-09-20,1.1341114403948584,1.0901276407835543,1.2337582286532034
2024-09-23,1.1349256265282313,1.0902475554875786,1.2340855087981286
2024-09-24,1.133856043125948,1.0899200612541269,1.2339292601469423
2024-09-25,1.1325190652440376,1.0898210434673057,1.2335989987219174
2024-09-26,1.13194242678024,1.0894732517493593,1.2338795497998192
2024-09-27,1.1327246650530822,1.088872280738824,1.2333017666764445
2024-09-30,1.1335065748004938,1.0893377817474412,1.2328679956481388
2024-10-02,1.1331026299741063,1.0894027532594739,1.2326924691179708
2024-10-03,1.1334003964749804,1.089470471020991,1.2330954635867655
2024-10-04,1.1316917162055997,1.0891004009304956,1.2333922703857427
2024-10-07,1.1315573867957012,1.0892264281911415,1.2337380216054352
2024-10-08,1.1309909736663668,1.0886776468103494,1.2337732421696253
2024-10-09,1.1316615581538294,1.0887316724239677,1.2337198498255564
2024-10-10,1.1328066187436734,1.0889565547222115,1.2341319179127923
2024-10-11,1.132731619921432,1.0880827300378721,1.2341982839923475
2024-10-14,1.1328891856291619,1.087856484982267,1.2338762448637215
2024-10-15,1.133272714878571,1.0878094036408004,1.2340900498953407
2024-10-16,1.1335782269436037,1.0879904060972878,1.2343782211873424
2024-10-17,1.1338524582101157,1.088141626105689,1.2342655189507512
2024-10-18,1.1331513578725554,1.08812036575051,1.2339992099654422
2024-10-21,1.13263271328471,1.088381181442573,1.2335627410007155
2024-10-22,1.1319610743769923,1.0886983972938569,1.2336481607259746
2024-10-23,1.1320326933701517,1.088993009762182,1.233808469242718
2024-10-24,1.1323270946965724,1.0888173627907403,1.2334902882466743
2024-10-25,1.1336633476668305,1.0879518201591927,1.2332415343954108
2024-10-28,1.1346644572587088,1.0883806558342848,1.233150498186535
2024-10-29,1.1353704230881585,1.0880100897909004,1.2330404376899338
2024-10-30,1.1356191684760288,1.0878455224295926,1.2324179438197103
2024-10-31,1.136636522157799,1.0878969440366313,1.2328723909759869
2024-11-01,1.1371101147939586,1.0880862514215115,1.2327188662696473
2024-11-04,1.1376300710942804,1.0883481672957478,1.2328742280481892
2024-11-05,1.1382490903346265,1.0887315505018251,1.2328543450718215
2024-11-06,1.1386084861613164,1.088444106528386,1.2330844024084258
2024-11-07,1.1376667673658487,1.0883226287206365,1.2332720146561513
2024-11-08,1.1381628149464333,1.0884928897077433,1.2334658177283635
2024-11-11,1.1393863242753557,1.0883119710930884,1.2335165235054781
2024-11-12,1.1388043373192556,1.088726414764809,1.2335055969139928
2024-11-13,1.1385921140208384,1.0886850204686993,1.2336113624339147
2024-11-14,1.1385382868675602,1.088366489759349,1.2335244904957148
2024-11-15,1.139504426511531,1.0880277662852942,1.2335554867662013
2024-11-19,1.139719531707069,1.0880091737283708,1.2339154229935896
2024-11-20,1.1408723709313089,1.088222091709896,1.2339995652803415
2024-11-21,1.1410382992176649,1.088288256473711,1.2342115361472252
2024-11-22,1.141385835664563,1.0879795431811397,1.2343482730056388
2024-11-25,1.1439924044421923,1.087763634004338,1.2338096450597007
2024-11-26,1.1438157892145187,1.0876669144080742,1.2338631840278016
2024-11-27,1.1451879059114551,1.0874300123724592,1.2336334537486282
2024-11-28,1.1452488846418714,1.0872170076177605,1.2339309670651801
2024-11-29,1.146100662978711,1.0872167321027018,1.2336716776218493
2024-12-02,1.147220442294021,1.0872393742847528,1.2336647085195847
2024-12-03,1.147721857303976,1.0866572534508567,1.2337137028295038
2024-12-04,1.1495329901785725,1.087076139420892,1.2335795653418349
2024-12-05,1.14937992016785,1.086486314189777,1.2337883736074138
2024-12-06,1.1492402787328968,1.0865646763767274,1.2335277481980906
2024-12-09,1.148846495873072,1.0860668151553725,1.2340206528395405
2024-12-10,1.149025782132935,1.0864420722761323,1.234064894668331
2024-12-11,1.1491382037613624,1.0864746754578765,1.2342641618641101
2024-12-13,1.1505502155997063,1.086634791006392,1.2346122100709156
2024-12-16,1.1507513128625788,1.0864775436579521,1.234336554264238
2024-12-17,1.1517088364744166,1.0872589042296554,1.2347881833265595
2024-12-18,1.1509542783402789,1.0870083559069834,1.2343971758337604
2024-12-19,1.150793008785585,1.0864755384711988,1.2341496960611547
2024-12-20,1.151004640647867,1.0859683210354707,1.234160784418785
2024-12-23,1.1514611682225189,1.0863067138764748,1.233754308878891
2024-12-24,1.151448284835206,1.0861986644468178,1.2333004766716567
2024-12-26,1.1516647584748099,1.086833138796827,1.233361530354577
2024-12-27,1.1518373858030344,1.0863040292993493,1.2335824682180532
2024-12-30,1.1514842490457282,1.086398200152509,1.2334695949788927
2024-12-31,1.1496864250061418,1.0864700341697573,1.2329410944195691
2025-01-02,1.1503876132057493,1.086584555601819,1.233472287874606
2025-01-03,1.1501606547496634,1.0861217388167936,1.2336310101829886
2025-01-06,1.1497668827808918,1.0865141495247952,1.2338693376735304
2025-01-07,1.1494323220392348,1.0863027744480291,1.233682178728305
2025-01-08,1.1493569508703778,1.086740390154905,1.2339400192641807
2025-01-09,1.1492680403348745,1.0865402491982616,1.2338049331140841
2025-01-10,1.1492634962511552,1.086530867384968,1.2337048650119058
2025-01-13,1.149060338746429,1.0865283434247992,1.2335496827916896
2025-01-14,1.150192706626601,1.086324781450035,1.2337488440908742
2025-01-15,1.1507600693683169,1.0863026947674024,1.2332542574013894
2025-01-16,1.150948701135105,1.0861329255743915,1.2333758452254096
2025-01-17,1.1513164092933674,1.086650293054428,1.233518431576145
2025-01-20,1.150894745705826,1.086684910888509,1.233499717666785
2025-01-21,1.1520369853071946,1.0863350359588528,1.2340349197880898
2025-01-22,1.1502648091097343,1.0864220432632126,1.2341388229240142
2025-01-23,1.149759057914405,1.0864652901778349,1.234049684829909
2025-01-24,1.1500332083933722,1.0861949392702894,1.234230806088218
2025-01-27,1.1501288212120746,1.086467248559647,1.2337260857897234
2025-01-28,1.1499025882737695,1.0862497905197146,1.2340975433640848
2025-01-29,1.1506565263559487,1.0862886878825795,1.2344065444763914
2025-01-30,1.1498736036543298,1.086504050133249,1.2348501906764846
2025-01-31,1.1501256360923247,1.085968550219887,1.2347057955654261
2025-02-04,1.14979856940328,1.0862054138073802,1.2348629760975904
2025-02-05,1.1508673127114821,1.0856674751593396,1.2350475379320751
2025-02-06,1.150833800475894,1.0855688531143957,1.2351771963695453
2025-02-07,1.1505690802335877,1.08569287443267,1.2342978809680938
2025-02-10,1.1511203415511932,1.085518070630678,1.2346391331609727
2025-02-11,1.1509772969295298,1.0851173528088132,1.2352517248637476
2025-02-12,1.1503089241404112,1.085220891821711,1.2349874906031033
2025-02-13,1.1506996697301255,1.085524289579224,1.235064311360798
2025-02-14,1.1512459349799167,1.0852163317029244,1.2340220371836412
2025-02-17,1.1511672404131565,1.0851206427969173,1.234329201159904
2025-02-18,1.1506834640139278,1.0850698305254052,1.2344629382690926
2025-02-19,1.1503297552235798,1.0850003212127848,1.2343034755107163
2025-02-20,1.1502960080437818,1.0850119374733833,1.234255211818203
2025-02-21,1.1494784772001314,1.0850807798786728,1.2339611521140972
2025-02-24,1.1497933678451153,1.0855583051579754,1.2342874334073255
2025-02-25,1.1489720821752272,1.085801663697241,1.2341540039168226
2025-02-26,1.14913982072419,1.0858763929544002,1.234422191292748
2025-02-27,1.1484711255189364,1.0860550385468242,1.2351115412403904
2025-02-28,1.1494534305228437,1.085363149435868,1.2347963648251665
2025-03-03,1.1494043992299066,1.0857318608319153,1.2343929704307905
2025-03-04,1.1491308006241496,1.0854256215444689,1.2339632674908254
2025-03-05,1.151414695975699,1.08588261543156,1.2336111618515098
2025-03-06,1.151911128407979,1.085984360249782,1.2338762667442442
2025-03-07,1.1520530051515314,1.0856070763437715,1.2338751053306733
2025-03-10,1.150626674510776,1.085523893667669,1.2336304810132546
2025-03-11,1.151557109351375,1.0853133072194192,1.2335374346207653
2025-03-12,1.1517197452950563,1.0853000301936673,1.2339457034740409
2025-03-13,1.1521240046897778,1.0850980250152904,1.2335860783049402
2025-03-14,1.1520474546977022,1.0852038589208441,1.2335711010357835
2025-03-18,1.1516511473466193,1.0850925240932134,1.2339226679076065
2025-03-19,1.1513207844951923,1.0853116306025024,1.2340217689419541
2025-03-20,1.151521844127324,1.0855219675651517,1.2348761247670808
2025-03-21,1.151308356898234,1.0855806356159423,1.2338214369816427
2025-03-24,1.1515332304684507,1.0852600895300326,1.2342952230364836
2025-03-25,1.1510248063664075,1.0854005652697372,1.2342242232650615
2025-03-26,1.1512834015738171,1.0855982034779539,1.2343729087554154
2025-03-27,1.1522720590053037,1.085550954882006,1.2346595045834377
2025-03-28,1.1520024416732941,1.0854883971821068,1.2346100119001808
2025-03-31,1.1513689248936831,1.0850912188169424,1.2345500423892204
2025-04-01,1.1506157307350162,1.0854528512156356,1.2349686386309402
2025-04-02,1.15011672228868,1.0850574524177212,1.2347087144118096
2025-04-03,1.1489579576178985,1.0850607131695238,1.2343644265686284
2025-04-04,1.1461398299078642,1.0845160773947438,1.2343349478062566
2025-04-07,1.1458702750929843,1.085030888939454,1.2343375691626886
2025-04-08,1.1461220727477746,1.0849409950293918,1.2345389187838611
2025-04-09,1.1429582024324758,1.084722116658503,1.2343785929962652
2025-04-10,1.1415035863648986,1.0848423374114897,1.2343612914132356
2025-04-11,1.141161268216414,1.0849193016989773,1.2348530862540812
2025-04-14,1.1407801264076003,1.084455877646284,1.2349175523838631
2025-04-15,1.1414168426052842,1.0847296261442296,1.2348417311605742
2025-04-16,1.1420402136883383,1.0845396326775176,1.2349735269499025
2025-04-21,1.14272005864923,1.0846233421216347,1.2343209280383565
2025-04-22,1.1422379656800874,1.084863321663336,1.2348335845025125
2025-04-23,1.1405654885031202,1.084810302501785,1.2340016049283702
2025-04-24,1.1399329257602162,1.0848473467793527,1.2345281877082106
2025-04-25,1.1402403093031914,1.0845064188526323,1.2348651974777787
2025-04-28,1.1401571020887669,1.0834925522334897,1.235041392036518
2025-04-29,1.1386372671352027,1.0840608548683923,1.2349350557422805
2025-04-30,1.138769603436991,1.0845705686673464,1.2349001484457194
2025-05-02,1.1387608704272991,1.0847514463962749,1.2350754231947416
2025-05-05,1.1393689649442573,1.084325205280447,1.2351015437614261
2025-05-06,1.1371141134539031,1.0841258286689324,1.234800579520318
2025-05-07,1.1384494643550844,1.0842846877070609,1.2348161012137322
2025-05-08,1.137586344238598,1.0842983986887942,1.2341628107211864
2025-05-09,1.1382372043205395,1.0840756704617223,1.2342035073081443
2025-05-12,1.1380442643275777,1.084407999195196,1.233776316301947
2025-05-13,1.1380817174672333,1.0835796675946068,1.2352956949033538
2025-05-14,1.1380767757822587,1.0837068102034138,1.2351173121046102
2025-05-15,1.1386697751396744,1.0835321705266647,1.2352388678722221
2025-05-16,1.1386844326830223,1.08420373681792,1.2358560128251503
2025-05-19,1.1385301849911695,1.0835246833779104,1.2359764778501403
2025-05-20,1.1385913404418957,1.0832977560951988,1.235602185322484
2025-05-21,1.1388387854773971,1.0831647092290968,1.2353271655367148
2025-05-22,1.1389439722550698,1.0833311485267023,1.2356847352891407
2025-05-23,1.1390961094630645,1.0835638271972658,1.2345925765204688
2025-05-26,1.139786866991224,1.084054347946298,1.235012216863581
2025-05-27,1.140085103262989,1.0836301330256228,1.2344651456147762
2025-05-28,1.1404447659101618,1.0836184846135388,1.234090342430876
2025-05-29,1.1413069301060101,1.0834293311529302,1.2356925158343066
2025-05-30,1.1408476748071814,1.0829419750785985,1.2350364878630202
2025-06-02,1.141355426523894,1.0836293372038979,1.2349069152173895
2025-06-03,1.1430182504263893,1.083703996007104,1.2347137137179012
2025-06-04,1.1437454054363039,1.0839600018261981,1.2349200786205818
2025-06-05,1.143485075635116,1.083517268296835,1.2344466669537744
2025-06-06,1.1449430716446416,1.0833062756806988,1.2343042303789813
2025-06-09,1.1453716304509116,1.083758165555726,1.2340809079479018
2025-06-10,1.145308281116613,1.083134302587699,1.2344642637692833
2025-06-11,1.1454526223190946,1.0827400096266424,1.2347361627637639
2025-06-12,1.1458498148939709,1.082977096907513,1.234353072260137
2025-06-13,1.1464591999752647,1.083039580774782,1.2342454963700191
2025-06-16,1.1470378628264877,1.0830968403203989,1.2339718382007914
2025-06-17,1.1465614097253396,1.083066268262434,1.2344517161714395
2025-06-18,1.1470751132814936,1.0826756608130497,1.234527267639935
2025-06-19,1.1472447907437429,1.083765466998769,1.2349904085089425
2025-06-20,1.1470780396004994,1.0834714441663607,1.2349911224878003
2025-06-23,1.1471289283148616,1.0832400538159608,1.2352016661831464
2025-06-24,1.1466625679196132,1.0832446478425546,1.2356328326493122
2025-06-25,1.1470606877932223,1.0826116648884114,1.2355489934311137
2025-06-26,1.1473367111146404,1.0825174568865572,1.2356152545258128
2025-06-27,1.1474727494438008,1.0817635030903252,1.2357680680142271
2025-06-30,1.1473167892782357,1.081590213872436,1.2349063284183683
2025-07-01,1.146847650170013,1.0817273300677883,1.2354308077250753
2025-07-02,1.1477743933044304,1.0816860087393698,1.2349205472954845
2025-07-03,1.1493895348646335,1.0816644737451835,1.2350355909059407
2025-07-04,1.1488844810868695,1.0817795999817656,1.234649729602348
2025-07-07,1.1494889828163881,1.08199488099397,1.2344760246661368
2025-07-08,1.1492051536801826,1.0813813245899304,1.2344292753362816
2025-07-09,1.1499450408979748,1.0820604361474258,1.2344661276200117
2025-07-10,1.1494719083967766,1.082202449260304,1.2343989274722669
2025-07-11,1.1492010806087993,1.082343688949076,1.2346281522558085
2025-07-14,1.1495225349918154,1.0821519403778381,1.234586100475756
2025-07-15,1.1496813335116889,1.0824697018482676,1.2341199581074533
2025-07-16,1.149979860247604,1.0824714185622746,1.2340313058106782
2025-07-17,1.1494558369148036,1.0827289715132076,1.2340433550796304
2025-07-18,1.149882136413563,1.0826787203742345,1.2340372709182137
2025-07-21,1.1501859313114275,1.0823185125719557,1.2340800082737975
2025-07-22,1.1499335836162425,1.0820951076683076,1.2346192853587368
2025-07-23,1.1491339310434372,1.081846147349457,1.2342176289454558
2025-07-24,1.1500004614663522,1.0815895395949349,1.234171856782197
2025-07-25,1.1503553094133796,1.0814808775509046,1.2348854768917308
2025-07-28,1.1502905840055915,1.0810818787762455,1.2345503873788433
2025-07-29,1.1500903160447897,1.081143361123642,1.233858061526131
2025-07-30,1.1514232713765484,1.080876680288397,1.2340367524009004
2025-07-31,1.152031995222558,1.0813922097592394,1.2343573129889474
2025-08-01,1.1518600905749876,1.0809791513838585,1.2339200976027533
2025-08-04,1.1510996847239745,1.081100883634967,1.2340945745016674
2025-08-05,1.1508077789563131,1.0804991343525205,1.234607737904789
2025-08-06,1.1508819755395077,1.0806789388600597,1.2340249549726652
2025-08-07,1.1497965417958893,1.0805845673398136,1.2341307870747682
2025-08-08,1.149577062969259,1.0805789898936196,1.2340853078281442
2025-08-11,1.1492034099671578,1.0806307574503804,1.2339899255635305
2025-08-12,1.149453129930593,1.0804301782087296,1.234165129951816
2025-08-13,1.1492688275855674,1.0803750074830756,1.2337488281715419
2025-08-14,1.1497021831520744,1.0800569548548566,1.2337877715336114
2025-08-15,1.1499725313053202,1.0800393499230865,1.234000957071474
2025-08-18,1.1499943181794794,1.079772877136195,1.2334081467937879
2025-08-19,1.1497374211964533,1.0795071554200066,1.2336322218302633
2025-08-20,1.1495642582649892,1.0795587583589932,1.2334008898460118
2025-08-21,1.150174500207581,1.0796613372931998,1.233609285285094
2025-08-22,1.1505923524812822,1.0796948606668033,1.2332226341786814
2025-08-25,1.150457250392511,1.0795214341093626,1.233399968152223
2025-08-26,1.1510949673193354,1.0798380934407974,1.2342021376405967
2025-08-27,1.1509088380841586,1.0795241138249834,1.2336353882928077
2025-08-28,1.1500200620830363,1.0796717476109736,1.2335043551330465
2025-08-29,1.1497558083731523,1.0794005754435938,1.2330806764790687
2025-09-01,1.1514158235108782,1.0794494317964474,1.2334788451403735
2025-09-02,1.1509356324731046,1.0793120465407222,1.2335474915306195
2025-09-03,1.1511674366561842,1.0793185715823814,1.233319253864964
2025-09-04,1.151591370880522,1.079012657397898,1.2332775796538704
2025-09-05,1.1509325052228248,1.078826590460946,1.233436366200073
2025-09-08,1.1513137573042205,1.0789061032960179,1.2333638537215939
2025-09-09,1.1513488522998738,1.0788582612196058,1.233662987551209
2025-09-10,1.153318331677366,1.0785673844706773,1.2335044563394715
2025-09-11,1.15231698319234,1.0785190653829664,1.2331479843725743
2025-09-12,1.1534891296372887,1.0785465842850122,1.2332383921588606
2025-09-15,1.1542555207242993,1.0784323049012743,1.2328205375726604
2025-09-17,1.1544830253145126,1.0781957789748853,1.2328185288041467
2025-09-18,1.1536841811938618,1.0781920007629446,1.2334581705688614
2025-09-19,1.1546409306784386,1.0777868630385308,1.2332090227710657
2025-09-22,1.1546710683950498,1.0781991668897473,1.2330086880042848
2025-09-23,1.1547993312920244,1.0784507218158994,1.2329787374564427
2025-09-24,1.1539230588474425,1.0784257375068684,1.2339038899255415
2025-09-25,1.1542908628639144,1.078084335690245,1.2334399989334053
2025-09-26,1.155359309083936,1.0778935574575117,1.2335501627452203
2025-09-29,1.155172729754973,1.0781906462565252,1.2336208636539783
2025-09-30,1.1552216401073963,1.0777854050853697,1.2334475259981903
2025-10-01,1.1539790616893828,1.0784143104486994,1.2334478342719049
2025-10-02,1.153690260641083,1.0779821562295495,1.2330002019503192
2025-10-03,1.1534194236677513,1.0784205560998263,1.2333748587443385
2025-10-06,1.1549424899604726,1.0783183380103956,1.2335256880152883
2025-10-07,1.1550003079264763,1.0780842963114012,1.2337360800542567
2025-10-08,1.1553806907662008,1.0782347299807031,1.2335611612240454
2025-10-09,1.1551879588656377,1.077733920657304,1.2336740890520264
2025-10-10,1.1545797057471958,1.077286997734723,1.2338757212893612
2025-10-13,1.1538810759142166,1.077754030030201,1.233765009372842
2025-10-14,1.1534446333106916,1.0774903164084266,1.2340472913835296
2025-10-15,1.1555874538338646,1.077522637476971,1.2343878909027308
2025-10-16,1.155634691579527,1.07747131295895,1.2337000937745788
2025-10-17,1.1548509000810931,1.0775968347913156,1.2338777262083211
2025-10-20,1.1547801339550503,1.0776101180958688,1.2338473473602327
2025-10-21,1.1541994440161703,1.07776411288357,1.234169649643038
2025-10-22,1.1545568005088722,1.0777616680059783,1.234320589077793
2025-10-23,1.154081946116101,1.0776686809738218,1.234359273133455
2025-10-24,1.153359754970583,1.0778425748033287,1.2347246907787024
2025-10-27,1.1523561093525738,1.0772741699432182,1.2345687885618424
2025-10-28,1.1511781187653283,1.0770734013701835,1.2346727129483503
2025-10-29,1.1512833481236169,1.0772276211744514,1.2352018586908806
2025-10-30,1.1517067978185225,1.0776860332870097,1.2347264613598912
2025-10-31,1.1518778141458919,1.077308822153734,1.2349230627662953
2025-11-03,1.151393931000724,1.0774387107125505,1.2345337297849106
2025-11-04,1.151441052916096,1.0775433553144318,1.2343102750695831
2025-11-05,1.1510377260009725,1.0775359557370863,1.2344819172812378
2025-11-06,1.151277824499256,1.0776998868427936,1.2346679523302257
2025-11-07,1.150973753254482,1.0778935265817957,1.2347576568146075
2025-11-10,1.1500572255624184,1.0775579322463416,1.2349431333936856
2025-11-11,1.1485596943923122,1.0773263491760992,1.235179656761964
2025-11-12,1.150005522839731,1.0770776966846702,1.2347994515285337
2025-11-13,1.1495207649715729,1.076901325563467,1.2348877231889466
2025-11-14,1.1502665095533184,1.0762673701869114,1.2349598501548935
2025-11-18,1.14990136803412,1.076207028985923,1.2347667348463267
2025-11-19,1.1510458112504338,1.076706723748449,1.2351708330200346
2025-11-20,1.1520326642291465,1.076390981690529,1.2340842223461217
2025-11-21,1.1523833273018733,1.0763841190895842,1.2345050347370445
2025-11-24,1.1526790684148698,1.0762847486586193,1.2339636905831861
2025-11-25,1.1517237463259384,1.0764683294027027,1.2341577983384175
2025-11-26,1.1518738770646506,1.0765744122554963,1.234298822657595
2025-11-27,1.1510008730163348,1.0762304032558745,1.2348886425092456
2025-11-28,1.1513405643337964,1.076432351719345,1.2346318781049703
2025-12-01,1.1536099011556404,1.0768608675909639,1.2345420280432349
2025-12-02,1.1544756083128043,1.076199221047092,1.234932493374175
2025-12-03,1.1556805948050854,1.076096788451841,1.2350343487464701
2025-12-04,1.155544169449055,1.0765842225120281,1.2346782342944969
2025-12-05,1.15694473950665,1.0761490736061439,1.2354431417505114
2025-12-08,1.1569747734361766,1.0757691135451641,1.2355659653145155
2025-12-09,1.157292515237162,1.0763499987453082,1.2354640795201577
2025-12-10,1.157123198934365,1.0764569125033923,1.2354840199970103
2025-12-11,1.1559138218171165,1.0768370413319184,1.2352266755670194
2025-12-15,1.156442660815949,1.0766044302064661,1.2351983189516862
2025-12-16,1.1564451397880424,1.0759517160552026,1.2355601299054273
2025-12-17,1.1559771146487965,1.0768801255411462,1.2357505470611747
2025-12-18,1.1562686636082975,1.076109011458849,1.235340087262589
2025-12-19,1.1574626201265525,1.075873164894833,1.235593920539963
2025-12-22,1.1577988422810555,1.076038428155247,1.2359697916425025
2025-12-23,1.157271259294136,1.0761961896883168,1.235972596695016
2025-12-24,1.1574167932655772,1.0762695076557198,1.2356002510294248
2025-12-26,1.1581624885435398,1.0762565404550977,1.2358775664468737
2025-12-29,1.157952552326305,1.0761021986999162,1.2357986139229817
2025-12-30,1.1570426194132575,1.0762583625917217,1.235640580120335
2025-12-31,1.1567684361247468,1.0769229152948105,1.235530001019666
