Date,NTL,CI_low,CI_high
2016-11-09,1.1597738578738241,1.1597738578738241,1.1597738578738241
2016-11-10,1.1560375071689688,1.1571539695982287,1.1620878564339974
2016-11-11,1.1549531087122489,1.1560008269999442,1.1632807360869428
2016-11-14,1.154091673965189,1.1553388404082983,1.1642940075317438
2016-11-15,1.1556955739809849,1.1540633810131402,1.1647190031285835
2016-11-16,1.1551423599763997,1.1538274773952026,1.1657093518230053
2016-11-17,1.1565729234958784,1.1527300672370762,1.1660103365450951
2016-11-18,1.157562755616965,1.1521866342286986,1.167134161614694
2016-11-22,1.1570282026574807,1.151577041079848,1.1676703950059844
2016-11-23,1.1563384347508285,1.1511181523585392,1.1681626886545082
2016-11-24,1.1573543456326503,1.1504730734943658,1.1690162835083207
2016-11-25,1.1580238796944786,1.1501693137241176,1.1697240360231058
2016-11-28,1.162229215952694,1.1492648187582775,1.1706908884837166
2016-11-29,1.1624891270786644,1.148786681974656,1.1711619890778988
2016-11-30,1.1617127616245506,1.1483254002375862,1.171338370542188
2016-12-01,1.1622813139892667,1.1479228100677448,1.1716559267463225
2016-12-02,1.161091661756521,1.1472312145391772,1.172295581927898
2016-12-05,1.1614190468404602,1.1467756069988777,1.172826933987132
2016-12-06,1.1609513709849808,1.146476774148957,1.1736778001537418
2016-12-07,1.1600797207226583,1.1456542688567901,1.173541119188312
2016-12-08,1.1609334646467406,1.145448699252334,1.1736038989105977
2016-12-09,1.1604500475210646,1.1448549987414025,1.1743544127683352
2016-12-13,1.161076281519292,1.1443712218418878,1.1745439226462115
2016-12-14,1.1594970943719691,1.1438754229715482,1.1750611328194125
2016-12-15,1.1615887033727135,1.1432421106127328,1.175359031623559
2016-12-16,1.1586196095189378,1.1427002666341568,1.1760267226162555
2016-12-19,1.1581549076100368,1.1420873363198247,1.176654487197188
2016-12-20,1.161391686243834,1.1421306776747,1.1769282176060172
2016-12-21,1.1606450397023007,1.1418141376533306,1.1767927701971834
2016-12-22,1.1612376047985553,1.141169769727263,1.1768992479967852
2016-12-23,1.1608959740374956,1.1409890434418193,1.1768615568585215
2016-12-26,1.1606371906674704,1.1405560576623457,1.1774237030202148
2016-12-27,1.1606375530282875,1.1401997163025768,1.1775814095658625
2016-12-28,1.1628028557124757,1.1399428725169987,1.1784188819425778
2016-12-29,1.1609036461096223,1.1397129718501704,1.1789002550047305
2016-12-30,1.1606190137392733,1.1394452529877783,1.1790410819123802
2017-01-02,1.1599540800959909,1.1391146638712637,1.179301783081844
2017-01-03,1.1598408265784765,1.1388765809441663,1.179687333559507
2017-01-04,1.1592200463348716,1.1383535058906056,1.1804438318128867
2017-01-05,1.1588793688241192,1.1380988308422901,1.1806358789727864
2017-01-06,1.158573598071996,1.1381492585386133,1.1804618370359437
2017-01-09,1.1552961671728024,1.1381694051386428,1.180972819464619
2017-01-10,1.1561161118243592,1.1378735568160123,1.1809516570201173
2017-01-11,1.1600974087508862,1.1379651391581769,1.1810724418188838
2017-01-12,1.1604383511944887,1.1377231823931377,1.1810991784578393
2017-01-13,1.1599084416419825,1.137147137355305,1.181086539830665
2017-01-16,1.158442552514296,1.1369525900946258,1.1813882862978964
2017-01-17,1.1610646399971274,1.136573969324356,1.1811040593353124
2017-01-18,1.1610107033251484,1.136607475060924,1.181940620686532
2017-01-19,1.1604127616511737,1.136258055473752,1.1818519755126948
2017-01-20,1.1613337222889022,1.1358401700672542,1.182547950810895
2017-01-23,1.1602139154649196,1.1356255818861105,1.1822650728584962
2017-01-24,1.1562842066291876,1.1353671416616016,1.1828336467486846
2017-01-25,1.1591640046159344,1.1350157046318645,1.1827607489314318
2017-01-26,1.1553399359505272,1.1349692695625162,1.1827001132940218
2017-01-27,1.1570995134652597,1.134386705713742,1.182500736376781
2017-01-30,1.1579579565439797,1.1342860041330791,1.1829483153140021
2017-01-31,1.1569362258216744,1.133757740412436,1.1832406567646527
2017-02-01,1.1555676996371205,1.1337777528735402,1.1831453050278948
2017-02-02,1.156113192857663,1.133639032155514,1.183554803120906
2017-02-03,1.155812251503792,1.133290906493752,1.1840905334521419
2017-02-07,1.1563757165307558,1.1330686890246593,1.1841562747084808
2017-02-08,1.1560899972135403,1.1328859276364123,1.1847370052150956
2017-02-09,1.1558676247521467,1.1326211772220445,1.185718567661941
2017-02-10,1.1558548118339262,1.1327322219803686,1.1858059821622584
2017-02-13,1.1565470943670333,1.1327679371883685,1.1855141131656166
2017-02-14,1.1550047805576786,1.1329194369051978,1.1858532093655485
2017-02-15,1.1560724832095082,1.1325952729161952,1.1854656151178644
2017-02-16,1.1568067216419573,1.1317425162541077,1.1854911114806608
2017-02-17,1.1570690466368847,1.1317487615339252,1.1855925164747152
2017-02-20,1.155946930846163,1.1316293869567744,1.1859467964944976
2017-02-21,1.1550568557458334,1.131774609128124,1.185912593554773
2017-02-22,1.1541156800693024,1.131199422192701,1.1862429372049244
2017-02-23,1.1526331793307787,1.1310500378022368,1.1861553034377685
2017-02-24,1.152245966860379,1.1304372052665124,1.1871141561736924
2017-02-27,1.1523515607636348,1.1302210616413741,1.186872204584619
2017-02-28,1.1545968737705883,1.1295383209801977,1.1872080717103128
2017-03-01,1.1536481631491196,1.1298925010385272,1.1874228902284754
2017-03-02,1.1536719311444608,1.1301388532094274,1.1874236489445522
2017-03-03,1.153194745627642,1.1297767460075105,1.1875762579999751
2017-03-06,1.152719838810355,1.1296012821544155,1.1881683141608508
2017-03-07,1.1526880644896405,1.128594371616702,1.1881840658252043
2017-03-08,1.1534112688765943,1.1286402986401276,1.1880088037868488
2017-03-09,1.1533940087025183,1.1285351375495938,1.1882180591860725
2017-03-10,1.152812599032807,1.1281502272879471,1.1880855292981782
2017-03-13,1.1531430355168066,1.1287487148152535,1.1880124574927526
2017-03-14,1.1538154171717157,1.1281133929707379,1.1882762327666685
2017-03-15,1.1536789381181445,1.1274615585681722,1.189117252865329
2017-03-16,1.1523222435120337,1.1268698563131458,1.1891514098401341
2017-03-17,1.151414911474848,1.1262994671798823,1.1893326894647862
2017-03-21,1.1527060741163813,1.1263395813385972,1.189230047928176
2017-03-22,1.1507676505623492,1.1263375141462695,1.1894195556948803
2017-03-23,1.1514116392583795,1.1255838201678443,1.1896447219736501
2017-03-24,1.1491154180652472,1.1258778776984437,1.1896001114635533
2017-03-27,1.1495334078647463,1.125795426253856,1.1893189257005035
2017-03-28,1.15085002239808,1.1250540209893634,1.1893260481934727
2017-03-29,1.152181872995005,1.1246602760023008,1.1895546179064354
2017-03-30,1.152584942642286,1.1252117218541404,1.1896531180474528
2017-03-31,1.1532787089309795,1.1253381763021024,1.1899409062037833
2017-04-03,1.1533914658267217,1.1252371752019925,1.190818044974768
2017-04-04,1.152315106549638,1.1252640297556609,1.1905713910345805
2017-04-05,1.1520698073343414,1.125350391123883,1.1907204673707155
2017-04-06,1.1527576119537721,1.1254583148251764,1.1908449031197201
2017-04-07,1.1529501394526163,1.1245882032756827,1.190896743692255
2017-04-10,1.1506144735691939,1.1239762425641795,1.1911389002132515
2017-04-11,1.1508659766882414,1.1242097382729486,1.1908505103237548
2017-04-12,1.1492218106580339,1.1240243424285683,1.1909170091663517
2017-04-17,1.148682450598569,1.1241641658279893,1.191392836543183
2017-04-18,1.1481821250790287,1.1236550303591333,1.1911250284443395
2017-04-19,1.1477609479792992,1.1235379511354175,1.1910986856131955
2017-04-20,1.1471978171734938,1.1227392458902596,1.1912233476513885
2017-04-21,1.1477269480906618,1.1228663725544896,1.1916214521719937
2017-04-24,1.146273353922533,1.1226581850388517,1.1917177838322988
2017-04-25,1.1453017506602223,1.122239626148385,1.1922656343422073
2017-04-26,1.1439646933298582,1.1221247549139175,1.19226519354848
2017-04-27,1.1462786918900314,1.121775485508111,1.1920595438874915
2017-04-28,1.1452043217969399,1.1216345115872257,1.1925162151091728
2017-05-02,1.145533992659104,1.1219371357387573,1.1928161054200352
2017-05-03,1.1460609388133773,1.1213919816036924,1.1928633632317123
2017-05-04,1.1451042322038834,1.121690272238342,1.1926793946287848
2017-05-05,1.143166936185988,1.1221387285744535,1.1928954474871754
2017-05-08,1.1436101808768506,1.1216199137971354,1.1928218691991974
2017-05-09,1.1432385433969168,1.1211537629996962,1.1928236513312527
2017-05-10,1.1439012960436201,1.1210173629196296,1.1927008977054578
2017-05-11,1.1445396347602839,1.120919510105375,1.1927463112021157
2017-05-12,1.1443486122662259,1.120338261881632,1.193376341856907
2017-05-15,1.1449424986838792,1.1202419065137736,1.193538741775884
2017-05-16,1.1436576626717263,1.11963337174382,1.193591173024
2017-05-17,1.1412086053952901,1.1203541009744216,1.1943805155190454
2017-05-18,1.140415023232886,1.1198622534846705,1.1946959118282288
2017-05-19,1.1402059608777946,1.1193357317205557,1.19464223428268
2017-05-22,1.1398000337419476,1.1190442360057284,1.194487170291899
2017-05-23,1.1403850815414398,1.119031973629083,1.1941352757295713
2017-05-24,1.1412597739457129,1.1190218302746089,1.194747893122148
2017-05-25,1.1416408772703441,1.1191910872304047,1.195399075045597
2017-05-26,1.1417119797402835,1.1189908361470935,1.1954844218596772
2017-05-29,1.1425890100592873,1.119261068802605,1.195614800572681
2017-05-30,1.1407598863821482,1.1189020039794777,1.194986165400957
2017-05-31,1.1399439595856131,1.11853654962588,1.1955948015756301
2017-06-01,1.141398047285055,1.118172639714016,1.1958516509570574
2017-06-02,1.1413307312512042,1.118289382456006,1.196115067519823
2017-06-05,1.140102104198134,1.1183554259328174,1.1956129746707278
2017-06-06,1.1386095164745342,1.11858506374332,1.196536607783171
2017-06-07,1.1405199095366099,1.1184965134421625,1.1967894636065552
2017-06-08,1.1450099400303315,1.1183137841776054,1.1963809527156204
2017-06-09,1.1458052812214536,1.1178647720413923,1.196944214204843
2017-06-12,1.1470256164010246,1.1181022090358324,1.1964884366221469
2017-06-13,1.150099139062979,1.1175622762618116,1.1958362379921412
2017-06-14,1.1509323700861027,1.117623226133907,1.1964765519674625
2017-06-15,1.150575278838819,1.117036360592929,1.1960839388937614
2017-06-16,1.151937058560974,1.117151745593464,1.1960540976094773
2017-06-19,1.1538634293707295,1.116808698018351,1.1963072302124662
2017-06-20,1.154020501750832,1.1165160600539106,1.1963001863786615
2017-06-21,1.154394172998028,1.1164365766121995,1.196729779919545
2017-06-22,1.1556749364987349,1.1163014757491674,1.1972187457103556
2017-06-23,1.1566117796518858,1.1157650484796653,1.1968020488962468
2017-06-26,1.1574697460840382,1.1158947433365087,1.197283435157514
2017-06-27,1.1574624192366274,1.1158404935603226,1.1975054379507444
2017-06-28,1.156518581502515,1.1154859157376191,1.1974374179668783
2017-06-29,1.1569067205122028,1.115081591085441,1.1974751527704743
2017-06-30,1.1557179844470569,1.1154729918651853,1.1973063908618438
2017-07-03,1.1558535106957637,1.1149845355057448,1.1973310082272954
2017-07-04,1.1561388836219384,1.1146524544645513,1.1969283910386193
2017-07-05,1.1547649474372812,1.114384595979575,1.1973233904048517
2017-07-06,1.15498098047885,1.1140475631854747,1.1975757881999387
2017-07-07,1.1554522547547492,1.1138378991023938,1.1975760415865275
2017-07-10,1.1563198786518623,1.1134526417048236,1.1979949421477734
2017-07-11,1.1565348197995573,1.1129289774369755,1.1981807451191637
2017-07-12,1.153935019951842,1.1127173657507932,1.1976106886231097
2017-07-13,1.152614903495193,1.112924913006377,1.1975065109801957
2017-07-14,1.152861553884346,1.112540568997668,1.1985191257587078
2017-07-17,1.1518531478144978,1.1128680413449161,1.1978784380754937
2017-07-18,1.1521205678769868,1.1124196263940267,1.1979972579351015
2017-07-19,1.1517934454225038,1.1122127122774095,1.1985204835423902
2017-07-20,1.151530480676406,1.111820723072857,1.1988432468431582
2017-07-21,1.1509123008632238,1.1119424981079562,1.1991260384866906
2017-07-24,1.1514660496573383,1.1119098597500217,1.1996297517804777
2017-07-25,1.1531000217816796,1.1117432768091637,1.199562874128594
2017-07-26,1.1533923664876564,1.11148345208464,1.1997168985484208
2017-07-27,1.1535528763328085,1.1112224370593051,1.200274437731778
2017-07-28,1.153843849700463,1.110687979778574,1.1997391339472747
2017-07-31,1.1547561194920144,1.111561404092704,1.1995147783708044
2017-08-01,1.1539748680273423,1.1111870183533337,1.1994875349283851
2017-08-02,1.1553908966868693,1.1115855732470061,1.19990165059596
2017-08-03,1.1564490317695202,1.1112691261694252,1.2000138514677972
2017-08-04,1.1566864916910229,1.1108079954388401,1.1998763612748817
2017-08-07,1.1576138371803366,1.1107531909857538,1.2000068340905496
2017-08-08,1.1582818772812775,1.1099318199102453,1.2006818664885799
2017-08-09,1.1581389423630586,1.110785696680077,1.200376280871211
2017-08-10,1.1564680643097618,1.1105701131481298,1.2007325600887566
2017-08-11,1.1563125849341054,1.1108207202108618,1.2008145399232042
2017-08-14,1.1551269609986996,1.1106743637728107,1.2010162046362578
2017-08-15,1.1546697661882281,1.1100053369786198,1.2007992902197604
2017-08-16,1.1526837359060647,1.1097296637463683,1.200829633692004
2017-08-17,1.1536608768883612,1.1089864075258355,1.2009181482302513
2017-08-18,1.1535593412511203,1.1086431185780798,1.2017127452132368
2017-08-21,1.1544590593643531,1.1086184727559487,1.2019519452107492
2017-08-22,1.154205074909188,1.1088587744652465,1.2016930238908157
2017-08-23,1.1543317503655093,1.108590442185869,1.2022329686361537
2017-08-24,1.1578340815135741,1.108114433061252,1.202991686562356
2017-08-25,1.1585265806066676,1.107148059713707,1.2026965737786341
2017-08-28,1.1588165383669768,1.1073127803102925,1.202478076955562
2017-08-29,1.159939826464101,1.1070263378698455,1.2026943634605378
2017-08-30,1.1606685388522102,1.1076341309410194,1.20352679022256
2017-08-31,1.1604832654309403,1.107217513430042,1.2033979340647192
2017-09-01,1.1604090319398948,1.10712433063414,1.2033863429894827
2017-09-04,1.1606098702972176,1.1067354879279487,1.2031655684996294
2017-09-05,1.1623473463556875,1.106744113069273,1.2035748429216917
2017-09-06,1.161168585225509,1.1068474835413862,1.2039372496033125
2017-09-07,1.1634196574598124,1.1064060971709386,1.2034956538644133
2017-09-08,1.1658181103605665,1.1062309370042236,1.2034277889728073
2017-09-11,1.164489606937606,1.1066830156341991,1.203167880211696
2017-09-12,1.1643630532240927,1.1062773483501764,1.2035839033994717
2017-09-13,1.165262026994896,1.1062931038360508,1.2035998493319495
2017-09-14,1.1668345912441864,1.1063690918096067,1.2035100130877079
2017-09-15,1.168517929112329,1.1065986113355715,1.203838150948295
2017-09-18,1.168638980333532,1.1065473313437775,1.2036544539085419
2017-09-19,1.169557416006193,1.1061526955966676,1.2040751559981415
2017-09-20,1.1705995318953637,1.1060480273340412,1.2039702175762987
2017-09-21,1.1726120429366662,1.1059486234921678,1.204085326667394
2017-09-22,1.1728152322549048,1.1058231888856813,1.2046434295982598
2017-09-25,1.1736159393171772,1.1056537202363956,1.2048002060362226
2017-09-26,1.1743196811168242,1.1051159504065933,1.20456491874154
2017-09-27,1.1730220993381235,1.1049084379415577,1.2053828412536662
2017-09-28,1.1743333359786108,1.1046756676935117,1.204499313620012
2017-09-29,1.1751777274826296,1.104763108925733,1.2055956589887424
2017-10-02,1.1764385312388186,1.1044818069361342,1.2049115758677935
2017-10-03,1.1769381832245305,1.1050085173126127,1.2047446875676673
2017-10-04,1.1777235220611963,1.1044586400195908,1.2051206894121638
2017-10-05,1.1774699682598768,1.104939083516381,1.2055866990202686
2017-10-06,1.1788542762178658,1.1043677406368977,1.2061668067692162
2017-10-09,1.1790874604285762,1.1039450511747344,1.205808140085459
2017-10-10,1.1787224492641488,1.1044268538907116,1.2061818462937497
2017-10-11,1.1799450175421082,1.104423139403352,1.206612952451376
2017-10-12,1.1796772104147468,1.104230444894816,1.2074851539602203
2017-10-13,1.1825646439264523,1.1039521852262895,1.2075002624590352
2017-10-16,1.1838010385018045,1.1038084907803247,1.20689540228866
2017-10-17,1.1817062723594125,1.104151918590829,1.206859076988527
2017-10-18,1.1875671837293453,1.104117812815634,1.207431641319478
2017-10-19,1.1879401698815037,1.1039390979616759,1.206969281542887
2017-10-20,1.1908078391178547,1.1032225020346182,1.2068200401003906
2017-10-23,1.196016081710741,1.1032743793048467,1.207541810243444
2017-10-24,1.196661602517771,1.1032781951181811,1.2086500889992324
2017-10-25,1.1966056312638413,1.1029303976245568,1.2084030305813904
2017-10-26,1.19659848525089,1.102653937702318,1.207860347091711
2017-10-27,1.196178237845507,1.1024004622596428,1.2090286801774592
2017-10-30,1.1957981409504905,1.102465786156039,1.2092868817885347
2017-10-31,1.195418768309592,1.101342867715184,1.2095520063383987
2017-11-01,1.1941575130811837,1.1012815690124815,1.2090086325382392
2017-11-03,1.1930185943336176,1.1011269933227839,1.2086910890847642
2017-11-06,1.1918893696679782,1.1010296299299516,1.2082202429335396
2017-11-07,1.1922939376325403,1.101494323268842,1.208568889157935
2017-11-08,1.1921398720242056,1.1002509656002426,1.2084823330668788
2017-11-09,1.192778911203522,1.1004188601868816,1.2086878083831996
2017-11-10,1.1890253704294418,1.1004717410588107,1.2083880457906298
2017-11-13,1.1895476710301498,1.1002400977129425,1.2086424450341375
2017-11-14,1.1900283925419755,1.1002759513941693,1.208500394768393
2017-11-15,1.1891746621842196,1.1003980135704294,1.2095314852532426
2017-11-16,1.1889482837633214,1.1004344451819008,1.2092995548855223
2017-11-17,1.1882102662175356,1.1002891496301475,1.2102309337609856
2017-11-21,1.188872276649742,1.0996526212579278,1.2105019207886873
2017-11-22,1.1901653195499586,1.0994607380016608,1.2109703320536132
2017-11-23,1.1912622404453015,1.0992448301165831,1.2109781485199846
2017-11-24,1.1922828313689189,1.099120583357938,1.2114208007380904
2017-11-27,1.1910723062210546,1.0992106406141726,1.2114354181567422
2017-11-28,1.1946407379628026,1.0993197316687757,1.2107130550168994
2017-11-29,1.1935818358876942,1.0993306021454292,1.2113575093915554
2017-11-30,1.1940776081801945,1.0989964104186463,1.211554727952801
2017-12-01,1.1947340187449065,1.0980235566687409,1.211583158493771
2017-12-04,1.1938292121604284,1.0979691568111523,1.211795266562074
2017-12-05,1.1937214897195063,1.0980289453500924,1.2122186305418614
2017-12-06,1.1925293774112533,1.0983818151794174,1.2118099664445476
2017-12-07,1.1925390973751837,1.0982671270568785,1.2119180451890503
2017-12-08,1.1908584035063163,1.0988483893184806,1.2116077290913776
2017-12-11,1.1920417953480902,1.0985511319426102,1.2115118403356107
2017-12-13,1.1904974742466223,1.0984520250343939,1.2116955480307023
2017-12-14,1.1923843977879205,1.098723017938367,1.2115655676809274
2017-12-15,1.1915756491340106,1.0986698317230958,1.2114827286919825
2017-12-18,1.1897032255082038,1.098544169344337,1.2112287707543767
2017-12-19,1.1903520708383177,1.0981564895050495,1.2115799326763845
2017-12-20,1.1905120159043399,1.0986266866761363,1.211754755503749
2017-12-21,1.1945583625207024,1.09892773084386,1.2118978400001468
2017-12-22,1.1938883784508951,1.0985881731719664,1.2119727611769235
2017-12-26,1.1933257344965915,1.098512680820159,1.2122572921437185
2017-12-27,1.1940590864042013,1.098003197298445,1.2120702281394975
2017-12-28,1.1950958562348049,1.0978842279312173,1.212312131899791
2017-12-29,1.1941885608527627,1.0974893389893796,1.2123504446639866
2018-01-02,1.1922488168780103,1.0979188552248922,1.2133941256683354
2018-01-03,1.1923702403279919,1.0982356658871957,1.2134565770754115
2018-01-04,1.1917559609602806,1.0977201777886392,1.213460536232923
2018-01-05,1.1914004828706668,1.0970024070923388,1.2131480185541252
2018-01-08,1.1957433978623693,1.0970515190069239,1.2137615727448976
2018-01-09,1.199678036556933,1.0971493253279654,1.2135786349110893
2018-01-10,1.1985055342933704,1.0968506917464782,1.2136939610776305
2018-01-11,1.2023117170595246,1.0965211057085615,1.2138564386020234
2018-01-12,1.2011255809773866,1.0967173911036,1.213934642588275
2018-01-15,1.200698597355091,1.0967372249169447,1.2145152926820997
2018-01-16,1.2000106621986166,1.0961521896799304,1.214300268006787
2018-01-17,1.199108747957756,1.0957501172562127,1.2142652512637553
2018-01-18,1.1992225537549137,1.0950210293228562,1.2151005145378808
2018-01-19,1.2001749879961998,1.0949520430025448,1.2151561435581455
2018-01-22,1.2002060101600964,1.0953709348778138,1.215286509346327
2018-01-23,1.1996920449866024,1.0954282023899422,1.2156414844975414
2018-01-24,1.199047682607182,1.0951390730471389,1.2160926239064451
2018-01-25,1.2014141849622175,1.0948255420497783,1.215391450278274
2018-01-26,1.2009550394424422,1.09433100724967,1.216059085739114
2018-01-29,1.2017939139123057,1.0944295692924166,1.215403004791968
2018-01-30,1.2007415745201133,1.0943349377580656,1.2162451848552542
2018-01-31,1.2004444799448286,1.0943987924450322,1.2161642012602982
2018-02-01,1.1999048661955503,1.0950129722363586,1.2162187171109016
2018-02-02,1.2006460925636757,1.0951701819940254,1.2162530978152448
2018-02-06,1.1989994665425414,1.0941753616536343,1.2158207412594202
2018-02-07,1.1999616997518923,1.09436385400715,1.2166889528949005
2018-02-08,1.1982419387766245,1.0939807947432565,1.2163987353187915
2018-02-09,1.1981161452683144,1.0944044397850619,1.216451115789489
2018-02-12,1.1986346271176656,1.09390404278015,1.2163007126225343
2018-02-13,1.1993274397417069,1.0939067218441565,1.215898769530854
2018-02-14,1.2004716932493986,1.0936847879193081,1.2163617569753498
2018-02-15,1.2012001353388724,1.0938297953597065,1.2162525030729385
2018-02-16,1.2012421628853214,1.0938058611275938,1.2165136289013299
2018-02-19,1.2018086374810681,1.0940966358282906,1.2169735069235372
2018-02-20,1.2022608459351594,1.0939052096449766,1.2164690917047702
2018-02-21,1.2026699715265519,1.0942604869552213,1.2171932791501714
2018-02-22,1.201736902223802,1.093999988672545,1.2174867398911609
2018-02-23,1.202052699415899,1.0941810339816376,1.2172721155569366
2018-02-26,1.2018931691340082,1.093257370247648,1.2173604481119509
2018-02-27,1.200243766841376,1.0938147719048732,1.2174875866056054
2018-02-28,1.2014662076019649,1.0937527128725204,1.2176926926935419
2018-03-01,1.2037590949192976,1.0929503383301686,1.2178581775119106
2018-03-02,1.206130454247903,1.0921029040518557,1.2179034240000925
2018-03-05,1.2048161342506454,1.0925479066918242,1.2179045543790656
2018-03-06,1.2056385365823241,1.0928036311937408,1.2181677149309382
2018-03-07,1.2064061135241149,1.0920498021647345,1.2183773973866876
2018-03-08,1.2073127439407951,1.092674279629088,1.2187135199945327
2018-03-09,1.2037502313741522,1.091587555482714,1.2185440488122357
2018-03-12,1.2023537928960621,1.09154255290157,1.2191899982483936
2018-03-13,1.201688402997293,1.091334418445708,1.2193801523691632
2018-03-14,1.2004665437077087,1.091532553053268,1.2192546814081155
2018-03-15,1.2000604955426133,1.0906551632017596,1.2193142074548695
2018-03-16,1.200843439068218,1.0911033512303594,1.2192737912146259
2018-03-20,1.202771599189262,1.0906505893946448,1.2190315228826454
2018-03-21,1.2010942104479745,1.0906116754164106,1.219506892735675
2018-03-22,1.200892683896426,1.0903500906079004,1.2192492303439344
2018-03-23,1.1989305115645759,1.0904505649323997,1.2191828624324423
2018-03-26,1.2001011073693066,1.0906089989426895,1.2195334941046594
2018-03-27,1.2013273299200034,1.0914637927069204,1.2202021727274683
2018-03-28,1.200954436997068,1.0904152770980822,1.2206824077114173
2018-04-02,1.2005064302975754,1.0900983081659958,1.2204663596053842
2018-04-03,1.1980714853392291,1.0898793073264998,1.2201888541100956
2018-04-04,1.197362383368702,1.0897693532670907,1.2193533300293224
2018-04-05,1.196976842452246,1.0895017555341053,1.219692356566232
2018-04-06,1.197481310018131,1.0893840765140097,1.2205874253173359
2018-04-09,1.1986543223556116,1.0896464372465784,1.2200114817783552
2018-04-10,1.1982940635182422,1.0899265019181024,1.2196899726503863
2018-04-11,1.1987451393126487,1.0899804035758025,1.2205643459193214
2018-04-12,1.1989362648100672,1.0907798623495193,1.2206767185239482
2018-04-13,1.1991360208403978,1.090596195372599,1.220191529737147
2018-04-16,1.1989020469451481,1.0907258468569057,1.220110487709834
2018-04-17,1.198334898447247,1.091159803805172,1.2202819256740538
2018-04-18,1.199339772181419,1.0905124076664858,1.2200761482658784
2018-04-19,1.1995899470819107,1.0901878943559487,1.2204444906249814
2018-04-20,1.199231623889286,1.090637097662451,1.2199698305475002
2018-04-23,1.1994352773269996,1.0908506013526675,1.2202018154873906
2018-04-24,1.1980364568064639,1.090256663271667,1.2202903721248484
2018-04-25,1.1982978605632637,1.0904801485748161,1.2209606611411141
2018-04-26,1.2001752456728414,1.0904371132078363,1.2207745748981464
2018-04-27,1.1995989915732541,1.0900565170012837,1.2207249155974158
2018-04-30,1.1998940401219613,1.0898038032757031,1.2209143472642323
2018-05-02,1.2004151270241579,1.0894809181372145,1.220937793263358
2018-05-03,1.1994610081187516,1.089948147908373,1.2210582947595323
2018-05-04,1.1985371524029995,1.0899599974674035,1.2211666306597482
2018-05-07,1.196565882590406,1.0895235746668726,1.2211229821797496
2018-05-08,1.1969189731570495,1.0901661379169831,1.2205699078206385
2018-05-09,1.19615205130942,1.0893859737870226,1.222000819753234
2018-05-10,1.1937823805150216,1.0893485492155357,1.2213478584347872
2018-05-11,1.1942190848361685,1.0901169281357936,1.2219567852932558
2018-05-14,1.1951422518465418,1.0898189777489826,1.2223844087761129
2018-05-15,1.1971154507529245,1.0889189506750394,1.2217323945561231
2018-05-16,1.1966195645384727,1.0888429855705763,1.2214547477396913
2018-05-17,1.1934440212825081,1.0878995794264976,1.2213960424579924
2018-05-18,1.1936379046554004,1.0885702086340963,1.221054340355927
2018-05-21,1.1947991078703422,1.0885142154629255,1.2214094169975083
2018-05-22,1.1937985000521742,1.0886028887835457,1.2226770108378469
2018-05-23,1.1924772108222552,1.0880019915089485,1.2216962349879477
2018-05-24,1.1922640511098137,1.0883598190476604,1.2209237124911902
2018-05-25,1.1928401037591692,1.0887798696451798,1.2212093616038857
2018-05-28,1.1933401771816883,1.089027577511767,1.2219829332452796
2018-05-29,1.1921581629905784,1.0891169912723255,1.2219723623122762
2018-05-30,1.1918175414174046,1.0894996587937456,1.222605165370825
2018-05-31,1.1921959613731175,1.0895071054216687,1.2227012477367132
2018-06-01,1.1914775231070593,1.0887388577546573,1.2227277331663369
2018-06-04,1.1906675822252586,1.0881989936788694,1.2227824126839903
2018-06-05,1.1901811500980646,1.0876143487279215,1.2229483421063134
2018-06-06,1.1901408254324592,1.0876457540404285,1.2231454228618457
2018-06-07,1.1893693199804705,1.0871052433824677,1.2228096432224587
2018-06-08,1.187242254327255,1.0867682447903826,1.222978549183936
2018-06-11,1.1874756503651356,1.0874709035712684,1.2226670027225919
2018-06-12,1.1876168104014422,1.0867980581909853,1.22268880045628
2018-06-13,1.1894679404792423,1.0864739023873742,1.222497315580373
2018-06-14,1.188877717348158,1.0866161340296467,1.222691665062905
2018-06-15,1.1902214875991437,1.0857050135488087,1.2226704078280115
2018-06-18,1.1900347083603675,1.0855235594697539,1.2229236985627578
2018-06-19,1.1908975200897822,1.0856740652075445,1.2232198942924466
2018-06-20,1.1905367407934955,1.0860920060239914,1.2237208077024289
2018-06-21,1.1915784288679343,1.0844269208107111,1.2238757579463195
2018-06-22,1.1917321955858988,1.0854126075488835,1.2236720850470257
2018-06-25,1.192918042536718,1.0848657808830204,1.2230326841288481
2018-06-26,1.1940971599153043,1.0849461588531755,1.2226407251500564
2018-06-27,1.1963032967287524,1.0858822094960066,1.2226910255065515
2018-06-28,1.1967148252434237,1.0865367257316818,1.223224990001662
2018-06-29,1.1950251494366155,1.0865677031088772,1.2234249044878223
2018-07-02,1.194048847275206,1.086722153167026,1.2235094179541384
2018-07-03,1.1940834814870573,1.0863719078372998,1.2236923736924248
2018-07-04,1.192320728546281,1.0853033247701678,1.2239989001307536
2018-07-05,1.1887693715540886,1.0851886553371823,1.223777299132997
2018-07-06,1.1897151919316504,1.0850491841172698,1.223812802677971
2018-07-09,1.188782370328492,1.0854929072915174,1.2239333246590396
2018-07-10,1.1892744248415543,1.0849690561998677,1.223886657605052
2018-07-11,1.1883083683850284,1.0849530951101967,1.2240811099365445
2018-07-12,1.1881775929916247,1.0844231954657624,1.2235547621462923
2018-07-13,1.1882058671509081,1.0854792166065734,1.2238247136093015
2018-07-16,1.188345269869018,1.0843584094622125,1.2236204285820595
2018-07-17,1.1883883503740618,1.083383353722422,1.2237127065637676
2018-07-18,1.1882753708751514,1.0835128137672574,1.223707356910962
2018-07-19,1.1891567318285996,1.0827330305885308,1.2236080439774026
2018-07-20,1.1880608556209116,1.0826402635855825,1.2240475670967315
2018-07-23,1.1883124029481154,1.0826053857901268,1.2244273729417012
2018-07-24,1.187575155194579,1.0829150360872688,1.2243070304163568
2018-07-25,1.1887744160356934,1.0835813394355938,1.224381780142947
2018-07-26,1.1895305544759476,1.0831184746310867,1.2247862224335744
2018-07-27,1.1895466714323881,1.0825898910007903,1.2245908729569288
2018-07-30,1.1899738538110625,1.0832340644010023,1.2247301447140941
2018-07-31,1.18980100808426,1.0829003646582158,1.2246385424366035
2018-08-01,1.1884349736372322,1.0817225722538293,1.2246356573118438
2018-08-02,1.1888089555102803,1.082531331281672,1.2251268412359408
2018-08-03,1.1886899988739668,1.0829738179514228,1.2251326311674648
2018-08-06,1.1892450528852447,1.0828247009492553,1.2249703985273177
2018-08-07,1.1881594193452507,1.0830566844676546,1.2250324375130168
2018-08-08,1.1870675514671856,1.0823076523018806,1.2253807988026915
2018-08-09,1.185919122105753,1.082359553791924,1.225395874756391
2018-08-10,1.182322702599976,1.0820491062356028,1.2250634750550224
2018-08-13,1.181657768407682,1.0820340768361734,1.2259072251057772
2018-08-14,1.1808045691440021,1.0818914386897187,1.2251881727813596
2018-08-15,1.178374652626686,1.0813075846313829,1.2252308173813273
2018-08-16,1.178476990009394,1.0808088922621062,1.225449304766991
2018-08-17,1.177771532759757,1.0809689114945376,1.2259034804153517
2018-08-20,1.1772551364497692,1.0804402313127166,1.2268672563955043
2018-08-21,1.1770014752829328,1.0810440288131773,1.226583987118324
2018-08-22,1.1758623371397074,1.0810523582274918,1.2266485037667552
2018-08-23,1.1761382533703848,1.08152402810922,1.2269621326959619
2018-08-24,1.175694769590775,1.0808007005718692,1.2265983716996713
2018-08-27,1.1752257670273896,1.0803964011212261,1.2269640526636454
2018-08-28,1.1733444365485743,1.0804684826844493,1.2268554433026893
2018-08-29,1.172364504503662,1.0804475681181442,1.2265376746360839
2018-08-30,1.1712307881281743,1.0807351215387089,1.226510674320159
2018-08-31,1.1729188260519459,1.0807744515008104,1.2269028416666443
2018-09-03,1.1728558197641106,1.0807169633563258,1.2270752714179918
2018-09-04,1.1707199676793005,1.0804313447476441,1.227411691284794
2018-09-05,1.1699535758103325,1.080017649724915,1.2273667164023343
2018-09-06,1.1701264313515738,1.0806779273440599,1.2277442779908303
2018-09-07,1.1696597459921434,1.0801241434137705,1.226873823388867
2018-09-10,1.1703554325139658,1.0809877234757999,1.2270462949206244
2018-09-11,1.169335528304371,1.0796403940705794,1.2269034496538875
2018-09-12,1.16863516247078,1.079575481755303,1.2268329280466734
2018-09-13,1.1670759117720242,1.0790681344057278,1.2274016146466897
2018-09-14,1.1678400348709874,1.079214383886389,1.2272389413029692
2018-09-17,1.1673558391549783,1.079162248143096,1.2268405970842866
2018-09-18,1.1678468393343926,1.0796477175417534,1.227184055136287
2018-09-19,1.167304867925561,1.0796863346382344,1.2280116351260988
2018-09-20,1.1678115457403306,1.0789229587509,1.2270946563923644
2018-09-21,1.1683263611228676,1.0790777187167646,1.2277425688681884
2018-09-24,1.1683092845055223,1.0782880208683394,1.227325309434036
2018-09-25,1.1677496128207265,1.0781600009856338,1.228893233314809
2018-09-26,1.167024162844372,1.0781726303690466,1.2287929122093857
2018-09-27,1.1682258837583763,1.0781082992666893,1.2288780589421113
2018-09-28,1.1697673315725161,1.07788401778114,1.2288061785405913
2018-10-01,1.1700289824924066,1.0776877507010214,1.2282214079657838
2018-10-02,1.1716752258783336,1.0776458854110813,1.2294572631455172
2018-10-03,1.1710539663350625,1.077215394836276,1.2292352421335084
2018-10-04,1.1700522651523262,1.0781869255523422,1.2285883107198237
2018-10-05,1.1704836615548175,1.0782474830932325,1.2280587641158291
2018-10-08,1.170683899516822,1.07798930022932,1.227355428598887
2018-10-09,1.1713364676344895,1.0778546474015378,1.227666613976791
2018-10-10,1.169860926346323,1.078019346484715,1.227940968904306
2018-10-11,1.1694792745147085,1.0779084027335775,1.2277301565133842
2018-10-12,1.1701073816026266,1.0774227321525527,1.2282894687006967
2018-10-15,1.1697161278642856,1.077348522796884,1.2274452646462113
2018-10-16,1.1689315389140922,1.0771325990937308,1.2270940601493614
2018-10-17,1.1687596828240128,1.076963519514498,1.2274971864153439
2018-10-18,1.166061588907029,1.0768788979748014,1.2270981995647325
2018-10-19,1.1686767171652637,1.07720262790545,1.2269839650894687
2018-10-22,1.1676330262466972,1.0770217142275682,1.2264862810506447
2018-10-23,1.1670189854640558,1.0764853648987898,1.2266926194375691
2018-10-24,1.1649487536554417,1.0770330790774794,1.2267363154083506
2018-10-25,1.1683157556995862,1.0763604713776,1.227004019999147
2018-10-26,1.1686129055336172,1.0765785543888293,1.2268251897440998
2018-10-29,1.1617384621067561,1.0772669453399688,1.226446527348219
2018-10-30,1.1608481907344965,1.0770658602536487,1.2274255119244308
2018-10-31,1.1612982498358568,1.077559920610724,1.2279882200004508
2018-11-01,1.1564377435933142,1.0771313371308104,1.2271701912304291
2018-11-05,1.1529509922460532,1.0770966358877672,1.227438253488202
2018-11-06,1.1526938218169538,1.0770183088987595,1.228283377461942
2018-11-07,1.1519789663306157,1.0771174250835787,1.228394690196714
2018-11-08,1.1451808620258908,1.0763744066102392,1.228897269432918
2018-11-09,1.1458092236614468,1.0759241350900692,1.2288533492569487
2018-11-12,1.1442920006781796,1.075833130733274,1.2286508019708002
2018-11-13,1.1405841106117693,1.0760940947611979,1.2281295148236961
2018-11-14,1.1390473180354772,1.0760539741312747,1.229268750656059
2018-11-15,1.140435478484725,1.0763585183520048,1.2294589118485144
2018-11-16,1.137509708600897,1.0766330682295093,1.2297900927963508
2018-11-20,1.1353454502029467,1.075879335613786,1.2297742278030637
2018-11-21,1.1367903920768012,1.075141304991732,1.2301156504176132
2018-11-22,1.135776946643944,1.0750873384631208,1.230552177772337
2018-11-23,1.1373106157992012,1.0751130301575846,1.2299723363983073
2018-11-26,1.1349079217430966,1.0744796700401802,1.2302860336002241
2018-11-27,1.1370148853561428,1.0739586914332575,1.2300162388921665
2018-11-28,1.1331568430176349,1.0744931174722883,1.2299974685715034
2018-11-29,1.1321205493532032,1.0748857407040966,1.2305418113216686
2018-11-30,1.1340834370143804,1.074987144646014,1.2311629734545415
2018-12-03,1.1343741466080033,1.0751556151690316,1.231600695604635
2018-12-04,1.133565724067533,1.0740339475380025,1.2321105346303194
2018-12-05,1.1332148393816208,1.0744741636847193,1.231658006999183
2018-12-06,1.1330005489875508,1.0745782470251077,1.2320837210439177
2018-12-07,1.132703554335908,1.0745796485429713,1.232484164443191
2018-12-10,1.1314296253337215,1.0736564756479483,1.232216408817528
2018-12-11,1.1308289268804974,1.074192021512996,1.2318289276530858
2018-12-13,1.1320238868793884,1.0746615525686423,1.2313663870692222
2018-12-14,1.133436383646929,1.0748883959129218,1.2316887844731925
2018-12-17,1.1313764029251263,1.0747593155813364,1.2325289757527165
2018-12-18,1.1300702743416955,1.0742329558686503,1.232346688930647
2018-12-19,1.1300616886643573,1.0741928552902007,1.2324255733333247
2018-12-20,1.1288262400674696,1.0744090036961944,1.2323796939291707
2018-12-21,1.127224329706353,1.074533861033613,1.232298093194202
2018-12-24,1.1295729911176842,1.0736766967862792,1.2320899155627858
2018-12-26,1.1296480447477737,1.0735133642919776,1.2319104242228565
2018-12-27,1.1296632557024124,1.0733161471898507,1.231628590322732
2018-12-28,1.1312107556428224,1.074345029083679,1.2320333256750524
2018-12-31,1.132104589482476,1.0744070199918696,1.2312703822889983
2019-01-02,1.1295385875185353,1.074330608563514,1.231137485435003
2019-01-03,1.1274726561226596,1.0743287426919135,1.230804119111872
2019-01-04,1.1265577382298737,1.0746048497876757,1.2310857731038498
2019-01-07,1.1260153971234381,1.0739259688751976,1.2313044710505683
2019-01-08,1.1252118550050185,1.0739266217995578,1.2312903261161496
2019-01-09,1.1267570237962463,1.0739948565385802,1.232721081375102
2019-01-10,1.1274506863485683,1.0734898271250397,1.232353834336363
2019-01-11,1.1266799560699452,1.072983038164877,1.2325910137163232
2019-01-14,1.1260349043228228,1.0730549030468606,1.2324132025991033
2019-01-15,1.126507615440192,1.0727894485438316,1.2323431014838353
2019-01-16,1.1262781171248302,1.0729321355456356,1.2327867537831803
2019-01-17,1.1266540627071675,1.0726333116335571,1.2329875003951727
2019-01-18,1.1272002663594771,1.0725272662678964,1.2326777095258576
2019-01-21,1.130185328367223,1.0729947892943548,1.2327673551102376
2019-01-22,1.1296378261621072,1.0717945564581652,1.2328392451333876
2019-01-23,1.1326597999267054,1.072316145442036,1.2333375798488828
2019-01-24,1.1331344171208397,1.0722304116596433,1.233298389920675
2019-01-25,1.1321334489504562,1.072778585331566,1.233109750666695
2019-01-28,1.132236952272496,1.0719024139450415,1.2336763524597203
2019-01-29,1.132885118310999,1.073220192916489,1.2337551441978012
2019-01-30,1.1324239070443107,1.0729027064321528,1.2340229886468526
2019-01-31,1.130423216931187,1.0728535467364269,1.2340860919876377
2019-02-01,1.13017159455627,1.0716763343121345,1.2335392809332768
2019-02-05,1.1284139506455306,1.0717171465424724,1.2339019404383658
2019-02-06,1.1284335988149246,1.0714580198012125,1.2334097951633436
2019-02-07,1.1298650215915629,1.0710671499251467,1.233267252762491
2019-02-08,1.1274839295543253,1.0708242533029295,1.2332463885840126
2019-02-11,1.1292671352196717,1.0717124262575888,1.2338266366426291
2019-02-12,1.1306738673369914,1.0711461603895285,1.2335643453615608
2019-02-13,1.1290509369604111,1.0709548904193653,1.2335437325459926
2019-02-14,1.1285900294329265,1.0709029483756227,1.233475901619288
2019-02-15,1.1281755512470941,1.0707523665920258,1.2344743626828907
2019-02-18,1.127750647543985,1.0703815686002858,1.234986395667033
2019-02-19,1.1267808311667382,1.0703721539568964,1.2353317123606282
2019-02-20,1.1260662279110185,1.0705154786065516,1.2352925376718424
2019-02-21,1.1259117300332278,1.0705241242707297,1.2352722875463045
2019-02-22,1.1274612257346392,1.0713877861764278,1.2341899723089635
2019-02-25,1.127551023875891,1.0700022923058539,1.2342458332140114
2019-02-26,1.127796709244564,1.0702018090168517,1.2344453753024078
2019-02-27,1.1291663310219702,1.0704448135804854,1.2344216442376503
2019-02-28,1.1294306580608984,1.0697900236406326,1.2353605945590282
2019-03-01,1.1297987634225406,1.0702147466767187,1.2355666271568653
2019-03-04,1.1298696867723785,1.0697163917184516,1.235332885326147
2019-03-05,1.1304803234706444,1.070032111830025,1.2358747918023796
2019-03-06,1.1303863831239354,1.0700093039551313,1.2362219925850169
2019-03-07,1.1288677619619576,1.0701024801497998,1.235447106008528
2019-03-08,1.1288355438071676,1.0703710825000636,1.235649663884046
2019-03-11,1.129015761806521,1.0706327539559282,1.2346436845235376
2019-03-12,1.130882156435291,1.0701855424611781,1.2345756596467876
2019-03-13,1.1313366104455402,1.069516198129582,1.2349733814984862
2019-03-14,1.1328809010848946,1.0696746521167504,1.2350844808831394
2019-03-15,1.1331369208518203,1.069306252553668,1.2348044944307919
2019-03-19,1.133260454585609,1.0699668680795174,1.2347223174753827
2019-03-20,1.1310354178293331,1.0694276341306583,1.2345665696872468
2019-03-21,1.1304230141250826,1.068485797578545,1.2336626485179274
2019-03-22,1.1272654353912526,1.067980705894046,1.2336227600391372
2019-03-25,1.1267372419694939,1.0684961349108313,1.2336802147366923
2019-03-26,1.1274536198512075,1.0688479993372433,1.2345388358753242
2019-03-27,1.1270855873021655,1.0693986327114688,1.2343418946704767
2019-03-28,1.1285710610848791,1.0688774813616495,1.2341509630094143
2019-03-29,1.1287807374525423,1.0693452960132512,1.233680473998716
2019-04-01,1.128402834956766,1.0696195596620537,1.2339853446563922
2019-04-02,1.1293820265532273,1.069117615478143,1.234670993345446
2019-04-03,1.1292622511881687,1.0686390575750735,1.2346577392105422
2019-04-04,1.1294930897777309,1.069014195037888,1.2353110151030424
2019-04-05,1.1273576059449135,1.0687751276378432,1.2344596292095456
2019-04-08,1.127504850147557,1.068173380103516,1.23427312098509
2019-04-09,1.1280254016987992,1.0678116412088106,1.234868404487284
2019-04-10,1.1275524429432973,1.068622312016412,1.234657730301902
2019-04-11,1.127432959823002,1.0690489835571657,1.2343411004778126
2019-04-12,1.128429971227126,1.068372570883379,1.2345413223963628
2019-04-15,1.1303473861039155,1.0681897709081243,1.2351259603683977
2019-04-16,1.1289629968200339,1.068732227152821,1.2353641369842547
2019-04-17,1.1297817251946807,1.067676246623795,1.2361438621876293
2019-04-22,1.129242746470461,1.0673123622165348,1.2367017454465765
2019-04-23,1.130240028989252,1.0674457019473138,1.2367345733995672
2019-04-24,1.1330122856323765,1.067663477820004,1.236644887185992
2019-04-25,1.1336459010131386,1.0680058105098578,1.2363841513510172
2019-04-26,1.1339391542701462,1.0658458116914895,1.2360390715329117
2019-04-29,1.1333495109079639,1.0658683690745714,1.2357869066393887
2019-04-30,1.1338886835371678,1.0665001566632621,1.2347294445621322
2019-05-02,1.135349601586194,1.0662851904743003,1.2345549553058142
2019-05-03,1.1352359046903577,1.0660993247669053,1.2348281317542102
2019-05-06,1.1350599572620013,1.0661562620056826,1.2351510694300356
2019-05-07,1.1344946597863097,1.0652793315752171,1.2348364591948935
2019-05-08,1.1343211053657665,1.0655225253709097,1.2350975403323299
2019-05-09,1.1365342040817406,1.0647813235839219,1.2357933405919028
2019-05-10,1.1366085826592542,1.064766179018273,1.235605359224729
2019-05-13,1.13614540644004,1.0658242951289525,1.2365656394603493
2019-05-14,1.137060250030844,1.0650174384934243,1.2366595139138779
2019-05-15,1.1377963377303173,1.0658205314828104,1.2361068844529588
2019-05-16,1.137601546691285,1.0656565971758174,1.2364055427070926
2019-05-17,1.1379519726055798,1.0650991368660647,1.2359750664461198
2019-05-20,1.1390096511933558,1.0644008491662957,1.2361511347685998
2019-05-21,1.137193073589287,1.0647391901530927,1.2360123195830115
2019-05-22,1.136333366882312,1.064870353560893,1.2360676413888414
2019-05-23,1.134978580356382,1.0642239972269272,1.236303657334236
2019-05-24,1.135956254167888,1.0647121706624791,1.2361361479198019
2019-05-27,1.137059310513047,1.0644304666479714,1.2364361677629014
2019-05-28,1.1372435280696163,1.0649248719507007,1.2360242725269965
2019-05-29,1.135122820356859,1.0636879647917847,1.2367803352250482
2019-05-30,1.1338341511762835,1.0632349338108371,1.2361106495064116
2019-05-31,1.1314735772018727,1.0634675899018704,1.237343800631557
2019-06-03,1.131437276190449,1.0626384712916501,1.2369604547094821
2019-06-04,1.1313639870966326,1.0628030063577056,1.2380226744695082
2019-06-05,1.1319647014494914,1.0631554674299262,1.2383493494937785
2019-06-06,1.1314369735371106,1.062797343641446,1.2378313698250785
2019-06-07,1.1313715748378483,1.0622504462265878,1.2374124621393594
2019-06-10,1.1307700617667822,1.062980230363244,1.2370828893462853
2019-06-11,1.1312319099802939,1.0620584300317393,1.236839459922744
2019-06-12,1.1310758254110216,1.0622970123368993,1.2384019335602008
2019-06-13,1.130661174721619,1.0627751667754577,1.2389865561936204
2019-06-14,1.1324848218371275,1.0627830659692605,1.239133001389518
2019-06-17,1.1341987733062058,1.0629648008260735,1.238710988227002
2019-06-18,1.132386332537014,1.06356413758931,1.239111652118538
2019-06-19,1.1315131183087155,1.0629121317463688,1.2388163079636927
2019-06-20,1.1359573644731522,1.0625823123075568,1.2391992527832134
2019-06-21,1.1372134613768985,1.0628457173555776,1.2384615185873737
2019-06-24,1.1365992960333546,1.0629306389676567,1.2378759683488774
2019-06-25,1.1371253798641205,1.0622363208153074,1.2377494947232244
2019-06-26,1.1374542580295697,1.062049999572417,1.2390252398326551
2019-06-27,1.1366790929355348,1.0633085541005243,1.238980577590271
2019-06-28,1.1366409229024357,1.0627595727321042,1.2387014497395419
2019-07-01,1.1363034153365905,1.0632836681442597,1.2390714320591207
2019-07-02,1.1356019734346117,1.0628255025780111,1.2386685623146254
2019-07-03,1.1346623165662737,1.0633706702049155,1.2387682455686795
2019-07-04,1.1352321016157945,1.0628944247303307,1.2382024564564689
2019-07-05,1.135016192426501,1.0624310806529325,1.238076446813813
2019-07-08,1.1344771956440798,1.062782944302957,1.2382071081538804
2019-07-09,1.1342350735199287,1.06247148874363,1.2382838949782007
2019-07-10,1.1326780292415446,1.0628127970255827,1.2384537121377217
2019-07-11,1.1314992861116884,1.0623437540661151,1.2386555590914967
2019-07-12,1.130645091011956,1.0627092213026534,1.2381562754030129
2019-07-15,1.1303232518286612,1.0626000246892466,1.2393693044026746
2019-07-16,1.1307626234879227,1.0618185491111243,1.23911729630405
2019-07-17,1.1298070492822792,1.0613854270800371,1.239028858216194
2019-07-18,1.1296125424437247,1.0626710524075413,1.239598287917584
2019-07-19,1.1318927964373233,1.0625295712563418,1.240042274209285
2019-07-22,1.13000561905499,1.060847186097392,1.2385191795669004
2019-07-23,1.1310193937887563,1.061074698471084,1.2384410606376997
2019-07-24,1.1307117251287384,1.0612849279405554,1.2388222958820805
2019-07-25,1.1316804775876494,1.060858109191241,1.2390178938815128
2019-07-26,1.1332825770388995,1.0616439343590722,1.2396641778480406
2019-07-29,1.133304401831816,1.0611721105344316,1.2393962297097647
2019-07-30,1.1339397805016136,1.0607545145679809,1.240236920229716
2019-07-31,1.1362965558812785,1.0603661382246914,1.2395231312082413
2019-08-01,1.1362633202232504,1.0601721432014142,1.2403381467221701
2019-08-02,1.1368995046178465,1.0598537356369404,1.2404158682506783
2019-08-05,1.1378937155508306,1.0601208235439725,1.2408456081904227
2019-08-06,1.138641873751297,1.0593071953369464,1.2394371721936512
2019-08-07,1.138225204717786,1.0593342363322387,1.2402007405908024
2019-08-08,1.137664328701489,1.0591582002018045,1.240653487392269
2019-08-09,1.1388812056752988,1.057818896642974,1.2398638530159758
2019-08-12,1.1385023788103708,1.0583287655705178,1.2396749207233488
2019-08-13,1.1387629095069542,1.0589622106271337,1.2392052946588443
2019-08-14,1.1367255244176437,1.0587564580490985,1.2392054888403945
2019-08-15,1.1373034039691274,1.0583175872457595,1.238832852537736
2019-08-16,1.1340107249274407,1.0586988495157323,1.2388659811238354
2019-08-19,1.133209691875549,1.057796543627428,1.2385500643839786
2019-08-20,1.134320810327671,1.0587746386013437,1.2386205444900757
2019-08-21,1.1340177608794433,1.0602456566947056,1.2386400753891353
2019-08-22,1.1349549345600087,1.0595350944741795,1.238765094281473
2019-08-23,1.1358897645644812,1.0604604915823956,1.2385106900585396
2019-08-26,1.135715202743522,1.0602175148796111,1.2382658800190245
2019-08-27,1.1347024569598636,1.0599086224974166,1.239268058642579
2019-08-28,1.1333137483901932,1.0608377201375496,1.2398867004847283
2019-08-29,1.1297436498661837,1.0609163059904587,1.239480131567544
2019-08-30,1.126736216610454,1.061404559139011,1.2397893684936179
2019-09-02,1.1282266642509868,1.0618883854951329,1.2398223163209605
2019-09-03,1.128681962705276,1.0618512477816389,1.2405335836063045
2019-09-04,1.1281828052600322,1.0614507566268314,1.2399683455842068
2019-09-05,1.1265649209657786,1.0614954834276837,1.2398283074895668
2019-09-06,1.1260338145083395,1.0621440658704249,1.2404243565526574
2019-09-09,1.1261491994282569,1.0615684231058646,1.2403394681547892
2019-09-10,1.1265108927334389,1.0616154709233183,1.240327765933268
2019-09-11,1.1276891648226837,1.0617257367570434,1.2405488603230648
2019-09-12,1.1273415009940084,1.0613519195381336,1.24100578304163
2019-09-13,1.1269683610895125,1.0610653451952392,1.2408986862026545
2019-09-17,1.1280271425685147,1.0607922092937285,1.2411559635645932
2019-09-18,1.1275004534334687,1.0603145891789731,1.2406025131251266
2019-09-19,1.1277701649073322,1.0600708019787035,1.2404913912626911
2019-09-20,1.1254512139180752,1.0605656285635454,1.2409849886755078
2019-09-23,1.1272215870780489,1.0600554659961683,1.2401888637398006
2019-09-24,1.1269994622727988,1.0593435385741667,1.2410551772479856
2019-09-25,1.1267748797312007,1.0590943484042434,1.2412863883543426
2019-09-26,1.1273448765618344,1.0597789239909852,1.2408467281734692
2019-09-27,1.129578537687573,1.0604795254991273,1.2407824036116906
2019-09-30,1.1294125826523493,1.0588435270278385,1.2402480542847496
2019-10-01,1.129243729587282,1.0594951819301164,1.241223470975737
2019-10-02,1.128238609606317,1.0597153423446284,1.2407298500108432
2019-10-03,1.1286041487283156,1.0594007471124889,1.2403514196293453
2019-10-04,1.129169572364128,1.059371650280847,1.2403398342203127
2019-10-07,1.1275034439975353,1.0594951359721736,1.2397374805738415
2019-10-08,1.12689435494159,1.059016949133686,1.240055230507229
2019-10-09,1.127917151000938,1.0590476652925478,1.2405021627335673
2019-10-10,1.1282299865826257,1.059504765753242,1.240235857098845
2019-10-11,1.1266852072023064,1.0593292333189512,1.2403339142691308
2019-10-14,1.1263101003430422,1.0592287079506413,1.2405796809437613
2019-10-15,1.1338593432009194,1.0586094646210955,1.2410596739221977
2019-10-16,1.1354359914359395,1.0588177482350545,1.2412444088373231
2019-10-17,1.137058704899579,1.0584989477424638,1.2412398150803037
2019-10-18,1.140783683415984,1.0581860698788064,1.2412965329823522
2019-10-21,1.144929349307991,1.0574949716680044,1.2414663561280501
2019-10-22,1.144668207762613,1.0573103013704281,1.2427720710992933
2019-10-23,1.1455065874567218,1.057376298932947,1.2421095654689622
2019-10-24,1.154069888015469,1.0564847664966153,1.2420079129709818
2019-10-25,1.1550476596174841,1.0571083030533277,1.2422121413479692
2019-10-28,1.153457722910165,1.057762639743832,1.2413704120760813
2019-10-29,1.1554214141824055,1.057520458693857,1.241135258242366
2019-10-30,1.1556052330824638,1.05763664881284,1.2409672128711002
2019-10-31,1.1571986709633517,1.057600813098895,1.240345486419263
2019-11-01,1.1587851030752734,1.0574794839865835,1.2405427068858454
2019-11-04,1.1593298862572343,1.0571557449101534,1.2407870072611678
2019-11-05,1.157481478485467,1.0569938856229844,1.240334046688973
2019-11-06,1.1582428465284023,1.0563791655941666,1.2401511856314675
2019-11-07,1.157183672569993,1.056970770287576,1.2400884850692582
2019-11-08,1.1588164920451598,1.0573555548501155,1.2396868778653733
2019-11-11,1.1574456167605345,1.0573809584473162,1.240602133881887
2019-11-12,1.1599214865134135,1.0565189790020078,1.2405104053050173
2019-11-13,1.1610809711078875,1.0561070074178946,1.2409389746143782
2019-11-14,1.160712031788044,1.0558786410552128,1.2411844179748517
2019-11-15,1.160040712327257,1.056149119293576,1.2407545971094298
2019-11-19,1.1621389228278094,1.0559865528177284,1.2410122993467607
2019-11-20,1.1634781339104983,1.0556709400896693,1.2417056149111299
2019-11-21,1.161602431011774,1.055659658711034,1.2410364515022558
2019-11-22,1.161331225354441,1.0556709105655486,1.2409702881082814
2019-11-25,1.1633729421563266,1.055861431078235,1.2415201808890222
2019-11-26,1.164014236096863,1.0552876514111642,1.2415837239848815
2019-11-27,1.1632688133042952,1.0545341516458562,1.2414183258826377
2019-11-28,1.1631948531620622,1.0548648761932473,1.2417432981436003
2019-11-29,1.1635738573881715,1.054687942715483,1.2420429468831693
2019-12-02,1.1641441219904431,1.0548825351283093,1.2425548051067716
2019-12-03,1.1648249047833596,1.054989441111245,1.242165003501888
2019-12-04,1.164901554557936,1.054615663086399,1.2423398028698598
2019-12-05,1.1655825331173197,1.0546438148321766,1.241934853727371
2019-12-06,1.1634753790436168,1.054087266562776,1.242117788861989
2019-12-09,1.1629905432297107,1.0543820515477993,1.2424081872886725
2019-12-10,1.1611267120274167,1.0541297675540209,1.2426589506845558
2019-12-11,1.159401224188477,1.0541753959840803,1.2423646451980446
2019-12-13,1.157738441150155,1.0533370814719205,1.2430618970774028
2019-12-16,1.1608273174553911,1.0536342691896334,1.2435010484819093
2019-12-17,1.1597464211796407,1.0535662285861946,1.2437296502107145
2019-12-18,1.1596856193036136,1.053243279659501,1.2434880061382472
2019-12-19,1.160038050313971,1.0537779102309406,1.2434031947486046
2019-12-20,1.1623925375569704,1.053914415107524,1.2433563520171227
2019-12-23,1.1610272531277683,1.053823469061387,1.243099417961735
2019-12-24,1.1605447537511782,1.0539005607590761,1.2433399017310083
2019-12-26,1.1601713548898676,1.0541377602853297,1.2432159599116
2019-12-27,1.1603326084568608,1.054162805082475,1.243798492687561
2019-12-30,1.160676298207967,1.0542184686533298,1.2425047125801678
2019-12-31,1.1589343371462837,1.0548637674918473,1.2426670484348177
2020-01-02,1.1564204677959904,1.0544978795474156,1.2418587621516721
2020-01-03,1.1568554693368989,1.054395916683316,1.2429187106941477
2020-01-06,1.156642732124471,1.0541703489898362,1.2425078584794897
2020-01-07,1.1550109954190397,1.053675929315388,1.2421082218194424
2020-01-08,1.153742497959282,1.052468591348624,1.2426928292491792
2020-01-09,1.15331877051806,1.052523776610091,1.2440122636943567
2020-01-10,1.1542447426430753,1.0515569323274687,1.2439251781877545
2020-01-13,1.1530870624421798,1.051946989444804,1.2440483942639666
2020-01-14,1.1523650394042821,1.0520567213188488,1.2443262191952469
2020-01-15,1.1517837286302415,1.052147834566619,1.2444258065369078
2020-01-16,1.1499302978444532,1.0524864782280048,1.2448147755575616
2020-01-17,1.149473171779302,1.0518968305302407,1.244831973843212
2020-01-20,1.1515187344550806,1.0513859611837078,1.2448221312125123
2020-01-21,1.152968536452643,1.0523219888947917,1.2452199238566357
2020-01-22,1.1552590688369613,1.0523282713471798,1.2452628612814498
2020-01-23,1.157435487913698,1.0516896675758467,1.244609054811379
2020-01-24,1.1549281689165305,1.0503783324643625,1.244398154915361
2020-01-27,1.1509746699688206,1.0504761066848778,1.2447546763777035
2020-01-28,1.1518814171267155,1.050983533551426,1.245071983794659
2020-01-29,1.1515706758948252,1.0511379699421353,1.2452642641957643
2020-01-30,1.1520638718049483,1.0506516029056663,1.2451251347795698
2020-01-31,1.1520646738140576,1.050939480614004,1.245160510071461
2020-02-04,1.1492887285502977,1.0508872926148471,1.2449013112133704
2020-02-05,1.147789820018763,1.0504255913083071,1.2445564954137958
2020-02-06,1.1474116017728875,1.0507678903038729,1.2452219106985802
2020-02-07,1.14815459950265,1.0519901933910856,1.2453807811977982
2020-02-10,1.1483408110348197,1.051897322953895,1.244835159699817
2020-02-11,1.145674564384115,1.0513308217383714,1.2456338307270978
2020-02-12,1.1454897987144252,1.0512386938885903,1.2450528343429594
2020-02-13,1.1454272134753551,1.050850490094246,1.245287426576156
2020-02-14,1.1457451803319163,1.0508018591402768,1.245648693897783
2020-02-17,1.145547469891689,1.0507188177143627,1.2454470813379017
2020-02-18,1.1463572520207082,1.050297990719586,1.2461514725747427
2020-02-19,1.1460476782048101,1.0504043759843076,1.2460407660470167
2020-02-20,1.1482265039165174,1.0506062657524593,1.2467706538360215
2020-02-21,1.1489070803284116,1.0506303379947548,1.246504491512162
2020-02-24,1.1465764793500086,1.0500633531651218,1.2464508914514112
2020-02-25,1.1448748342700976,1.0508544832220021,1.2468040396438453
2020-02-26,1.14549184008254,1.0502524792974404,1.2467038713846528
2020-02-27,1.1399699800928367,1.0514584109060041,1.2466058786126923
2020-02-28,1.1444684317389178,1.0504662587522562,1.2468820019384945
2020-03-02,1.1433912069030512,1.0496207326573253,1.246562239966108
2020-03-03,1.1461403856664003,1.0499983081069952,1.246679119660318
2020-03-04,1.1437833906377972,1.0494135517587877,1.246981848635461
2020-03-05,1.1439802013874352,1.0491229286886583,1.246694829153174
2020-03-06,1.1404003458641065,1.0493601238038548,1.2465854709233701
2020-03-09,1.1321569950110097,1.0499705809767956,1.2466813494240776
2020-03-10,1.127955593731764,1.0493640066529653,1.2463874732451197
2020-03-11,1.1233512673475152,1.0499833522850681,1.2466925780832745
2020-03-12,1.118704814550208,1.0506500783466461,1.2467958321421309
2020-03-13,1.1167054998561752,1.0504885302641815,1.247334125452227
2020-03-17,1.115793698539945,1.0505288104074109,1.247680837571509
2020-03-18,1.1101380818213407,1.0499029524955332,1.247521735037522
2020-03-19,1.1096161133520965,1.0498105623178535,1.2469579873553918
2020-03-20,1.1113788567434686,1.0510736458098038,1.2471673868146216
2020-03-23,1.1087580788251807,1.0502866706229383,1.2470067124012394
2020-03-24,1.1045296780113376,1.050221097098228,1.2477495802338459
2020-03-25,1.104385311737782,1.0496830595879494,1.2477125669961215
2020-03-26,1.1046671817491185,1.0488624438132654,1.248106349757394
2020-03-27,1.0982028380242705,1.0487752251913045,1.2471774560546154
2020-03-30,1.1008239568564608,1.0489329691413896,1.248397407295947
2020-03-31,1.1008302766281044,1.0493539137164185,1.2485185782664099
2020-04-01,1.0993967440288674,1.0499045194522734,1.248196310981435
2020-04-02,1.0998512204533333,1.0499820733056655,1.248000489659391
2020-04-03,1.0995056843292368,1.050370608337317,1.2482751185386876
2020-04-06,1.0954431655583845,1.050596129903255,1.2476084391141165
2020-04-07,1.0961900201269568,1.050136396064898,1.2470466688976964
2020-04-08,1.0960114762338335,1.0502330852372876,1.2474833358694637
2020-04-13,1.0959803181111905,1.0491537135622646,1.2478187878028617
2020-04-14,1.0960126355488096,1.0504424428135337,1.2476744369865582
2020-04-15,1.0937903874931134,1.049831843172627,1.2475054304129782
2020-04-16,1.0944967423496095,1.0496900451250435,1.2482197821003582
2020-04-17,1.0911609057225353,1.0506416745011697,1.2491134699164153
2020-04-20,1.090550436073875,1.0504877721165964,1.2493209175157296
2020-04-21,1.0887034689073722,1.0510973082411152,1.248522826751508
2020-04-22,1.0873482814763986,1.050263732425245,1.2487526978597427
2020-04-23,1.0881371966248223,1.0495401144143113,1.2486742516511429
2020-04-24,1.0885789965263155,1.0487497870648654,1.2482107305856935
2020-04-27,1.0890372076347716,1.0490267563617133,1.2477051638634906
2020-04-28,1.0879949696104165,1.0487838569629193,1.2479541358867416
2020-04-29,1.0846284490804532,1.0487152703625495,1.2484514462367093
2020-04-30,1.0831163728849917,1.0486246583638343,1.2489019703350344
2020-05-04,1.0838674215541608,1.048763762073781,1.248704520093359
2020-05-05,1.0825801900581897,1.0497559573649318,1.249283472883627
2020-05-06,1.0838755340111672,1.0490654947642937,1.2485444849467149
2020-05-07,1.086276547266409,1.0491859356299615,1.2484128130150651
2020-05-08,1.0844900486140354,1.049151015525805,1.2476657115388612
2020-05-11,1.0846204689771266,1.0478084955136233,1.248334961490892
2020-05-12,1.0853799428454514,1.0480420199766813,1.248099983325533
2020-05-13,1.0833091136371198,1.048211107947982,1.2480288726684319
2020-05-14,1.0843718304639576,1.0484722395011024,1.2480217580131
2020-05-15,1.084848254809926,1.047793365074601,1.2480630336689755
2020-05-18,1.0803733332165701,1.0479064166580307,1.2487987035641377
2020-05-19,1.0768514333168298,1.0474606758235057,1.2472748096193607
2020-05-20,1.0774216244865626,1.0465171174451053,1.2482837562210536
2020-05-21,1.0761579128137209,1.0472750033451743,1.24758743830408
2020-05-22,1.0771715391177554,1.0478748345159812,1.2473965222158798
2020-05-25,1.0778279554491528,1.047704315511087,1.2473612476252491
2020-05-26,1.0780376898278343,1.047866428968758,1.2467146756933727
2020-05-27,1.0754178015522389,1.0471046865652478,1.248518817639374
2020-05-28,1.0744459360357843,1.0480009880815573,1.247754129089331
2020-05-29,1.0743945791680454,1.0467409013717344,1.2486342111235667
2020-06-01,1.0752916016769052,1.0475486748463105,1.2478536481615237
2020-06-02,1.0732015144735971,1.0478128486763816,1.2479376700905254
2020-06-03,1.0707070001022623,1.0482101189163893,1.2480125490840892
2020-06-04,1.0726010013684266,1.0472535851121705,1.2483664272151482
2020-06-05,1.0682438998910662,1.0472339913860893,1.2487548125139665
2020-06-08,1.0643936732794697,1.046665424742285,1.2485947927884047
2020-06-09,1.0617874845500606,1.046495819290091,1.2494298603084542
2020-06-10,1.0610710365575675,1.0455982890541742,1.2494360032011922
2020-06-11,1.0565486460026872,1.0448976539862038,1.249158776823036
2020-06-12,1.0547355597058317,1.0456365405488297,1.2491156598273814
2020-06-15,1.0566043554039466,1.0467267488498506,1.2485084586249735
2020-06-16,1.0555720908784039,1.0457582248950459,1.2487327318191328
2020-06-17,1.054640645690647,1.0458912873705928,1.2483690890029313
2020-06-18,1.0537810142674544,1.0458459843683177,1.2485581693213537
2020-06-19,1.0528695483800996,1.0458811997462272,1.248919240369862
2020-06-22,1.0526501146568488,1.0457762982629262,1.248981364766462
2020-06-23,1.0539094810327088,1.0468642598313413,1.249716567511229
2020-06-24,1.0525621074168492,1.045455262139908,1.2493526882704584
2020-06-25,1.0525238998235233,1.0450261805288674,1.249928985051832
2020-06-26,1.0524361636257786,1.0449079830942956,1.2506311199889801
2020-06-29,1.0523518292058112,1.0447646654374492,1.2505660254097937
2020-06-30,1.0527391017320324,1.0448378385531658,1.2502409771153102
2020-07-01,1.054392045403501,1.0456755574705168,1.2505043160405147
2020-07-02,1.0559982938564882,1.04583416556416,1.2512154638047979
2020-07-03,1.055621619148511,1.0443283230816234,1.2514604162512197
2020-07-06,1.0572621217896065,1.04415767655803,1.2510461505734196
2020-07-07,1.058377014312473,1.0443666361665793,1.2515051159899426
2020-07-08,1.0592288241524783,1.044373834813931,1.2512525784966995
2020-07-09,1.0558160946813655,1.0441112380032767,1.2513337674525886
2020-07-10,1.0546551293308972,1.0440145251811097,1.2504101845469526
2020-07-13,1.055730751536973,1.043998722388917,1.250247850815012
2020-07-14,1.0550763095630937,1.043383845144948,1.249220430045481
2020-07-15,1.0557325827103954,1.0429670304046568,1.2495918797309893
2020-07-16,1.0575865674083331,1.0440777945038955,1.2503386870281101
2020-07-17,1.0572640241073823,1.0434312976499065,1.2497527949289
2020-07-20,1.0590887205827493,1.0447836611917467,1.2501234395244947
2020-07-21,1.0587060410131275,1.0438559725020908,1.2501533144601757
2020-07-22,1.0595466045206923,1.0441500924647293,1.2497435498806058
2020-07-23,1.0592330381364132,1.0444256016848101,1.2498353133125344
2020-07-24,1.0597153655864437,1.0437662893664885,1.2503557141490613
2020-07-27,1.062165668416087,1.0446163394090708,1.2504537861345721
2020-07-28,1.0652825693153485,1.043488206651713,1.2500360883447579
2020-07-29,1.067999679029695,1.0426289424499517,1.2506175081319975
2020-07-30,1.0664363596519,1.042418953113361,1.2499836548731345
2020-07-31,1.0693065040889422,1.0422418872815502,1.2500453618908223
2020-08-03,1.0700331243990535,1.042361526607251,1.2498605668546623
2020-08-04,1.0711312535007729,1.042120039070999,1.249659219424729
2020-08-05,1.070995564178102,1.0428252386692238,1.250781218866074
2020-08-06,1.0701441688025868,1.0423013190761143,1.250836314878423
2020-08-07,1.0706118229500483,1.0421805104093382,1.2507111309534065
2020-08-10,1.0707894977469552,1.0429402858096097,1.2510172681615015
2020-08-11,1.0702932267831358,1.0425358261831283,1.2515085144770175
2020-08-12,1.0698545490231366,1.0424762881653282,1.2516957341384307
2020-08-13,1.0732143977690318,1.0426111149367914,1.2520951636534416
2020-08-14,1.0746754442979283,1.0428614579440991,1.2523538043009663
2020-08-17,1.0751485033002888,1.0424871882898181,1.2531288615673792
2020-08-18,1.0764813500574972,1.0418697844187852,1.2534861885966264
2020-08-19,1.0767225232897903,1.0418598593623607,1.253446644177985
2020-08-20,1.0781552978023454,1.0408233243245635,1.2535633569011977
2020-08-21,1.0762489029663405,1.0404654186562106,1.2526846018154922
2020-08-24,1.0758483206392737,1.0415907329089595,1.2531185320950298
2020-08-25,1.076096439638872,1.0409708188822315,1.253127568212059
2020-08-26,1.0744247930380728,1.0421842168375424,1.253731639938181
2020-08-27,1.073479515677273,1.0419938197602356,1.2535989199510682
2020-08-28,1.0739583914871567,1.041243614037385,1.2530581256713025
2020-08-31,1.0701992811176824,1.0412920206518632,1.253688662251847
2020-09-01,1.0683821973449135,1.0412099267580368,1.2540814460475558
2020-09-02,1.0672415704813738,1.040331331788114,1.2532845026995358
2020-09-03,1.0674157206133605,1.040448637622426,1.2542834931981408
2020-09-04,1.0664372463459397,1.0400508243217097,1.2549487291921355
2020-09-07,1.0664184440806646,1.0398764130982303,1.2544186503652832
2020-09-08,1.0664302612692955,1.04035940219401,1.2545035228262922
2020-09-09,1.066077031170588,1.0399318427462034,1.2539239696901987
2020-09-10,1.0666378299381984,1.0398645588376911,1.2546228613901473
2020-09-11,1.0662091700801515,1.0390901045618575,1.2543788877491149
2020-09-14,1.066014500432524,1.039503598864398,1.2535461699752601
2020-09-15,1.0659207991594906,1.0397829029507955,1.2547908754843722
2020-09-17,1.0665983409172903,1.0397656966700657,1.254909209955534
2020-09-18,1.0687359801236942,1.0401511573367457,1.2551271632764092
2020-09-21,1.0678804538122892,1.0404233532217282,1.2554648500496257
2020-09-22,1.0683747951003388,1.0399120716177495,1.2553249110894478
2020-09-23,1.0685405023310568,1.0403166353583044,1.2554183170114004
2020-09-24,1.0682036318863914,1.0403377259344402,1.2558360234047417
2020-09-25,1.0693276812305341,1.040884482830526,1.25578280926764
2020-09-28,1.06713720920732,1.0397286327926845,1.2546737001437895
2020-09-29,1.0670757476797714,1.0398974755014556,1.2553160475092102
2020-09-30,1.06588490069419,1.0402158998861317,1.2557942149340613
2020-10-01,1.0660827280254228,1.0400037093866816,1.2552882817231785
2020-10-02,1.0668777758589065,1.0403720348717376,1.2552412940410282
2020-10-05,1.067966262199691,1.0402329165703736,1.2553025290692372
2020-10-06,1.0683412454322618,1.0403178316639885,1.255943684912229
2020-10-07,1.0665647950122135,1.0401670717928058,1.2556426193400896
2020-10-08,1.0635751482234086,1.0410762177250497,1.2571597990997114
2020-10-09,1.0626837775003362,1.040548757610916,1.2576286370286454
2020-10-12,1.0636462300149387,1.0397152534679655,1.2572727855784653
2020-10-13,1.0638432824105708,1.0404095844171266,1.2574710968216156
2020-10-14,1.0644481766069844,1.0397441951538298,1.257106551357711
2020-10-15,1.0650705180105575,1.0395225717968177,1.2571428636859348
2020-10-16,1.0655669616140255,1.0394367846709756,1.2564263694777544
2020-10-19,1.0651360864161115,1.0393219402435332,1.2573956231881274
2020-10-20,1.0658439436797684,1.039950872124821,1.2570995312551136
2020-10-21,1.0657930822902228,1.0403605234459747,1.2575499805278338
2020-10-22,1.0666497192150024,1.0403020018645142,1.2577794495690535
2020-10-23,1.0692047621107348,1.0398975156375454,1.2578236831988583
2020-10-26,1.0681826581417195,1.0391483267529262,1.258797726279494
2020-10-27,1.068942197665658,1.0389214360742969,1.2586411198514313
2020-10-28,1.0671679975206005,1.0384363180160177,1.2594229344699077
2020-10-29,1.06622635071934,1.0395404887387407,1.2587295026609302
2020-10-30,1.0685408348426937,1.0393486258560083,1.2596539446992137
2020-11-03,1.0679845461640192,1.0391951895758,1.2605962301904012
2020-11-04,1.0673382904281408,1.0387757345101694,1.2603434984324038
2020-11-05,1.0649344300437011,1.0385481642012633,1.2589849310233252
2020-11-06,1.0654449083097042,1.039103620704216,1.2593809969133747
2020-11-09,1.0648088346240252,1.039771282219736,1.259200710500638
2020-11-10,1.0652044348004872,1.039574538791699,1.2592924854123806
2020-11-11,1.0650336248450178,1.0400780647298125,1.2587454822613295
2020-11-12,1.0651090752939647,1.0394533908553962,1.2587710012535274
2020-11-13,1.0651258932434942,1.040101534427535,1.2591393281500787
2020-11-17,1.064489244774182,1.0400060297873495,1.2588558495436755
2020-11-18,1.0650222823080329,1.040208971005659,1.258929557060635
2020-11-19,1.064348597601653,1.0403072885766542,1.258665340923639
2020-11-20,1.0646998272220707,1.0400028679379585,1.258739601489014
2020-11-23,1.0649470871760858,1.0404364601148834,1.2590890855957713
2020-11-24,1.0643733177976755,1.0403916945564113,1.2592521117713302
2020-11-25,1.0649344435483545,1.0407393245861927,1.2589936615294746
2020-11-26,1.0661286389350824,1.0411784961816655,1.2592375722301477
2020-11-27,1.0674468092213738,1.0410859774262404,1.258556554376854
2020-11-30,1.0677376774861187,1.0406243033036342,1.2589664696425933
2020-12-01,1.0659268867941292,1.0401378745755683,1.2588140340571925
2020-12-02,1.0662413188571023,1.0393186532951812,1.2589324121656933
2020-12-03,1.0660423710744475,1.0391665114495225,1.2590950226034447
2020-12-04,1.0662929832268324,1.0383386211686347,1.2597769835856318
2020-12-07,1.0663342104211804,1.0384952166469539,1.2581615482350421
2020-12-08,1.0665871302633696,1.038130550213476,1.2584023582027726
2020-12-09,1.0667849486092678,1.0380069563344811,1.2580042802751326
2020-12-10,1.0659871361854065,1.0378670725888035,1.2587713112711367
2020-12-11,1.0664465699389305,1.038901798186018,1.2583963246393604
2020-12-14,1.0667830500677202,1.0378162350492,1.2585855255356488
2020-12-15,1.0687317234024831,1.037651079512,1.25829532970167
2020-12-16,1.0688045443859058,1.0385931694268076,1.2568028290975766
2020-12-17,1.0690993475294426,1.037757736863046,1.2575700633015245
2020-12-18,1.0697881296840883,1.0366590123726445,1.2572882054887726
2020-12-21,1.0691461987967188,1.036782204768074,1.2579213699681657
2020-12-22,1.0677241025172686,1.036424774872724,1.2561535146547669
2020-12-23,1.0645207308405824,1.036501912778152,1.2560448763707415
2020-12-24,1.0658042666610663,1.0358723158595369,1.2566785718286246
2020-12-28,1.0651866663645242,1.0365021720342822,1.2569607958862343
2020-12-29,1.063241191821047,1.0358670336209983,1.2573756590473737
2020-12-30,1.064849336049425,1.0364913915452338,1.257347312170707
2020-12-31,1.0653864926458692,1.0358168979792421,1.2576102140517629
2021-01-04,1.065176885659835,1.035802120834003,1.257750738160741
2021-01-05,1.0644198903155913,1.0355640326248234,1.2582269218195643
2021-01-06,1.0639090942910576,1.035932720646366,1.2584503345422262
2021-01-07,1.0625632523470763,1.0354332528072105,1.2575619309257098
2021-01-08,1.0644686658330866,1.0356078162275044,1.2585799558450093
2021-01-11,1.0667273881985488,1.035575613602336,1.2579485218003705
2021-01-12,1.066975207956518,1.0357408378108357,1.2587511371946574
2021-01-13,1.0669289345987976,1.035685652727371,1.25796617991718
2021-01-14,1.066979278340473,1.0360612879161277,1.2579232670267517
2021-01-15,1.0671428221763049,1.0354570540183716,1.257883757469741
2021-01-18,1.0680564632552798,1.035892419399753,1.257274866681437
2021-01-19,1.0677766629385497,1.0362106085887617,1.2565682997728156
2021-01-20,1.0689184244393686,1.035567435701733,1.2580182499768802
2021-01-21,1.0682808880648174,1.0346209568010785,1.2577684678817385
2021-01-22,1.067990271194276,1.0346743766139903,1.2567716857589506
2021-01-25,1.0690555468421952,1.0342175935153621,1.2579721836464794
2021-01-26,1.0693849217134648,1.0345453394268807,1.2582455932619623
2021-01-27,1.068949382650303,1.0342117328956015,1.2581439976532294
2021-01-28,1.068939495851125,1.034383582067855,1.2588342930517789
2021-01-29,1.0662595790313079,1.0343887010352826,1.2587670927341068
2021-02-02,1.0651085446970552,1.0338887836303687,1.2591791642205192
2021-02-03,1.065230073189707,1.0347886375699864,1.2594401695602366
2021-02-04,1.0653449643948114,1.0352524073867684,1.259335040028571
2021-02-05,1.0652169293275786,1.034782578474595,1.2596124864999754
2021-02-08,1.0674058314575614,1.0345711350492586,1.2592358367345335
2021-02-09,1.069032262047028,1.034651065710783,1.2589693203793082
2021-02-10,1.0689685809050193,1.033794013273731,1.2594964932526438
2021-02-11,1.0711174834092059,1.033552062505954,1.2602198691834512
2021-02-12,1.0696616935759302,1.0336706539338532,1.260192570519553
2021-02-15,1.0705455880215289,1.034168599118374,1.2608577375196415
2021-02-16,1.068710250124818,1.0339873233413148,1.2604047722953564
2021-02-17,1.070599119899184,1.0332688620583137,1.2602909783367842
2021-02-18,1.0722060315979909,1.0337785964287254,1.2609983509098217
2021-02-19,1.0770836286746213,1.0341622559927002,1.2620558666933461
2021-02-22,1.0832189315736862,1.033631354766017,1.2618707651149232
2021-02-23,1.0846007318800073,1.0331108200807333,1.261615059937336
2021-02-24,1.0880703331529822,1.032606407702276,1.2617625474256329
2021-02-25,1.0917209601316078,1.0326635114540343,1.2624979154915619
2021-02-26,1.0927032204162508,1.0327398904820904,1.2614671225354717
2021-03-01,1.092621616526296,1.032963829371417,1.2609503314534847
2021-03-02,1.0958710904950453,1.033062039528017,1.2612252823421446
2021-03-03,1.095512501733433,1.03149227148249,1.260953390909306
2021-03-04,1.0955962895776974,1.0313706626466745,1.2611783662500462
2021-03-05,1.099276708080304,1.0315000329624693,1.2599526959599676
2021-03-08,1.1027061961384055,1.0316207143809943,1.2604375010252868
2021-03-09,1.1055498871808134,1.031228383070754,1.2606082646976813
2021-03-10,1.1025943551659578,1.0316421404615828,1.2597887346420373
2021-03-11,1.1085788826810736,1.0315808903521089,1.2610644692479265
2021-03-12,1.1086374471304437,1.032165204672628,1.2608831561935772
2021-03-16,1.107153291144782,1.0319507305552182,1.260045465315311
2021-03-17,1.1074750648424772,1.032401701419829,1.2607869439045443
2021-03-18,1.1072291100164366,1.0335550957636321,1.2614797272197849
2021-03-19,1.1082787722726868,1.032640056177581,1.2618362064776738
2021-03-22,1.1102553057713553,1.033285030758143,1.2619589422078266
2021-03-23,1.1086297552268354,1.031570735974263,1.26137491474147
2021-03-24,1.109119545281579,1.0316075154720616,1.2603401913367307
2021-03-25,1.1084905736375197,1.0320058479605434,1.259843973074072
2021-03-26,1.1102256708565978,1.0317055698793705,1.2601477749086332
2021-03-29,1.1110519918373967,1.0318683597024678,1.259786652073147
2021-03-30,1.1104779422234725,1.0321035177307107,1.2605904595082418
2021-03-31,1.1117071255128137,1.0323561490058835,1.2604567465354661
2021-04-05,1.111326874780361,1.0317900739761743,1.2607663007895349
2021-04-06,1.1121089325338254,1.030960738709004,1.2606605506886817
2021-04-07,1.1114170918494306,1.0313904744856108,1.2611118830666603
2021-04-08,1.1109427779172811,1.03219416199669,1.2620812423544443
2021-04-09,1.1100601652934876,1.0308793388313724,1.2611606776311588
2021-04-12,1.109922918764731,1.0312847616800371,1.2610115697029376
2021-04-13,1.1101373691307947,1.0310954818687994,1.261726100476143
2021-04-14,1.1126803227673374,1.0319534768556675,1.262516898181372
2021-04-15,1.1121870789452521,1.0319682877835987,1.2626818983445511
2021-04-16,1.1119351971145957,1.031601881578612,1.262217958267657
2021-04-19,1.1113063734981974,1.0322632043462476,1.2621553591168027
2021-04-20,1.1100978906558063,1.0315738368111094,1.2612880488554417
2021-04-21,1.1087590639024618,1.0315095863152677,1.2606485383901949
2021-04-22,1.1098369120675944,1.0313635152648002,1.2621084660062352
2021-04-23,1.109307356020744,1.0314293797152614,1.2619902262904004
2021-04-26,1.1077910965489843,1.0306111407928324,1.2628236849847685
2021-04-27,1.1110540620969245,1.030450889417202,1.263476425362494
2021-04-28,1.1110929891576413,1.0318984831019669,1.26197829480568
2021-04-29,1.1114616063826808,1.0321100991112735,1.2619193582051296
2021-04-30,1.1123888018527113,1.030896865532366,1.2621913986488043
2021-05-03,1.115613138815561,1.0306662923287342,1.2635932835104504
2021-05-04,1.1151153695738338,1.0305865654477215,1.2640196099577605
2021-05-05,1.1161000933004854,1.030377843165839,1.2630896270260332
2021-05-06,1.115683319825653,1.0305265127850736,1.2623724804820113
2021-05-07,1.1152789764216453,1.0302542606531215,1.262506384121956
2021-05-10,1.115210330756528,1.030460110599001,1.2624375150481408
2021-05-11,1.1161640977490201,1.030082623461986,1.262901462539103
2021-05-12,1.115970521870664,1.0296143054264943,1.262886593260264
2021-05-13,1.1157084671647508,1.0298249242551591,1.2612727593066464
2021-05-14,1.1165162305173986,1.0301242551895147,1.2612134055999775
2021-05-17,1.1182571145343427,1.0298239111343392,1.2607166242367465
2021-05-18,1.1200231087305172,1.0311376623358726,1.2600554290600383
2021-05-19,1.1189034087429441,1.0315813386751778,1.2609966749068557
2021-05-20,1.1210418143643874,1.0309211528441427,1.2607930522463195
2021-05-21,1.1242908162992171,1.0313734286724892,1.2608181649940002
2021-05-24,1.1270072040764811,1.031052598378358,1.261932215047354
2021-05-25,1.1269959984560116,1.0307858726643213,1.262114620819116
2021-05-26,1.1326912150106063,1.0310911659839261,1.261363437241354
2021-05-27,1.1348444064887895,1.0313487413333835,1.2618405971411297
2021-05-28,1.1333218560590648,1.0317358532252736,1.2611902389410174
2021-05-31,1.1324083259663362,1.0317768470952329,1.2611707986052714
2021-06-01,1.1329052917908402,1.0321371913053237,1.2604275393756803
2021-06-02,1.1341370414996006,1.0322195280390591,1.2611020623567
2021-06-03,1.134819277758289,1.0328231688393938,1.2611073303673883
2021-06-04,1.1350801115974252,1.0324675296866572,1.261700674055592
2021-06-07,1.1322365369088006,1.0317504876825883,1.2612296941468295
2021-06-08,1.1342600147417077,1.031491472288858,1.2614751248538838
2021-06-09,1.1339445688837038,1.0315875583024803,1.2608760048984344
2021-06-10,1.1343777972220144,1.0311770775656075,1.2620491912172351
2021-06-11,1.1350979495553568,1.0320346995202305,1.2624952535158234
2021-06-14,1.1340309449629196,1.031726872697094,1.262489663151295
2021-06-15,1.134198141686031,1.0317004806400163,1.2613425177096658
2021-06-16,1.1337860851256798,1.0317350353546837,1.2621084305246248
2021-06-17,1.133365791434925,1.031009331025327,1.2616922168154328
2021-06-18,1.1335053305173752,1.0310948715508712,1.26206832977776
2021-06-21,1.1325657922144727,1.0306521518662635,1.2611024178207821
2021-06-22,1.132111199304825,1.0296027374309196,1.2618511171719997
2021-06-23,1.1340738354700755,1.0299028191221147,1.260353588672186
2021-06-24,1.1347698635458205,1.0293897526377738,1.2609642716888645
2021-06-25,1.134925467264817,1.0297489221792837,1.2612051327799438
2021-06-28,1.1341312506265246,1.0299601269346692,1.2617162433500693
2021-06-29,1.1354923430865356,1.0308828720116188,1.262078685120289
2021-06-30,1.1341746382785156,1.0293294782795164,1.2618447053884034
2021-07-01,1.1347412109867514,1.0290658446735257,1.2621401996546284
2021-07-02,1.1356726300918114,1.0298563709292599,1.2609134597589755
2021-07-05,1.135617250156537,1.0303437740768224,1.2608647491119545
2021-07-06,1.1358495359800456,1.0309430386039606,1.261072112470094
2021-07-07,1.1358481613246727,1.030185778286424,1.261180785961829
2021-07-08,1.1365644375809614,1.0301343288859965,1.2610043870852994
2021-07-09,1.1360605434408895,1.0302068564149653,1.2609182389203912
2021-07-12,1.1352189886612378,1.0302573753700563,1.2621976640553303
2021-07-13,1.1337280573004906,1.0299978639256222,1.2621896240942434
2021-07-14,1.1347684706109484,1.0304934809699438,1.2614580992120226
2021-07-15,1.133940903088061,1.0299565149815988,1.2624109814068907
2021-07-16,1.1329390797471317,1.0305099970225822,1.261641710215809
2021-07-19,1.1285416196529166,1.0305023150383252,1.2620681710954476
2021-07-20,1.1285206541796502,1.0290495019389299,1.261108977853951
2021-07-21,1.1273221032629872,1.0303154261313132,1.2613922666187412
2021-07-22,1.126924686888564,1.0303294352579138,1.2616756409366974
2021-07-23,1.1258462021524833,1.0305663525463649,1.2621330537929285
2021-07-26,1.1261863903339402,1.0303115997521881,1.2611099206030343
2021-07-27,1.126000816423475,1.0301266561792712,1.2612369491550053
2021-07-28,1.125867733971136,1.029231103652134,1.261264090637297
2021-07-29,1.1270622489919935,1.0295984040027648,1.2615840939311467
2021-07-30,1.1266765335633084,1.029399515926734,1.2616536003371435
2021-08-02,1.1257543112187385,1.0284139351859216,1.2613390156650652
2021-08-03,1.1252464378640674,1.0277648721350643,1.2615198648451846
2021-08-04,1.1255748722194119,1.028412116366122,1.261990887183137
2021-08-05,1.1271365831945062,1.027871922353536,1.2617233766856177
2021-08-06,1.1260349600017092,1.027738999101675,1.2617829739185373
2021-08-09,1.1255837635410084,1.0267206545176295,1.2610888585179072
2021-08-10,1.1278264440486598,1.0273336377755375,1.261186095720527
2021-08-11,1.1274041928434912,1.0273298170370435,1.2609902914304818
2021-08-12,1.127093072062317,1.027301978293445,1.262415317183705
2021-08-13,1.1304478874221375,1.0275663292199666,1.2613094644773977
2021-08-16,1.1328178544708825,1.0277082634763566,1.2625453671996496
2021-08-17,1.1354558930956433,1.0271587056920752,1.2619020839067914
2021-08-18,1.1380604298677006,1.0262391471500565,1.2625149727312406
2021-08-19,1.135631052131499,1.0261488807347268,1.2622122372259106
2021-08-20,1.1353997289550026,1.0261610628735667,1.2629193126447344
2021-08-23,1.135598808073817,1.0261031442711106,1.2621076448413
2021-08-24,1.1361263648415854,1.0257670543068251,1.2618883727427352
2021-08-25,1.136400357734206,1.0262562442275138,1.2618322385740275
2021-08-26,1.1356021926312263,1.0250811063414298,1.2615330048006714
2021-08-27,1.1348859077423175,1.0259990680384041,1.2615919157135915
2021-08-30,1.1346928465560662,1.0258581272539176,1.2616833813024468
2021-08-31,1.134083989531378,1.0260894282573805,1.262365339899076
2021-09-01,1.134432691694717,1.0264249471248446,1.2616596746024373
2021-09-02,1.1366417085639782,1.0267473764019237,1.2615715409783428
2021-09-03,1.1357688919139481,1.0266704902714532,1.2615253900413363
2021-09-06,1.1349915588796617,1.0270030623958581,1.2613939712518216
2021-09-07,1.1353336041537925,1.025854452832762,1.261786659715138
2021-09-08,1.134093186402244,1.0263778621796247,1.2619510010080968
2021-09-09,1.1359272919140924,1.0263045167523615,1.2616517353159862
2021-09-10,1.1361203949614136,1.0261876322567578,1.2617236035846042
2021-09-13,1.1370506906600868,1.0262506615766052,1.2601739375484882
2021-09-14,1.138840346270954,1.0266694621538008,1.2601783769561772
2021-09-15,1.13806489859141,1.0267008366084298,1.2595572881621075
2021-09-17,1.137045729202749,1.0275981116047794,1.260718180856847
2021-09-20,1.133791622547857,1.026749626186776,1.2607471079399724
2021-09-21,1.134983780811184,1.026291882769801,1.2609783597764297
2021-09-22,1.1368137772925464,1.0271061655934979,1.2608581546279822
2021-09-23,1.1371215652901299,1.0267948939363762,1.261091120675283
2021-09-24,1.1363156897426019,1.0271302277575822,1.2607009648582554
2021-09-27,1.1369646457482658,1.027201387853798,1.2609441273008841
2021-09-28,1.135820569648699,1.0270349820156137,1.2606188022899765
2021-09-29,1.1355965139233826,1.026812583502286,1.2603813179968406
2021-09-30,1.1364361747299663,1.0280135442908076,1.2606030868673956
2021-10-01,1.1369470637634118,1.027724291534168,1.261460682804108
2021-10-04,1.1372202273946155,1.0278313786801112,1.2618502047952966
2021-10-05,1.1363096089487597,1.028068931738074,1.2628618906635796
2021-10-06,1.136414097081439,1.0275122951956015,1.2627156184674846
2021-10-07,1.137166289142452,1.028930470096432,1.262676586765589
2021-10-08,1.1372111989209368,1.027470017201473,1.2628690365610065
2021-10-11,1.1386810954191813,1.0279465479972816,1.2627655117745498
2021-10-12,1.1424803166060908,1.0274143063699153,1.262946128969644
2021-10-13,1.1442175525799145,1.0272114370678467,1.2629022787081348
2021-10-14,1.1445433072408937,1.026713402485877,1.2638421048120725
2021-10-15,1.1423808381610374,1.027566983148085,1.2633571811691071
2021-10-18,1.14339380164188,1.0278034399079268,1.2631207132691318
2021-10-19,1.1466355766796699,1.0273499090817937,1.2631113714439672
2021-10-20,1.1460369985315255,1.026450599968447,1.2624002100859457
2021-10-21,1.1475547195111704,1.0268562335471985,1.2626127874220536
2021-10-22,1.1475161826309417,1.0265915969984025,1.2628139708443193
2021-10-25,1.1480788483814455,1.0270745559932855,1.2626989868143155
2021-10-26,1.1493827892280502,1.0266163255495337,1.2630176411000003
2021-10-27,1.15064056515506,1.0270884770043942,1.262745209689811
2021-10-28,1.1507415288794138,1.0277292432046754,1.2637561120127596
2021-10-29,1.1506294857710089,1.0272105286957829,1.2624102305161453
2021-11-01,1.151113136293579,1.0259911895520923,1.2631515782185776
2021-11-03,1.150821747583914,1.0280237315002931,1.263070164940931
2021-11-04,1.1518511221573493,1.0278790572334668,1.262849537886419
2021-11-05,1.1535637515012152,1.0266177093646984,1.263344203635405
2021-11-08,1.152125335833711,1.026442548415774,1.2631230427503293
2021-11-09,1.1508028722146595,1.026199562936236,1.2641445379039482
2021-11-10,1.1516746462555272,1.0254795080772454,1.2640996457027518
2021-11-11,1.1521998550311203,1.0249061167680154,1.2642242956120688
2021-11-12,1.1540547291357197,1.0252800519962562,1.2643670180559021
2021-11-16,1.155214472521435,1.0254989775500207,1.2640290786133255
2021-11-17,1.1567380690179632,1.0265047851603142,1.2640369478281626
2021-11-18,1.1574990755876102,1.0262199258037328,1.2644473116059682
2021-11-19,1.1574457243714935,1.025667298961462,1.2651817581905935
2021-11-22,1.1581332089843306,1.0257243162424416,1.2647855071453744
2021-11-23,1.1596437707139762,1.0254993528679852,1.2651703279645834
2021-11-24,1.1593010066153309,1.0261810087130638,1.2652206296222042
2021-11-25,1.1585028151971888,1.0258371797371355,1.2650298541271523
2021-11-26,1.1562069416162146,1.0253039924631056,1.2649304851277883
2021-11-29,1.1564303815661032,1.0255059416145058,1.2657372049845546
2021-11-30,1.1555559002423221,1.0256042761416337,1.2662879270234284
2021-12-01,1.1551496805734733,1.0252037115252113,1.2663010815081326
2021-12-02,1.1528392015644295,1.0251487029638808,1.2670836798025609
2021-12-03,1.1527042216322925,1.0245464598845215,1.267053349639014
2021-12-06,1.1559742388051182,1.0244072989435418,1.2679361007672905
2021-12-07,1.1586468151768807,1.0242335174882582,1.267494877842271
2021-12-08,1.1592614938387316,1.024402976376744,1.26710008091824
2021-12-09,1.160305082990284,1.0246984032001742,1.267987835807448
2021-12-10,1.1631984980146512,1.0245388861078324,1.2670590358696947
2021-12-13,1.161917876225517,1.0234222374634323,1.2672986277499394
2021-12-14,1.1629730780245477,1.023788844168316,1.2674552700664705
2021-12-15,1.1628241889834623,1.024010166152186,1.2674357647652637
2021-12-16,1.163658451219664,1.024375360208937,1.2674824516170855
2021-12-17,1.1636617710751873,1.0250298911254057,1.2671585946475448
2021-12-20,1.163304641785623,1.0247794115827884,1.2666017573020676
2021-12-21,1.1612111852581142,1.0253199341617356,1.266904164838742
2021-12-22,1.1606277368777742,1.0249076209246677,1.2657038609515152
2021-12-23,1.1607341713785695,1.0242835281817981,1.265894419079784
2021-12-24,1.1610311918679823,1.0244855257635477,1.2660736716758396
2021-12-27,1.1602252654608725,1.0250000841516775,1.2679067845257754
2021-12-28,1.1606953726310647,1.0242485825561565,1.267658911797955
2021-12-29,1.1598331058888547,1.0242502130790183,1.2679022298113931
2021-12-30,1.1617267541358027,1.0234992207179605,1.2682856137186649
2021-12-31,1.1607227136487592,1.0242597173084549,1.268623909254903
2022-01-03,1.1610199430601038,1.0243620237579543,1.2680710309657208
2022-01-04,1.1608488293427506,1.0244244368337667,1.2687082841046793
2022-01-05,1.1609177851662336,1.0242888247225699,1.2681379792553034
2022-01-06,1.1604782265265563,1.02378747974765,1.2671170100146851
2022-01-07,1.1634285557744537,1.0238438004097212,1.267174313012716
2022-01-10,1.1635110921230487,1.0240871001422784,1.267078967028288
2022-01-11,1.1656389211775693,1.0242883200544994,1.2677295312109462
2022-01-12,1.1659166975865773,1.0244708680953343,1.2672371684187997
2022-01-13,1.166256065049023,1.0246360915924182,1.2672577624737988
2022-01-14,1.167488458641879,1.0246690105996314,1.2670697767349404
2022-01-17,1.1666565337604613,1.0244866017758179,1.266818517569384
2022-01-18,1.1642479527620422,1.023923484525031,1.2670056860576884
2022-01-19,1.1665819528145414,1.023697702240541,1.2676140323520606
2022-01-20,1.1669163784205394,1.0236879706044015,1.2666613269913851
2022-01-21,1.167636694048879,1.0238905413568724,1.2662717185118244
2022-01-24,1.1639481805290481,1.0243327120286774,1.2659598176515034
2022-01-25,1.1642052977630715,1.0237981860250878,1.2659860881005447
2022-01-26,1.1661522647121898,1.023574011498923,1.265802567644594
2022-01-27,1.1673773936894694,1.0224770898142888,1.2656264545320417
2022-01-28,1.1695511518017836,1.0230108183292417,1.2650671164849356
2022-01-31,1.1669373365394746,1.0218066443910443,1.2655332441913925
2022-02-01,1.1668881806268687,1.0209855618445813,1.2650971293216078
2022-02-02,1.1677339525988162,1.0227195299091352,1.2656671416882581
2022-02-03,1.1633218498514233,1.0210414240093963,1.2659198748439329
2022-02-04,1.1645968800514732,1.0205812718299032,1.2666378890843326
2022-02-08,1.1677198310434156,1.020856111097456,1.2667726553411311
2022-02-09,1.1667874262528992,1.0207852632432663,1.268280033520202
2022-02-10,1.1680871060776787,1.0211631135790202,1.268586437350593
2022-02-11,1.168721267889401,1.0213728477761232,1.2690145403543232
2022-02-14,1.167498268249634,1.0206970733800045,1.2690526197555416
2022-02-15,1.1668484070175877,1.0215088793761442,1.2692574797829836
2022-02-16,1.1677567798838906,1.0204509048691885,1.2690240519998381
2022-02-17,1.1690868432352617,1.021409723529413,1.2691261064832353
2022-02-18,1.1690951748979872,1.0227090186287453,1.2686819056629437
2022-02-21,1.1679012816843866,1.0236777628723879,1.2684245640369434
2022-02-22,1.168419682805752,1.0236598621686888,1.2689949847987823
2022-02-23,1.1672695080203697,1.0237103981417952,1.2688065661016223
2022-02-24,1.1666422235221596,1.022970170142299,1.2686257389639186
2022-02-25,1.1645549740348364,1.0223732716986562,1.2686422946732898
2022-02-28,1.1666305996788964,1.023068173655617,1.2689119337310488
2022-03-01,1.1665518932513324,1.02242709328739,1.268589640148846
2022-03-02,1.1677035928627448,1.021627445763107,1.2680122667044302
2022-03-03,1.1669941397705212,1.0215671760672975,1.2696223334764953
2022-03-04,1.165990749478311,1.0216452185923586,1.269405617850902
2022-03-07,1.161984488183512,1.0220277037342547,1.2690185175606044
2022-03-08,1.162578162729941,1.021829554719911,1.2687944552676587
2022-03-09,1.1594878717141868,1.0213698578497514,1.2688112906103326
2022-03-10,1.1613548219744325,1.0208911414179214,1.2687499963452071
2022-03-11,1.1638146693360454,1.0213552509380772,1.2680650320462148
2022-03-14,1.1623459537987781,1.0207084704333576,1.2696014902367634
2022-03-15,1.1620162985094684,1.0211568629157495,1.2704053386521117
2022-03-16,1.1616087662340135,1.021485203016026,1.2700392311944366
2022-03-17,1.1634826692609195,1.0203051937463286,1.270762053682072
2022-03-18,1.1632311151082262,1.0204156809579121,1.2717250218992984
2022-03-22,1.161997951798466,1.0207993380726732,1.271703765046214
2022-03-23,1.1616318576371631,1.0214178535662781,1.2710069744007262
2022-03-24,1.1614783911644433,1.0215382786478475,1.272187203985268
2022-03-25,1.1606941429025075,1.0206096571856793,1.2719634517451794
2022-03-28,1.1622673188473378,1.0215078417161634,1.270843225458979
2022-03-29,1.1629699602848325,1.019946950446255,1.270858685343611
2022-03-30,1.1638892561828047,1.0194277413072648,1.270836382101577
2022-03-31,1.1617722369175265,1.0192054947062414,1.270123495268221
2022-04-01,1.160905997011799,1.020013743889047,1.270828046825867
2022-04-04,1.1607389133959278,1.020127053326197,1.269770712733687
2022-04-05,1.159765263530162,1.018234151546132,1.2702113917452544
2022-04-06,1.1586965169976242,1.019203410358018,1.2713989690772969
2022-04-07,1.1578451395301328,1.0180594019026592,1.2713004417763327
2022-04-08,1.159172067896824,1.018032189061455,1.2707117335986957
2022-04-11,1.1586682485885262,1.0188192105776008,1.270377976227966
2022-04-12,1.1575526918515948,1.0181596416603005,1.26993677125693
2022-04-13,1.1563932204953866,1.0188209339051106,1.2698068629847172
2022-04-18,1.156541884256378,1.019787909570683,1.2686060480777124
2022-04-19,1.1571565731651265,1.0190748688701108,1.2692183051500014
2022-04-20,1.1575580094209161,1.0191142008369778,1.2693207559257151
2022-04-21,1.1564421723422613,1.0190293311041996,1.2706107307597745
2022-04-22,1.1574518353212933,1.0188383283921059,1.2715256560779604
2022-04-25,1.1572606672527423,1.0184670066594141,1.2707833870269056
2022-04-26,1.1583470958464834,1.019279994555574,1.2704120088171966
2022-04-27,1.1578873825335099,1.0191740696363698,1.2708335465740177
2022-04-28,1.157763687581407,1.0190683646995933,1.271458955186406
2022-04-29,1.1573753532487034,1.0190986396431427,1.2717301718422505
2022-05-02,1.1578935779233304,1.0176619183611288,1.2720469901027711
2022-05-03,1.1585972663526043,1.017796851319311,1.2714777892534657
2022-05-04,1.1597034966159097,1.0176894061466986,1.2720217827194606
2022-05-05,1.1587268091340324,1.0182446975181532,1.2719940736472768
2022-05-06,1.1587995667334032,1.0183576345636998,1.2711475762822635
2022-05-09,1.1582231647131958,1.0180840305056151,1.2709339689503691
2022-05-10,1.1576267268281155,1.0180369368830338,1.2722747054357562
2022-05-11,1.159545238940807,1.018280154997152,1.2716286621660118
2022-05-12,1.1596648622669081,1.0177477776601382,1.2720906478615506
2022-05-13,1.1586543211447138,1.017297686466303,1.2714517230822513
2022-05-16,1.1567261624657315,1.0177264341830183,1.272589664281997
2022-05-17,1.1549203005167765,1.0177424414328593,1.272206261282043
2022-05-18,1.1535064018164785,1.0184836510466462,1.2721774018333425
2022-05-19,1.1510408334375155,1.0176454302091151,1.2724518198901018
2022-05-20,1.1507200593112894,1.0180864874320679,1.2727762714906161
2022-05-23,1.1505293344208147,1.0172317761222012,1.2729093270449372
2022-05-24,1.150321556661278,1.0182157456766614,1.2729273004012063
2022-05-25,1.1503430673881119,1.0177873799566348,1.271587307249118
2022-05-26,1.1489192776517487,1.018242417517319,1.2725448264347115
2022-05-27,1.1480895862243339,1.0182518592718077,1.272387073216098
2022-05-30,1.148045931316709,1.0176747505615586,1.2725667850511184
2022-05-31,1.149588355366284,1.0180835448993821,1.2707411022903476
2022-06-01,1.1495744209623966,1.0180489079858406,1.2716977639107505
2022-06-02,1.1493638910649842,1.0184462196925175,1.271059906413771
2022-06-03,1.150058080066528,1.0183958730447775,1.2723370967028311
2022-06-06,1.1503056546881736,1.0185546653196735,1.2726840412125797
2022-06-07,1.1519015842395308,1.0187802492647413,1.2728131381141328
2022-06-08,1.1527252607430603,1.0193057660493294,1.2734486497887338
2022-06-09,1.1522873154383693,1.0183335914422447,1.2729715268718134
2022-06-10,1.1485351672302908,1.0181394186529127,1.2719758205298706
2022-06-13,1.1465868830428745,1.0179184883290042,1.2725195726390803
2022-06-14,1.1462720730614544,1.0172906486082083,1.2724262356189924
2022-06-15,1.146781255897887,1.0168033761882092,1.2724923543454991
2022-06-16,1.1437694376374785,1.017123682530106,1.2711792368630574
2022-06-17,1.1433699090825307,1.0174151289154652,1.2708032624494316
2022-06-20,1.1444387746857594,1.0177927896511758,1.2715806905426288
2022-06-21,1.1442572945362495,1.017154872034873,1.2719097580876921
2022-06-22,1.1437553086553627,1.0173671379442384,1.2707943909892332
2022-06-23,1.14579591684824,1.0178514571134853,1.2701177339707683
2022-06-24,1.142274592236736,1.0171010259700097,1.2700650372973887
2022-06-27,1.1427267945459827,1.018094584281466,1.2700725272903166
2022-06-28,1.143060879769306,1.0180372228006023,1.2698129148545692
2022-06-29,1.146107494493827,1.0172633969677813,1.2696459513768896
2022-06-30,1.1446691955512915,1.0177257255507894,1.2692057795614107
2022-07-01,1.1453525652083023,1.0178919662386572,1.2686614237177998
2022-07-04,1.1455592875516645,1.0170427568917084,1.2705663874497906
2022-07-05,1.146273089821264,1.0162135816212126,1.271312382363115
2022-07-06,1.1461520580068854,1.0171106462100625,1.2705367514908252
2022-07-07,1.146915947544407,1.0164443987924456,1.2705546724084382
2022-07-08,1.147754038307787,1.0159471494976027,1.2712185652948416
2022-07-11,1.1486657241443619,1.0159068239103148,1.2713121921938868
2022-07-12,1.1486791938840135,1.0158081852537197,1.270916332864038
2022-07-13,1.1476713198765318,1.0161113089042715,1.2702686226614892
2022-07-14,1.1478452503649068,1.0160536810174048,1.270415045625346
2022-07-15,1.1486295810007188,1.0158788650294843,1.2698432109558244
2022-07-18,1.1486448127009634,1.015257375801474,1.2710765043863175
2022-07-19,1.149182268161862,1.0159644174070155,1.2715055545097542
2022-07-20,1.1496478384718782,1.015702983618095,1.2709530752572695
2022-07-21,1.1507232600569413,1.0165665378191537,1.2705608871102112
2022-07-22,1.1503674475535222,1.0157434108817778,1.2709973226319589
2022-07-25,1.150969599603222,1.0151389407992053,1.2730161079481601
2022-07-26,1.1495505180937025,1.0155629897401897,1.272366487108173
2022-07-27,1.149046742438057,1.01699329784364,1.2728073068998604
2022-07-28,1.1465048550753607,1.0169585245828885,1.2742353178711103
2022-07-29,1.1468662267098457,1.0174548253159283,1.2726862970656867
2022-08-01,1.147962998610244,1.0167598049429278,1.2722554218886828
2022-08-02,1.1499646210632668,1.0163691535751074,1.2726702877559886
2022-08-03,1.1514480663650282,1.0181305471368545,1.2731019330370166
2022-08-04,1.1528435935907162,1.0180595713963914,1.2737520365504784
2022-08-05,1.1527094334747905,1.017275231152209,1.2735373540121362
2022-08-08,1.1524359571863907,1.017245741865657,1.2734454670489428
2022-08-09,1.153163077881451,1.0169238644884178,1.2732643117232147
2022-08-10,1.1541225189952844,1.0167949138263295,1.273779706608249
2022-08-11,1.1544948355168756,1.0161707676549354,1.2734937090479692
2022-08-12,1.1545533753325778,1.0159585888459393,1.2729623070229692
2022-08-15,1.1548084181198197,1.0165075937927766,1.2723285039174181
2022-08-16,1.154779751429529,1.01592660765406,1.272869766871739
2022-08-17,1.155175343831903,1.0148731889555112,1.2733945453311704
2022-08-18,1.1554945403350647,1.0133182081333307,1.273066263099678
2022-08-19,1.1552774673395017,1.01370866334784,1.273916522120582
2022-08-22,1.1540660431691538,1.0141409791046827,1.2743741284384653
2022-08-23,1.1541429668511096,1.0136219546183693,1.2738442642006829
2022-08-24,1.1535895844650224,1.013550686730993,1.2742004083380707
2022-08-25,1.1535724909682956,1.013012421192694,1.2739633849447234
2022-08-26,1.1527302633382714,1.0134101744840243,1.2737571358769346
2022-08-29,1.1492177193882718,1.0126884734417516,1.2740332843491704
2022-08-30,1.150271761738368,1.013784828192409,1.2740205862139697
2022-08-31,1.1477098560867984,1.0133547769175801,1.2736479725924008
2022-09-01,1.1499774008818189,1.0139565357182996,1.2737689839285875
2022-09-02,1.149822406994986,1.0145553662797677,1.273894678449831
2022-09-05,1.1493097121044022,1.0130409672015093,1.2734549652942815
2022-09-06,1.1476972286213394,1.0136702518866372,1.2735579995920823
2022-09-07,1.1481986625510843,1.0146731984842083,1.273462015552197
2022-09-08,1.1472283461118278,1.0137814163712464,1.2731448356856883
2022-09-09,1.145356221461944,1.013856700554174,1.2732186474483669
2022-09-12,1.1444579642181762,1.014129165500923,1.2740390049124537
2022-09-13,1.1427009402881556,1.01501836049206,1.2743661824920756
2022-09-14,1.1431095908924704,1.0160620061835928,1.2739015631708532
2022-09-15,1.143390969205481,1.017417960927501,1.2732814140886972
2022-09-19,1.1437629177980309,1.0162142622320638,1.2739349150254744
2022-09-20,1.1440900248979669,1.0166696575480005,1.2735819520672305
2022-09-21,1.1446780015641926,1.0168146384528969,1.2728098556363259
2022-09-22,1.1433465577560886,1.0160188282603835,1.2721160625691257
2022-09-23,1.1416396259524355,1.0153120231591677,1.2728441163790685
2022-09-26,1.1386421782952503,1.0151109502263056,1.27275945673347
2022-09-27,1.1401076886305053,1.0140706180989212,1.2731217619626043
2022-09-28,1.1391368112081377,1.0148318149648683,1.2719552295733114
2022-09-29,1.1392728001420214,1.0143723547746109,1.2728873726296772
2022-09-30,1.1391247643788995,1.0134987668799929,1.2722848663596018
2022-10-03,1.1374423141725298,1.013600462840818,1.2730301854723627
2022-10-04,1.1359974551842569,1.0137923402033875,1.2724193501479888
2022-10-05,1.1353457961163178,1.0142269488256976,1.2725591007080375
2022-10-06,1.134995082877165,1.0148053661750522,1.2723800295463847
2022-10-07,1.1332882914886906,1.0129558092221718,1.2719488949911435
2022-10-10,1.1330826103265543,1.013345760219697,1.271656147276264
2022-10-11,1.132417733432768,1.0132810623530526,1.2708017514205738
2022-10-12,1.133331160494265,1.0132456737909514,1.2717096656612796
2022-10-13,1.1334101459419883,1.0125376689730314,1.2716862363726644
2022-10-14,1.1333855848807453,1.0131214391234262,1.2723831383887976
2022-10-17,1.1311401531448362,1.01224019749642,1.271111941871467
2022-10-18,1.129719749994438,1.0115795998012318,1.270686629807969
2022-10-19,1.1303518841968605,1.010962521654783,1.2705996340786985
2022-10-20,1.1302106061879493,1.011850683358385,1.2703656350888113
2022-10-21,1.1300912868218231,1.0117175247866588,1.2715593623385233
2022-10-24,1.1295289993870283,1.0117468668190068,1.271123125265842
2022-10-25,1.1293564793574002,1.0117732630590441,1.27109769750556
2022-10-26,1.1280008390749157,1.0114435989723296,1.2722229970012076
2022-10-27,1.1289777434916795,1.0120247179414525,1.2713053353533177
2022-10-28,1.1302578372780072,1.0115670014908327,1.2725294084124257
2022-10-31,1.127893330863498,1.0110140295304373,1.2723240956615613
2022-11-01,1.1263483266527903,1.0126159076754302,1.2730029391172448
2022-11-03,1.126620470835604,1.011999667604762,1.2729366434761868
2022-11-04,1.1249643619775838,1.011640232892347,1.2730114228260974
2022-11-07,1.1271103733813188,1.0122516482269461,1.2730901088374054
2022-11-08,1.12705699131319,1.0119797397071466,1.2732217644931492
2022-11-09,1.127769008315229,1.0129878546945934,1.2728529632747763
2022-11-10,1.1251167732319516,1.0130379343962506,1.2734350024793915
2022-11-11,1.123812247148636,1.0127109727577521,1.2740068102923927
2022-11-14,1.1226738718497788,1.011927582606148,1.2738214071357725
2022-11-15,1.1225985451412217,1.0123438326421033,1.2735107948231776
2022-11-16,1.1238209759696052,1.0124187658973676,1.2723591298760675
2022-11-17,1.1247009044751328,1.0122701896648665,1.2720363336826213
2022-11-18,1.1246546591152213,1.012395373069449,1.2724895124766182
2022-11-22,1.1243986492773699,1.0129364524248066,1.2728276197449278
2022-11-23,1.1258796659651709,1.0127232536373392,1.2729459699678864
2022-11-24,1.127440719140047,1.0138668779220124,1.273001454843344
2022-11-25,1.126298902024344,1.0145478226009095,1.2728702415909305
2022-11-28,1.1250437448364188,1.0134989624266604,1.2732994604922554
2022-11-29,1.1233536316314927,1.0128345504700587,1.273276470610627
2022-11-30,1.1227550941722535,1.013504344848251,1.2736812636898198
2022-12-01,1.1238518478035298,1.0131619988012222,1.2733870561065952
2022-12-02,1.124562334472825,1.0131899881354045,1.2735650957377138
2022-12-05,1.1252379807827724,1.0139352612847898,1.2737986484540307
2022-12-06,1.126045503210436,1.013207078503058,1.273244034780346
2022-12-07,1.1269103420516136,1.01308767397351,1.2727820894201685
2022-12-08,1.1262767496697772,1.0131422493691746,1.2727605341707382
2022-12-09,1.1262359970298592,1.0126391948087046,1.275090260810803
2022-12-13,1.1271396544797883,1.0132708538099875,1.273624477284727
2022-12-14,1.1268067190895619,1.0121623630653453,1.2729392292348445
2022-12-15,1.1244349619926464,1.0131014000850331,1.27359584610482
2022-12-16,1.1246961922500716,1.0142258751601407,1.273235402820431
2022-12-19,1.1244425797355218,1.0133535891074368,1.2743954368815857
2022-12-20,1.123549187732423,1.0129727185064512,1.2749236628866443
2022-12-21,1.122332065874026,1.013691899380546,1.2748916733113322
2022-12-22,1.121811222427355,1.013287989911775,1.2743332015846702
2022-12-23,1.1211571914531298,1.0125447727375265,1.2742964940011783
2022-12-26,1.1225285838830297,1.011980171978405,1.2746887014987134
2022-12-27,1.1220775534653225,1.0126345557446024,1.2739041110212197
2022-12-28,1.1188737806895683,1.0131655170229605,1.2737764997662453
2022-12-29,1.1194320322429478,1.0130486594941814,1.2733314112607093
2022-12-30,1.1185615022517668,1.0130083940287289,1.272665297568863
2023-01-02,1.1177894756928863,1.0123757102892295,1.2724109950310794
2023-01-03,1.1176131475639948,1.0124598757514485,1.2729952837265888
2023-01-04,1.116199217439517,1.012704198954111,1.2732460454275278
2023-01-05,1.1178274764665235,1.01326327423761,1.2728180291745037
2023-01-06,1.1149139339917613,1.0135518683467986,1.273731370592588
2023-01-09,1.114847399764559,1.0121248814765096,1.274097462290467
2023-01-10,1.1148827346427717,1.0117373935624714,1.2741384257639083
2023-01-11,1.1130585882208404,1.0112159907592237,1.2742412666833511
2023-01-12,1.115426920041338,1.0110437230275986,1.2741930395838457
2023-01-13,1.116301650369751,1.01150361493166,1.2739385590009786
2023-01-16,1.1157496195725787,1.0115152488449013,1.2742413037769107
2023-01-17,1.1162618175677268,1.0117965126654531,1.274883157892241
2023-01-18,1.1157738349345567,1.0111546370574651,1.275230939184449
2023-01-19,1.1170350831639002,1.011475663586499,1.2755261423288151
2023-01-20,1.116803705450057,1.0119471931891515,1.275647259266875
2023-01-23,1.1148090058187807,1.0124887452587554,1.2760427461632384
2023-01-24,1.1149967151452427,1.01320170870486,1.2761354936043676
2023-01-25,1.116295029603835,1.0138559088091743,1.2764540235270476
2023-01-26,1.116320457107913,1.013672893245325,1.2768934900708675
2023-01-27,1.1159902256264171,1.013574146475217,1.2765747647441033
2023-01-30,1.114376365571229,1.013178133283637,1.2766664584957312
2023-01-31,1.1134422253948877,1.0122103107305471,1.2763921167534946
2023-02-01,1.1118928457618287,1.0119407052503642,1.276320917742883
2023-02-02,1.110728316789424,1.0121713130913166,1.2768908052143844
2023-02-03,1.1138136356118635,1.0125809470672291,1.2765782913229562
2023-02-07,1.1133937645354823,1.0127887026451774,1.2772923914795486
2023-02-08,1.114457516228925,1.0124593392099763,1.2773381498409164
2023-02-09,1.1149866362676053,1.011927112738911,1.2784070874936768
2023-02-10,1.115578576815173,1.0124186999460263,1.278423689532565
2023-02-13,1.1145858005055036,1.0122013197352482,1.279180453850176
2023-02-14,1.114579601336112,1.0121435734817075,1.2791190958904166
2023-02-15,1.1137501201792674,1.0126452943684567,1.2787692095720715
2023-02-16,1.1168660673562756,1.012638308797383,1.2770329156619677
2023-02-17,1.1179099619905184,1.013505013751587,1.277681978640652
2023-02-20,1.120244868274153,1.0129384853680747,1.2772908520490605
2023-02-21,1.117765535235703,1.0124270188094782,1.277424052872322
2023-02-22,1.1187983088253945,1.0122945632551208,1.2781990680581254
2023-02-23,1.1188354416519457,1.0113670409610118,1.2779897589212668
2023-02-24,1.1187474952110696,1.0103891104286542,1.2784719938568947
2023-02-27,1.119872677174777,1.010087176847499,1.2777651346695018
2023-02-28,1.1191928114144662,1.0093270000855885,1.2771291476882105
2023-03-01,1.1186151847443426,1.010384990284949,1.2775060119491908
2023-03-02,1.1197051017460833,1.010211357411533,1.2779476105871417
2023-03-03,1.1188311640944588,1.009963129406458,1.278502614533755
2023-03-06,1.1190672409922056,1.0094420169072593,1.2789523674993075
2023-03-07,1.117407744797761,1.0093080959755185,1.2791276524513915
2023-03-08,1.117225632709174,1.0088915332342847,1.277896308693765
2023-03-09,1.1177347884257631,1.0088763434573702,1.2776639347566312
2023-03-10,1.1167961642458883,1.008133358505222,1.2772110217536663
2023-03-13,1.1190055222535633,1.008504562973676,1.2772711235347358
2023-03-14,1.1194441519880765,1.0080403776354279,1.277191806455088
2023-03-15,1.117791808372723,1.0081517797616093,1.2774444397441118
2023-03-16,1.119036735824998,1.007433150842096,1.2770992533478434
2023-03-17,1.1192361595943945,1.0079890142930463,1.2769061008854863
2023-03-21,1.119457574102527,1.008500012265622,1.2776755082647762
2023-03-22,1.1193743132566325,1.0078220245075464,1.2783149486696521
2023-03-23,1.119085390940746,1.0077979311479075,1.2786111712148738
2023-03-24,1.1194323446827517,1.0076696154183113,1.2786863276558849
2023-03-27,1.1189817658531716,1.0073205946923602,1.277851662871371
2023-03-28,1.118100852973444,1.0086247628182392,1.27663861246619
2023-03-29,1.1179186176206846,1.0076453606359081,1.2769130566891418
2023-03-30,1.1180118374558787,1.0072170992170004,1.276959299009684
2023-03-31,1.1180742530402366,1.0072516069937956,1.2768830829935156
2023-04-03,1.1173286046159443,1.0082154349388912,1.276643000684867
2023-04-04,1.1172912574840101,1.0083881599910827,1.2765253224387312
2023-04-05,1.1144905412065602,1.0085707684006064,1.2765572033412431
2023-04-10,1.113077360786005,1.0082597947563952,1.2757100686741072
2023-04-11,1.113295453467504,1.007800331656073,1.2759792254611786
2023-04-12,1.1148387049396216,1.0074019808830754,1.2754285600790016
2023-04-13,1.1150536346340203,1.009226622562521,1.2753306807460438
2023-04-14,1.1147805025216713,1.0081082973759115,1.2757041984298665
2023-04-17,1.1144522141953284,1.0083401526301365,1.275559220282025
2023-04-18,1.1153975153245497,1.0086312968936904,1.2756795076459266
2023-04-19,1.1165135344406263,1.008495296815773,1.2751758349389273
2023-04-20,1.1160093896874042,1.007470248741764,1.2756205399793588
2023-04-21,1.1153816395552645,1.0068783857378116,1.2761894153272166
2023-04-24,1.114743403002929,1.006836912336993,1.2771126884617163
2023-04-25,1.1146431256106044,1.0069030169479072,1.2765881162067307
2023-04-26,1.114487878782618,1.0058905422523474,1.2781005119136277
2023-04-27,1.1159667324366505,1.0071355272941567,1.2769793854278269
2023-04-28,1.1159475117407551,1.0071916452138703,1.277456783060128
2023-05-02,1.1195152310020287,1.0061098119464407,1.27671894505265
2023-05-03,1.1205873091092629,1.0061983991932535,1.2777949378997375
2023-05-04,1.120317891136265,1.0057550535360773,1.2761718875325232
2023-05-05,1.1200777619114515,1.0065918593342131,1.2770760573723812
2023-05-08,1.1211316295926972,1.0064051687959659,1.276773103486326
2023-05-09,1.1200727941845077,1.0060814942328542,1.277272306079641
2023-05-10,1.1192096367441202,1.0051069621344844,1.2765048319895234
2023-05-11,1.1203772873600544,1.0063067783853394,1.2769127958774906
2023-05-12,1.1204932200184021,1.0060864679747912,1.2775506371069325
2023-05-15,1.1195251208805725,1.004947734658921,1.2769852018737753
2023-05-16,1.119623075160548,1.00549443518404,1.2758915959390016
2023-05-17,1.120702827876519,1.0045905204553447,1.275635603108191
2023-05-18,1.1195923033120097,1.0055775948172263,1.2760046123944249
2023-05-19,1.1157860907726487,1.004932017174799,1.2760090796489967
2023-05-22,1.1125436233387815,1.0047203546993897,1.275848156608704
2023-05-23,1.110934304576246,1.0050319559850307,1.2758381050469985
2023-05-24,1.1116777790941044,1.0050204765747395,1.2760273749728208
2023-05-25,1.115481181830045,1.0056224218341083,1.2760686464551179
2023-05-26,1.115053203134021,1.0054523244376137,1.2757426099813793
2023-05-29,1.1164273972391876,1.0056568732516884,1.2753972726369123
2023-05-30,1.1136315284259124,1.0044939365298182,1.275940657105009
2023-05-31,1.1170133534806819,1.0039987287366607,1.2781683373162236
2023-06-01,1.1170377161485643,1.0041346302981797,1.2766605601320005
2023-06-02,1.1163652214708701,1.004647192978202,1.2773114107024799
2023-06-05,1.115981108113294,1.0048710900791182,1.2777673071201796
2023-06-06,1.1137677455148802,1.0044700811167002,1.2785444308659593
2023-06-07,1.1130185827136356,1.003993223993658,1.2783220469577803
2023-06-08,1.115742069919629,1.0040832384510052,1.2782669002258376
2023-06-09,1.116252515955774,1.0032345315991689,1.2779021283763454
2023-06-12,1.116213505997416,1.003099986251649,1.276847404925581
2023-06-13,1.116045703110589,1.0029666855999422,1.2762316340096997
2023-06-14,1.1170140066392826,1.0026611850302583,1.2772537366143761
2023-06-15,1.1159763368469229,1.003531888915125,1.277402498914836
2023-06-16,1.115949559506264,1.0032886436063204,1.2766953830530323
2023-06-19,1.114942515641803,1.001845707265444,1.2766353972911622
2023-06-20,1.1153188793921185,1.0033411547023432,1.2767210852739874
2023-06-21,1.1142828067614194,1.003025170811701,1.2765869142153228
2023-06-22,1.1130486394706236,1.0030752243346988,1.2772167717627327
2023-06-23,1.1126252642060008,1.0019207199194953,1.2773148332615478
2023-06-26,1.1115308039054173,1.0023923657498324,1.2760757741685027
2023-06-27,1.1112319032364422,1.001141363164767,1.2766153692512525
2023-06-28,1.1103941569526166,1.0009559478627037,1.2772090998190562
2023-06-29,1.110013098817489,1.0003708175023958,1.276119315280332
2023-06-30,1.1093966110981304,1.0005476817070695,1.2759415006218975
2023-07-03,1.1065484794396432,1.0010429001240002,1.2762616763317105
2023-07-04,1.1058717255552735,1.0024488413025436,1.2752851749697514
2023-07-05,1.1058187748629142,1.0013182989988627,1.2763478271005404
2023-07-06,1.103523007447482,1.0016575270996477,1.2773249837456824
2023-07-07,1.1025636284165752,1.00103756759522,1.2767917021969792
2023-07-10,1.1024258751723635,1.0019134320623806,1.2760086855502453
2023-07-11,1.101823079324867,1.001710072650899,1.2771701182108206
2023-07-12,1.1043253806134972,1.0031994289400727,1.2765834309127484
2023-07-13,1.103409480363945,1.0026095380813875,1.2766347694132907
2023-07-14,1.1008812952810074,1.0026839093361544,1.2768582082289666
2023-07-17,1.1010132587332513,1.0023107883516595,1.27714942425244
2023-07-18,1.0987586465559647,1.0018193049654436,1.277020741241119
2023-07-19,1.0978974551822842,1.0026065459140527,1.2769398918403678
2023-07-20,1.097683517961294,1.0026416357636632,1.2777010896937506
2023-07-21,1.097785001553133,1.0017366059530879,1.2777767254855468
2023-07-24,1.0975261200233082,1.0023528770203747,1.2774174102844147
2023-07-25,1.0978994321645446,1.0025025203490707,1.276515902758331
2023-07-26,1.098301573407512,1.0035889647785172,1.275933793209654
2023-07-27,1.0997262381671604,1.0029763791829236,1.2766370600004266
2023-07-28,1.1000518587726116,1.0028477107375164,1.276349472486212
2023-07-31,1.0999175193884205,1.0031261884098241,1.2777195101239613
2023-08-01,1.0981108757712552,1.0023956202874875,1.2765354123244608
2023-08-02,1.0962347890156696,1.0021624433678826,1.2765017545009032
2023-08-03,1.0977349926209554,1.0021512121364182,1.2756537536687833
2023-08-04,1.0973268439382853,1.0021918460931256,1.2762409906326886
2023-08-07,1.0972439632912983,1.0011748931095288,1.2763357662834787
2023-08-08,1.0963055096612084,1.0017697744073677,1.2768222506630147
2023-08-09,1.0963624656013775,1.0021030995987574,1.2756956375477024
2023-08-10,1.0972453551679648,1.0019593791036996,1.2752111940817696
2023-08-11,1.1005033541731508,1.0011639759515667,1.2762803949650996
2023-08-14,1.1020727175126304,1.0022971747431015,1.2782264370498402
2023-08-15,1.1042102877245397,1.0023411602759922,1.276799907769242
2023-08-16,1.1039502113601618,1.0026283127340678,1.276530257202872
2023-08-17,1.103483072256911,1.002699334055754,1.2763404754347847
2023-08-18,1.1026889075346706,1.0013798526425974,1.2765470139560338
2023-08-21,1.1039128432859204,1.000176279207413,1.276788416476454
2023-08-22,1.1047376240232345,0.999785234849776,1.276587969771326
2023-08-23,1.1032784856058038,0.9997522399512566,1.2772549407873135
2023-08-24,1.104303896970011,0.9985512580290071,1.277189511456935
2023-08-25,1.1064226087911506,0.998249270391414,1.277358477408597
2023-08-28,1.108670635577753,0.9983782213822286,1.2773442734108216
2023-08-29,1.1071943829620117,0.9981921525762205,1.2776362366714238
2023-08-30,1.106804472065434,0.9983057985770054,1.2782102639511637
2023-08-31,1.1063897515107346,0.998224465294017,1.2782568459894277
2023-09-01,1.1069452558610606,0.997917746326214,1.2779229070111588
2023-09-04,1.1070707054397786,0.9990989142220089,1.2793248660921546
2023-09-05,1.108102986545048,0.9987582945166427,1.2789210492075611
2023-09-06,1.110364682769212,0.9978058040463369,1.2789490686264775
2023-09-07,1.1130523898795663,0.9977522479773042,1.277996581157917
2023-09-08,1.1136535422105083,0.9981189162953857,1.277818123071669
2023-09-11,1.1141208337650643,0.9966234358870982,1.2781347613824348
2023-09-12,1.1132450003666439,0.9979064699172243,1.2779515276334092
2023-09-13,1.1114910684502226,0.9991950301843222,1.277840772348041
2023-09-14,1.1110896641874892,0.9973679733836441,1.2787339815483587
2023-09-15,1.1121559394739549,0.9972795166952889,1.2796032596038067
2023-09-18,1.112912354572238,0.9966438893257054,1.2788674384347125
2023-09-19,1.1106748577768157,0.9964401648569905,1.2777825353599446
2023-09-20,1.1113569723166756,0.9970427935779868,1.2780334760409322
2023-09-21,1.1110056325546196,0.9961574756057906,1.2777751249180296
2023-09-22,1.1103486303639922,0.9970697369708684,1.278273995636789
2023-09-25,1.1086747687434766,0.9971486939662063,1.2774772570673312
2023-09-26,1.1092191970647338,0.9971708842576906,1.277527738135086
2023-09-27,1.110252491775607,0.9971699388214161,1.2779938627833296
2023-09-28,1.1117935429759764,0.9972105370160835,1.2787691881324192
2023-09-29,1.1086290319599725,0.9969902296799179,1.279471684740752
2023-10-02,1.1088281970851463,0.9968303508841014,1.2796121139014103
2023-10-03,1.1075517857750927,0.9977771360057119,1.2798874473124884
2023-10-04,1.1072150341200044,0.9974894010391101,1.2797122676689
2023-10-05,1.1068041927613153,0.9981630842932491,1.2804562434796627
2023-10-06,1.1078078357530745,0.9975459928499224,1.280319555781295
2023-10-09,1.1096875974200626,0.9982807529359745,1.2809108683194392
2023-10-10,1.1046253967442548,0.9984522971359966,1.2801315059330851
2023-10-11,1.1045767257794288,0.9991320928148915,1.2806100467160546
2023-10-12,1.1042732543485252,0.9993340235063476,1.280902512489649
2023-10-13,1.1048967524917912,0.9983232481909992,1.2800967398846153
2023-10-16,1.1036960799059243,0.9986236928358143,1.2797182920089922
2023-10-17,1.1053174370720524,0.9992945893199598,1.2800107762184643
2023-10-18,1.1050485893347979,0.9988793245331313,1.2804268248871657
2023-10-19,1.103663418478797,0.9984999172416892,1.2801302411219415
2023-10-20,1.1024243487472651,0.9989954025880093,1.2795056450331215
2023-10-23,1.1049057206016233,0.9980039878431064,1.2791099648096536
2023-10-24,1.1076290382267493,0.9967955950832065,1.2788531826274137
2023-10-25,1.1084372220787824,0.9974531143552801,1.2784289092769419
2023-10-26,1.109315391809824,0.9964020387634165,1.2790758919239584
2023-10-27,1.1098689748451693,0.9969533250806234,1.2790900473713545
2023-10-30,1.1108955324626992,0.9965210904707067,1.2792314516219994
2023-10-31,1.112880585545876,0.9981336966998597,1.2793137710725917
2023-11-01,1.1126793394700785,0.9982086970587689,1.278161201823543
2023-11-03,1.1085234083140274,0.9972524276183349,1.2786982069602235
2023-11-06,1.106880673109221,0.9982546616447892,1.278687645059697
2023-11-07,1.1065659015135618,0.998486695407185,1.2790956835752882
2023-11-08,1.1074650115844498,0.998012611686062,1.2792430673819088
2023-11-09,1.1089342838862728,0.9986196966619194,1.2791393120665944
2023-11-10,1.1118258183639802,0.9981382721875597,1.2797944715467306
2023-11-13,1.1120621589077258,0.9974006256270576,1.2801665870476173
2023-11-14,1.1081027453740666,0.9968775135751282,1.280332460054926
2023-11-15,1.1085334858982154,0.9963172033576245,1.2804025030130568
2023-11-16,1.1088151693644146,0.9974596882041564,1.2810872568273053
2023-11-17,1.1087525015885957,0.9975550332078365,1.27903204455682
2023-11-21,1.110559950069017,0.9975692741804978,1.2802645766445264
2023-11-22,1.1112035639517461,0.9977961190226945,1.280186115897304
2023-11-23,1.1120248731344644,0.9978294115169851,1.2795150382583154
2023-11-24,1.113130513118031,0.9972977966684825,1.2794772850249476
2023-11-27,1.115769326531847,0.9972779794978025,1.2796367903269334
2023-11-28,1.1163307966474512,0.9976194534797813,1.2804559595795413
2023-11-29,1.1156082423387237,0.9967627017386872,1.2801663570780168
2023-11-30,1.1135035837308234,0.9963776188048682,1.2810512880898195
2023-12-01,1.1143984728451652,0.9968352395223158,1.2808326110116723
2023-12-04,1.1153579919828704,0.9966692586908623,1.279688876247402
2023-12-05,1.117357202220239,0.9958164285440376,1.2797903985037862
2023-12-06,1.11931806713851,0.9959006117055588,1.279897150820724
2023-12-07,1.1191961733881777,0.9961945160774546,1.279504819866086
2023-12-08,1.1211312059544074,0.994989130087627,1.280871891697337
2023-12-11,1.1206983454446708,0.9957375846415588,1.280734748495799
2023-12-13,1.1215733040755067,0.9961736717281516,1.2811809634617561
2023-12-14,1.1185366273172792,0.9962641169374639,1.2807283582733928
2023-12-15,1.118834659976459,0.995971668055566,1.2799170515151037
2023-12-18,1.1209639572669836,0.9960421104727238,1.280671319663709
2023-12-19,1.122422119166161,0.9951783033832877,1.280434115630951
2023-12-20,1.1241452737407882,0.9956850062564142,1.2804022099002716
2023-12-21,1.1219205334299456,0.995373089027174,1.280584809926853
2023-12-22,1.1222878323855223,0.9951262170359529,1.2798055634592809
2023-12-26,1.1223804589328072,0.9958298599128167,1.2794627927421844
2023-12-27,1.1222112064070429,0.9942024040698562,1.2803415367537683
2023-12-28,1.1222664307986836,0.9951885359172585,1.2800058768843017
2023-12-29,1.1224589372652523,0.9948475625681187,1.2800640744124656
2024-01-02,1.1225365564282686,0.9949506454223549,1.280164190653438
2024-01-03,1.118971378739808,0.9953369201508362,1.2797171933869107
2024-01-04,1.1199822916844144,0.995942557734351,1.2786013662430706
2024-01-05,1.1201992287659028,0.9951613436105317,1.2783513532443644
2024-01-08,1.121015790411811,0.995765033641129,1.278405229831997
2024-01-09,1.1179089568327538,0.9947494668986455,1.2785691741623988
2024-01-10,1.118225363874362,0.9948965486383515,1.2796401288374866
2024-01-11,1.1190317412589574,0.9941644477454868,1.27854822050992
2024-01-12,1.1194942819363496,0.9959730543163674,1.2787306365789624
2024-01-15,1.1191215912005166,0.9953197217733855,1.2774874504162046
2024-01-16,1.1173468451225745,0.9946648513677827,1.2778010359001621
2024-01-17,1.116508139439229,0.9953630361883669,1.2783449392061428
2024-01-18,1.1176007486355815,0.9950843390957225,1.27898887256278
2024-01-19,1.1148502971861889,0.9955536405586195,1.278219233452377
2024-01-22,1.1149801788387645,0.995725589640367,1.2789939208800751
2024-01-23,1.1142110280987163,0.9958337143716421,1.2783927527960923
2024-01-24,1.1142832344711664,0.9954606880350537,1.2787326461284907
2024-01-25,1.114571535747415,0.9950687599441963,1.2787176011981716
2024-01-26,1.1116165600597065,0.9950582525778728,1.2796585497870905
2024-01-29,1.1133441255755165,0.9959635653848611,1.2796825593329184
2024-01-30,1.1146948736264637,0.9956405367218703,1.2801737119470378
2024-01-31,1.1147157184905478,0.9950282124305466,1.2787555676001048
2024-02-01,1.114567571959104,0.9945661865638626,1.2797193532591211
2024-02-02,1.1143701722398553,0.9943028152156138,1.279390308444496
2024-02-06,1.1151958926757923,0.9938000917643266,1.2788728417119575
2024-02-07,1.1144085654846798,0.9947296528260042,1.2801346782889245
2024-02-08,1.1134600447195906,0.9945561511321288,1.277918130278052
2024-02-09,1.1132400883916318,0.9941133150592595,1.2785680379776165
2024-02-12,1.1118425210114697,0.994007857148441,1.2789786348190504
2024-02-13,1.1100046436261173,0.9945175021901261,1.2786307566873958
2024-02-14,1.1122949695367133,0.9940877835415242,1.2794669333208488
2024-02-15,1.1123477392154153,0.9944498540985989,1.279802897846075
2024-02-16,1.115927106890216,0.9940227034677414,1.2794710906564972
2024-02-19,1.1157964936536293,0.9957243862644306,1.279423796753956
2024-02-20,1.1190582736929047,0.9962296246525878,1.280428098035177
2024-02-21,1.1197371024997995,0.9950565411345299,1.2797973821635336
2024-02-22,1.120072127087964,0.9954115824503661,1.2799582564889849
2024-02-23,1.1212559049069315,0.99497861280724,1.2795587188058346
2024-02-26,1.1213627019738193,0.994757796280541,1.2772477917115945
2024-02-27,1.1212647277794343,0.9956600480832135,1.2792111728075335
2024-02-28,1.119954821775399,0.9952002186970309,1.2796340539703503
2024-02-29,1.1211320038818446,0.9945554451905836,1.27925822287483
2024-03-01,1.1218656931359965,0.9939544651561821,1.2803944524409208
2024-03-04,1.1207974350815504,0.9939086056429551,1.2795779257489424
2024-03-05,1.121903056687542,0.9936091010519678,1.280177318512654
2024-03-06,1.1219052132794354,0.9938696844824011,1.2789499352067621
2024-03-07,1.1220678791069023,0.9942323284156745,1.279888323372052
2024-03-08,1.1224817647983756,0.9947433848567484,1.2797124243896658
2024-03-11,1.1230328603389812,0.9938904238753711,1.2796376055671566
2024-03-12,1.1234436126548062,0.9934629141526014,1.280424233797292
2024-03-13,1.1225385708461797,0.9933006264068263,1.279931275805639
2024-03-14,1.122230816826898,0.994586174578549,1.279738414615472
2024-03-15,1.1235581447083582,0.9942457155736032,1.2791331108924249
2024-03-19,1.1240988404193755,0.9947294784976104,1.2791054371434634
2024-03-20,1.1249179746697318,0.9944383354850366,1.2799544068422126
2024-03-21,1.1252354868361258,0.9943838687311973,1.2772277144869422
2024-03-22,1.1259079092695699,0.9950671505617052,1.277203254570439
2024-03-25,1.1264778108212001,0.9959201302778116,1.2776308456740082
2024-03-26,1.1259136296452938,0.9955903346826745,1.278717263100734
2024-03-27,1.1264860060217479,0.9946058008329737,1.278102021681053
2024-04-01,1.1274901787710585,0.9950099215413398,1.2793283111887879
2024-04-02,1.1290064168053138,0.9953099461206332,1.2790032425379059
2024-04-03,1.1287472202375883,0.9945762466941447,1.2792561269375005
2024-04-04,1.1283724433201028,0.9943484394324935,1.2792109102686033
2024-04-05,1.1290636171108372,0.9928798193024821,1.2794269372363396
2024-04-08,1.1284754642746915,0.993628909276563,1.2798984994179907
2024-04-09,1.1276640524618424,0.9934868411413208,1.279407368868009
2024-04-10,1.124275678374844,0.9932832790322703,1.2790355703986915
2024-04-11,1.125585413462683,0.993150907877367,1.2803190196302914
2024-04-12,1.1288829853454914,0.9927636969250131,1.2801815950483975
2024-04-15,1.127032980613603,0.9922755241000328,1.2794025884561886
2024-04-16,1.1273904004258894,0.9925819985060833,1.2790455433505792
2024-04-17,1.126964971135562,0.9918809302399624,1.2792257677612047
2024-04-18,1.126251045276145,0.9920058339954095,1.2788004899200984
2024-04-19,1.1254862482897063,0.9934867764967549,1.2794808667851463
2024-04-22,1.1243967715069825,0.9923972205727167,1.2792991183676772
2024-04-23,1.1263763718097852,0.9924109050003106,1.278742062558363
2024-04-24,1.1280514532596202,0.9924872159323274,1.2790508341945874
2024-04-25,1.1286240751380994,0.9914247753299358,1.2798547863126986
2024-04-26,1.1279167726023716,0.9924756906406326,1.2801651631935607
2024-04-29,1.127649309500025,0.992301422866538,1.2800072528101412
2024-04-30,1.125390414424169,0.9920268825676948,1.2804153582698847
2024-05-02,1.1254251738942778,0.992559620531737,1.280307062103511
2024-05-03,1.1258731420776322,0.9925768769340682,1.2796121683923827
2024-05-06,1.1283890092868343,0.9921076069819613,1.2806160826943316
2024-05-07,1.1285702619637772,0.9918537021874521,1.2797913620155854
2024-05-08,1.1273273294721178,0.9917239284154277,1.2801382757858182
2024-05-09,1.1261621552422074,0.9923411615016435,1.2802807880727616
2024-05-10,1.1271632506929476,0.9916820221988409,1.2808291640972884
2024-05-13,1.1278264136390714,0.9911351264043259,1.280867281513624
2024-05-14,1.1272606258984759,0.9907143165443932,1.2807040152980937
2024-05-15,1.1271908303337312,0.9911512899802462,1.2801543629959746
2024-05-16,1.126908431881607,0.9905458520442001,1.2806900973451176
2024-05-17,1.1267939434472363,0.9909717546339449,1.2811459647688852
2024-05-20,1.1257153580709538,0.9910457179853688,1.2807717874409152
2024-05-21,1.1263855212882123,0.9904354528845926,1.2803090579196093
2024-05-22,1.1266045809743288,0.990902910967836,1.2798362163988073
2024-05-23,1.1283797890896943,0.9912813331641285,1.2798228868032742
2024-05-24,1.1270252305572546,0.9909486035234769,1.2792838236944108
2024-05-27,1.1273902717491544,0.9924577545872055,1.2801732526710725
2024-05-28,1.1277999504817238,0.99246835883686,1.2807403040828087
2024-05-29,1.1280191622658227,0.9929946630791512,1.2812974645760233
2024-05-30,1.1272471172103375,0.9926389890684886,1.2812071198031514
2024-05-31,1.1278769574736272,0.9932738230128817,1.2805548622850098
2024-06-03,1.1213019078941375,0.9934945313078843,1.2815141452029797
2024-06-04,1.1189924550213077,0.9928880071815595,1.2806080204857078
2024-06-05,1.1169594764121396,0.9929566266067802,1.280478644501226
2024-06-06,1.1193510877703527,0.9927898518542962,1.2806945937322305
2024-06-07,1.1156699040951794,0.992328519363898,1.2805782947292599
2024-06-10,1.116913128229297,0.992106303194814,1.2810495300554368
2024-06-11,1.1176792112065674,0.9918225669496644,1.2801136660985672
2024-06-12,1.1189712153543652,0.9919083492492793,1.2807820914647587
2024-06-13,1.117290911366177,0.9923873513306266,1.281091577736658
2024-06-14,1.1169182271534444,0.9921082264939597,1.2818101104545083
2024-06-17,1.1199430839768336,0.9915155480951219,1.2813932660861402
2024-06-18,1.1170935724727924,0.9912758440149262,1.281545277375682
2024-06-19,1.11651837964045,0.9914882255921724,1.2824251005272869
2024-06-20,1.11816011504092,0.9914824685724721,1.2823274890344074
2024-06-21,1.1174365695519108,0.9915392073756719,1.2820972659656436
2024-06-24,1.1175784513000533,0.9921005170236493,1.2817842652199236
2024-06-25,1.1183828236059272,0.9911245205765663,1.2814556353394249
2024-06-26,1.118219884733515,0.991183987236656,1.2807735956638961
2024-06-27,1.1198524274913393,0.9899609156919121,1.2816158063731458
2024-06-28,1.1209306013246514,0.9903165963351956,1.2812502683543459
2024-07-01,1.121398594780798,0.9919000105791184,1.280702972659913
2024-07-02,1.1190765967745913,0.991652449101304,1.281277627584438
2024-07-03,1.11887732382777,0.9902914590517384,1.2797195225098705
2024-07-04,1.118444871229976,0.9907998760646488,1.2797457554174312
2024-07-05,1.1171669972739198,0.9906715613900928,1.2805610446086904
2024-07-08,1.1146990808367423,0.990586422192884,1.2810781024041276
2024-07-09,1.1138504767016137,0.9908312828431837,1.2814299043933255
2024-07-10,1.112734394369292,0.9907100998730964,1.281413613666285
2024-07-11,1.1127083491575487,0.9910579235287226,1.2803545444326683
2024-07-12,1.1109404374335643,0.9901130285794851,1.2802116172165838
2024-07-15,1.1095983656090902,0.9895123539828296,1.280053717852129
2024-07-16,1.1119885461748142,0.989621098347974,1.2800926682003668
2024-07-17,1.113228917215724,0.9898824461321573,1.2799467961512236
2024-07-18,1.111771267323197,0.9900163222770136,1.280801451383521
2024-07-19,1.113944588752981,0.9899653064804883,1.2795992475778246
2024-07-22,1.1133624521867684,0.989371839860523,1.280563927731054
2024-07-23,1.114369496183586,0.9889569938941906,1.2800624862131185
2024-07-24,1.115227072759957,0.9889612327958182,1.279714974033423
2024-07-25,1.1146354724114065,0.9890854503840023,1.2801251382204495
2024-07-26,1.1154388170068172,0.9887818478633075,1.2798877272548173
2024-07-29,1.1160548093337013,0.9886209300585116,1.2799205926672381
2024-07-30,1.116876860872013,0.9894567259781851,1.2795365157595162
2024-07-31,1.1141221090803144,0.9895854222367259,1.2791311472272562
2024-08-01,1.1140780455587556,0.9906502950566051,1.2794818192558717
2024-08-02,1.1140360032129561,0.9900862215341625,1.2797777026011725
2024-08-05,1.1134580328887802,0.9910293233873129,1.278651735523939
2024-08-06,1.1125213921833412,0.9905603714788204,1.2796199645481015
2024-08-07,1.1143913430176249,0.9910304209359725,1.2785674877959168
2024-08-08,1.1140163823568163,0.9915076819010465,1.2783685965636806
2024-08-09,1.1134011464232731,0.9909128526517855,1.2783161261950606
2024-08-12,1.1143140705832022,0.989270281942378,1.2790586483203865
2024-08-13,1.1139111604051561,0.989909611523056,1.2781548252227029
2024-08-14,1.1144062763982923,0.9897819172235959,1.2778083150704338
2024-08-15,1.1151695611565113,0.9898191105375308,1.2782440449170487
2024-08-16,1.1153088892663423,0.9898776071481629,1.278659131011471
2024-08-19,1.114813810454182,0.9895461429801418,1.2792188256070718
2024-08-20,1.115749740040993,0.9894738697761423,1.2783961881833743
2024-08-21,1.1150134180095908,0.9902425354950415,1.278895201164551
2024-08-22,1.1134450452208864,0.989632391945489,1.2789481796025994
2024-08-23,1.1137493307197368,0.9900742582284601,1.2781022984736994
2024-08-26,1.114118707209206,0.9901177848366454,1.2780330712012942
2024-08-27,1.1135699201663753,0.9900285953580606,1.2776356773610507
2024-08-28,1.1148993444194035,0.9896328667614399,1.2777770430780309
2024-08-29,1.1155206258840933,0.9901188632999822,1.2789992762160736
2024-08-30,1.1154619302792521,0.9905809173926131,1.2791936919551734
2024-09-02,1.114404547668781,0.9905968521227421,1.2798393187894714
2024-09-03,1.1115271062715297,0.9903209532391801,1.2804025318796437
2024-09-04,1.1123522317657082,0.9896466136855375,1.2803898310998694
2024-09-05,1.1137708233877086,0.9892955219902324,1.2801606465687174
2024-09-06,1.1125254763027308,0.9891186779037697,1.280208866173429
2024-09-09,1.1128887413526305,0.9889989842600219,1.28139528364047
2024-09-10,1.112506073161934,0.9880035111370198,1.2806120096793803
2024-09-11,1.111864995758291,0.9873547303917889,1.2814502124671499
2024-09-12,1.1103028002946835,0.9879534799267626,1.2803983029834556
2024-09-13,1.1139991085064653,0.9880719568790867,1.2803844870240846
2024-09-17,1.1126638104110764,0.9872953883213963,1.279847455095945
2024-09-18,1.1137747078489912,0.9873866059457503,1.2806771341228647
2024-09-19,1.1138942537990935,0.9868092992793698,1.2810983688167543
2024-09-20,1.1123794223088108,0.9867677620958765,1.2815904438651264
2024-09-23,1.113396873057091,0.9868295565885185,1.281903587445475
2024-09-24,1.1117346131178398,0.986404995152627,1.2822266458373446
2024-09-25,1.1144398166682732,0.9865914290343101,1.2816645924647063
2024-09-26,1.1125559921187251,0.9849053434814244,1.2814394992285794
2024-09-27,1.1129148788396257,0.9852615555245784,1.281536422376099
2024-09-30,1.1128864251013277,0.9852055991342615,1.281428848203197
2024-10-02,1.114003369160121,0.9860465121898597,1.2816099717686107
2024-10-03,1.1123180673981352,0.986216764392698,1.2812724110185592
2024-10-04,1.1099403205123048,0.9862873872856948,1.2815437653663533
2024-10-07,1.1105695924143253,0.9850604667710186,1.2815367986408457
2024-10-08,1.1108739485446317,0.9846134652550146,1.2815983216820281
2024-10-09,1.1099795677612756,0.9847259159750179,1.281212634252118
2024-10-10,1.1091366319282983,0.9845606209518638,1.2811022489375326
2024-10-11,1.1098121062899426,0.9846536764268764,1.2810483048989232
2024-10-14,1.1091394088967692,0.9844124085057584,1.2804774781458157
2024-10-15,1.109427158381352,0.9843851317961634,1.2803609635654059
2024-10-16,1.1105264215808213,0.983889557953567,1.2784291144893967
2024-10-17,1.1097701114034673,0.9842551241008745,1.2805278801476832
2024-10-18,1.1091979546916417,0.9839474850939243,1.2802647656417916
2024-10-21,1.1134539138908877,0.985853908064145,1.2798131792652396
2024-10-22,1.1132211582706524,0.9857858027690903,1.279646595498783
2024-10-23,1.113732905101993,0.9858338656637012,1.2812200630588957
2024-10-24,1.1139318655570805,0.9853329149642084,1.2812171682515379
2024-10-25,1.1148202983903577,0.9848869310356722,1.2821020785511754
2024-10-28,1.1146992783796932,0.9851630896429037,1.2829828186774035
2024-10-29,1.1148029225608058,0.9846229300241869,1.28199839728734
2024-10-30,1.1184703593927108,0.98468119312307,1.2820195803231722
2024-10-31,1.1201235033233785,0.9835910633595348,1.2820416627452722
2024-11-01,1.1208957526793921,0.983937410877636,1.2824864113432954
2024-11-04,1.1212317484359036,0.9843896327624234,1.28153060678234
2024-11-05,1.1217038466774512,0.9846979342383273,1.281843217474205
2024-11-06,1.1227249835161213,0.9846716496548407,1.2819706837560383
2024-11-07,1.1213403930621217,0.9840270477871115,1.2814218572884195
2024-11-08,1.1206618446494547,0.984731767035108,1.2821199821840972
2024-11-11,1.1196652995632022,0.9850770051667425,1.2835193384880774
2024-11-12,1.1188472502536153,0.9850867785800396,1.2836492051295227
2024-11-13,1.1195076661010803,0.9849271591005169,1.2837594419716196
2024-11-14,1.121355744235529,0.9853395632433688,1.2837390973490166
2024-11-15,1.1203623970983727,0.9853890077522803,1.2845034225279877
2024-11-19,1.1199851291004177,0.9850278123413698,1.2833709273919163
2024-11-20,1.1212969704532563,0.984066516822394,1.2830732749579286
2024-11-21,1.1212048636502554,0.9834012320034957,1.2842660356725606
2024-11-22,1.1214717904748333,0.9842215693635182,1.282896657674539
2024-11-25,1.1230919544064402,0.984464722080961,1.2840706729684312
2024-11-26,1.1219251983661724,0.9837313979006169,1.2838886156266398
2024-11-27,1.1223494672474434,0.9834824625601792,1.283580554449479
2024-11-28,1.1255047711883641,0.9835429721082928,1.2834013647317337
2024-11-29,1.1264185943271563,0.9832997297417185,1.2820936209237546
2024-12-02,1.126722768487069,0.9836889827166574,1.2826279350011076
2024-12-03,1.1255870429675785,0.9832248166514383,1.2832839941450351
2024-12-04,1.1270429815615794,0.9840175085836337,1.2828533116048457
2024-12-05,1.1282947856333205,0.9834885956651017,1.2829949786172639
2024-12-06,1.1277086131693197,0.9833798310886172,1.284213624225144
2024-12-09,1.1265132272869114,0.9833845754979202,1.283553986401412
2024-12-10,1.1262148097984792,0.9844540352337975,1.28445824064638
2024-12-11,1.1261365265650964,0.9849764370275659,1.284499752448692
2024-12-13,1.1281385575689267,0.9854425380390138,1.2846140142907492
2024-12-16,1.1300864357989049,0.9846340882590482,1.284928639338321
2024-12-17,1.1351163317604265,0.9845983775194591,1.2844955143819567
2024-12-18,1.134747753777221,0.9837655888726421,1.2846418523585892
2024-12-19,1.136285407196076,0.9846375443240302,1.283978768471411
2024-12-20,1.135109135944561,0.9835051062291986,1.2842586976626105
2024-12-23,1.1384246162130973,0.9834087109394201,1.2852703724750993
2024-12-24,1.1396710275713222,0.9828466843819372,1.286016925159287
2024-12-26,1.1398071982154796,0.983098504116524,1.2858158356336225
2024-12-27,1.13958858243547,0.9828970817150072,1.2843376710270065
2024-12-30,1.139054280831007,0.983485054467032,1.284796653915012
2024-12-31,1.1392004322807103,0.984258103107131,1.2840739902039326
2025-01-02,1.1397233777950067,0.983534760767819,1.2836173610582469
2025-01-03,1.138985995858006,0.9835644493988276,1.2845697300500138
2025-01-06,1.1412950216974065,0.9837306848051458,1.285376976679357
2025-01-07,1.1407172168902007,0.9832367509002384,1.2851700450912054
2025-01-08,1.1419340005100345,0.9825782936644111,1.284122472754144
2025-01-09,1.142621012806131,0.9837655831581114,1.2848424692662879
2025-01-10,1.142718259029402,0.9830870169914177,1.2849462051431846
2025-01-13,1.1441593021103775,0.9840092059968463,1.2846465276796195
2025-01-14,1.1437517843279865,0.9829757573921437,1.2848579489675613
2025-01-15,1.1437411061012612,0.982653687996818,1.2842288907168145
2025-01-16,1.143925532063049,0.9824935108839642,1.283946844498099
2025-01-17,1.143521687818934,0.9832287734651949,1.285476565119887
2025-01-20,1.1435406478272332,0.9834761662676329,1.2860108134039159
2025-01-21,1.145984965606607,0.9828766144968303,1.2855468715490166
2025-01-22,1.1434809391676397,0.9830427853869264,1.2853905275211315
2025-01-23,1.1437476951720351,0.981876414573708,1.2848350552439527
2025-01-24,1.1443917187793848,0.982794649589352,1.285552080709537
2025-01-27,1.1439741286678806,0.980629265559677,1.28681693964776
2025-01-28,1.1459176222403318,0.9811509140894157,1.2866214463541956
2025-01-29,1.1472046107998426,0.9811176953032523,1.2868994824043651
2025-01-30,1.1453595119215212,0.9814424337367877,1.2870035235018211
2025-01-31,1.1411806521665881,0.9816612295701805,1.2858416483003166
2025-02-04,1.1401306636124706,0.9812400737291899,1.285635394450544
2025-02-05,1.138660932236977,0.981502567061851,1.2867514955871753
2025-02-06,1.1390062486904815,0.9806142109697745,1.286583648590574
2025-02-07,1.1399920189452835,0.980052628648033,1.2869949797787266
2025-02-10,1.1391176553901432,0.9806830583243068,1.2863266232901023
2025-02-11,1.1382116828080702,0.9813430855670465,1.2867913435276148
2025-02-12,1.1374590862250344,0.981821494803083,1.2876213344425338
2025-02-13,1.1374564015710924,0.9820479430220704,1.2874140726572338
2025-02-14,1.1383050435022521,0.9816336120523118,1.2866813808104953
2025-02-17,1.137761265636625,0.9817096642692231,1.2861409250725662
2025-02-18,1.1388816778519084,0.9811656645358938,1.2860504114298703
2025-02-19,1.1400870549915012,0.9811711864551237,1.2856452182405982
2025-02-20,1.1395818601762924,0.9809026998488253,1.2859917948838067
2025-02-21,1.1396303864903983,0.9815097898655606,1.2863200211192776
2025-02-24,1.1390104882227998,0.9816836547750795,1.2852997398738184
2025-02-25,1.1365870628902297,0.9820200478266274,1.285603304851021
2025-02-26,1.1369518140039212,0.9807279685193352,1.2860364988202968
2025-02-27,1.1362277761069624,0.9814237190599213,1.2870077816288754
2025-02-28,1.1384339637584697,0.9820654836334595,1.2880778650766838
2025-03-03,1.1374837113767746,0.9815076496134736,1.2872556840703662
2025-03-04,1.1371826971104086,0.9819584843486704,1.288496872457645
2025-03-05,1.1402739230274013,0.9828615865199856,1.2879053441163368
2025-03-06,1.1396491035275598,0.982181083199725,1.2881027500608233
2025-03-07,1.1399953439585,0.9825910839133671,1.2874930837771488
2025-03-10,1.137794089120539,0.981796602918308,1.2877985428773564
2025-03-11,1.1388017101758685,0.9809207163099463,1.2868836734425464
2025-03-12,1.1397537060827734,0.9820607889256876,1.2877282460337018
2025-03-13,1.1395415504560014,0.9811724098383549,1.2875407262590346
2025-03-14,1.1386731693831085,0.9825387000208946,1.2878508427673578
2025-03-18,1.1384950188423042,0.9822753914545528,1.2876427648808666
2025-03-19,1.1383845556264378,0.9821380614141069,1.2882932580027595
2025-03-20,1.1382196484490177,0.9825195771107503,1.288698117373162
2025-03-21,1.1369318669674708,0.9821934012265972,1.2890364193316217
2025-03-24,1.1374592021734302,0.98169669327692,1.2883881433590012
2025-03-25,1.139501679381999,0.9816288511419904,1.2880442762537254
2025-03-26,1.1389421349011717,0.9808821273825146,1.2876378565531894
2025-03-27,1.13914854809262,0.9812409264678886,1.2880325422700074
2025-03-28,1.1409549956697698,0.9824701136747597,1.2883679151826284
2025-03-31,1.1401726391595668,0.9816675402108481,1.287974851468984
2025-04-01,1.139217800753294,0.981487908924522,1.2875034242985444
2025-04-02,1.139070678092082,0.9814822138937442,1.2886136016174488
2025-04-03,1.1375408994135365,0.9817569675093604,1.288506948484439
2025-04-04,1.133791431237034,0.9807087222667346,1.2887305661799988
2025-04-07,1.1318911391728737,0.9803523178394938,1.2888877011814295
2025-04-08,1.1323464137827104,0.9806457285430513,1.289611496695818
2025-04-09,1.1245771155540758,0.9806295260403798,1.2888643578129142
2025-04-10,1.123406880628318,0.9812213896373025,1.28913061205519
2025-04-11,1.1227771748917785,0.981482508559904,1.2889346794560632
2025-04-14,1.124224677119062,0.9813467931389978,1.2896478678366352
2025-04-15,1.1247885571184686,0.9805442006654983,1.2892133208759395
2025-04-16,1.1249557455767871,0.9815176542109412,1.2891092769512529
2025-04-21,1.1239004013571754,0.9814149369479539,1.2900609326769985
2025-04-22,1.1210400354188639,0.980604265596739,1.2892564913052817
2025-04-23,1.117347792083929,0.9804149353749028,1.2892828898149187
2025-04-24,1.1185936179803466,0.9804998574609851,1.289358025460695
2025-04-25,1.1176474408680095,0.9794472985288031,1.2892351072233579
2025-04-28,1.1159098418476274,0.9794237000788489,1.287569584846942
2025-04-29,1.1127669648544811,0.9785634286716401,1.2875966432542387
2025-04-30,1.1131885553800789,0.9777594819263596,1.2884533997915708
2025-05-02,1.1128270848742376,0.9785818827286247,1.288403091670576
2025-05-05,1.1144734943356662,0.9785392948705889,1.289007823350802
2025-05-06,1.109509872863178,0.9782755899585399,1.2890839274631891
2025-05-07,1.111926251560013,0.9770608949738311,1.2893602900194325
2025-05-08,1.1104225472577642,0.9791955850786023,1.2893370119960939
2025-05-09,1.1115026925337383,0.979077328060819,1.2888046416591135
2025-05-12,1.1130392791899688,0.979533805260933,1.2893111310099064
2025-05-13,1.1123908916678367,0.979606449990832,1.2890844880733234
2025-05-14,1.1119616013183995,0.9797604256937125,1.2888940335266847
2025-05-15,1.1126914186740446,0.9791640162570301,1.2882672084180744
2025-05-16,1.113440600140505,0.9803202148804517,1.2877940347274035
2025-05-19,1.1129293584717834,0.9812791074171835,1.2888448161709134
2025-05-20,1.1189504654376963,0.9805411989044099,1.2882131010539255
2025-05-21,1.1216327108726638,0.9805546425893839,1.2888908466503268
2025-05-22,1.1238490171199118,0.9809870509860225,1.2893355450411992
2025-05-23,1.1232165492743211,0.979731776277497,1.289285413759435
2025-05-26,1.1282045079622225,0.9809064477190066,1.2892024374815056
2025-05-27,1.1261806744859069,0.9804999828038686,1.2885778172655642
2025-05-28,1.1245927919652896,0.979653327576722,1.2884756899541259
2025-05-29,1.1249865944471973,0.9790384308178572,1.2883066957900882
2025-05-30,1.1255300310572747,0.9793033435061281,1.2883263039443051
2025-06-02,1.1261599524867962,0.9800464314462525,1.2882491458166934
2025-06-03,1.1255992836061524,0.9803644414576778,1.2876035201482983
2025-06-04,1.1287431448675322,0.9800609463562188,1.2877169394390873
2025-06-05,1.128174295134546,0.9794926146266362,1.2882191157957381
2025-06-06,1.1294201960899508,0.9793501664822969,1.2883343249501276
2025-06-09,1.127807145459845,0.9787593394378122,1.2872373845772667
2025-06-10,1.1257855214236838,0.9793975632856019,1.2874084508444499
2025-06-11,1.1249862735520237,0.9797836325174764,1.2870853783519247
2025-06-12,1.1246391839603993,0.9795585129394574,1.2871604971756014
2025-06-13,1.1246218282589242,0.9787721480071312,1.2869556350866447
2025-06-16,1.1233412060513739,0.9783475186489892,1.2870391438639357
2025-06-17,1.122847023807824,0.978598046287302,1.2879534484528454
2025-06-18,1.1254617283828159,0.979333910705423,1.2878223434127185
2025-06-19,1.1257890652118112,0.9792867960235904,1.2877331174949207
2025-06-20,1.1250790220010831,0.9794532501738514,1.2876231243803207
2025-06-23,1.1268421388903582,0.9790276142242325,1.2883353431335522
2025-06-24,1.1279135555102022,0.9790304836727924,1.2866931729552604
2025-06-25,1.128077727267435,0.9799616092845829,1.2869274020487076
2025-06-26,1.1307000082402177,0.9792227631907477,1.287092789082185
2025-06-27,1.1304255753189756,0.9771782325747255,1.2869843061206214
2025-06-30,1.1324692948361461,0.9775221123709463,1.287152407003151
2025-07-01,1.1338201049626726,0.9769941722785964,1.2878681710875792
2025-07-02,1.1320362170173557,0.9774861688491675,1.2881211825712113
2025-07-03,1.1329519810911597,0.9784550683140953,1.287876307683163
2025-07-04,1.1328775996571365,0.9791115691820121,1.2876323397673943
2025-07-07,1.1327042599734394,0.9792020139712878,1.2900404533701557
2025-07-08,1.1336133226684193,0.9794448498024636,1.2897868411874922
2025-07-09,1.1339055923789125,0.9800297464287846,1.2892493379677537
2025-07-10,1.1339813945299673,0.980252474164523,1.287810927676806
2025-07-11,1.1350011399011084,0.9802589122899991,1.2885162763902462
2025-07-14,1.1354525725430695,0.9814410381171449,1.2891156213715536
2025-07-15,1.136471547735164,0.9817693367537498,1.289362936511293
2025-07-16,1.137004068840432,0.981673365123427,1.289536932420429
2025-07-17,1.1389923997614917,0.9811766759667343,1.2892462456673057
2025-07-18,1.1398481923061263,0.9804071256860639,1.289824501057967
2025-07-21,1.1414303954460752,0.9819879535699627,1.2890136712236357
2025-07-22,1.1426518638808632,0.98136489701342,1.2894553504113124
2025-07-23,1.1420957506296436,0.9806575592675755,1.290805451239906
2025-07-24,1.1430997590295704,0.9802996531048768,1.2905086443290026
2025-07-25,1.143301860614402,0.9800176944064564,1.2914373147175195
2025-07-28,1.1436870908515109,0.9801932443452567,1.2898667894641247
2025-07-29,1.1431641425558963,0.9805280498000726,1.2900657467449257
2025-07-30,1.1461318069667894,0.9802689202016014,1.2905652831593912
2025-07-31,1.146023930557448,0.980314451597277,1.290161957764495
2025-08-01,1.146468205260111,0.9795881109416981,1.2906875159042128
2025-08-04,1.1452873348392205,0.9794039236013351,1.2908628556225104
2025-08-05,1.1452289641182345,0.9796521839193731,1.2912845698871507
2025-08-06,1.1448759735837972,0.9796434669294873,1.2917809275652377
2025-08-07,1.1430640814722277,0.9783336827049404,1.292028614532028
2025-08-08,1.143739702414313,0.978926717469632,1.290974639011456
2025-08-11,1.14335877837034,0.979438627700462,1.2913287685709056
2025-08-12,1.143490349144445,0.9797300845059491,1.2909696242415696
2025-08-13,1.1442841982894798,0.9797878543203282,1.2907304449128707
2025-08-14,1.1440905275517683,0.979557342488567,1.290243936133595
2025-08-15,1.1455169713516347,0.9796467269487996,1.291308345463351
2025-08-18,1.1450600639192783,0.9797445982593884,1.2915885313966342
2025-08-19,1.1456924460254532,0.9791578509773723,1.2910427148143884
2025-08-20,1.1489805887962627,0.9792142616900865,1.291398149404646
2025-08-21,1.1493080660666943,0.9783536761963796,1.290870621575629
2025-08-22,1.148154119302496,0.9782694746592497,1.2913824809134085
2025-08-25,1.148750291816607,0.9784992946581496,1.2908047858299625
2025-08-26,1.1486997200551992,0.978191721146886,1.2899643810596042
2025-08-27,1.1483276461234122,0.9793961891515887,1.2896433817334605
2025-08-28,1.148376078351394,0.979415542511355,1.2891053563621462
2025-08-29,1.148757239367725,0.9796680717889048,1.2906042022444164
2025-09-01,1.1492266771561175,0.9801636385300472,1.288959931129205
2025-09-02,1.1487905440953539,0.979695054900807,1.2896047948438556
2025-09-03,1.1485457730387807,0.9790239306777645,1.2896291648304756
2025-09-04,1.1488480299717234,0.9790447386588697,1.2894443738078032
2025-09-05,1.149234757966224,0.9797387120745824,1.2896236396665373
2025-09-08,1.1484665431346037,0.979320766919964,1.2900265438903702
2025-09-09,1.151958801867769,0.9787339872655946,1.2896016111426214
2025-09-10,1.1524199744488843,0.9791444990031294,1.2900061046572764
2025-09-11,1.1514196304008113,0.9792454935391969,1.290150185560341
2025-09-12,1.151820980432337,0.9788699340530007,1.2903853891646135
2025-09-15,1.1521908423356226,0.9791339160027667,1.2902682189410928
2025-09-17,1.1501902628494094,0.9794610803208548,1.2899815892928532
2025-09-18,1.1522436859262903,0.979728271452363,1.2894814734195283
2025-09-19,1.1563669270800798,0.9791904823105914,1.2888866194120454
2025-09-22,1.1569358144604593,0.9794309634263034,1.2882860118747645
2025-09-23,1.1570547825217283,0.9797895682460163,1.2892122530160417
2025-09-24,1.1555592680909836,0.9799781267474192,1.2890033320931622
2025-09-25,1.1557513071007062,0.9795077810290426,1.2897731999957371
2025-09-26,1.1560880052637659,0.9789719309536489,1.2898148203872792
2025-09-29,1.1571414659316535,0.9797869270001873,1.2899344131014165
2025-09-30,1.1564230693988184,0.9789713143719939,1.290482393223124
2025-10-01,1.1526163762788508,0.9789344451450399,1.2899032697580646
2025-10-02,1.152573301454197,0.9792933777116751,1.2899062872132787
2025-10-03,1.152795535459932,0.978944382420137,1.2889740943923647
2025-10-06,1.1533674975845387,0.9790077143031758,1.2899629412523188
2025-10-07,1.1535117569843716,0.9786117336526003,1.2900153994418946
2025-10-08,1.1520205510462294,0.9789721510726173,1.2896719772694254
2025-10-09,1.1516560864847551,0.9791886341310759,1.2899675333613372
2025-10-10,1.1500045247895403,0.9791149236857561,1.2888833343046706
2025-10-13,1.1497926602127817,0.9799762463808075,1.289066060591912
2025-10-14,1.1497785014706243,0.9784206177864692,1.2888808464630113
2025-10-15,1.1504632436485926,0.9791206058855708,1.2885733336140595
2025-10-16,1.1489449551426067,0.9788397481811996,1.2882925767773499
2025-10-17,1.146201778870819,0.9786591569346905,1.2881793094897995
2025-10-20,1.1449259706098758,0.9794102253174309,1.289167858347741
2025-10-21,1.1437629534348321,0.9788080403444364,1.2896421420452313
2025-10-22,1.144510811885262,0.9784723143860424,1.29031832765816
2025-10-23,1.1461193513525603,0.9783455081913356,1.2908169729414836
2025-10-24,1.1463922377918396,0.9777733617686741,1.2908063041544953
2025-10-27,1.1456972039280315,0.9774143225333878,1.290368607915802
2025-10-28,1.1444315751483367,0.9773063461758784,1.2908085121290311
2025-10-29,1.1440993175192082,0.978078354503772,1.2914379719190283
2025-10-30,1.1430621232559324,0.9774656030008219,1.2912195245773197
2025-10-31,1.1423558898192638,0.9765733308284259,1.2924571691791746
2025-11-03,1.142198339883034,0.9783632635390813,1.292049301982457
2025-11-04,1.1415460698697943,0.9770568362567085,1.2924903000171368
2025-11-05,1.1393058837573147,0.9766039992339313,1.2925221902694677
2025-11-06,1.1385609306157514,0.9766348016889902,1.2925155211833124
2025-11-07,1.1374585549932257,0.9774257877468134,1.2919549888870812
2025-11-10,1.1385410343539661,0.9771968413376377,1.293581514523502
2025-11-11,1.1350977432399092,0.9767236949567849,1.2927750604214034
2025-11-12,1.1337302691504512,0.9766441127826407,1.2930948848491681
2025-11-13,1.1322331883176862,0.976309259678734,1.2932822642987425
2025-11-14,1.1327060425715698,0.9773407569126898,1.2928305883233269
2025-11-18,1.1336073609802404,0.9777184023104586,1.2920581962271307
2025-11-19,1.1341026999730708,0.9758711776989616,1.2923946767694146
2025-11-20,1.1327888843907887,0.9767206776008481,1.2915274988535208
2025-11-21,1.1347934543282288,0.9767067520890166,1.2927432751733408
2025-11-24,1.1352722741852894,0.9763426077991573,1.2928581510082227
2025-11-25,1.1352220841769336,0.9755277397711365,1.292172957843157
2025-11-26,1.135266253892656,0.9756091276926913,1.2926725073426861
2025-11-27,1.133708692333495,0.9753254738899388,1.2929033618832273
2025-11-28,1.1341636503567636,0.9762636863337307,1.2933197961042437
2025-12-01,1.1344407740237363,0.9760358178759108,1.2934043448303811
2025-12-02,1.1365821597438437,0.9761325164876212,1.2931899562115505
2025-12-03,1.1378132841491542,0.9764821846831563,1.2933858282552069
2025-12-04,1.1374609127822999,0.9759894431028024,1.2934181604817199
2025-12-05,1.1360775351108698,0.9756259049898006,1.2936073657004517
2025-12-08,1.136029807853163,0.9761279719022268,1.292027055299632
2025-12-09,1.136423725362453,0.9773945581880936,1.292232174388835
2025-12-10,1.1366839398236894,0.9763361422062352,1.2936183781275927
2025-12-11,1.135581981067249,0.9765395107008866,1.294031510053269
2025-12-15,1.1367783930264426,0.97658133691056,1.2929652240084575
2025-12-16,1.1355227120585754,0.9760917121447747,1.2939902415223383
2025-12-17,1.1360115642203548,0.9766089923264453,1.2933228047833865
2025-12-18,1.1340907199795662,0.9764411635412171,1.2931498529267107
2025-12-19,1.134698051593474,0.9760288879589109,1.2932559273555448
2025-12-22,1.1360055803244553,0.9757692985056855,1.293758578435469
2025-12-23,1.1348922800762336,0.9746452407540163,1.293215200864006
2025-12-24,1.1351713025800634,0.9756717024277065,1.293223770626613
2025-12-26,1.1347159770913162,0.9753649780348783,1.2942396302012404
2025-12-29,1.1336587522590689,0.9743128921062645,1.2933148006040303
2025-12-30,1.130234330729996,0.9751050948819383,1.292173999261666
2025-12-31,1.1296089584000077,0.9748865460436463,1.2928587847065747
